mtllib Am-21.mtl
o vehicle#door_gunner_1_2_0
v -0.439830 2.355019 4.707115
v -0.419372 2.423076 4.690595
v -0.436253 2.391100 4.615493
v -1.031379 2.241695 5.075480
v -0.984959 2.256421 5.143220
v -0.999106 2.209781 5.102996
v -1.016337 2.289713 5.075609
v -0.984959 2.256421 5.143220
v -0.966491 2.299119 5.051846
v -0.926116 2.266636 5.120181
v -0.882511 2.251958 5.084057
v -0.999106 2.209781 5.102996
v -0.984959 2.256421 5.143220
v -0.966491 2.299119 5.051846
v -0.902949 2.253065 5.015810
v -0.882511 2.251958 5.084057
v -0.281707 2.118399 4.816939
v -0.278137 2.282458 4.788563
v -0.208837 1.758856 4.676720
v -0.281707 2.118399 4.816939
v -0.291463 1.944995 4.760581
v -0.328834 1.892042 4.816689
v -0.354354 1.934316 4.762009
v -0.453235 2.164414 4.805016
v -0.281707 2.118399 4.816939
v -0.513859 2.330824 4.606390
v -0.436253 2.391100 4.615493
v -0.506952 2.394499 4.571430
v -0.530006 1.302893 4.558771
v -0.143483 1.335531 4.366459
v -0.215529 1.383795 4.236179
v -0.215529 1.383795 4.236179
v -0.597962 1.307992 4.412817
v -0.530006 1.302893 4.558771
v -0.292803 1.632801 4.600375
v -0.444272 1.802587 4.668840
v -0.354514 1.460251 4.483294
v -0.143483 1.335531 4.366459
v -0.121147 1.482568 4.361296
v -0.624414 1.305055 4.519348
v -0.444272 1.802587 4.668840
v -0.476743 1.739370 4.605140
v -0.444272 1.802587 4.668840
v -0.512593 1.728597 4.464532
v -0.597962 1.307992 4.412817
v -0.429928 1.480609 4.353752
v -0.380672 1.764988 4.395918
v -0.597962 1.307992 4.412817
v -0.194304 1.508501 4.246570
v -0.215529 1.383795 4.236179
v -0.597962 1.307992 4.412817
v -0.624414 1.305055 4.519348
v -0.530006 1.302893 4.558771
v -0.396725 2.105835 4.413837
v -0.380672 1.764988 4.395918
v -0.407625 2.251904 4.423692
v -0.485096 2.284765 4.394870
v -0.396725 2.105835 4.413837
v -0.407625 2.251904 4.423692
v -0.882511 2.251958 5.084057
v -0.885733 2.190258 5.082430
v -0.926116 2.266636 5.120181
v -0.041235 1.444840 4.166614
v -0.026441 1.528793 4.252212
v -0.184924 1.449339 4.284679
v -0.184924 1.449339 4.284679
v 0.071936 1.288822 4.298885
v 0.081177 1.309125 4.355147
v -0.184924 1.449339 4.284679
v -0.026441 1.528793 4.252212
v 0.085750 1.367284 4.378970
v -0.184924 1.449339 4.284679
v 0.081177 1.309125 4.355147
v -0.184924 1.449339 4.284679
v -0.481207 1.470793 4.849813
v -0.533727 1.460062 4.988867
v -0.436764 1.369402 4.924824
v -0.462911 1.453574 5.027024
v -0.370238 1.460712 4.909659
v -0.436764 1.369402 4.924824
v -0.533727 1.460062 4.988867
v -0.462911 1.453574 5.027024
v -0.143483 1.335531 4.366459
v -0.121147 1.482568 4.361296
v -0.073872 1.451817 4.261950
v -0.215529 1.383795 4.236179
v -0.073872 1.451817 4.261950
v -0.194304 1.508501 4.246570
v -0.215529 1.383795 4.236179
v -0.073872 1.451817 4.261950
v -0.448579 1.319468 4.831099
v -0.354318 1.323594 4.928633
v -0.440759 1.458908 4.919487
v -0.527099 1.305663 5.096386
v -0.440759 1.458908 4.919487
v -0.599674 1.308498 5.084517
v -0.440759 1.458908 4.919487
v -0.448579 1.319468 4.831099
v -0.440759 1.458908 4.919487
v -0.613999 1.312024 5.009689
v -0.599674 1.308498 5.084517
v -0.440759 1.458908 4.919487
v -0.710452 2.054925 4.741788
v -0.691772 1.963003 4.712956
v -0.729518 2.057111 4.684846
v -0.639663 2.050978 4.706750
v -0.691772 1.963003 4.712956
v -0.645047 1.971087 4.698683
v -0.691772 1.963003 4.712956
v -0.729518 2.057111 4.684846
v -0.724132 1.963476 4.654379
v -0.710060 2.016102 4.598014
v -0.678038 1.948292 4.622960
v -0.666204 2.051954 4.598488
v -0.666204 2.051954 4.598488
v -0.679361 2.070531 4.654292
v -0.639663 2.050978 4.706750
v -0.619925 2.023266 4.621344
v -0.710452 2.054925 4.741788
v -0.729518 2.057111 4.684846
v -0.645047 1.971087 4.698683
v -0.659797 2.027583 4.691157
v -0.724132 1.963476 4.654379
v -0.678038 1.948292 4.622960
v -0.724132 1.963476 4.654379
v -0.619925 2.023266 4.621344
v -0.639663 2.050978 4.706750
v -0.639663 2.050978 4.706750
v -0.659797 2.027583 4.691157
v -0.645047 1.971087 4.698683
v -0.724132 1.963476 4.654379
v -0.691772 1.963003 4.712956
v -0.645047 1.971087 4.698683
v -0.492713 1.922229 5.084156
v -0.436208 1.855358 4.740661
v -0.328834 1.892042 4.816689
v -0.565315 1.912510 5.048363
v -0.444272 1.802587 4.668840
v -0.492713 1.922229 5.084156
v -0.510363 1.716430 4.916616
v -0.292803 1.632801 4.600375
v -0.577957 1.856207 5.093924
v -0.481207 1.470793 4.849813
v -0.533727 1.460062 4.988867
v -0.507157 1.863719 5.132009
v -0.533727 1.460062 4.988867
v -0.462911 1.453574 5.027024
v -0.357833 1.739219 5.017926
v -0.370238 1.460712 4.909659
v -0.208837 1.758856 4.676720
v -0.492713 1.922229 5.084156
v -0.328834 1.892042 4.816689
v 0.613767 1.940069 0.042220
v 0.671113 1.947822 0.102473
v 0.649567 1.907280 0.058643
v 0.629503 1.982878 0.047340
v 0.671113 1.947822 0.102473
v 0.674859 1.995790 0.017374
v 0.714631 1.957439 -0.034905
v 0.752057 1.950918 -0.000528
v 0.674859 1.995790 0.017374
v 0.718212 1.943454 0.063277
v 0.752057 1.950918 -0.000528
v 0.673863 1.968546 -0.012281
v 0.714631 1.957439 -0.034905
v 0.633067 1.931264 0.004749
v 0.691677 1.939931 -0.045094
v 0.620000 1.946209 0.025347
v 0.629503 1.982878 0.047340
v 0.674859 1.995790 0.017374
v 0.613767 1.940069 0.042220
v 0.613767 1.940069 0.042220
v 0.649693 1.937131 0.032600
v 0.752057 1.950918 -0.000528
v 0.746821 1.888804 0.003640
v 0.749816 1.921435 -0.010690
v 0.724266 1.868192 -0.004554
v 0.749816 1.921435 -0.010690
v 0.749816 1.921435 -0.010690
v 0.691677 1.939931 -0.045094
v 0.325694 1.722173 -0.193491
v 0.353837 1.593418 -0.354973
v 0.365891 1.820434 -0.200006
v 0.303315 1.975309 -0.329658
v 0.324601 2.121584 -0.355325
v 0.365891 1.820434 -0.200006
v 0.408751 2.053639 -0.175153
v 0.544132 1.823906 -0.176971
v 0.325694 1.722173 -0.193491
v 0.572410 2.138666 -0.242198
v 0.332449 2.162071 -0.187528
v 0.435672 2.205036 -0.260198
v 0.527072 2.214955 -0.265059
v 0.558710 2.199008 -0.272614
v 0.488499 2.230345 -0.283922
v 0.597087 2.214832 -0.312892
v 0.418406 2.226743 -0.326998
v 0.502484 2.261241 -0.376630
v 0.332449 2.162071 -0.187528
v 0.298365 2.177918 -0.285279
v 0.649405 2.204780 -0.356786
v 0.593672 2.230210 -0.355671
v 0.756378 2.161625 -0.365213
v 0.714889 2.044071 -0.311139
v 0.610816 2.226443 -0.413837
v 0.502484 2.261241 -0.376630
v 0.756378 2.161625 -0.365213
v 0.762575 2.178127 -0.413866
v 0.734403 1.820269 -0.245923
v 0.730281 1.975537 -0.439835
v 0.753691 1.583735 -0.372333
v 0.651256 2.121163 -0.502844
v 0.754669 1.754703 -0.199001
v 0.632373 1.765488 -0.164473
v 0.455652 1.786879 -0.166655
v 0.325694 1.722173 -0.193491
v 0.298365 2.177918 -0.285279
v 0.303315 1.975309 -0.329658
v 0.324601 2.121584 -0.355325
v 0.752057 1.950918 -0.000528
v 0.749816 1.921435 -0.010690
v 0.718212 1.943454 0.063277
v 0.613767 1.940069 0.042220
v 0.649567 1.907280 0.058643
v 0.649693 1.937131 0.032600
v 0.718212 1.943454 0.063277
v 0.649567 1.907280 0.058643
v 0.671113 1.947822 0.102473
v 0.379098 1.309101 0.137142
v 0.491448 1.312099 0.156918
v 0.439579 1.473957 0.145905
v 0.439579 1.473957 0.145905
v 0.340282 1.304435 0.354641
v 0.387597 1.314734 0.385074
v 0.439579 1.473957 0.145905
v 0.491448 1.312099 0.156918
v 0.445335 1.307227 0.372998
v 0.439579 1.473957 0.145905
v 0.387597 1.314734 0.385074
v 0.439579 1.473957 0.145905
v 0.643065 1.448367 0.164944
v 0.675737 1.487681 0.281898
v 0.667537 1.363292 0.219338
v 0.752170 1.461575 0.281131
v 0.762717 1.407614 0.163652
v 0.675737 1.487681 0.281898
v 0.752170 1.461575 0.281131
v 0.456747 1.474392 0.242447
v 0.495556 1.440254 0.130774
v 0.433300 1.382978 0.183015
v 0.366714 1.436842 0.108158
v 0.374384 1.472120 0.228045
v 0.433300 1.382978 0.183015
v 0.374384 1.472120 0.228045
v 0.456747 1.474392 0.242447
v 0.591321 1.334158 0.240600
v 0.698485 1.301488 0.188493
v 0.699285 1.465888 0.189512
v 0.790913 1.294314 0.389002
v 0.699285 1.465888 0.189512
v 0.744773 1.316568 0.436235
v 0.699285 1.465888 0.189512
v 0.591321 1.334158 0.240600
v 0.699285 1.465888 0.189512
v 0.689858 1.324697 0.438219
v 0.744773 1.316568 0.436235
v 0.699285 1.465888 0.189512
v 0.554652 1.871079 -0.000555
v 0.479521 1.838492 -0.054498
v 0.505957 1.864078 -0.082585
v 0.531044 1.795251 -0.000658
v 0.478813 1.797125 -0.072279
v 0.554652 1.871079 -0.000555
v 0.531044 1.795251 -0.000658
v 0.598046 1.795333 -0.001397
v 0.617623 1.859821 0.017174
v 0.598046 1.795333 -0.001397
v 0.629296 1.837252 -0.043541
v 0.607567 1.791238 -0.049882
v 0.234357 1.830938 -0.232801
v 0.463151 1.788348 -0.041834
v 0.498499 1.752674 -0.085518
v 0.234357 1.830938 -0.232801
v 0.217226 1.836418 -0.181131
v 0.479521 1.838492 -0.054498
v 0.265110 1.911075 -0.128472
v 0.505957 1.864078 -0.082585
v 0.311853 1.929985 -0.155924
v 0.523011 1.859237 -0.102654
v 0.540308 1.817696 -0.122192
v 0.344130 1.890527 -0.209823
v 0.335757 1.851100 -0.201019
v 0.498499 1.752674 -0.085518
v 0.234357 1.830938 -0.232801
v 0.620336 1.839075 -0.061059
v 0.593522 1.828221 -0.049645
v 0.629296 1.837252 -0.043541
v 0.629296 1.837252 -0.043541
v 0.593522 1.828221 -0.049645
v 0.607567 1.791238 -0.049882
v 0.531044 1.795251 -0.000658
v 0.598046 1.795333 -0.001397
v 0.607567 1.791238 -0.049882
v -0.380281 2.329985 4.866310
v -0.438406 2.331537 4.750673
v -0.394454 2.371070 4.709155
v -0.439830 2.355019 4.707115
v -0.436253 2.391100 4.615493
v -0.497183 2.313247 4.708697
v -0.517041 2.230557 4.690790
v -0.518553 2.303816 4.659327
v -0.530996 2.299003 4.554588
v -0.513859 2.330824 4.606390
v -0.476598 2.341808 4.533801
v -0.436253 2.391100 4.615493
v -0.574311 2.242205 4.422274
v -0.485096 2.284765 4.394870
v -0.573071 2.159798 4.530519
v -0.574311 2.242205 4.422274
v -0.465115 1.877600 4.648934
v -0.512593 1.728597 4.464532
v -0.453235 2.164414 4.805016
v -0.447998 2.304345 4.844498
v -0.380281 2.329985 4.866310
v -0.354354 1.934316 4.762009
v -0.328834 1.892042 4.816689
v -0.436208 1.855358 4.740661
v -0.444272 1.802587 4.668840
v -0.476743 1.739370 4.605140
v -0.512593 1.728597 4.464532
v -0.396725 2.105835 4.413837
v -0.512593 1.728597 4.464532
v -0.380672 1.764988 4.395918
v -0.308836 2.266608 4.587558
v -0.240299 1.800930 4.514425
v -0.208837 1.758856 4.676720
v -0.278137 2.282458 4.788563
v -0.407625 2.251904 4.423692
v -0.394454 2.371070 4.709155
v -0.380281 2.329985 4.866310
v -0.391301 2.360967 4.608842
v -0.436253 2.391100 4.615493
v -0.476598 2.341808 4.533801
v -0.485096 2.284765 4.394870
v -0.882511 2.251958 5.084057
v -0.876041 2.176950 5.092428
v -0.885733 2.190258 5.082430
v -0.908897 2.143393 5.049284
v -0.902949 2.253065 5.015810
v -0.580767 2.087219 4.982262
v -0.908897 2.143393 5.049284
v -0.876041 2.176950 5.092428
v -0.555632 2.143672 5.022532
v -0.882511 2.251958 5.084057
v -0.602205 2.217409 4.973962
v -0.902949 2.253065 5.015810
v -0.602665 2.185991 4.931400
v -0.643860 2.090532 4.935817
v -0.908897 2.143393 5.049284
v -0.580767 2.087219 4.982262
v -0.643860 2.090532 4.935817
v -0.281707 2.118399 4.816939
v -0.453235 2.164414 4.805016
v -0.602665 2.185991 4.931400
v -0.602205 2.217409 4.973962
v -0.447998 2.304345 4.844498
v -0.380281 2.329985 4.866310
v -0.555632 2.143672 5.022532
v -0.292694 2.201317 4.852872
v -0.278137 2.282458 4.788563
v -0.281707 2.118399 4.816939
v -0.600840 2.385466 4.737788
v -0.600280 2.449997 4.721913
v -0.567257 2.400007 4.737296
v -0.579798 2.377717 4.724223
v -0.521992 2.448501 4.769298
v -0.531545 2.329672 4.726246
v -0.510165 2.386557 4.747507
v -0.542997 2.320487 4.710801
v -0.555558 2.321905 4.693674
v -0.618240 2.417136 4.638407
v -0.580607 2.363656 4.651594
v -0.592663 2.391643 4.702619
v -0.600840 2.385466 4.737788
v -0.600280 2.449997 4.721913
v -1.031379 2.241695 5.075480
v -0.997267 2.223208 5.038326
v -0.902949 2.253065 5.015810
v -1.016337 2.289713 5.075609
v -0.966491 2.299119 5.051846
v -0.439830 2.355019 4.707115
v -0.479231 2.358073 4.706226
v -0.419372 2.423076 4.690595
v -0.497183 2.313247 4.708697
v -0.513546 2.321365 4.688973
v -0.518553 2.303816 4.659327
v -0.526359 2.342640 4.642083
v -0.513859 2.330824 4.606390
v -0.506952 2.394499 4.571430
v -0.506952 2.394499 4.571430
v -0.618240 2.417136 4.638407
v -0.580607 2.363656 4.651594
v -0.526359 2.342640 4.642083
v -0.555558 2.321905 4.693674
v -0.513546 2.321365 4.688973
v -0.542997 2.320487 4.710801
v -0.531545 2.329672 4.726246
v -0.479231 2.358073 4.706226
v -0.510165 2.386557 4.747507
v -0.419372 2.423076 4.690595
v -0.521992 2.448501 4.769298
v -1.031379 2.241695 5.075480
v -0.999106 2.209781 5.102996
v -0.997267 2.223208 5.038326
v -0.926116 2.266636 5.120181
v -0.885733 2.190258 5.082430
v -0.902949 2.253065 5.015810
v -0.429928 1.480609 4.353752
v -0.121147 1.482568 4.361296
v -0.354514 1.460251 4.483294
v -0.194304 1.508501 4.246570
v -0.073872 1.451817 4.261950
v 0.081177 1.309125 4.355147
v 0.085750 1.367284 4.378970
v -0.026441 1.528793 4.252212
v 0.071936 1.288822 4.298885
v -0.041235 1.444840 4.166614
v -0.370238 1.460712 4.909659
v -0.481207 1.470793 4.849813
v -0.436764 1.369402 4.924824
v -0.510363 1.716430 4.916616
v -0.357833 1.739219 5.017926
v -0.527099 1.305663 5.096386
v -0.354318 1.323594 4.928633
v -0.448579 1.319468 4.831099
v -0.613999 1.312024 5.009689
v -0.599674 1.308498 5.084517
v -0.396725 2.105835 4.413837
v -0.589982 1.861120 4.351802
v -0.524770 1.823272 4.365685
v -0.485096 2.284765 4.394870
v -0.574311 2.242205 4.422274
v -0.593996 1.993192 4.416347
v -0.573071 2.159798 4.530519
v -0.525474 1.977297 4.456681
v -0.573071 2.159798 4.530519
v -0.396725 2.105835 4.413837
v -0.519720 1.889562 4.478326
v -0.524770 1.823272 4.365685
v -0.519720 1.889562 4.478326
v -0.524770 1.823272 4.365685
v -0.678038 1.948292 4.622960
v -0.619925 2.023266 4.621344
v -0.525474 1.977297 4.456681
v -0.593996 1.993192 4.416347
v -0.666204 2.051954 4.598488
v -0.710060 2.016102 4.598014
v -0.589982 1.861120 4.351802
v -0.678038 1.948292 4.622960
v -0.524770 1.823272 4.365685
v -0.354514 1.460251 4.483294
v -0.292803 1.632801 4.600375
v -0.429928 1.480609 4.353752
v -0.240299 1.800930 4.514425
v -0.380672 1.764988 4.395918
v -0.292803 1.632801 4.600375
v -0.208837 1.758856 4.676720
v -0.240299 1.800930 4.514425
v -0.357833 1.739219 5.017926
v -0.510363 1.716430 4.916616
v 0.593672 2.230210 -0.355671
v 0.578607 2.287075 -0.398798
v 0.502484 2.261241 -0.376630
v 0.592098 2.255374 -0.337826
v 0.597087 2.214832 -0.312892
v 0.588534 2.237100 -0.301670
v 0.570989 2.222930 -0.276139
v 0.558710 2.199008 -0.272614
v 0.527072 2.214955 -0.265059
v 0.540755 2.237180 -0.269084
v 0.505957 2.255557 -0.278932
v 0.488499 2.230345 -0.283922
v 0.454102 2.287261 -0.313895
v 0.502484 2.261241 -0.376630
v 0.762717 1.407614 0.163652
v 0.752170 1.461575 0.281131
v 0.882245 1.800360 0.163495
v 0.854662 1.672537 0.053882
v 0.873809 1.833133 0.120138
v 0.753691 1.583735 -0.372333
v 0.754669 1.754703 -0.199001
v 0.631400 1.793336 -0.189722
v 0.800514 1.846081 0.153287
v 0.541886 1.769393 -0.171882
v 0.694213 1.693544 0.105238
v 0.808556 1.814513 0.193246
v 0.675737 1.487681 0.281898
v 0.675737 1.487681 0.281898
v 0.752170 1.461575 0.281131
v 0.643065 1.448367 0.164944
v 0.544441 1.619055 -0.202666
v 0.541886 1.769393 -0.171882
v 0.478308 1.691478 0.107917
v 0.495556 1.440254 0.130774
v 0.456747 1.474392 0.242447
v 0.390775 1.840870 0.213195
v 0.397929 1.877157 0.172382
v 0.541886 1.769393 -0.171882
v 0.324539 1.820721 0.196798
v 0.397929 1.877157 0.172382
v 0.457199 1.798129 -0.191830
v 0.325497 1.849897 0.157956
v 0.397929 1.877157 0.172382
v 0.325694 1.722173 -0.193491
v 0.366714 1.436842 0.108158
v 0.374384 1.472120 0.228045
v 0.324539 1.820721 0.196798
v 0.316146 1.668370 0.061883
v 0.353837 1.593418 -0.354973
v 0.649693 1.937131 0.032600
v 0.633067 1.931264 0.004749
v 0.620000 1.946209 0.025347
v 0.691677 1.939931 -0.045094
v 0.749816 1.921435 -0.010690
v 0.718212 1.943454 0.063277
v 0.649567 1.907280 0.058643
v 0.610816 2.226443 -0.413837
v 0.651256 2.121163 -0.502844
v 0.762575 2.178127 -0.413866
v 0.498615 2.217598 -0.409123
v 0.502484 2.261241 -0.376630
v 0.418406 2.226743 -0.326998
v 0.517322 2.125098 -0.449057
v 0.753691 1.583735 -0.372333
v 0.324601 2.121584 -0.355325
v 0.298365 2.177918 -0.285279
v 0.353837 1.593418 -0.354973
v 0.517322 2.125098 -0.449057
v 0.753691 1.583735 -0.372333
v 0.544441 1.619055 -0.202666
v 0.730281 1.975537 -0.439835
v 0.856579 1.751491 -0.284563
v 0.878758 1.820287 -0.268677
v 0.762575 2.178127 -0.413866
v 0.651256 2.121163 -0.502844
v 0.756378 2.161625 -0.365213
v 0.839650 1.881333 -0.212953
v 0.786358 1.888281 -0.219667
v 0.714889 2.044071 -0.311139
v 0.757533 1.853172 -0.233304
v 0.730281 1.975537 -0.439835
v 0.784697 1.790696 -0.228559
v 0.856579 1.751491 -0.284563
v 0.856579 1.751491 -0.284563
v 0.724266 1.868192 -0.004554
v 0.746821 1.888804 0.003640
v 0.878758 1.820287 -0.268677
v 0.752057 1.950918 -0.000528
v 0.839650 1.881333 -0.212953
v 0.714631 1.957439 -0.034905
v 0.786358 1.888281 -0.219667
v 0.691677 1.939931 -0.045094
v 0.757533 1.853172 -0.233304
v 0.784697 1.790696 -0.228559
v 0.724266 1.868192 -0.004554
v 0.856579 1.751491 -0.284563
v 0.614329 2.313561 -0.212860
v 0.598611 2.373786 -0.235982
v 0.615913 2.315933 -0.249252
v 0.601989 2.298980 -0.230818
v 0.650813 2.346985 -0.306308
v 0.609607 2.242229 -0.251309
v 0.629568 2.284343 -0.297880
v 0.604459 2.232755 -0.268339
v 0.587229 2.225604 -0.252195
v 0.594487 2.239192 -0.241651
v 0.579958 2.242354 -0.231179
v 0.565996 2.232858 -0.242032
v 0.529503 2.284490 -0.229519
v 0.514088 2.347240 -0.213035
v 0.579754 2.315942 -0.224639
v 0.614329 2.313561 -0.212860
v 0.598611 2.373786 -0.235982
v 0.570989 2.222930 -0.276139
v 0.587229 2.225604 -0.252195
v 0.604459 2.232755 -0.268339
v 0.588534 2.237100 -0.301670
v 0.592098 2.255374 -0.337826
v 0.629568 2.284343 -0.297880
v 0.578607 2.287075 -0.398798
v 0.650813 2.346985 -0.306308
v 0.454102 2.287261 -0.313895
v 0.514088 2.347240 -0.213035
v 0.529503 2.284490 -0.229519
v 0.505957 2.255557 -0.278932
v 0.540755 2.237180 -0.269084
v 0.565996 2.232858 -0.242032
v 0.570989 2.222930 -0.276139
v 0.587229 2.225604 -0.252195
v 0.316146 1.668370 0.061883
v 0.495556 1.440254 0.130774
v 0.478308 1.691478 0.107917
v 0.366714 1.436842 0.108158
v 0.433300 1.382978 0.183015
v 0.694213 1.693544 0.105238
v 0.762717 1.407614 0.163652
v 0.854662 1.672537 0.053882
v 0.643065 1.448367 0.164944
v 0.667537 1.363292 0.219338
v 0.445335 1.307227 0.372998
v 0.491448 1.312099 0.156918
v 0.379098 1.309101 0.137142
v 0.387597 1.314734 0.385074
v 0.340282 1.304435 0.354641
v 0.744773 1.316568 0.436235
v 0.790913 1.294314 0.389002
v 0.698485 1.301488 0.188493
v 0.689858 1.324697 0.438219
v 0.591321 1.334158 0.240600
v 0.479521 1.838492 -0.054498
v 0.478813 1.797125 -0.072279
v 0.463151 1.788348 -0.041834
v 0.498499 1.752674 -0.085518
v 0.540308 1.817696 -0.122192
v 0.593522 1.828221 -0.049645
v 0.620336 1.839075 -0.061059
v 0.604186 1.839396 -0.082198
v 0.540308 1.817696 -0.122192
v 0.478813 1.797125 -0.072279
v 0.531044 1.795251 -0.000658
v 0.607567 1.791238 -0.049882
v 0.629296 1.837252 -0.043541
v 0.617623 1.859821 0.017174
v 0.620336 1.839075 -0.061059
v 0.551399 1.869291 -0.060666
v 0.554652 1.871079 -0.000555
v 0.604186 1.839396 -0.082198
v 0.523011 1.859237 -0.102654
v 0.540308 1.817696 -0.122192
v 0.505957 1.864078 -0.082585
v 0.554652 1.871079 -0.000555
v 0.303315 1.975309 -0.329658
v 0.217226 1.836418 -0.181131
v 0.234357 1.830938 -0.232801
v 0.298365 2.177918 -0.285279
v 0.332449 2.162071 -0.187528
v 0.265110 1.911075 -0.128472
v 0.311853 1.929985 -0.155924
v 0.408751 2.053639 -0.175153
v 0.344130 1.890527 -0.209823
v 0.408751 2.053639 -0.175153
v 0.303315 1.975309 -0.329658
v 0.335757 1.851100 -0.201019
v 0.234357 1.830938 -0.232801
v 0.854662 1.672537 0.053882
v 0.753691 1.583735 -0.372333
v 0.544441 1.619055 -0.202666
v 0.694213 1.693544 0.105238
v 0.478308 1.691478 0.107917
v 0.544441 1.619055 -0.202666
v 0.353837 1.593418 -0.354973
v 0.316146 1.668370 0.061883
vt 0.56280 -0.71880
vt 0.52760 -0.78400
vt 0.52020 -0.74960
vt 0.41890 -0.64940
vt 0.46350 -0.61680
vt 0.45100 -0.64710
vt 0.41440 -0.61000
vt 0.46400 -0.61720
vt 0.41370 -0.56140
vt 0.47810 -0.56120
vt 0.44060 -0.50260
vt 0.31380 -0.61000
vt 0.46350 -0.61680
vt 0.41370 -0.56140
vt 0.40650 -0.50390
vt 0.44060 -0.50260
vt 0.62330 -0.24830
vt 0.69900 -0.37230
vt 0.69470 -0.02290
vt 0.62330 -0.24830
vt 0.62470 -0.14790
vt 0.55890 -0.06470
vt 0.53890 -0.15620
vt 0.54070 -0.34540
vt 0.62330 -0.24830
vt 0.73750 -0.71830
vt 0.78010 -0.74890
vt 0.77280 -0.78330
vt 0.08080 -0.28320
vt 0.07100 -0.02570
vt 0.03400 -0.02530
vt 0.03400 -0.02530
vt 0.05630 -0.27750
vt 0.08080 -0.28320
vt 0.14150 -0.35990
vt 0.14430 -0.51850
vt 0.11810 -0.26470
vt 0.07100 -0.02570
vt 0.11120 -0.05390
vt 0.07060 -0.28090
vt 0.14430 -0.51850
vt 0.11800 -0.51300
vt 0.14430 -0.51850
vt 0.05820 -0.52010
vt 0.05630 -0.27750
vt 0.02050 -0.32210
vt 0.03460 -0.50240
vt 0.05630 -0.27750
vt 0.01050 -0.06830
vt 0.03400 -0.02530
vt 0.05630 -0.27750
vt 0.07060 -0.28090
vt 0.08080 -0.28320
vt 0.62300 -0.24870
vt 0.69470 -0.02240
vt 0.69900 -0.37190
vt 0.99170 -0.70530
vt 0.86740 -0.78010
vt 0.96890 -0.76190
vt 0.44060 -0.50260
vt 0.46760 -0.50220
vt 0.47810 -0.56120
vt 0.41610 -0.76960
vt 0.43550 -0.76900
vt 0.42620 -0.80590
vt 0.42620 -0.80590
vt 0.37200 -0.77790
vt 0.36030 -0.78590
vt 0.42620 -0.80590
vt 0.41620 -0.76970
vt 0.37200 -0.77790
vt 0.42620 -0.80590
vt 0.36030 -0.78590
vt 0.42620 -0.80590
vt 0.11110 -0.05390
vt 0.06770 -0.02660
vt 0.06060 -0.04540
vt 0.05480 -0.02570
vt 0.01050 -0.06830
vt 0.06060 -0.04540
vt 0.06770 -0.02660
vt 0.05480 -0.02570
vt 0.07100 -0.02570
vt 0.11120 -0.05390
vt 0.05200 -0.04210
vt 0.03400 -0.02530
vt 0.05200 -0.04210
vt 0.01050 -0.06830
vt 0.03400 -0.02530
vt 0.05200 -0.04210
vt 0.43550 -0.76890
vt 0.41610 -0.76990
vt 0.42630 -0.80620
vt 0.37200 -0.77790
vt 0.42630 -0.80620
vt 0.36030 -0.78570
vt 0.42630 -0.80620
vt 0.41610 -0.76970
vt 0.42630 -0.80620
vt 0.37180 -0.77800
vt 0.36030 -0.78570
vt 0.42630 -0.80620
vt 0.41440 -0.61000
vt 0.46400 -0.61720
vt 0.41370 -0.56140
vt 0.41890 -0.64940
vt 0.46350 -0.61680
vt 0.45100 -0.64710
vt 0.46350 -0.61680
vt 0.41370 -0.56140
vt 0.47810 -0.56120
vt 0.44060 -0.50260
vt 0.46760 -0.50220
vt 0.40650 -0.50390
vt 0.37890 -0.50910
vt 0.39740 -0.54960
vt 0.36750 -0.58910
vt 0.34840 -0.52350
vt 0.40710 -0.60960
vt 0.41370 -0.56150
vt 0.31380 -0.61000
vt 0.33730 -0.57640
vt 0.28280 -0.55430
vt 0.30290 -0.50810
vt 0.28280 -0.55430
vt 0.34840 -0.52380
vt 0.35070 -0.59220
vt 0.41890 -0.64940
vt 0.41890 -0.64940
vt 0.45100 -0.64710
vt 0.47810 -0.56120
vt 0.46350 -0.61680
vt 0.31380 -0.61000
vt 0.06540 -0.30290
vt 0.12690 -0.51610
vt 0.08450 -0.52410
vt 0.09070 -0.30880
vt 0.14430 -0.51850
vt 0.06540 -0.30290
vt 0.11820 -0.26480
vt 0.15950 -0.51240
vt 0.07730 -0.25390
vt 0.11110 -0.05390
vt 0.06770 -0.02660
vt 0.05460 -0.24940
vt 0.06770 -0.02660
vt 0.05480 -0.02570
vt 0.02060 -0.32220
vt 0.01050 -0.06830
vt 0.04780 -0.52410
vt 0.06540 -0.30290
vt 0.08450 -0.52410
vt 0.41890 -0.64940
vt 0.46350 -0.61680
vt 0.45100 -0.64710
vt 0.41440 -0.61000
vt 0.46400 -0.61720
vt 0.41370 -0.56140
vt 0.40650 -0.50390
vt 0.44060 -0.50260
vt 0.41370 -0.56140
vt 0.47810 -0.56120
vt 0.44060 -0.50260
vt 0.39740 -0.54960
vt 0.37890 -0.50910
vt 0.35470 -0.58100
vt 0.34840 -0.52350
vt 0.38040 -0.59730
vt 0.40710 -0.60960
vt 0.41370 -0.56150
vt 0.36830 -0.62690
vt 0.36830 -0.62690
vt 0.35820 -0.58700
vt 0.54870 -0.63200
vt 0.55300 -0.60660
vt 0.54670 -0.61180
vt 0.53330 -0.58550
vt 0.54670 -0.61180
vt 0.54670 -0.61180
vt 0.50700 -0.62790
vt 0.57940 -0.05950
vt 0.67720 -0.01310
vt 0.56320 -0.14320
vt 0.64780 -0.27870
vt 0.67640 -0.38530
vt 0.56320 -0.14320
vt 0.54140 -0.34510
vt 0.41910 -0.13240
vt 0.57900 -0.05900
vt 0.41910 -0.38380
vt 0.58460 -0.40320
vt 0.50840 -0.44020
vt 0.45130 -0.44960
vt 0.41910 -0.44010
vt 0.46730 -0.45720
vt 0.38680 -0.44960
vt 0.49950 -0.49180
vt 0.47370 -0.49310
vt 0.59280 -0.42450
vt 0.59280 -0.46700
vt 0.32990 -0.44040
vt 0.37050 -0.45720
vt 0.25360 -0.40320
vt 0.29670 -0.34510
vt 0.33880 -0.49190
vt 0.36400 -0.49310
vt 0.24520 -0.42460
vt 0.24520 -0.46720
vt 0.27500 -0.14320
vt 0.18450 -0.27910
vt 0.15590 -0.01250
vt 0.15540 -0.38590
vt 0.25910 -0.05900
vt 0.35180 -0.08960
vt 0.48630 -0.08960
vt 0.57900 -0.05900
vt 0.97420 -0.70530
vt 0.87090 -0.76030
vt 0.96420 -0.75490
vt 0.44060 -0.50260
vt 0.46760 -0.50220
vt 0.47810 -0.56120
vt 0.41890 -0.64940
vt 0.45100 -0.64710
vt 0.41890 -0.64940
vt 0.47810 -0.56120
vt 0.31380 -0.61000
vt 0.46350 -0.61680
vt 0.41610 -0.76960
vt 0.43550 -0.76900
vt 0.42620 -0.80590
vt 0.42620 -0.80590
vt 0.37200 -0.77790
vt 0.36030 -0.78590
vt 0.42620 -0.80590
vt 0.41620 -0.76970
vt 0.37200 -0.77790
vt 0.42620 -0.80590
vt 0.36030 -0.78590
vt 0.42620 -0.80590
vt 0.11110 -0.05390
vt 0.07100 -0.02520
vt 0.06060 -0.04540
vt 0.03630 -0.02520
vt 0.00510 -0.05890
vt 0.07100 -0.02520
vt 0.03630 -0.02520
vt 0.07100 -0.02520
vt 0.11120 -0.05390
vt 0.05200 -0.04210
vt 0.00510 -0.05890
vt 0.03630 -0.02520
vt 0.05200 -0.04210
vt 0.03630 -0.02520
vt 0.07100 -0.02520
vt 0.43550 -0.76890
vt 0.41610 -0.76990
vt 0.42630 -0.80620
vt 0.37200 -0.77790
vt 0.42630 -0.80620
vt 0.36030 -0.78570
vt 0.42630 -0.80620
vt 0.41610 -0.76970
vt 0.42630 -0.80620
vt 0.37180 -0.77800
vt 0.36030 -0.78570
vt 0.42630 -0.80620
vt 0.41370 -0.56140
vt 0.44060 -0.50260
vt 0.40650 -0.50390
vt 0.47810 -0.56120
vt 0.46760 -0.50220
vt 0.41370 -0.56140
vt 0.47810 -0.56120
vt 0.46400 -0.61720
vt 0.41440 -0.61000
vt 0.46400 -0.61720
vt 0.41890 -0.64940
vt 0.45100 -0.64710
vt 0.72200 -0.67820
vt 0.54920 -0.63220
vt 0.54140 -0.65880
vt 0.72200 -0.67820
vt 0.72330 -0.64380
vt 0.55340 -0.60700
vt 0.70620 -0.60910
vt 0.55710 -0.58200
vt 0.70040 -0.58070
vt 0.56170 -0.56750
vt 0.56900 -0.54680
vt 0.70690 -0.55710
vt 0.72820 -0.52300
vt 0.56930 -0.49950
vt 0.74980 -0.51340
vt 0.38040 -0.59730
vt 0.35820 -0.58700
vt 0.36830 -0.62690
vt 0.41890 -0.64940
vt 0.41890 -0.64940
vt 0.45100 -0.64710
vt 0.47810 -0.56120
vt 0.46350 -0.61680
vt 0.31380 -0.61000
vt 0.24520 -0.44590
vt 0.32990 -0.44040
vt 0.33880 -0.49190
vt 0.37050 -0.45720
vt 0.36400 -0.49310
vt 0.38400 -0.44750
vt 0.41910 -0.38380
vt 0.43310 -0.44620
vt 0.50840 -0.44020
vt 0.46730 -0.45720
vt 0.49950 -0.49180
vt 0.47370 -0.49310
vt 0.59280 -0.42450
vt 0.59280 -0.46700
vt 0.54060 -0.34470
vt 0.58460 -0.40320
vt 0.41910 -0.13240
vt 0.55920 -0.06340
vt 0.29670 -0.34510
vt 0.27800 -0.37030
vt 0.25360 -0.40320
vt 0.28660 -0.15570
vt 0.27570 -0.06850
vt 0.35890 -0.08140
vt 0.41470 -0.08260
vt 0.46730 -0.08370
vt 0.55920 -0.06340
vt 0.62300 -0.24870
vt 0.55940 -0.06360
vt 0.69470 -0.02240
vt 0.83780 -0.37290
vt 0.83600 -0.04350
vt 0.95910 -0.01870
vt 0.95870 -0.38670
vt 0.69910 -0.37200
vt 0.90100 -0.47410
vt 0.99600 -0.44630
vt 0.83870 -0.46090
vt 0.83790 -0.48740
vt 0.75300 -0.47080
vt 0.65960 -0.44550
vt 0.54870 -0.63200
vt 0.55300 -0.60660
vt 0.54670 -0.61180
vt 0.53330 -0.58550
vt 0.50700 -0.62790
vt 0.72230 -0.67800
vt 0.54140 -0.65880
vt 0.54920 -0.63220
vt 0.72330 -0.64380
vt 0.55340 -0.60700
vt 0.70330 -0.59490
vt 0.56420 -0.56080
vt 0.70690 -0.55710
vt 0.72820 -0.52300
vt 0.56930 -0.49950
vt 0.74980 -0.51340
vt 0.75590 -0.54210
vt 0.91880 -0.49580
vt 0.90360 -0.60290
vt 0.78000 -0.57370
vt 0.78000 -0.60930
vt 0.93450 -0.63580
vt 0.97490 -0.67870
vt 0.74620 -0.64970
vt 0.90820 -0.72520
vt 0.96900 -0.76200
vt 0.86740 -0.78030
vt 0.13720 -0.81130
vt 0.13720 -0.86860
vt 0.10960 -0.80870
vt 0.13720 -0.78530
vt 0.01460 -0.84870
vt 0.10670 -0.69080
vt 0.04740 -0.75560
vt 0.13720 -0.68490
vt 0.16770 -0.69080
vt 0.25980 -0.84870
vt 0.22700 -0.75560
vt 0.16480 -0.80870
vt 0.13720 -0.81130
vt 0.13720 -0.86860
vt 0.36830 -0.62690
vt 0.35470 -0.58100
vt 0.36370 -0.51630
vt 0.40710 -0.60960
vt 0.41370 -0.56150
vt 0.56280 -0.71880
vt 0.60150 -0.73100
vt 0.52760 -0.78400
vt 0.60330 -0.69730
vt 0.65000 -0.70390
vt 0.67340 -0.68840
vt 0.69870 -0.73070
vt 0.73750 -0.71830
vt 0.77280 -0.78330
vt 0.42130 -0.74500
vt 0.29310 -0.84000
vt 0.28790 -0.76210
vt 0.32310 -0.70280
vt 0.25530 -0.69020
vt 0.26610 -0.65310
vt 0.23220 -0.66390
vt 0.25510 -0.69000
vt 0.32310 -0.70260
vt 0.28780 -0.76200
vt 0.42140 -0.74500
vt 0.29290 -0.84000
vt 0.41890 -0.64940
vt 0.31380 -0.61000
vt 0.35440 -0.58040
vt 0.28280 -0.55430
vt 0.30290 -0.50810
vt 0.34840 -0.52380
vt 0.02060 -0.25520
vt 0.10990 -0.05410
vt 0.11760 -0.23320
vt 0.00910 -0.06820
vt 0.05270 -0.04050
vt 0.23620 -0.89770
vt 0.23440 -0.90270
vt 0.22350 -0.90310
vt 0.23410 -0.89190
vt 0.22320 -0.89150
vt 0.11110 -0.05390
vt 0.11110 -0.05390
vt 0.06060 -0.04540
vt 0.11820 -0.26480
vt 0.11820 -0.26480
vt 0.23440 -0.90250
vt 0.22360 -0.90290
vt 0.22320 -0.89210
vt 0.23410 -0.89200
vt 0.23620 -0.89760
vt 0.86740 -0.78030
vt 0.74620 -0.64970
vt 0.72230 -0.67800
vt 0.99170 -0.70540
vt 0.94980 -0.65200
vt 0.78000 -0.60930
vt 0.90360 -0.60290
vt 0.78000 -0.57370
vt 0.90360 -0.60290
vt 0.91880 -0.49580
vt 0.75590 -0.54210
vt 0.74960 -0.51400
vt 0.72820 -0.52300
vt 0.74980 -0.51340
vt 0.56930 -0.49950
vt 0.56900 -0.54680
vt 0.70690 -0.55710
vt 0.70330 -0.59490
vt 0.55940 -0.57480
vt 0.55340 -0.60700
vt 0.72330 -0.64380
vt 0.54140 -0.65880
vt 0.72200 -0.67820
vt 0.73710 0.78660
vt 0.75730 0.73060
vt 0.68180 0.78290
vt 0.76940 0.65250
vt 0.68320 0.63300
vt -0.32150 -0.12340
vt -0.25350 -0.11330
vt -0.29150 -0.16290
vt -0.28870 -0.01250
vt -0.36130 -0.02640
vt 0.56280 -0.71880
vt 0.52760 -0.78400
vt 0.52020 -0.74960
vt 0.58430 -0.74230
vt 0.60330 -0.69730
vt 0.61870 -0.71970
vt 0.65000 -0.70390
vt 0.65000 -0.67970
vt 0.69680 -0.69700
vt 0.68140 -0.71950
vt 0.71590 -0.74190
vt 0.73750 -0.71830
vt 0.77280 -0.78330
vt 0.78010 -0.74890
vt 0.00510 -0.05890
vt 0.03630 -0.02520
vt 0.05550 -0.28780
vt 0.02150 -0.36060
vt 0.06640 -0.34130
vt 0.05530 -0.67840
vt 0.06030 -0.56680
vt 0.14280 -0.56070
vt 0.09160 -0.34720
vt 0.20470 -0.57320
vt 0.11910 -0.30320
vt 0.07820 -0.29230
vt 0.07100 -0.02520
vt 0.07100 -0.02520
vt 0.03630 -0.02520
vt 0.11110 -0.05390
vt 0.20620 -0.55570
vt 0.20470 -0.57320
vt 0.11910 -0.30310
vt 0.11120 -0.05390
vt 0.07100 -0.02520
vt 0.08050 -0.28900
vt 0.09410 -0.34710
vt 0.20470 -0.57320
vt 0.05480 -0.28240
vt 0.09410 -0.34710
vt 0.14270 -0.56050
vt 0.06000 -0.33690
vt 0.09410 -0.34710
vt 0.06030 -0.56660
vt 0.00510 -0.05890
vt 0.03630 -0.02520
vt 0.05480 -0.28240
vt 0.02140 -0.36050
vt 0.05520 -0.67820
vt 0.33730 -0.57640
vt 0.35440 -0.58040
vt 0.34700 -0.60400
vt 0.34840 -0.52380
vt 0.30290 -0.50810
vt 0.28280 -0.55430
vt 0.31380 -0.61000
vt 0.90350 -0.46850
vt 0.95600 -0.38590
vt 0.98520 -0.43200
vt 0.82920 -0.46090
vt 0.82830 -0.48740
vt 0.75300 -0.46850
vt 0.82820 -0.40300
vt 0.97600 -0.01220
vt 0.70050 -0.38590
vt 0.67120 -0.43200
vt 0.68050 -0.01220
vt 0.82790 -0.40590
vt 0.97740 -0.01170
vt 0.84740 -0.11850
vt 0.87090 -0.76050
vt 0.72230 -0.67800
vt 0.74620 -0.64970
vt 0.97430 -0.70540
vt 0.96430 -0.75510
vt 0.94050 -0.65200
vt 0.77300 -0.62180
vt 0.78710 -0.59680
vt 0.90360 -0.60290
vt 0.78000 -0.57370
vt 0.91880 -0.49580
vt 0.75590 -0.54210
vt 0.74960 -0.51400
vt 0.72200 -0.67820
vt 0.54140 -0.65880
vt 0.54920 -0.63220
vt 0.72330 -0.64380
vt 0.55340 -0.60700
vt 0.70620 -0.60910
vt 0.55940 -0.57480
vt 0.70040 -0.58070
vt 0.56900 -0.54680
vt 0.70690 -0.55710
vt 0.72820 -0.52300
vt 0.56930 -0.49950
vt 0.74980 -0.51340
vt 0.13720 -0.81130
vt 0.13720 -0.86860
vt 0.10960 -0.80870
vt 0.13720 -0.78530
vt 0.01460 -0.84870
vt 0.11060 -0.69950
vt 0.04740 -0.75560
vt 0.10270 -0.68210
vt 0.13720 -0.67490
vt 0.13720 -0.69490
vt 0.16380 -0.69950
vt 0.17170 -0.68210
vt 0.22700 -0.75560
vt 0.25980 -0.84870
vt 0.16480 -0.80870
vt 0.13720 -0.81130
vt 0.13720 -0.86860
vt 0.26610 -0.65310
vt 0.23220 -0.66390
vt 0.25510 -0.69000
vt 0.29930 -0.68870
vt 0.34690 -0.71660
vt 0.28780 -0.76200
vt 0.42140 -0.74500
vt 0.29290 -0.84000
vt 0.42130 -0.74500
vt 0.29310 -0.84000
vt 0.28790 -0.76210
vt 0.34690 -0.71670
vt 0.29930 -0.68890
vt 0.25530 -0.69020
vt 0.26620 -0.65330
vt 0.23230 -0.66410
vt 0.02140 -0.36050
vt 0.00510 -0.05890
vt 0.02140 -0.36050
vt 0.00510 -0.05890
vt 0.00510 -0.05890
vt 0.11910 -0.30320
vt 0.11110 -0.05390
vt 0.11910 -0.30320
vt 0.11110 -0.05390
vt 0.06060 -0.04540
vt 0.23440 -0.90270
vt 0.22350 -0.90310
vt 0.22320 -0.89150
vt 0.23620 -0.89770
vt 0.23410 -0.89190
vt 0.23620 -0.89760
vt 0.23440 -0.90250
vt 0.22360 -0.90290
vt 0.23410 -0.89200
vt 0.22320 -0.89210
vt 0.54870 -0.63200
vt 0.54670 -0.61180
vt 0.55300 -0.60660
vt 0.53330 -0.58550
vt 0.50700 -0.62790
vt 0.33730 -0.57640
vt 0.34700 -0.60400
vt 0.35440 -0.58040
vt 0.34840 -0.52380
vt 0.30290 -0.50810
vt 0.28280 -0.55430
vt 0.31380 -0.61000
vt 0.36830 -0.62690
vt 0.40710 -0.60960
vt 0.38040 -0.59730
vt 0.39740 -0.54960
vt 0.41370 -0.56150
vt 0.35470 -0.58100
vt 0.36850 -0.51160
vt 0.34840 -0.52350
vt 0.38940 -0.50660
vt 0.41370 -0.56150
vt 0.87090 -0.76050
vt 0.74620 -0.64970
vt 0.72230 -0.67800
vt 0.97430 -0.70540
vt 0.94050 -0.65200
vt 0.77300 -0.62180
vt 0.78710 -0.59680
vt 0.90360 -0.60290
vt 0.78000 -0.57370
vt 0.90360 -0.60290
vt 0.91880 -0.49580
vt 0.75590 -0.54210
vt 0.74960 -0.51400
vt 0.02150 -0.36060
vt 0.05530 -0.67840
vt 0.05530 -0.67840
vt 0.02150 -0.36060
vt 0.11910 -0.30310
vt 0.20620 -0.55570
vt 0.20620 -0.55570
vt 0.11910 -0.30310
g vehicle#door_gunner_1_2_1_0
usemtl 614d80eb-ae58-4443-9908-e8c4b3dc3ddd
f 1/1 2/2 3/3
f 4/4 5/5 6/6
f 4/4 7/7 8/8
f 7/7 9/9 8/8
f 9/9 10/10 8/8
f 9/9 11/11 10/10
f 10/10 12/12 13/13
f 14/14 15/15 16/16
f 17/17 18/18 19/19
f 20/20 19/19 21/21
f 22/22 21/21 19/19
f 21/21 23/23 20/20
f 22/22 23/23 21/21
f 23/23 24/24 25/25
f 26/26 27/27 28/28
f 29/29 30/30 31/31
f 32/32 33/33 34/34
f 35/35 34/34 36/36
f 34/34 35/35 37/37
f 37/37 38/38 34/34
f 37/37 39/39 38/38
f 40/40 41/41 34/34
f 42/42 43/43 40/40
f 40/40 44/44 42/42
f 44/44 40/40 45/45
f 46/46 47/47 44/44
f 46/46 44/44 48/48
f 49/49 46/46 48/48
f 49/49 48/48 50/50
f 51/51 52/52 53/53
f 54/54 55/55 56/56
f 57/57 58/58 59/59
f 60/60 61/61 62/62
f 63/63 64/64 65/65
f 63/63 66/66 67/67
f 68/68 67/67 69/69
f 70/70 71/71 72/72
f 71/71 73/73 74/74
f 75/75 76/76 77/77
f 78/78 79/79 80/80
f 81/81 82/82 80/80
f 83/83 84/84 85/85
f 86/86 83/83 87/87
f 88/88 89/89 90/90
f 91/91 92/92 93/93
f 92/92 94/94 95/95
f 94/94 96/96 97/97
f 98/98 99/99 100/100
f 101/101 100/100 102/102
f 103/103 104/104 105/105
f 106/106 107/107 103/103
f 106/106 108/108 109/109
f 110/110 109/109 111/111
f 110/110 111/111 112/112
f 112/112 111/111 113/113
f 110/110 112/112 114/114
f 110/110 115/115 116/116
f 115/115 117/117 116/116
f 115/115 118/118 117/117
f 119/119 116/116 117/117
f 116/116 119/119 120/120
f 121/121 122/122 123/123
f 122/122 124/124 125/125
f 126/126 124/124 122/122
f 126/126 122/122 127/127
f 128/128 129/129 130/130
f 131/131 132/132 133/133
f 134/134 135/135 136/136
f 137/137 138/138 135/135
f 135/135 139/139 137/137
f 140/140 138/138 137/137
f 140/140 141/141 138/138
f 137/137 142/142 140/140
f 142/142 137/137 139/139
f 143/143 140/140 142/142
f 144/144 143/143 142/142
f 142/142 139/139 145/145
f 145/145 146/146 142/142
f 145/145 147/147 146/146
f 145/145 139/139 148/148
f 147/147 145/145 148/148
f 149/149 147/147 148/148
f 148/148 139/139 150/150
f 151/151 152/152 150/150
f 153/153 154/154 155/155
f 153/153 156/156 157/157
f 156/156 158/158 157/157
f 158/158 159/159 160/160
f 161/161 162/162 157/157
f 161/161 163/163 162/162
f 158/158 164/164 165/165
f 166/166 165/165 164/164
f 165/165 166/166 167/167
f 164/164 168/168 166/166
f 169/169 168/168 164/164
f 164/164 170/170 169/169
f 171/171 168/168 169/169
f 168/168 172/172 173/173
f 174/174 175/175 176/176
f 175/175 177/177 178/178
f 179/179 177/177 180/180
f 181/181 182/182 183/183
f 184/184 182/182 185/185
f 186/186 182/182 184/184
f 186/186 184/184 187/187
f 188/188 186/186 187/187
f 189/189 186/186 188/188
f 188/188 187/187 190/190
f 190/190 187/187 191/191
f 191/191 192/192 190/190
f 192/192 193/193 190/190
f 190/190 193/193 194/194
f 192/192 195/195 193/193
f 194/194 196/196 190/190
f 195/195 192/192 197/197
f 195/195 197/197 198/198
f 197/197 192/192 199/199
f 200/200 197/197 199/199
f 201/201 190/190 196/196
f 201/201 196/196 202/202
f 190/190 201/201 203/203
f 203/203 204/204 190/190
f 188/188 190/190 204/204
f 202/202 205/205 201/201
f 202/202 206/206 205/205
f 207/207 201/201 205/205
f 205/205 208/208 207/207
f 188/188 204/204 209/209
f 209/209 204/204 210/210
f 209/209 210/210 211/211
f 210/210 212/212 211/211
f 213/213 209/209 211/211
f 188/188 209/209 213/213
f 214/214 188/188 213/213
f 214/214 215/215 188/188
f 215/215 216/216 188/188
f 217/217 218/218 219/219
f 220/220 221/221 222/222
f 223/223 224/224 225/225
f 226/226 227/227 228/228
f 229/229 230/230 231/231
f 229/229 232/232 233/233
f 234/234 233/233 235/235
f 236/236 237/237 238/238
f 237/237 239/239 240/240
f 241/241 242/242 243/243
f 244/244 245/245 243/243
f 246/246 247/247 243/243
f 248/248 249/249 250/250
f 251/251 252/252 253/253
f 254/254 255/255 253/253
f 256/256 257/257 258/258
f 257/257 259/259 260/260
f 259/259 261/261 262/262
f 263/263 264/264 265/265
f 266/266 265/265 267/267
f 268/268 269/269 270/270
f 269/269 271/271 272/272
f 273/273 274/274 269/269
f 273/273 275/275 274/274
f 276/276 277/277 273/273
f 278/278 277/277 276/276
f 278/278 279/279 277/277
f 280/280 281/281 282/282
f 281/281 283/283 284/284
f 285/285 281/281 284/284
f 285/285 284/284 286/286
f 285/285 286/286 287/287
f 288/288 287/287 286/286
f 288/288 289/289 287/287
f 290/290 289/289 288/288
f 290/290 288/288 291/291
f 290/290 291/291 292/292
f 292/292 293/293 290/290
f 292/292 294/294 293/293
f 295/295 296/296 297/297
f 298/298 299/299 300/300
f 301/301 302/302 303/303
f 304/304 305/305 306/306
f 307/307 306/306 305/305
f 307/307 308/308 306/306
f 305/305 309/309 307/307
f 305/305 310/310 309/309
f 311/311 309/309 310/310
f 312/312 311/311 310/310
f 312/312 313/313 311/311
f 313/313 312/312 314/314
f 313/313 314/314 315/315
f 314/314 312/312 316/316
f 317/317 314/314 316/316
f 312/312 310/310 318/318
f 319/319 312/312 318/318
f 320/320 318/318 310/310
f 320/320 321/321 318/318
f 322/322 310/310 305/305
f 320/320 310/310 322/322
f 305/305 323/323 322/322
f 323/323 305/305 324/324
f 320/320 322/322 325/325
f 320/320 325/325 326/326
f 327/327 320/320 326/326
f 327/327 328/328 320/320
f 320/320 328/328 329/329
f 329/329 330/330 320/320
f 330/330 331/331 318/318
f 332/332 333/333 331/331
f 334/334 333/333 335/335
f 336/336 334/334 335/335
f 337/337 334/334 336/336
f 338/338 333/333 334/334
f 339/339 334/334 337/337
f 337/337 340/340 339/339
f 341/341 334/334 339/339
f 338/338 334/334 341/341
f 339/339 342/342 341/341
f 343/343 341/341 342/342
f 338/338 341/341 343/343
f 343/343 344/344 338/338
f 345/345 346/346 347/347
f 346/346 348/348 347/347
f 347/347 348/348 349/349
f 350/350 351/351 352/352
f 352/352 353/353 350/350
f 354/354 353/353 352/352
f 354/354 355/355 353/353
f 354/354 356/356 355/355
f 356/356 357/357 355/355
f 356/356 358/358 357/357
f 358/358 356/356 359/359
f 358/358 359/359 360/360
f 361/361 360/360 362/362
f 363/363 361/361 362/362
f 361/361 363/363 364/364
f 364/364 363/363 365/365
f 365/365 363/363 366/366
f 365/365 366/366 367/367
f 368/368 365/365 367/367
f 368/368 367/367 369/369
f 369/369 367/367 370/370
f 370/370 371/371 369/369
f 368/368 369/369 371/371
f 371/371 350/350 368/368
f 372/372 373/373 374/374
f 375/375 372/372 374/374
f 375/375 374/374 376/376
f 375/375 376/376 377/377
f 377/377 376/376 378/378
f 377/377 379/379 375/375
f 380/380 375/375 379/379
f 375/375 380/380 381/381
f 380/380 382/382 381/381
f 375/375 381/381 383/383
f 375/375 383/383 384/384
f 384/384 383/383 385/385
f 386/386 387/387 388/388
f 388/388 389/389 386/386
f 388/388 390/390 389/389
f 391/391 392/392 393/393
f 391/391 394/394 392/392
f 395/395 392/392 394/394
f 395/395 394/394 396/396
f 395/395 396/396 397/397
f 398/398 397/397 396/396
f 398/398 399/399 397/397
f 400/400 401/401 402/402
f 400/400 402/402 403/403
f 402/402 404/404 403/403
f 405/405 403/403 404/404
f 405/405 404/404 406/406
f 405/405 406/406 407/407
f 405/405 407/407 408/408
f 407/407 409/409 408/408
f 409/409 410/410 408/408
f 409/409 411/411 410/410
f 412/412 413/413 414/414
f 414/414 413/413 415/415
f 414/414 415/415 416/416
f 414/414 416/416 417/417
f 418/418 419/419 420/420
f 418/418 421/421 419/419
f 419/419 421/421 422/422
f 423/423 424/424 425/425
f 425/425 426/426 423/423
f 425/425 427/427 426/426
f 428/428 429/429 430/430
f 431/431 429/429 428/428
f 428/428 432/432 431/431
f 433/433 434/434 435/435
f 435/435 436/436 433/433
f 436/436 437/437 433/433
f 438/438 439/439 440/440
f 439/439 438/438 441/441
f 439/439 441/441 442/442
f 439/439 442/442 443/443
f 443/443 442/442 444/444
f 445/445 443/443 444/444
f 445/445 446/446 447/447
f 445/445 447/447 448/448
f 448/448 447/447 449/449
f 450/450 451/451 452/452
f 452/452 453/453 450/450
f 453/453 454/454 450/450
f 453/453 455/455 454/454
f 453/453 456/456 455/455
f 457/457 455/455 456/456
f 457/457 458/458 455/455
f 458/458 457/457 459/459
f 459/459 460/460 458/458
f 461/461 462/462 463/463
f 462/462 464/464 463/463
f 464/464 465/465 463/463
f 466/466 467/467 468/468
f 469/469 467/467 466/466
f 466/466 470/470 469/469
f 471/471 472/472 473/473
f 471/471 474/474 472/472
f 471/471 475/475 474/474
f 475/475 476/476 474/474
f 477/477 476/476 475/475
f 477/477 475/475 478/478
f 477/477 478/478 479/479
f 477/477 479/479 480/480
f 479/479 481/481 480/480
f 482/482 481/481 479/479
f 482/482 483/483 481/481
f 482/482 484/484 483/483
f 485/485 486/486 487/487
f 485/485 487/487 488/488
f 487/487 489/489 488/488
f 489/489 490/490 488/488
f 489/489 491/491 490/490
f 489/489 492/492 491/491
f 492/492 489/489 493/493
f 492/492 493/493 494/494
f 495/495 494/494 493/493
f 496/496 493/493 489/489
f 496/496 489/489 487/487
f 493/493 496/496 495/495
f 487/487 497/497 496/496
f 498/498 495/495 496/496
f 487/487 499/499 498/498
f 498/498 500/500 495/495
f 495/495 501/501 502/502
f 503/503 502/502 501/501
f 503/503 504/504 505/505
f 503/503 505/505 506/506
f 507/507 503/503 506/506
f 508/508 503/503 507/507
f 509/509 506/506 505/505
f 509/509 510/510 506/506
f 511/511 508/508 510/510
f 509/509 512/512 510/510
f 511/511 513/513 512/512
f 511/511 512/512 514/514
f 515/515 512/512 509/509
f 509/509 516/516 515/515
f 517/517 505/505 516/516
f 515/515 518/518 512/512
f 518/518 514/514 512/512
f 518/518 519/519 514/514
f 520/520 521/521 522/522
f 523/523 521/521 520/520
f 523/523 520/520 524/524
f 520/520 525/525 524/524
f 526/526 525/525 520/520
f 527/527 528/528 529/529
f 528/528 527/527 530/530
f 527/527 531/531 530/530
f 532/532 530/530 531/531
f 528/528 530/530 533/533
f 528/528 533/533 534/534
f 535/535 530/530 532/532
f 530/530 535/535 533/533
f 535/535 532/532 536/536
f 535/535 537/537 533/533
f 538/538 537/537 539/539
f 537/537 540/540 539/539
f 541/541 542/542 543/543
f 543/543 544/544 541/541
f 544/544 545/545 541/541
f 543/543 546/546 544/544
f 543/543 547/547 546/546
f 547/547 548/548 546/546
f 548/548 549/549 546/546
f 550/550 549/549 548/548
f 550/550 551/551 549/549
f 550/550 552/552 551/551
f 552/552 553/553 551/551
f 554/554 555/555 556/556
f 556/556 557/557 554/554
f 558/558 557/557 556/556
f 558/558 559/559 557/557
f 558/558 560/560 559/559
f 560/560 561/561 559/559
f 562/562 561/561 560/560
f 562/562 563/563 561/561
f 562/562 564/564 563/563
f 564/564 562/562 565/565
f 564/564 565/565 566/566
f 567/567 568/568 569/569
f 570/570 567/567 569/569
f 570/570 569/569 571/571
f 570/570 571/571 572/572
f 572/572 571/571 573/573
f 574/574 572/572 573/573
f 574/574 575/575 572/572
f 572/572 575/575 576/576
f 572/572 576/576 570/570
f 577/577 576/576 575/575
f 577/577 570/570 576/576
f 578/578 577/577 575/575
f 578/578 579/579 577/577
f 577/577 579/579 580/580
f 570/570 577/577 580/580
f 570/570 580/580 581/581
f 570/570 581/581 582/582
f 582/582 581/581 583/583
f 584/584 585/585 586/586
f 584/584 586/586 587/587
f 586/586 588/588 587/587
f 586/586 589/589 588/588
f 589/589 590/590 588/588
f 589/589 591/591 590/590
f 592/592 593/593 594/594
f 592/592 594/594 595/595
f 594/594 596/596 595/595
f 594/594 597/597 596/596
f 598/598 596/596 597/597
f 598/598 597/597 599/599
f 600/600 601/601 602/602
f 600/600 603/603 601/601
f 601/601 603/603 604/604
f 605/605 606/606 607/607
f 605/605 608/608 606/606
f 606/606 608/608 609/609
f 610/610 611/611 612/612
f 612/612 613/613 610/610
f 612/612 614/614 613/613
f 615/615 616/616 617/617
f 617/617 618/618 615/615
f 617/617 619/619 618/618
f 620/620 621/621 622/622
f 622/622 621/621 623/623
f 621/621 624/624 623/623
f 625/625 626/626 627/627
f 628/628 625/625 627/627
f 628/628 629/629 625/625
f 625/625 629/629 630/630
f 631/631 625/625 630/630
f 632/632 633/633 634/634
f 633/633 635/635 634/634
f 635/635 633/633 636/636
f 635/635 637/637 634/634
f 638/638 637/637 635/635
f 638/638 639/639 637/637
f 638/638 635/635 640/640
f 641/641 640/640 635/635
f 642/642 643/643 644/644
f 643/643 642/642 645/645
f 643/643 645/645 646/646
f 643/643 646/646 647/647
f 647/647 646/646 648/648
f 648/648 646/646 649/649
f 650/650 648/648 649/649
f 650/650 651/651 652/652
f 650/650 652/652 653/653
f 653/653 652/652 654/654
f 655/655 656/656 657/657
f 655/655 657/657 658/658
f 659/659 660/660 661/661
f 659/659 661/661 662/662
o vehicle#glass_1
v 0.626423 2.696915 7.314169
v 0.626051 3.041230 6.894655
v 0.890627 2.567923 7.133049
v -0.625099 3.041230 6.894655
v -0.885390 2.588968 7.106885
v -0.830984 2.876463 6.757974
v -0.745463 2.638255 7.231869
v -0.730091 2.282025 7.542162
v -0.907842 2.212298 7.440643
v -0.745463 2.638255 7.231869
v -0.907842 2.212298 7.440643
v -0.889675 2.567923 7.133049
v -0.696460 2.295193 7.561385
v -0.712484 2.654416 7.254496
v -0.625471 2.696915 7.314169
v -0.696460 2.295193 7.561385
v -0.625471 2.696915 7.314169
v -0.625844 2.322924 7.601832
v 0.890627 2.567923 7.133049
v 0.626051 3.041230 6.894655
v 0.831936 2.876463 6.757974
v -0.885390 2.588968 7.106885
v -0.625099 3.041230 6.894655
v -0.625378 2.722048 7.294912
v 1.079837 1.922145 7.119448
v 1.079185 1.913565 6.638233
v 1.057292 1.672663 6.639022
v 1.057292 1.674726 7.247527
v 0.908328 1.313607 7.434512
v 0.908328 1.310860 6.640306
v 0.861654 1.275774 7.454048
v 0.759084 1.189959 6.640700
v 0.814608 1.237691 7.443783
v 0.759084 1.191804 7.201604
v 0.831936 2.876463 6.757974
v 0.867524 2.819544 6.709977
v 1.023941 2.497053 6.880727
v 0.983229 2.497600 7.029029
v 1.039685 2.421683 6.921499
v 0.890627 2.567923 7.133049
v 1.093532 2.073161 7.110106
v 1.039685 2.421683 6.921499
v 1.046858 2.073636 7.242006
v 1.087756 2.009704 7.143798
v 0.908794 2.212298 7.440643
v 0.890627 2.567923 7.133049
v 0.626796 2.322924 7.601832
v 0.626423 2.696915 7.314169
v 0.359518 2.747798 7.382756
v 0.359611 2.383475 7.689235
v 0.033548 2.397839 7.710160
v 0.033362 2.758370 7.398974
v 0.617387 1.078460 7.637612
v 0.195741 0.976568 7.691738
v 0.360170 1.079727 8.009515
v 0.626144 1.197523 7.953015
v 0.853456 1.314603 7.730114
v 0.627914 1.316120 8.013917
v 0.494787 1.197000 8.025314
v 0.898919 1.313874 7.512713
v 0.950157 1.485634 7.536105
v 0.974193 1.485429 7.421705
v 1.057292 1.675001 7.321127
v 0.908794 1.676490 7.738231
v 1.083004 1.957356 7.171509
v 1.008755 2.073970 7.339608
v 0.879634 1.482448 7.762900
v 0.908794 2.074724 7.542509
v 0.908794 2.166841 7.474266
v 0.760761 1.482789 7.914901
v 0.627076 2.075453 7.760311
v 0.626796 2.276870 7.633554
v 0.627541 1.677353 7.994933
v 0.359797 2.075912 7.901712
v 0.359611 2.338220 7.721258
v 0.221453 2.075982 7.919712
v 0.034387 1.677865 8.163734
v 0.359890 1.677736 8.121933
v 0.627728 1.483082 8.036302
v 0.359984 1.483460 8.166603
v 0.033082 1.483789 8.208203
v 0.501215 1.483279 8.096402
v 0.360077 1.317100 8.142719
v 0.031871 1.317229 8.184320
v 0.360170 1.197378 8.097115
v 0.032058 1.198106 8.138917
v 0.032337 1.079856 8.050815
v 0.032616 1.001597 7.850981
v 0.195741 0.976568 7.691738
v 0.032803 0.976568 7.691738
v 0.032616 1.001597 7.850981
v 0.360170 1.079727 8.009515
v 1.057292 1.672540 6.594022
v 1.078905 1.909942 6.593226
v 1.079185 1.912014 6.198530
v 1.057292 1.671073 6.163619
v 0.908328 1.310737 6.595306
v 0.908328 1.309062 6.111102
v 0.788989 1.214036 6.595641
v 0.788989 1.212286 6.097037
v 0.626423 2.696915 7.314169
v 0.359331 3.111005 6.968274
v 0.626051 3.041230 6.894655
v 0.359518 2.747798 7.382756
v 0.033082 3.148428 7.013438
v 0.033362 2.758370 7.398974
v 0.349363 3.135683 6.922616
v 0.127268 3.169419 6.959774
v 0.330452 3.163606 6.850263
v 0.619623 3.053320 6.841775
v 0.587016 3.101822 6.605857
v 0.799516 2.908645 6.709629
v 0.760668 2.951590 6.331001
v 0.760668 2.951590 6.331001
v 0.839389 2.876196 6.679973
v 0.799516 2.908645 6.709629
v 0.839389 2.874919 6.313970
v 0.921743 2.746885 6.334152
v 0.938978 2.712149 6.296193
v 1.046765 2.494997 6.267723
v 0.921743 2.747895 6.621555
v 1.046765 2.496658 6.760326
v 1.112350 2.072859 6.994305
v 1.112350 2.070192 6.211899
v 1.106760 2.009191 6.270895
v 1.106760 2.011470 6.928700
v -1.078885 1.922145 7.119448
v -1.056340 1.672663 6.639022
v -1.078233 1.913565 6.638233
v -1.056340 1.674726 7.247527
v -0.907376 1.313607 7.434512
v -0.907376 1.310860 6.640306
v -0.860702 1.275774 7.454048
v -0.813656 1.237691 7.443783
v -0.758132 1.191804 7.201604
v -0.758132 1.189959 6.640700
v -0.830984 2.876463 6.757974
v -1.022989 2.497053 6.880727
v -0.866572 2.819544 6.709977
v -1.000351 2.497402 6.969328
v -1.033981 2.452512 6.904852
v -0.885390 2.588968 7.106885
v -0.616435 1.078460 7.637612
v -0.359218 1.079727 8.009515
v -0.194789 0.976568 7.691738
v -0.625192 1.197523 7.953015
v -0.852504 1.314603 7.730114
v -0.897967 1.313874 7.512713
v -0.626962 1.316120 8.013917
v -0.493835 1.197000 8.025314
v -0.975011 1.489533 7.419512
v -0.359218 1.197378 8.097115
v -0.951534 1.489642 7.531512
v -1.056340 1.675001 7.321127
v -0.879241 1.486148 7.763007
v -0.907842 1.676490 7.738231
v -1.082052 1.957356 7.171509
v -1.007803 2.073970 7.339608
v -0.031385 1.079856 8.050815
v -0.031664 1.001597 7.850981
v -0.031106 1.198106 8.138917
v -0.359125 1.317100 8.142719
v -0.030919 1.317229 8.184320
v -0.359032 1.484960 8.166505
v -0.032130 1.483889 8.208204
v -0.498680 1.485378 8.097006
v -0.358938 1.677736 8.121933
v -0.033435 1.677865 8.163734
v -0.907842 2.074724 7.542509
v -0.907842 2.166841 7.474266
v -0.626124 2.075453 7.760311
v -0.625844 2.276870 7.633554
v -0.358845 2.075912 7.901712
v -0.220501 2.075982 7.919712
v -0.358659 2.338220 7.721258
v -0.626589 1.677353 7.994933
v -0.626776 1.485682 8.036206
v -0.762325 1.485993 7.912406
v -0.194789 0.976568 7.691738
v -0.031664 1.001597 7.850981
v -0.031851 0.976568 7.691738
v -0.359218 1.079727 8.009515
v -1.056340 1.672540 6.594022
v -1.078233 1.912014 6.198530
v -1.077953 1.909942 6.593226
v -1.056340 1.671073 6.163619
v -0.907376 1.310737 6.595306
v -0.907376 1.309062 6.111102
v -0.788037 1.214036 6.595641
v -0.788037 1.212286 6.097037
v -0.358566 2.747798 7.382756
v -0.625844 2.322924 7.601832
v -0.625471 2.696915 7.314169
v -0.358659 2.383475 7.689235
v -0.032596 2.397839 7.710160
v -0.032410 2.758370 7.398974
v -1.092580 2.073161 7.110106
v -1.038733 2.421683 6.921499
v -0.982277 2.497600 7.029029
v -1.045906 2.073636 7.242006
v -1.086804 2.009704 7.143798
v -0.907842 2.212298 7.440643
v -0.889675 2.567923 7.133049
v -0.625378 2.722048 7.294912
v -0.625099 3.041230 6.894655
v -0.358379 3.111005 6.968274
v -0.358566 2.771133 7.362095
v -0.032130 3.148428 7.013438
v -0.032410 2.781406 7.377913
v -0.348411 3.135683 6.922616
v -0.329500 3.163606 6.850263
v -0.126316 3.169419 6.959774
v -0.618671 3.053320 6.841775
v -0.586064 3.101822 6.605857
v -0.798564 2.908645 6.709629
v -0.759716 2.951590 6.331001
v -0.759716 2.951590 6.331001
v -0.798564 2.908645 6.709629
v -0.838437 2.876196 6.679973
v -0.838437 2.874919 6.313970
v -1.045813 2.494997 6.267723
v -0.938026 2.712149 6.296193
v -0.920791 2.746885 6.334152
v -0.920791 2.747895 6.621555
v -1.045813 2.496658 6.760326
v -1.111398 2.072859 6.994305
v -1.111398 2.070192 6.211899
v -1.105808 2.009191 6.270895
v -1.105808 2.011470 6.928700
v 1.060832 2.280305 5.617256
v 1.012482 2.492807 5.616418
v 1.012482 2.476646 0.898981
v 1.060832 2.264244 0.899519
v 1.077974 2.052043 0.900158
v 1.077974 2.068103 5.618194
v -1.053359 2.260649 -0.159489
v -1.004915 2.473050 -0.160027
v -1.004915 2.485579 3.520102
v -1.053359 2.273178 3.520940
v -1.070407 2.060976 3.521778
v -1.070407 2.048447 -0.158850
v -0.989916 2.485651 3.536702
v -0.989916 2.473060 -0.165727
v -1.038360 2.260658 -0.164889
v -1.038360 2.273249 3.537540
v -1.055408 2.048356 -0.163951
v -1.055408 2.061047 3.538478
v 1.048908 2.280305 5.617256
v 1.000464 2.476654 0.894381
v 1.000464 2.492807 5.616418
v 1.048908 2.264252 0.895219
v 1.065956 2.068103 5.618194
v 1.065956 2.052050 0.896058
v 1.127629 2.054262 1.417063
v 1.062230 2.492166 1.415509
v 1.062230 2.490446 0.899105
v 1.127629 2.052542 0.900459
v 1.093159 1.638640 0.901653
v 1.093159 1.640359 1.418657
v -1.117174 2.056597 3.744271
v -1.045906 2.494400 3.742917
v -1.045906 2.496220 4.259321
v -1.117174 2.058316 4.260875
v -1.078699 1.644413 4.262470
v -1.078699 1.642594 3.745565
vt 0.17860 -0.11700
vt 0.15340 -0.14700
vt 0.28520 -0.05540
vt 0.15340 -0.14700
vt 0.28520 -0.05540
vt 0.17860 -0.11700
vt 0.27820 -0.05950
vt 0.36730 -0.02340
vt 0.43260 -0.01190
vt 0.27820 -0.05950
vt 0.43260 -0.01190
vt 0.32900 -0.03020
vt 0.35500 -0.02560
vt 0.26660 -0.06620
vt 0.23590 -0.08390
vt 0.35500 -0.02560
vt 0.23590 -0.08390
vt 0.32900 -0.03020
vt 0.28520 -0.05540
vt 0.15340 -0.14700
vt 0.17860 -0.11700
vt 0.28520 -0.05540
vt 0.15340 -0.14700
vt 0.17860 -0.11700
vt 0.56480 -0.01140
vt 0.56780 -0.01190
vt 0.67100 -0.03020
vt 0.67100 -0.03020
vt 0.82140 -0.11700
vt 0.82140 -0.11700
vt 0.83930 -0.13830
vt 0.87860 -0.18520
vt 0.85730 -0.15980
vt 0.87860 -0.18520
vt 0.17860 -0.11700
vt 0.20110 -0.10400
vt 0.32900 -0.03020
vt 0.32900 -0.03020
vt 0.34700 -0.02700
vt 0.28520 -0.05540
vt 0.50000 0.00000
vt 0.35940 -0.02480
vt 0.50000 0.00000
vt 0.52730 -0.00480
vt 0.43260 -0.01190
vt 0.32900 -0.03020
vt 0.32900 -0.03020
vt 0.23590 -0.08390
vt 0.21590 -0.09550
vt 0.32900 -0.03020
vt 0.33310 -0.02940
vt 0.21120 -0.09820
vt 0.93300 -0.25000
vt 0.99240 -0.41320
vt 0.93300 -0.25000
vt 0.87710 -0.18340
vt 0.82140 -0.11700
vt 0.82140 -0.11700
vt 0.87690 -0.18310
vt 0.82140 -0.11700
vt 0.75010 -0.07580
vt 0.75000 -0.07570
vt 0.67100 -0.03020
vt 0.67100 -0.03020
vt 0.53360 -0.00590
vt 0.50000 0.00000
vt 0.75020 -0.07590
vt 0.50000 0.00000
vt 0.45090 -0.00870
vt 0.75030 -0.07590
vt 0.50000 0.00000
vt 0.40250 -0.01720
vt 0.67100 -0.03020
vt 0.50000 0.00000
vt 0.37330 -0.02230
vt 0.50000 0.00000
vt 0.67100 -0.03020
vt 0.67100 -0.03020
vt 0.75030 -0.07590
vt 0.75030 -0.07590
vt 0.75020 -0.07590
vt 0.75030 -0.07590
vt 0.82140 -0.11700
vt 0.82140 -0.11700
vt 0.87660 -0.18270
vt 0.87630 -0.18240
vt 0.93300 -0.25000
vt 0.98980 -0.44510
vt 0.99240 -0.41320
vt 0.99240 -0.48810
vt 0.98980 -0.44510
vt 0.93300 -0.25000
vt 0.67100 -0.03020
vt 0.56920 -0.01220
vt 0.56780 -0.01190
vt 0.67100 -0.03020
vt 0.82140 -0.11700
vt 0.82140 -0.11700
vt 0.86720 -0.17150
vt 0.86720 -0.17150
vt 0.17860 -0.11700
vt 0.13100 -0.17370
vt 0.15340 -0.14700
vt 0.17860 -0.11700
vt 0.11090 -0.19770
vt 0.17860 -0.11700
vt 0.12170 -0.18480
vt 0.10410 -0.20580
vt 0.10410 -0.20580
vt 0.14920 -0.15200
vt 0.11630 -0.19120
vt 0.17000 -0.12720
vt 0.13630 -0.16750
vt 0.13630 -0.16750
vt 0.17860 -0.11700
vt 0.17000 -0.12720
vt 0.17860 -0.11700
vt 0.22930 -0.08770
vt 0.24300 -0.07980
vt 0.32900 -0.03020
vt 0.22930 -0.08770
vt 0.32900 -0.03020
vt 0.50000 0.00000
vt 0.50000 0.00000
vt 0.52620 -0.00460
vt 0.52620 -0.00460
vt 0.56480 -0.01140
vt 0.67100 -0.03020
vt 0.56780 -0.01190
vt 0.67100 -0.03020
vt 0.82140 -0.11700
vt 0.82140 -0.11700
vt 0.83930 -0.13830
vt 0.85730 -0.15980
vt 0.87860 -0.18520
vt 0.87860 -0.18520
vt 0.17860 -0.11700
vt 0.32900 -0.03020
vt 0.20110 -0.10400
vt 0.32900 -0.03020
vt 0.34700 -0.02700
vt 0.28520 -0.05540
vt 0.93300 -0.25000
vt 0.93300 -0.25000
vt 0.99240 -0.41320
vt 0.87710 -0.18340
vt 0.82140 -0.11700
vt 0.82140 -0.11700
vt 0.82140 -0.11700
vt 0.87690 -0.18310
vt 0.74830 -0.07480
vt 0.87660 -0.18270
vt 0.74840 -0.07480
vt 0.67100 -0.03020
vt 0.74860 -0.07500
vt 0.67100 -0.03020
vt 0.53360 -0.00590
vt 0.50000 0.00000
vt 0.93300 -0.25000
vt 0.98980 -0.44510
vt 0.87630 -0.18240
vt 0.82140 -0.11700
vt 0.82140 -0.11700
vt 0.74970 -0.07560
vt 0.75020 -0.07590
vt 0.74940 -0.07540
vt 0.67100 -0.03020
vt 0.67100 -0.03020
vt 0.50000 0.00000
vt 0.45090 -0.00870
vt 0.50000 0.00000
vt 0.40250 -0.01720
vt 0.50000 0.00000
vt 0.50000 0.00000
vt 0.37330 -0.02230
vt 0.67100 -0.03020
vt 0.74920 -0.07530
vt 0.74890 -0.07510
vt 0.99240 -0.41320
vt 0.98980 -0.44510
vt 0.99240 -0.48810
vt 0.93300 -0.25000
vt 0.67100 -0.03020
vt 0.56780 -0.01190
vt 0.56920 -0.01220
vt 0.67100 -0.03020
vt 0.82140 -0.11700
vt 0.82140 -0.11700
vt 0.86720 -0.17150
vt 0.86720 -0.17150
vt 0.21590 -0.09550
vt 0.32900 -0.03020
vt 0.23590 -0.08390
vt 0.32900 -0.03020
vt 0.32900 -0.03020
vt 0.21120 -0.09820
vt 0.50000 0.00000
vt 0.35940 -0.02480
vt 0.32900 -0.03020
vt 0.50000 0.00000
vt 0.52730 -0.00480
vt 0.43260 -0.01190
vt 0.32900 -0.03020
vt 0.17860 -0.11700
vt 0.15340 -0.14700
vt 0.13100 -0.17370
vt 0.17860 -0.11700
vt 0.11090 -0.19770
vt 0.17860 -0.11700
vt 0.12170 -0.18480
vt 0.10410 -0.20580
vt 0.10410 -0.20580
vt 0.14920 -0.15200
vt 0.11630 -0.19120
vt 0.17000 -0.12720
vt 0.13630 -0.16750
vt 0.13630 -0.16750
vt 0.17000 -0.12720
vt 0.17860 -0.11700
vt 0.17860 -0.11700
vt 0.32900 -0.03020
vt 0.24300 -0.07980
vt 0.22930 -0.08770
vt 0.22930 -0.08770
vt 0.32900 -0.03020
vt 0.50000 0.00000
vt 0.50000 0.00000
vt 0.52620 -0.00460
vt 0.52620 -0.00460
vt 0.41450 -0.01510
vt 0.32900 -0.03020
vt 0.32900 -0.03020
vt 0.41450 -0.01510
vt 0.50000 0.00000
vt 0.50000 0.00000
vt 0.41450 -0.01510
vt 0.32900 -0.03020
vt 0.32900 -0.03020
vt 0.41450 -0.01510
vt 0.50000 0.00000
vt 0.50000 0.00000
vt 0.32900 -0.03020
vt 0.32900 -0.03020
vt 0.41450 -0.01510
vt 0.41450 -0.01510
vt 0.50000 0.00000
vt 0.50000 0.00000
vt 0.41450 -0.01510
vt 0.32900 -0.03020
vt 0.32900 -0.03020
vt 0.41450 -0.01510
vt 0.50000 0.00000
vt 0.50000 0.00000
vt 0.41450 -0.01510
vt 0.32900 -0.03020
vt 0.32900 -0.03020
vt 0.41450 -0.01510
vt 0.50000 0.00000
vt 0.50000 0.00000
vt 0.41450 -0.01510
vt 0.32900 -0.03020
vt 0.32900 -0.03020
vt 0.41450 -0.01510
vt 0.50000 0.00000
vt 0.50000 0.00000
g vehicle#glass_2_0
usemtl 26c1b649-6a01-4c8d-9340-32aeda2d05ce
f 663/663 664/664 665/665
f 666/666 667/667 668/668
f 669/669 670/670 671/671
f 672/672 673/673 674/674
f 675/675 676/676 677/677
f 678/678 679/679 680/680
f 681/681 682/682 683/683
f 684/684 685/685 686/686
f 687/687 688/688 689/689
f 687/687 689/689 690/690
f 691/691 690/690 689/689
f 691/691 689/689 692/692
f 693/693 691/691 692/692
f 692/692 694/694 693/693
f 694/694 695/695 693/693
f 694/694 696/696 695/695
f 697/697 698/698 699/699
f 700/700 697/697 699/699
f 701/701 700/700 699/699
f 700/700 702/702 697/697
f 703/703 700/700 704/704
f 700/700 703/703 705/705
f 706/706 705/705 703/703
f 700/700 705/705 707/707
f 700/700 707/707 708/708
f 707/707 709/709 708/708
f 710/710 708/708 709/709
f 711/711 710/710 709/709
f 711/711 709/709 712/712
f 713/713 711/711 712/712
f 713/713 714/714 711/711
f 715/715 716/716 717/717
f 717/717 718/718 715/715
f 718/718 719/719 715/715
f 719/719 718/718 720/720
f 718/718 721/721 720/720
f 717/717 721/721 718/718
f 722/722 715/715 719/719
f 723/723 722/722 719/719
f 723/723 724/724 722/722
f 724/724 723/723 725/725
f 723/723 726/726 725/725
f 727/727 725/725 726/726
f 726/726 728/728 727/727
f 719/719 729/729 723/723
f 720/720 729/729 719/719
f 723/723 729/729 726/726
f 728/728 726/726 730/730
f 731/731 728/728 730/730
f 729/729 732/732 726/726
f 720/720 732/732 729/729
f 733/733 731/731 730/730
f 733/733 734/734 731/731
f 730/730 726/726 735/735
f 732/732 735/735 726/726
f 730/730 735/735 733/733
f 736/736 734/734 733/733
f 736/736 737/737 734/734
f 738/738 737/737 736/736
f 736/736 739/739 738/738
f 733/733 740/740 736/736
f 733/733 735/735 740/740
f 736/736 740/740 739/739
f 732/732 741/741 735/735
f 741/741 732/732 720/720
f 741/741 740/740 735/735
f 742/742 739/739 740/740
f 742/742 743/743 739/739
f 741/741 744/744 740/740
f 744/744 741/741 720/720
f 744/744 742/742 740/740
f 742/742 744/744 720/720
f 743/743 742/742 745/745
f 742/742 720/720 745/745
f 743/743 745/745 746/746
f 721/721 745/745 720/720
f 747/747 746/746 745/745
f 721/721 747/747 745/745
f 747/747 748/748 746/746
f 747/747 721/721 717/717
f 748/748 747/747 717/717
f 748/748 717/717 749/749
f 717/717 750/750 749/749
f 751/751 752/752 753/753
f 754/754 751/751 753/753
f 755/755 756/756 757/757
f 755/755 757/757 758/758
f 759/759 755/755 758/758
f 759/759 758/758 760/760
f 761/761 759/759 760/760
f 761/761 760/760 762/762
f 763/763 764/764 765/765
f 764/764 763/763 766/766
f 767/767 764/764 766/766
f 768/768 767/767 766/766
f 769/769 770/770 771/771
f 771/771 772/772 769/769
f 771/771 773/773 772/772
f 773/773 774/774 772/772
f 773/773 775/775 774/774
f 776/776 777/777 778/778
f 776/776 779/779 777/777
f 780/780 781/781 782/782
f 783/783 780/780 782/782
f 782/782 784/784 783/783
f 785/785 784/784 782/782
f 785/785 782/782 786/786
f 787/787 785/785 786/786
f 787/787 788/788 785/785
f 789/789 790/790 791/791
f 789/789 792/792 790/790
f 793/793 790/790 792/792
f 793/793 794/794 790/790
f 794/794 793/793 795/795
f 794/794 795/795 796/796
f 794/794 796/796 797/797
f 797/797 798/798 794/794
f 799/799 800/800 801/801
f 802/802 800/800 799/799
f 803/803 800/800 802/802
f 802/802 799/799 804/804
f 805/805 806/806 807/807
f 806/806 805/805 808/808
f 808/808 805/805 809/809
f 810/810 809/809 805/805
f 809/809 811/811 808/808
f 812/812 808/808 811/811
f 808/808 812/812 806/806
f 813/813 809/809 810/810
f 812/812 814/814 806/806
f 811/811 814/814 812/812
f 813/813 815/815 809/809
f 815/815 813/813 816/816
f 809/809 815/815 817/817
f 817/817 815/815 816/816
f 811/811 809/809 817/817
f 817/817 816/816 818/818
f 819/819 818/818 816/816
f 818/818 819/819 820/820
f 814/814 821/821 806/806
f 806/806 821/821 822/822
f 814/814 823/823 821/821
f 824/824 823/823 814/814
f 811/811 824/824 814/814
f 824/824 825/825 823/823
f 826/826 825/825 824/824
f 826/826 827/827 825/825
f 828/828 826/826 824/824
f 828/828 824/824 811/811
f 827/827 826/826 829/829
f 826/826 828/828 829/829
f 827/827 829/829 830/830
f 820/820 831/831 818/818
f 832/832 831/831 820/820
f 833/833 831/831 832/832
f 833/833 832/832 834/834
f 835/835 830/830 829/829
f 835/835 833/833 834/834
f 833/833 835/835 829/829
f 835/835 836/836 830/830
f 835/835 834/834 837/837
f 836/836 835/835 837/837
f 831/831 833/833 838/838
f 833/833 829/829 838/838
f 828/828 838/838 829/829
f 831/831 838/838 818/818
f 828/828 839/839 838/838
f 839/839 818/818 838/838
f 839/839 828/828 811/811
f 839/839 840/840 818/818
f 840/840 839/839 811/811
f 840/840 817/817 818/818
f 811/811 817/817 840/840
f 841/841 842/842 843/843
f 844/844 842/842 841/841
f 845/845 846/846 847/847
f 845/845 848/848 846/846
f 849/849 848/848 845/845
f 849/849 850/850 848/848
f 851/851 850/850 849/849
f 851/851 852/852 850/850
f 853/853 854/854 855/855
f 853/853 856/856 854/854
f 857/857 856/856 853/853
f 857/857 853/853 858/858
f 859/859 860/860 861/861
f 861/861 862/862 859/859
f 863/863 859/859 862/862
f 861/861 864/864 862/862
f 864/864 861/861 865/865
f 866/866 867/867 868/868
f 868/868 869/869 866/866
f 870/870 869/869 868/868
f 871/871 869/869 870/870
f 872/872 873/873 874/874
f 873/873 872/872 875/875
f 873/873 875/875 876/876
f 876/876 875/875 877/877
f 876/876 877/877 878/878
f 879/879 880/880 881/881
f 879/879 881/881 882/882
f 883/883 884/884 885/885
f 883/883 885/885 886/886
f 886/886 887/887 883/883
f 888/888 883/883 887/887
f 888/888 889/889 883/883
f 890/890 889/889 888/888
f 890/890 888/888 891/891
f 892/892 893/893 894/894
f 892/892 894/894 895/895
f 892/892 895/895 896/896
f 892/892 896/896 897/897
f 898/898 899/899 900/900
f 898/898 900/900 901/901
f 898/898 901/901 902/902
f 898/898 902/902 903/903
f 904/904 905/905 906/906
f 904/904 906/906 907/907
f 907/907 906/906 908/908
f 907/907 908/908 909/909
f 910/910 911/911 912/912
f 910/910 913/913 911/911
f 914/914 913/913 910/910
f 914/914 915/915 913/913
f 916/916 917/917 918/918
f 916/916 918/918 919/919
f 916/916 919/919 920/920
f 916/916 920/920 921/921
f 922/922 923/923 924/924
f 922/922 924/924 925/925
f 922/922 925/925 926/926
f 922/922 926/926 927/927
o vehicle#piasecki_h_21_2
v -0.549359 3.150593 4.510637
v -0.551036 3.158403 2.626546
v -0.553738 3.171212 -0.488838
v 0.000662 5.552938 -5.841789
v 0.000290 5.552938 -5.841789
v 0.000476 5.680552 -6.025972
v 0.000476 3.772089 -8.220928
v 0.000476 3.772089 -8.220928
v 0.000476 4.011661 -8.145820
v 0.000476 4.011661 -8.145820
v 0.000476 4.011661 -8.145820
v 0.000476 4.285509 -8.056254
v 0.000476 4.285509 -8.056254
v 0.000476 4.285509 -8.056254
v 0.000476 4.285509 -8.056254
v 0.000476 4.606510 -7.939406
v 0.000476 4.606510 -7.939406
v 0.000476 4.606510 -7.939406
v 0.000476 3.629768 -8.150171
v 0.000476 3.629768 -8.150171
v 0.000476 3.772089 -8.220928
v 0.000476 3.772089 -8.220928
v 0.000476 3.772089 -8.220928
v 0.000476 4.924658 -7.849464
v 0.000476 4.924658 -7.849464
v 0.000476 5.147109 -7.879285
v 0.000476 5.147109 -7.879285
v 0.000476 5.147109 -7.879285
v 0.000476 4.606510 -7.939406
v 0.000476 4.606510 -7.939406
v 0.000476 4.924658 -7.849464
v 0.000476 4.924658 -7.849464
v 0.000476 4.924658 -7.849464
v 0.000476 3.534063 -8.030034
v 0.000476 3.629768 -8.150171
v 0.000476 3.629768 -8.150171
v 0.000476 5.147109 -7.879285
v 0.000476 5.390322 -8.121471
v 0.000476 5.147109 -7.879285
v 0.293560 5.710416 -6.181022
v 0.000476 3.530640 -6.725437
v 0.345916 5.743323 -6.360966
v 0.345916 5.743323 -6.360966
v 0.000476 3.530640 -6.725437
v 0.293933 5.775731 -6.541811
v 0.293933 5.775731 -6.541811
v 0.000476 3.530640 -6.725437
v 0.171612 5.796325 -6.655777
v 0.000476 5.680552 -6.025972
v 0.000476 3.530640 -6.725437
v 0.163973 5.687617 -6.064261
v 0.171612 5.796325 -6.655777
v 0.000476 5.802702 -6.700966
v 0.163973 5.687617 -6.064261
v 0.000476 3.530640 -6.725437
v 0.293560 5.710416 -6.181022
v -0.344964 5.743323 -6.360966
v 0.000476 3.530640 -6.725437
v -0.292608 5.710416 -6.181022
v -0.292981 5.775731 -6.541811
v 0.000476 3.530640 -6.725437
v -0.344964 5.743323 -6.360966
v -0.170660 5.796325 -6.655777
v 0.000476 3.530640 -6.725437
v -0.292981 5.775731 -6.541811
v -0.163021 5.687617 -6.064261
v 0.000476 3.530640 -6.725437
v 0.000476 5.680552 -6.025972
v 0.000476 5.802702 -6.700966
v -0.170660 5.796325 -6.655777
v -0.292608 5.710416 -6.181022
v 0.000476 3.530640 -6.725437
v -0.163021 5.687617 -6.064261
v 0.397341 3.884127 6.721691
v 0.000476 3.072466 6.345307
v 0.466280 3.924843 6.477460
v 0.466280 3.924843 6.477460
v 0.000476 3.072466 6.345307
v 0.397807 3.964961 6.232228
v 0.397807 3.964961 6.232228
v 0.000476 3.072466 6.345307
v 0.232167 3.990524 6.077571
v 0.000476 3.847568 6.932029
v 0.000476 3.072466 6.345307
v 0.221919 3.856256 6.880144
v 0.232167 3.990524 6.077571
v 0.000476 3.998829 6.016385
v 0.221919 3.856256 6.880144
v 0.000476 3.072466 6.345307
v 0.397341 3.884127 6.721691
v -0.396389 3.884127 6.721691
v -0.465328 3.924843 6.477460
v 0.000476 3.072466 6.345307
v -0.465328 3.924843 6.477460
v -0.396855 3.964961 6.232228
v 0.000476 3.072466 6.345307
v -0.396855 3.964961 6.232228
v -0.231215 3.990524 6.077571
v 0.000476 3.072466 6.345307
v 0.000476 3.847568 6.932029
v -0.220967 3.856256 6.880144
v 0.000476 3.072466 6.345307
v -0.231215 3.990524 6.077571
v 0.000476 3.998829 6.016385
v -0.220967 3.856256 6.880144
v -0.396389 3.884127 6.721691
v 0.000476 3.072466 6.345307
v -0.586064 3.101822 6.605857
v -0.478184 3.160913 6.669958
v -0.329500 3.163606 6.850263
v 0.033082 3.148428 7.013438
v -0.032130 3.148428 7.013438
v 0.000476 3.176491 6.976685
v -0.616435 1.078460 7.637612
v -0.813656 1.237691 7.443783
v -0.734563 1.196059 7.521412
v 0.861654 1.275774 7.454048
v 0.829700 1.275873 7.454147
v 0.814608 1.237691 7.443783
v 0.867524 2.819544 6.709977
v 0.850941 2.814448 6.649268
v 0.831936 2.876463 6.757974
v 0.938978 2.712149 6.296193
v 0.855226 2.810838 6.302861
v 0.921743 2.746885 6.334152
v 0.839389 2.876196 6.679973
v 0.839389 2.874919 6.313970
v 0.850941 2.814448 6.649268
v 0.799516 2.908645 6.709629
v 0.789921 2.884020 6.724387
v 1.023941 2.497053 6.880727
v 0.867524 2.819544 6.709977
v 1.010060 2.497962 6.816929
v 1.039685 2.421683 6.921499
v 0.921743 2.747895 6.621555
v 1.093532 2.073161 7.110106
v 1.046765 2.496658 6.760326
v 1.077694 2.073563 7.050506
v 1.087756 2.009704 7.143798
v 1.112350 2.072859 6.994305
v 1.068006 1.981425 7.131349
v 1.106760 2.011470 6.928700
v 1.079185 1.913565 6.638233
v 1.065863 1.971010 6.611930
v 1.079837 1.922145 7.119448
v 1.034747 1.674861 7.285827
v 1.057292 1.675001 7.321127
v 1.057292 1.674726 7.247527
v 0.898919 1.313874 7.512713
v 0.875163 1.313735 7.476812
v 0.908328 1.313607 7.434512
v 0.829700 1.275873 7.454147
v 1.106760 2.009191 6.270895
v 1.070428 1.969739 6.184028
v 1.112350 2.070092 6.211899
v 1.079185 1.912014 6.198530
v 1.065863 1.971010 6.611930
v 1.078905 1.909942 6.593226
v 0.908794 2.212298 7.440643
v 1.004097 2.079170 7.281116
v 1.046858 2.073636 7.242006
v 0.799516 2.908645 6.709629
v 0.850941 2.814448 6.649268
v 0.839389 2.876196 6.679973
v 0.619623 3.053320 6.841775
v 0.789921 2.884020 6.724387
v 0.597544 3.043694 6.857059
v -0.830984 2.876463 6.757974
v -0.843281 2.814450 6.647868
v -0.866572 2.819544 6.709977
v -0.800427 2.882514 6.728084
v -0.843281 2.814450 6.647868
v -0.625099 3.041230 6.894655
v -0.593145 3.041175 6.868155
v -0.358379 3.111005 6.968274
v -0.344964 3.107062 6.934667
v -0.032130 3.148428 7.013438
v -0.000176 3.148366 6.990838
v -0.920791 2.747895 6.621555
v -0.856231 2.810673 6.282361
v -0.920791 2.746885 6.334152
v -0.838437 2.876196 6.679973
v -0.843281 2.814450 6.647868
v -0.800427 2.882514 6.728084
v -0.838437 2.876196 6.679973
v -0.798564 2.908645 6.709629
v -0.920791 2.746885 6.334152
v -0.856231 2.810673 6.282361
v -0.938026 2.712149 6.296193
v -0.838437 2.874919 6.313970
v -0.843281 2.814450 6.647868
v -0.838437 2.876196 6.679973
v -1.111398 2.070092 6.211899
v -1.064259 1.968541 6.182626
v -1.105808 2.009191 6.270895
v -1.077953 1.909942 6.593226
v -1.078233 1.912014 6.198530
v -1.059414 1.966605 6.614723
v -1.078885 1.922145 7.119448
v -1.078233 1.913565 6.638233
v -1.056433 1.975324 7.132039
v -1.056340 1.674726 7.247527
v -1.024386 1.674940 7.298427
v -0.907376 1.313607 7.434512
v -0.866013 1.313732 7.478812
v -1.105808 2.011470 6.928700
v -1.070035 2.073052 7.056905
v -1.092580 2.073161 7.110106
v -1.038733 2.421683 6.921499
v -1.111398 2.072859 6.994305
v -1.020753 2.406769 6.871274
v -1.045813 2.496658 6.760326
v -1.002400 2.496852 6.822627
v -0.843281 2.814450 6.647868
v -0.920791 2.747895 6.621555
v -0.866572 2.819544 6.709977
v -1.022989 2.497053 6.880727
v -1.033981 2.452512 6.904852
v -1.092580 2.073161 7.110106
v -1.056433 1.975324 7.132039
v -1.086804 2.009704 7.143798
v -1.056433 1.975324 7.132039
v -1.021405 2.065083 7.273592
v -1.086804 2.009704 7.143798
v -1.045906 2.073636 7.242006
v -1.007803 2.073970 7.339608
v -1.056433 1.975324 7.132039
v -1.082052 1.957356 7.171509
v 0.722752 1.951227 6.425796
v 0.739707 1.735717 6.607730
v 0.593351 1.727216 6.431915
v -0.288416 1.951227 6.425796
v -0.271460 1.735717 6.607730
v -0.417816 1.727216 6.431915
v 0.503079 1.918447 7.000942
v 0.503079 2.090921 7.016136
v 0.527859 2.093366 6.990040
v 0.527859 2.093366 6.990040
v 0.524971 1.907590 6.975923
v 0.503079 1.835681 7.157201
v 0.482676 1.823412 7.138580
v 0.481093 1.907490 6.975823
v 0.503079 2.090921 7.016136
v 0.503079 1.730565 7.225022
v 0.522642 1.722199 7.205208
v 0.483328 1.722099 7.205108
v 0.523388 1.823412 7.138680
v 0.502985 1.811144 7.119959
v 0.502985 1.896532 6.950804
v 0.502985 2.095811 6.963744
v 0.478205 2.093366 6.989840
v 0.502985 1.713832 7.185393
v 0.527859 2.093366 6.990040
v 0.502985 2.095811 6.963744
v 0.502985 2.095811 6.963744
v 0.478205 2.093366 6.989840
v 0.478205 2.093366 6.989840
v 0.503079 2.090921 7.016136
v 0.502985 1.583142 7.179571
v 0.502985 1.713832 7.185393
v 0.503079 1.576768 7.222960
v 0.503079 1.730565 7.225022
v 0.503079 1.460685 7.154162
v 0.483794 1.466219 7.134172
v 0.503265 1.383653 7.231431
v 0.412713 1.383319 7.134230
v 0.503079 1.460685 7.154162
v 0.483794 1.466219 7.134172
v 0.522176 1.579905 7.201365
v 0.503079 1.576768 7.222960
v 0.503079 1.730565 7.225022
v 0.503079 1.576768 7.222960
v 0.502985 1.583142 7.179571
v 0.522176 1.466219 7.134271
v 0.483794 1.579905 7.201165
v 0.502985 1.713832 7.185393
v 0.502985 1.583142 7.179571
v 0.502985 1.471653 7.114280
v 0.522176 1.466219 7.134271
v 0.522176 1.466219 7.134271
v 0.503079 1.460685 7.154162
v 0.522176 1.466219 7.134271
v 0.503265 1.383653 7.231431
v 0.522176 1.466219 7.134271
v 0.593351 1.383418 7.134730
v 0.502985 1.471653 7.114280
v 0.502799 1.382984 7.037529
v 0.522176 1.466219 7.134271
v -0.505760 1.918447 7.000942
v -0.505760 2.090921 7.016136
v -0.480979 2.093366 6.990040
v -0.480979 2.093366 6.990040
v -0.483867 1.907590 6.975923
v -0.505760 1.835681 7.157201
v -0.526255 1.823412 7.138580
v -0.527746 1.907490 6.975823
v -0.505760 2.090921 7.016136
v -0.505760 1.730565 7.225022
v -0.486196 1.722199 7.205208
v -0.525510 1.722099 7.205108
v -0.485451 1.823412 7.138680
v -0.505946 1.811144 7.119959
v -0.505946 1.896532 6.950804
v -0.505946 2.095811 6.963744
v -0.530727 2.093366 6.989840
v -0.505853 1.713832 7.185393
v -0.480979 2.093366 6.990040
v -0.505946 2.095811 6.963744
v -0.505946 2.095811 6.963744
v -0.530727 2.093366 6.989840
v -0.530727 2.093366 6.989840
v -0.505760 2.090921 7.016136
v -0.505853 1.583142 7.179571
v -0.505853 1.713832 7.185393
v -0.505760 1.576768 7.222960
v -0.505760 1.730565 7.225022
v -0.505760 1.460685 7.154162
v -0.525044 1.466219 7.134172
v -0.505573 1.383653 7.231431
v -0.596126 1.383319 7.134230
v -0.505760 1.460685 7.154162
v -0.525044 1.466219 7.134172
v -0.486662 1.579905 7.201365
v -0.505760 1.576768 7.222960
v -0.505760 1.730565 7.225022
v -0.505760 1.576768 7.222960
v -0.505853 1.583142 7.179571
v -0.486662 1.466219 7.134271
v -0.525044 1.579905 7.201165
v -0.505853 1.713832 7.185393
v -0.505853 1.583142 7.179571
v -0.505853 1.471653 7.114280
v -0.486662 1.466219 7.134271
v -0.486662 1.466219 7.134271
v -0.505760 1.460685 7.154162
v -0.486662 1.466219 7.134271
v -0.505573 1.383653 7.231431
v -0.486662 1.466219 7.134271
v -0.415580 1.383418 7.134730
v -0.505853 1.471653 7.114280
v -0.506039 1.382984 7.037529
v -0.486662 1.466219 7.134271
v 0.574999 1.384326 7.247232
v 0.669743 1.384326 7.247232
v 0.669743 1.400533 7.243460
v 0.574999 1.384326 7.247232
v 0.669743 1.400533 7.243460
v 0.574999 1.400533 7.243460
v 0.669743 1.386156 7.640836
v 0.574999 1.386156 7.640836
v 0.574999 1.402362 7.636963
v 0.669743 1.386156 7.640836
v 0.574999 1.402362 7.636963
v 0.669743 1.402362 7.636963
v 0.336973 1.384326 7.247232
v 0.431717 1.384326 7.247232
v 0.431717 1.400533 7.243460
v 0.336973 1.384326 7.247232
v 0.431717 1.400533 7.243460
v 0.336973 1.400533 7.243460
v 0.431717 1.386156 7.640836
v 0.336973 1.386156 7.640836
v 0.336973 1.402362 7.636963
v 0.431717 1.386156 7.640836
v 0.336973 1.402362 7.636963
v 0.431717 1.402362 7.636963
v -0.431324 1.384326 7.247232
v -0.336580 1.384326 7.247232
v -0.336580 1.400533 7.243460
v -0.431324 1.384326 7.247232
v -0.336580 1.400533 7.243460
v -0.431324 1.400533 7.243460
v -0.336580 1.386156 7.640836
v -0.431324 1.386156 7.640836
v -0.431324 1.402362 7.636963
v -0.336580 1.386156 7.640836
v -0.431324 1.402362 7.636963
v -0.336580 1.402362 7.636963
v -0.669350 1.384326 7.247232
v -0.574606 1.384326 7.247232
v -0.574606 1.400533 7.243460
v -0.669350 1.384326 7.247232
v -0.574606 1.400533 7.243460
v -0.669350 1.400533 7.243460
v -0.574606 1.386156 7.640836
v -0.669350 1.386156 7.640836
v -0.669350 1.402362 7.636963
v -0.574606 1.386156 7.640836
v -0.669350 1.402362 7.636963
v -0.574606 1.402362 7.636963
v -0.160040 1.270395 7.793839
v -0.183703 1.270395 7.793839
v -0.183703 1.286500 7.790966
v -0.160040 1.270395 7.793839
v -0.183703 1.286500 7.790966
v -0.160040 1.286500 7.790966
v 0.191921 1.270395 7.793839
v 0.168259 1.270395 7.793839
v 0.168259 1.286500 7.790966
v 0.191921 1.270395 7.793839
v 0.168259 1.286500 7.790966
v 0.191921 1.286500 7.790966
v 0.159874 1.688833 7.595651
v 0.196952 1.688833 7.595651
v 0.178320 1.772427 7.540694
v 0.178413 1.709591 7.620187
v 0.159874 1.688833 7.595651
v 0.178320 1.772427 7.540694
v 0.196952 1.688833 7.595651
v 0.178413 1.709591 7.620187
v 0.178320 1.772427 7.540694
v 0.198070 1.301179 7.744591
v 0.159967 1.301179 7.744591
v 0.179065 1.258222 7.777818
v 0.159967 1.301179 7.744591
v 0.178972 1.313227 7.774712
v 0.179065 1.258222 7.777818
v 0.178972 1.313227 7.774712
v 0.198070 1.301179 7.744591
v 0.179065 1.258222 7.777818
v -0.191622 1.688833 7.595651
v -0.154544 1.688833 7.595651
v -0.173083 1.772427 7.540694
v -0.173083 1.709591 7.620187
v -0.191622 1.688833 7.595651
v -0.173083 1.772427 7.540694
v -0.154544 1.688833 7.595651
v -0.173083 1.709591 7.620187
v -0.173083 1.772427 7.540694
v -0.153426 1.301179 7.744591
v -0.191528 1.301179 7.744591
v -0.172430 1.268027 7.775135
v -0.191528 1.301179 7.744591
v -0.172430 1.313227 7.774712
v -0.172430 1.268027 7.775135
v -0.172430 1.313227 7.774712
v -0.153426 1.301179 7.744591
v -0.172430 1.268027 7.775135
v -0.020485 3.149753 6.939940
v 0.021810 3.149753 6.939940
v 0.021810 3.145231 7.011432
v -0.020485 3.149753 6.939940
v 0.021810 3.145231 7.011432
v -0.020485 3.145231 7.011432
v 0.021810 2.784593 7.326918
v -0.020485 2.784593 7.326918
v -0.020485 2.803356 7.348950
v 0.021810 2.784593 7.326918
v -0.020485 2.803356 7.348950
v 0.021810 2.803356 7.348950
v -0.274255 2.424779 7.393405
v -0.274255 2.365827 7.541305
v -0.274255 2.073297 7.441407
v 0.277257 2.073297 7.441407
v 0.277257 2.365827 7.541305
v 0.277257 2.424779 7.393405
v -0.274255 2.073297 7.441407
v -0.257486 2.349340 7.533677
v -0.274255 2.424779 7.393405
v 0.277257 2.424779 7.393405
v 0.260488 2.349340 7.533677
v 0.277257 2.073297 7.441407
v -0.827724 1.286395 -0.480949
v -0.983675 1.688598 -0.482364
v -0.873093 1.410496 -0.481338
v -0.827724 1.286395 -0.480949
v 0.978199 1.688598 -0.482364
v 0.822341 1.286395 -0.480949
v -0.983675 1.688598 -0.482364
v 1.011830 2.071901 -0.483611
v -1.017306 2.045301 -0.483556
v -0.956472 2.472904 -0.485028
v 0.950996 2.480004 -0.485016
v -0.724408 2.908007 -0.486486
v -0.004182 2.902907 -0.486495
v 0.710920 2.908007 -0.486486
v -0.290279 3.094709 -0.487168
v -0.513026 3.093309 -0.487171
v 0.281915 3.094709 -0.487168
v 0.507550 3.093309 -0.487171
v -0.824463 1.303755 4.589690
v -0.854367 1.383480 4.516225
v -0.824649 1.303478 4.517389
v -0.827724 1.286395 -0.480949
v -0.824649 1.303478 4.517389
v -0.983675 1.688598 -0.482364
v -0.980507 1.707782 4.515078
v -1.011996 2.055679 2.170067
v -1.011437 2.059615 3.263875
v -1.012927 2.063785 4.513885
v -1.006965 2.089409 3.384926
v -0.999233 2.167360 3.472659
v -0.979576 2.319634 4.544221
v -0.984047 2.274302 3.506541
v -0.951907 2.489568 4.583410
v -0.966347 2.380161 3.471922
v -0.951907 2.458213 3.383055
v -0.948274 2.484721 3.260900
v -1.007058 2.089227 3.139525
v -0.857535 2.664756 4.649309
v -1.007524 2.086270 2.292619
v -0.999698 2.165880 3.049956
v -1.000164 2.164217 2.382752
v -0.984513 2.274837 3.016841
v -0.985538 2.271162 2.415234
v -0.968024 2.379382 3.049120
v -0.968583 2.377018 2.382514
v -0.952466 2.456632 3.137352
v -0.953025 2.452971 2.292444
v -0.947901 2.481083 2.168391
v -0.947342 2.477712 1.153584
v -0.782727 2.805394 4.744049
v -0.734749 2.903172 4.874816
v -0.953025 2.452793 2.045143
v -0.951627 2.450609 1.272838
v -0.968024 2.372956 1.362105
v -0.968583 2.374844 1.956510
v -0.985911 2.266899 1.395425
v -0.985352 2.268796 1.925429
v -1.000164 2.159856 1.362242
v -1.000164 2.162038 1.959247
v -1.007058 2.082807 1.273611
v -1.007617 2.084689 2.047116
v -0.724408 2.908007 -0.486486
v -0.951534 2.450532 1.024237
v -0.723756 2.923524 5.020051
v -1.014045 2.051718 1.149658
v -1.011437 2.053015 1.151060
v -1.007058 2.082729 1.025910
v -1.008083 2.078692 0.225602
v -0.999512 2.159877 0.938842
v -1.012555 2.048605 0.100950
v -1.000630 2.156343 0.313134
v -1.008269 2.077812 -0.020700
v -0.984606 2.265732 0.906622
v -0.986004 2.262588 0.345616
v -0.967558 2.372178 0.938603
v -0.968396 2.370045 0.312499
v -0.952466 2.447196 0.223730
v -1.017306 2.045301 -0.483556
v -1.000816 2.155665 -0.110468
v -0.986004 2.261622 -0.143687
v -0.969048 2.367168 -0.112007
v -0.956472 2.472904 -0.485028
v -0.952839 2.446414 -0.021272
v -0.953211 2.474705 0.101476
v -0.513026 3.093309 -0.487171
v -0.509859 3.119113 6.318187
v -0.290279 3.094709 -0.487168
v -0.285341 3.120592 6.330089
v -0.721334 2.933756 6.292370
v -0.734749 2.904181 5.162618
v -0.780770 2.811266 5.288660
v -0.865174 2.651484 5.395388
v -0.953304 2.505465 6.228040
v -0.951907 2.499686 5.452729
v -0.981159 2.312529 5.486011
v -1.012927 2.093877 5.516538
v -1.014138 2.097244 6.181045
v -0.980414 1.713734 6.127891
v -0.980507 1.711274 5.517886
v -0.854554 1.387471 5.518934
v -0.824556 1.307128 5.602698
v -0.842163 1.309134 6.068802
v -0.854554 1.387471 5.518934
v -0.824463 1.306693 5.447396
v -0.549359 3.150593 4.510637
v -0.526162 3.237040 5.598186
v -0.542465 3.176047 4.830881
v -0.821761 2.969040 5.186728
v -0.801359 3.011802 5.209401
v -0.842163 3.011802 5.209401
v -0.842163 3.011802 5.209401
v -0.801359 3.011802 5.209401
v -0.821761 2.969067 5.229729
v -0.821761 2.969040 5.186728
v -0.821761 2.969067 5.229729
v -0.801359 3.011802 5.209401
v -0.821761 2.969067 5.229729
v -0.821761 2.969040 5.186728
v -0.842163 3.011802 5.209401
v 0.029170 3.360313 2.796891
v 0.058329 3.360930 2.845592
v 0.000476 3.385130 2.845733
v 0.058329 3.360930 2.845592
v 0.027865 3.360645 2.895592
v 0.000476 3.385130 2.845733
v -0.028218 3.360313 2.796891
v 0.029170 3.360313 2.796891
v 0.000476 3.385130 2.845733
v 0.027865 0.864954 3.356940
v -0.026913 0.864954 3.356940
v 0.000476 0.840469 3.406798
v -0.057377 0.864669 3.406939
v -0.028218 0.865286 3.455640
v 0.000476 0.840469 3.406798
v -0.026913 0.864954 3.356940
v -0.057377 0.864669 3.406939
v 0.000476 0.840469 3.406798
v -0.693851 0.676895 6.149925
v -0.693851 0.677884 6.449627
v -0.679412 0.663281 6.451402
v -0.693851 0.677884 6.449627
v -0.679505 0.677956 6.465927
v -0.679412 0.693079 6.452452
v -0.679505 0.677956 6.465927
v -0.693851 0.676895 6.149925
v -0.679412 0.662241 6.122500
v -0.679412 1.141246 6.120516
v -0.693013 1.143696 6.149920
v -0.665717 1.142789 6.153619
v -0.679505 0.692136 6.184151
v -0.693851 0.677884 6.449627
v -0.679412 1.143041 6.182219
v -0.663854 0.676887 6.154625
v -0.663854 0.677876 6.454427
v -0.679412 0.693079 6.452452
v -0.679412 0.662241 6.122500
v -0.679412 0.663281 6.451402
v -0.679505 0.677956 6.465927
v -0.663854 0.676887 6.154625
v -0.663854 0.677876 6.454427
v -0.679505 0.677956 6.465927
v -0.679505 0.692136 6.184151
v -0.679412 0.693079 6.452452
v -0.693851 0.677884 6.449627
v 0.885690 2.566246 -4.030575
v 0.492738 2.668590 -4.056401
v 0.852152 2.490469 -4.103204
v 0.492738 2.668590 -4.056401
v 0.840414 2.516546 -4.206760
v 0.861934 2.621609 -4.243382
v 0.895192 2.696786 -4.171253
v 0.492738 2.668590 -4.056401
v 0.907210 2.671309 -4.067396
v 0.492738 2.668590 -4.056401
v 0.885690 2.566246 -4.030575
v -0.884738 2.566246 -4.030575
v -0.851200 2.490469 -4.103204
v -0.491786 2.668590 -4.056401
v -0.839462 2.516546 -4.206760
v -0.491786 2.668590 -4.056401
v -0.860982 2.621609 -4.243382
v -0.894240 2.696786 -4.171253
v -0.906258 2.671309 -4.067396
v -0.491786 2.668590 -4.056401
v -0.884738 2.566246 -4.030575
v -0.491786 2.668590 -4.056401
v 0.639280 3.140383 6.276922
v 0.538945 3.189383 6.276706
v 0.614033 3.100283 6.276954
v 0.607978 3.243084 6.276498
v 0.538945 3.189383 6.276706
v 0.591674 3.230492 6.095776
v 0.510345 3.188058 5.763403
v -0.613081 3.100283 6.276954
v -0.537993 3.189383 6.276706
v -0.638328 3.140383 6.276922
v 2.332104 3.371148 -7.317110
v 2.332104 3.554729 -7.716498
v 2.332104 3.554729 -7.716498
v 2.332104 5.500385 -7.512782
v 2.332104 5.500385 -7.512782
v 2.332104 5.549143 -7.077098
v 2.332104 5.500385 -7.512782
v 2.332104 3.554729 -7.716498
v 2.332104 3.554729 -7.716498
v 2.332104 5.500385 -7.512782
v 2.332104 3.554729 -7.716498
v 2.332104 5.500385 -7.512782
v -2.331152 3.371148 -7.317110
v -2.331152 3.554729 -7.716498
v -2.331152 3.554729 -7.716498
v -2.331152 5.500385 -7.512782
v -2.331152 5.549143 -7.077098
v -2.331152 5.500385 -7.512782
v -2.331152 5.500385 -7.512782
v -2.331152 5.500385 -7.512782
v -2.331152 3.554729 -7.716498
v -2.331152 5.500385 -7.512782
v -2.331152 3.554729 -7.716498
v -2.331152 3.554729 -7.716498
v 1.127629 1.998120 3.378471
v 1.127629 1.986454 3.416851
v 1.137969 2.009454 3.416990
v 1.127629 1.986454 3.416851
v 1.127722 1.998687 3.456172
v 1.137969 2.009454 3.416990
v 1.128001 2.021120 3.378410
v 1.127629 1.998120 3.378471
v 1.137969 2.009454 3.416990
v -1.126677 1.998120 3.378471
v -1.137017 2.009454 3.416990
v -1.126677 1.986454 3.416851
v -1.126677 1.986454 3.416851
v -1.137017 2.009454 3.416990
v -1.126770 1.998687 3.456172
v -1.127049 2.021120 3.378410
v -1.137017 2.009454 3.416990
v -1.126677 1.998120 3.378471
v 0.014357 5.359763 -8.145723
v 0.028517 5.383361 -8.144583
v 0.000476 5.384387 -8.159581
v 0.028517 5.383361 -8.144583
v 0.013705 5.407459 -8.142842
v 0.000476 5.384387 -8.159581
v -0.013405 5.359763 -8.145723
v 0.014357 5.359763 -8.145723
v 0.000476 5.384387 -8.159581
v 0.195741 0.944195 -0.481333
v 0.000476 0.971666 -1.050987
v 0.000476 0.944195 -0.481333
v 0.195741 0.971666 -1.050987
v 0.617387 1.052596 -0.481648
v 0.000476 1.156253 -1.747874
v 0.617387 1.079344 -1.038003
v 0.908328 1.285397 -0.482451
v 0.193133 1.156253 -1.747874
v 0.000476 1.682249 -3.094180
v 0.908328 1.317993 -1.007997
v 0.609282 1.252998 -1.715409
v 0.896310 1.476671 -1.640427
v 0.203660 1.682249 -3.094180
v 0.000476 2.361533 -4.962226
v 0.521338 1.779093 -3.061415
v 0.812372 2.002765 -2.985834
v 0.445598 2.504842 -4.908582
v 0.203567 2.403809 -4.948254
v 0.000476 2.780597 -6.055714
v 0.187916 2.829169 -6.039231
v 0.000476 3.238949 -7.259335
v 0.261978 2.548108 -5.240909
v 0.433581 2.561383 -5.049986
v 0.254526 2.652873 -5.513831
v 0.382715 2.801709 -5.651777
v 0.353369 2.940400 -5.998841
v 0.113107 3.289220 -7.242349
v 0.000476 3.534063 -8.030034
v -0.549359 3.150593 4.510637
v -0.799962 2.957891 4.511308
v -0.800148 2.949705 2.625091
v -0.551036 3.158403 2.626546
v 0.000476 0.965676 4.518114
v 0.000476 0.944195 -0.481333
v -0.194789 0.944195 -0.481333
v -0.194789 0.965676 4.518114
v -0.616435 1.067777 4.517787
v -0.616435 1.052596 -0.481648
v -0.907376 1.285397 -0.482451
v -0.031851 0.976568 7.691738
v 0.000476 0.976568 7.691738
v -0.194789 0.976568 7.691738
v -0.616435 1.078460 7.637612
v -0.907376 1.303678 4.516990
v -0.907376 1.303855 4.589590
v -0.937281 1.376279 4.516513
v -0.907376 1.306793 5.447497
v -1.056340 1.665482 4.515006
v -0.616435 1.071527 5.603496
v -1.056340 1.661898 3.391098
v -1.085872 1.872384 4.514359
v -0.988053 1.495893 3.393515
v -1.085779 1.867003 3.388047
v -0.989358 1.494287 2.047309
v -1.056340 1.657587 2.047588
v -1.088574 2.078226 3.902808
v -1.056340 1.649500 -0.483731
v -1.085779 1.860887 2.047934
v -1.086804 1.938605 3.387069
v -1.085686 1.856713 1.152225
v -1.086804 1.936387 2.047963
v -1.088387 2.060115 3.263876
v -1.085686 1.849202 -0.484390
v -1.088760 2.089909 3.384827
v -1.084288 2.167159 3.472759
v -1.069848 2.274102 3.506741
v -1.027647 2.471437 3.897178
v -1.051403 2.380061 3.472022
v -1.032211 2.458613 3.382855
v -1.021125 2.484921 3.261000
v -1.088760 2.089827 3.139727
v -0.924890 2.717022 3.260695
v -1.032398 2.457131 3.137752
v -0.924797 2.713281 2.169787
v -1.032677 2.453569 2.293545
v -1.051309 2.379382 3.049120
v -0.925542 2.719889 4.512103
v -1.051309 2.377117 2.382714
v -1.069476 2.274637 3.016641
v -1.069662 2.271162 2.415234
v -1.084288 2.165680 3.049855
v -1.084195 2.164217 2.382652
v -1.088760 2.086869 2.293320
v -1.021032 2.481181 2.169391
v -1.088387 2.056378 2.170868
v -1.032398 2.453390 2.046944
v -1.088760 2.085287 2.048217
v -1.088667 2.082706 1.274211
v -1.084288 2.159956 1.362143
v -1.084288 2.161939 1.959047
v -1.069848 2.266900 1.395325
v -1.069848 2.268697 1.925129
v -1.051403 2.372856 1.362105
v -1.051403 2.374943 1.956810
v -1.088294 2.052914 1.151760
v -1.032677 2.450107 1.273737
v -1.088760 2.082627 1.026910
v -0.924704 2.709915 1.152079
v -1.021032 2.477714 1.152584
v -1.032398 2.449930 1.025636
v -1.088667 2.079093 0.225303
v -1.088294 2.049604 0.101352
v -1.084288 2.156343 0.313134
v -1.084009 2.159978 0.938542
v -1.069942 2.262588 0.345716
v -1.069662 2.265933 0.906022
v -1.051403 2.370045 0.312399
v -1.051309 2.372178 0.938503
v -1.088294 2.048003 -0.485052
v -1.032305 2.447097 0.223230
v -1.088667 2.078312 -0.020499
v -1.084288 2.155665 -0.110468
v -1.069942 2.261622 -0.143687
v -1.021684 2.470207 -0.486532
v -1.051589 2.367068 -0.111907
v -1.032305 2.446313 -0.021072
v -0.925170 2.703108 -0.487235
v -1.020846 2.474502 0.102876
v -0.800521 2.936310 -0.488038
v -0.800148 2.949705 2.625091
v -0.551036 3.158403 2.626546
v -0.553738 3.171212 -0.488838
v -0.799962 2.957891 4.511308
v -0.934299 2.681456 4.649238
v -1.022243 2.486688 4.512905
v -1.027088 2.489268 4.583410
v -1.088387 2.064386 4.513686
v -1.053359 2.319134 4.544220
v -0.859491 2.836494 4.744002
v -0.810209 2.938746 4.831276
v -0.810768 2.937546 4.831274
v -0.811607 2.936172 4.874672
v -0.549359 3.150593 4.510637
v -0.200844 3.242214 0.859886
v -0.232147 3.334913 -0.489459
v -0.200844 3.254694 4.510314
v -0.139265 3.310695 0.049201
v 0.000476 3.477114 -0.489917
v 0.000476 3.261814 0.859719
v 0.000476 3.274194 4.510247
v 0.000476 3.541277 5.576804
v -0.227395 3.485576 5.577009
v 0.000476 3.694782 5.867466
v -0.238854 3.686084 5.924552
v -0.417630 3.650129 6.074391
v 0.000476 3.261814 0.859719
v 0.000476 3.477114 -0.489917
v 0.000476 3.477114 -0.489917
v 0.000476 4.127345 -2.267512
v 0.000476 4.127345 -2.267512
v 0.000476 4.840329 -4.135601
v 0.000476 4.840329 -4.135601
v 0.000476 5.264870 -5.215779
v 0.000476 5.264870 -5.215779
v 0.255923 5.309534 -6.015805
v 0.000662 5.552938 -5.841789
v 0.000476 5.680552 -6.025972
v 0.063453 5.088378 -5.455081
v 0.000476 5.264870 -5.215779
v 0.062801 5.032804 -5.294475
v 0.125405 4.608661 -4.213095
v 0.000476 4.840329 -4.135601
v 0.088699 4.111316 -2.485340
v 0.000476 4.127345 -2.267512
v 0.193691 3.996886 -2.526735
v 0.089538 3.714423 -1.375214
v 0.000476 3.477114 -0.489917
v 0.514537 3.713459 -2.628818
v 0.255084 3.411259 -0.985730
v 0.233099 3.334913 -0.489459
v 0.250054 3.584200 -1.420336
v 0.554690 3.171212 -0.488838
v 0.554690 3.244976 -1.054413
v 0.800541 2.960626 -1.142898
v 0.597823 3.337746 -1.506556
v 0.800355 2.936310 -0.488038
v 1.028040 2.472707 -0.486528
v 0.727317 3.442538 -2.498979
v 0.331104 4.350907 -4.299035
v 0.196859 4.774453 -5.381715
v 0.530747 4.113342 -4.378740
v 0.205523 4.892670 -5.743715
v 1.014438 2.600531 -1.263612
v 0.925190 3.077753 -2.625601
v 1.079092 2.197860 -1.398598
v 1.093532 2.047903 -0.485052
v 1.057292 1.649500 -0.483731
v 0.727689 3.744255 -4.504369
v 0.993384 2.724250 -2.742004
v 0.793181 3.438128 -4.605891
v 0.318061 4.752722 -5.950853
v 0.345544 5.155060 -6.207168
v 0.394360 5.050986 -6.574846
v 0.383087 4.521198 -5.467347
v 0.583942 4.127622 -5.599618
v 0.396223 4.538045 -5.905919
v 0.380386 4.572999 -6.817461
v 0.376287 4.715794 -6.345317
v 0.624840 3.821298 -5.703140
v 0.310142 5.357293 -6.109223
v 0.000476 5.680552 -6.025972
v 0.392497 4.249184 -6.927013
v 0.380479 4.798356 -6.674977
v 0.296262 5.010356 -7.026716
v 0.456684 5.248772 -6.507909
v 0.357282 5.380772 -6.155283
v 0.323837 5.112399 -7.110743
v 0.173755 5.053643 -7.429643
v 0.350481 5.308333 -7.130409
v 0.000476 5.390322 -8.121471
v 0.327750 5.470846 -7.137732
v 0.468888 5.447355 -6.438671
v 0.166768 5.570779 -7.509062
v 0.221547 5.649265 -7.207328
v 0.377125 5.686902 -6.701063
v 0.345916 5.743323 -6.360966
v 0.293560 5.710416 -6.181022
v 0.163973 5.687617 -6.064261
v 0.000476 5.680552 -6.025972
v 0.000476 5.147109 -7.879285
v 0.096804 5.000446 -7.607934
v 0.000476 4.924658 -7.849464
v 0.000476 4.606510 -7.939406
v 0.000476 4.285509 -8.056254
v 0.336228 3.929461 -7.031058
v 0.000476 4.011661 -8.145820
v 0.279399 3.647322 -7.125839
v 0.000476 3.772089 -8.220928
v 0.602015 3.492788 -5.815000
v 0.190151 3.400956 -7.204559
v 0.000476 3.629768 -8.150171
v 0.113107 3.289220 -7.242349
v 0.000476 3.534063 -8.030034
v 0.353369 2.940400 -5.998841
v 0.523108 3.175669 -5.921240
v 0.506712 2.980935 -5.667072
v 0.382715 2.801709 -5.651777
v 0.569875 3.055843 -5.612944
v 0.592327 3.117567 -5.568239
v 0.646080 3.241721 -5.423927
v 0.694058 3.277004 -5.237366
v 0.721447 3.212811 -5.065475
v 0.776133 3.084425 -4.721893
v 0.724242 3.076410 -4.947908
v 0.704585 2.881108 -4.888040
v 0.955654 2.345968 -2.869848
v 0.695735 2.746401 -4.825670
v 0.680829 2.777230 -4.901217
v 0.611704 2.694048 -4.911759
v 0.445598 2.504842 -4.908582
v 0.433581 2.561383 -5.049986
v 0.812372 2.002765 -2.985834
v 1.043318 1.819676 -1.525443
v 0.896310 1.476671 -1.640427
v 0.908328 1.317993 -1.007997
v 0.000476 5.390322 -8.121471
v 0.166768 5.570779 -7.509062
v 0.000476 5.592218 -7.590426
v 0.000476 5.690007 -7.349059
v 0.221547 5.649265 -7.207328
v 0.000476 5.802702 -6.700966
v 0.223223 5.757304 -6.819143
v 0.171612 5.796325 -6.655777
v 0.377125 5.686902 -6.701063
v 0.293933 5.775731 -6.541811
v 0.345916 5.743323 -6.360966
v -0.254971 5.309534 -6.015805
v 0.000476 5.680552 -6.025972
v 0.000290 5.552938 -5.841789
v -0.062501 5.088378 -5.455081
v 0.000476 5.264870 -5.215779
v -0.061849 5.032804 -5.294475
v -0.124453 4.608661 -4.213095
v 0.000476 4.840329 -4.135601
v -0.087747 4.111316 -2.485340
v 0.000476 4.127345 -2.267512
v -0.192739 3.996886 -2.526735
v -0.088586 3.714423 -1.375214
v 0.000476 3.477114 -0.489917
v -0.513585 3.713459 -2.628818
v -0.254132 3.411259 -0.985730
v -0.232147 3.334913 -0.489459
v -0.249102 3.584200 -1.420336
v -0.553738 3.171212 -0.488838
v -0.553738 3.244976 -1.054413
v -0.800521 2.960626 -1.142898
v -0.596871 3.337746 -1.506556
v -0.726365 3.442538 -2.498979
v -0.800521 2.936310 -0.488038
v -0.925170 2.703108 -0.487235
v -1.021684 2.470207 -0.486532
v -0.330152 4.350907 -4.299035
v -1.013486 2.600531 -1.263612
v -1.078140 2.197860 -1.398598
v -1.088294 2.048003 -0.485052
v -1.085686 1.849202 -0.484390
v -1.056340 1.649500 -0.483731
v -0.195907 4.774453 -5.381715
v -0.924238 3.077753 -2.625601
v -0.529795 4.113342 -4.378740
v -0.204571 4.892670 -5.743715
v -0.726737 3.744255 -4.504369
v -1.042366 1.819676 -1.525443
v -0.992432 2.724250 -2.742004
v -0.907376 1.317993 -1.007997
v -0.907376 1.285397 -0.482451
v -0.895358 1.476671 -1.640427
v -0.954702 2.345968 -2.869848
v -0.811420 2.002765 -2.985834
v -0.792229 3.438128 -4.605891
v -0.694783 2.746401 -4.825670
v -0.444646 2.504842 -4.908582
v -0.775181 3.084425 -4.721893
v -0.610752 2.694048 -4.911759
v -0.432629 2.561383 -5.049986
v -0.680902 2.779129 -4.900914
v -0.703633 2.881108 -4.888040
v -0.723290 3.076410 -4.947908
v -0.720495 3.212811 -5.065475
v -0.693106 3.277004 -5.237366
v -0.623888 3.821298 -5.703140
v -0.582990 4.127622 -5.599618
v -0.601063 3.492788 -5.815000
v -0.645128 3.241721 -5.423927
v -0.591375 3.117567 -5.568239
v -0.382135 4.521198 -5.467347
v -0.317109 4.752722 -5.950853
v -0.522156 3.175669 -5.921240
v -0.565569 3.050649 -5.616653
v -0.505760 2.980935 -5.667072
v -0.395271 4.538045 -5.905919
v -0.379434 4.572999 -6.817461
v -0.391545 4.249184 -6.927013
v -0.335276 3.929461 -7.031058
v -0.344592 5.155060 -6.207168
v -0.393408 5.050986 -6.574846
v -0.375335 4.715794 -6.345317
v -0.278447 3.647322 -7.125839
v -0.312917 5.359300 -6.113120
v 0.000476 5.680552 -6.025972
v -0.379527 4.798356 -6.674977
v -0.295310 5.010356 -7.026716
v 0.000476 4.011661 -8.145820
v 0.000476 4.285509 -8.056254
v 0.000476 4.606510 -7.939406
v 0.000476 4.924658 -7.849464
v 0.000476 3.772089 -8.220928
v -0.189199 3.400956 -7.204559
v 0.000476 3.629768 -8.150171
v -0.112155 3.289220 -7.242349
v -0.352417 2.940400 -5.998841
v -0.381763 2.801709 -5.651777
v -0.095852 5.000446 -7.607934
v 0.000476 5.147109 -7.879285
v -0.172803 5.053643 -7.429643
v -0.322885 5.112399 -7.110743
v -0.349529 5.308333 -7.130409
v -0.326798 5.470846 -7.137732
v -0.165816 5.570779 -7.509062
v -0.220595 5.649265 -7.207328
v -0.376173 5.686902 -6.701063
v -0.455732 5.248772 -6.507909
v -0.467936 5.447355 -6.438671
v -0.344964 5.743323 -6.360966
v -0.356330 5.380772 -6.155283
v -0.292608 5.710416 -6.181022
v -0.163021 5.687617 -6.064261
v 0.000476 5.680552 -6.025972
v 0.000476 5.390322 -8.121471
v 0.000476 5.592218 -7.590426
v -0.165816 5.570779 -7.509062
v 0.000476 5.690007 -7.349059
v -0.220595 5.649265 -7.207328
v 0.000476 5.802702 -6.700966
v -0.222271 5.757304 -6.819143
v -0.170660 5.796325 -6.655777
v -0.376173 5.686902 -6.701063
v -0.292981 5.775731 -6.541811
v -0.344964 5.743323 -6.360966
v -0.112155 3.289220 -7.242349
v 0.000476 3.238949 -7.259335
v 0.000476 3.534063 -8.030034
v -0.186964 2.829169 -6.039231
v -0.352417 2.940400 -5.998841
v -0.381763 2.801709 -5.651777
v -0.253574 2.652873 -5.513831
v 0.000476 2.780597 -6.055714
v -0.261026 2.548108 -5.240909
v -0.202615 2.403809 -4.948254
v 0.000476 2.361533 -4.962226
v -0.444646 2.504842 -4.908582
v -0.432629 2.561383 -5.049986
v -0.202708 1.682249 -3.094180
v 0.000476 1.682249 -3.094180
v 0.000476 1.156253 -1.747874
v -0.520386 1.779093 -3.061415
v -0.811420 2.002765 -2.985834
v -0.192181 1.156253 -1.747874
v 0.000476 0.971666 -1.050987
v -0.608330 1.252998 -1.715409
v -0.895358 1.476671 -1.640427
v -0.194789 0.971666 -1.050987
v 0.000476 0.944195 -0.481333
v -0.194789 0.944195 -0.481333
v -0.616435 1.079344 -1.038003
v -0.907376 1.317993 -1.007997
v -0.616435 1.052596 -0.481648
v 0.000476 5.662446 -6.374804
v 0.000476 5.591229 -6.716926
v 0.163787 5.585256 -6.673836
v 0.280611 5.565970 -6.564969
v 0.330172 5.535676 -6.392320
v 0.280238 5.504883 -6.220472
v 0.156520 5.483593 -6.108908
v 0.000476 5.477031 -6.072419
v 0.000476 5.662446 -6.374804
v -0.162835 5.585256 -6.673836
v 0.000476 5.591229 -6.716926
v -0.279659 5.565970 -6.564969
v -0.329220 5.535676 -6.392320
v -0.279286 5.504883 -6.220472
v -0.155568 5.483593 -6.108908
v 0.000476 5.477031 -6.072419
v -0.693106 3.277004 -5.237366
v -0.720495 3.212811 -5.065475
v -0.680529 3.235189 -5.052937
v -0.653140 3.299382 -5.224828
v -0.645128 3.241721 -5.423927
v -0.605162 3.264100 -5.411389
v -0.591375 3.117567 -5.568239
v -0.551409 3.139946 -5.555701
v -0.720495 3.212811 -5.065475
v -0.683324 3.098789 -4.935369
v -0.680529 3.235189 -5.052937
v -0.723290 3.076410 -4.947908
v -0.663667 2.903486 -4.875502
v -0.703633 2.881108 -4.888040
v -0.680902 2.779129 -4.900914
v -0.570786 2.716426 -4.899221
v -0.610752 2.694048 -4.911759
v -0.392663 2.583762 -5.037447
v -0.432629 2.561383 -5.049986
v -0.261026 2.548108 -5.240909
v -0.253574 2.652873 -5.513831
v -0.213608 2.675252 -5.501293
v -0.221154 2.570487 -5.228371
v -0.432629 2.561383 -5.049986
v -0.392663 2.583762 -5.037447
v -0.253574 2.652873 -5.513831
v -0.341797 2.824088 -5.639239
v -0.213608 2.675252 -5.501293
v -0.381763 2.801709 -5.651777
v -0.465887 3.003314 -5.654634
v -0.505760 2.980935 -5.667072
v -0.565569 3.050649 -5.616653
v -0.551409 3.139946 -5.555701
v -0.591375 3.117567 -5.568239
v -0.511722 4.136220 -5.598103
v -0.632831 3.707472 -4.455632
v 0.633783 3.707472 -4.455632
v 0.512674 4.136220 -5.598103
v -0.176436 2.426185 -4.875216
v 0.000476 2.829355 -6.030831
v 0.000476 2.400707 -4.888359
v -0.142619 2.854832 -6.017587
v -0.221154 2.570487 -5.228371
v -0.213608 2.675252 -5.501293
v -0.392663 2.583762 -5.037447
v -0.313010 2.964769 -5.980100
v -0.387166 2.536121 -4.837728
v -0.341797 2.824088 -5.639239
v -0.570786 2.716426 -4.899221
v -0.489270 3.193036 -5.901711
v -0.465887 3.003314 -5.654634
v -0.551409 3.139946 -5.555701
v -0.545912 3.512569 -5.803666
v -0.605162 3.264100 -5.411389
v -0.605069 2.764388 -4.759339
v -0.663667 2.903486 -4.875502
v -0.683324 3.098789 -4.935369
v -0.675033 3.083921 -4.661194
v -0.680529 3.235189 -5.052937
v -0.557837 3.846783 -5.694097
v -0.689846 3.418135 -4.551625
v -0.653140 3.299382 -5.224828
v -0.632831 3.707472 -4.455632
v -0.511722 4.136220 -5.598103
v 0.694058 3.277004 -5.237366
v 0.681481 3.235189 -5.052937
v 0.721447 3.212811 -5.065475
v 0.654092 3.299382 -5.224828
v 0.646080 3.241721 -5.423927
v 0.606114 3.264100 -5.411389
v 0.592327 3.117567 -5.568239
v 0.552361 3.139946 -5.555701
v 0.721447 3.212811 -5.065475
v 0.681481 3.235189 -5.052937
v 0.684276 3.098789 -4.935369
v 0.724242 3.076410 -4.947908
v 0.664619 2.903486 -4.875502
v 0.704585 2.881108 -4.888040
v 0.680829 2.777230 -4.901217
v 0.571738 2.716426 -4.899221
v 0.611704 2.694048 -4.911759
v 0.393615 2.583762 -5.037447
v 0.433581 2.561383 -5.049986
v 0.261978 2.548108 -5.240909
v 0.214560 2.675252 -5.501293
v 0.254526 2.652873 -5.513831
v 0.222106 2.570487 -5.228371
v 0.433581 2.561383 -5.049986
v 0.393615 2.583762 -5.037447
v 0.254526 2.652873 -5.513831
v 0.214560 2.675252 -5.501293
v 0.342749 2.824088 -5.639239
v 0.382715 2.801709 -5.651777
v 0.466839 3.003314 -5.654634
v 0.506712 2.980935 -5.667072
v 0.569875 3.055843 -5.612944
v 0.552361 3.139946 -5.555701
v 0.592327 3.117567 -5.568239
v 0.177388 2.426185 -4.875216
v 0.000476 2.400707 -4.888359
v 0.000476 2.829355 -6.030831
v 0.143571 2.854832 -6.017587
v 0.222106 2.570487 -5.228371
v 0.214560 2.675252 -5.501293
v 0.393615 2.583762 -5.037447
v 0.313962 2.964769 -5.980100
v 0.388118 2.536121 -4.837728
v 0.342749 2.824088 -5.639239
v 0.571738 2.716426 -4.899221
v 0.490222 3.193036 -5.901711
v 0.466839 3.003314 -5.654634
v 0.552361 3.139946 -5.555701
v 0.546864 3.512569 -5.803666
v 0.606114 3.264100 -5.411389
v 0.606021 2.764388 -4.759339
v 0.664619 2.903486 -4.875502
v 0.684276 3.098789 -4.935369
v 0.675985 3.083921 -4.661194
v 0.681481 3.235189 -5.052937
v 0.558789 3.846783 -5.694097
v 0.690798 3.418135 -4.551625
v 0.654092 3.299382 -5.224828
v 0.633783 3.707472 -4.455632
v 0.512674 4.136220 -5.598103
v -0.176436 2.426185 -4.875216
v 0.000476 2.400707 -4.888359
v 0.177388 2.426185 -4.875216
v -0.387166 2.536121 -4.837728
v 0.388118 2.536121 -4.837728
v 0.606021 2.764388 -4.759339
v -0.605069 2.764388 -4.759339
v -0.675033 3.083921 -4.661194
v 0.675985 3.083921 -4.661194
v 0.690798 3.418135 -4.551625
v -0.689846 3.418135 -4.551625
v -0.632831 3.707472 -4.455632
v 0.633783 3.707472 -4.455632
v 0.143571 2.854832 -6.017587
v 0.000476 2.829355 -6.030831
v -0.142619 2.854832 -6.017587
v 0.313962 2.964769 -5.980100
v -0.313010 2.964769 -5.980100
v 0.490222 3.193036 -5.901711
v -0.489270 3.193036 -5.901711
v 0.546864 3.512569 -5.803666
v -0.545912 3.512569 -5.803666
v 0.558789 3.846783 -5.694097
v -0.557837 3.846783 -5.694097
v 0.512674 4.136220 -5.598103
v -0.511722 4.136220 -5.598103
v 0.089538 3.714423 -1.375214
v -0.088586 3.714423 -1.375214
v -0.249102 3.584200 -1.420336
v 0.250054 3.584200 -1.420336
v -0.596871 3.337746 -1.506556
v 0.597823 3.337746 -1.506556
v 0.514537 3.713459 -2.628818
v -0.513585 3.713459 -2.628818
v -0.192739 3.996886 -2.526735
v 0.193691 3.996886 -2.526735
v -0.087747 4.111316 -2.485340
v 0.088699 4.111316 -2.485340
v 0.088699 4.111316 -2.485340
v -0.087747 4.111316 -2.485340
v -0.088586 3.714423 -1.375214
v 0.089538 3.714423 -1.375214
v 0.597823 3.337746 -1.506556
v -0.596871 3.337746 -1.506556
v -0.513585 3.713459 -2.628818
v 0.514537 3.713459 -2.628818
v -0.211837 3.853537 -2.146278
v -0.543676 3.581799 -2.241541
v -0.537900 3.600888 -2.293709
v -0.211837 3.872626 -2.198346
v -0.087840 3.975163 -2.102571
v -0.087840 3.994252 -2.154638
v -0.543676 3.581799 -2.241541
v -0.173362 3.853537 -2.146278
v -0.505294 3.581799 -2.241541
v -0.211837 3.853537 -2.146278
v -0.049458 3.975163 -2.102571
v -0.087840 3.975163 -2.102571
v -0.211837 3.872626 -2.198346
v -0.537900 3.600888 -2.293709
v -0.499425 3.600888 -2.293709
v -0.173362 3.872626 -2.198346
v -0.087840 3.994252 -2.154638
v -0.049458 3.994252 -2.154638
v -0.173362 3.872626 -2.198346
v -0.499425 3.600888 -2.293709
v -0.505294 3.581799 -2.241541
v -0.173362 3.853537 -2.146278
v -0.049458 3.994252 -2.154638
v -0.049458 3.975163 -2.102571
v -0.232519 3.712786 -1.764417
v -0.573022 3.451540 -1.854863
v -0.567246 3.470729 -1.907030
v -0.232519 3.731875 -1.816485
v -0.087468 3.837912 -1.720804
v -0.087468 3.857101 -1.772871
v -0.573022 3.451540 -1.854863
v -0.194044 3.712786 -1.764417
v -0.534640 3.451540 -1.854863
v -0.232519 3.712786 -1.764417
v -0.049086 3.837912 -1.720804
v -0.087468 3.837912 -1.720804
v -0.232519 3.731875 -1.816485
v -0.567246 3.470729 -1.907030
v -0.528770 3.470729 -1.907030
v -0.194044 3.731875 -1.816485
v -0.087468 3.857101 -1.772871
v -0.049086 3.857101 -1.772871
v -0.194044 3.731875 -1.816485
v -0.528770 3.470729 -1.907030
v -0.534640 3.451540 -1.854863
v -0.194044 3.712786 -1.764417
v -0.049086 3.857101 -1.772871
v -0.049086 3.837912 -1.720804
v 0.212789 3.853537 -2.146278
v 0.538852 3.600888 -2.293709
v 0.544628 3.581799 -2.241541
v 0.212789 3.872626 -2.198346
v 0.088792 3.975163 -2.102571
v 0.088792 3.994252 -2.154638
v 0.544628 3.581799 -2.241541
v 0.506246 3.581799 -2.241541
v 0.174314 3.853537 -2.146278
v 0.212789 3.853537 -2.146278
v 0.050410 3.975163 -2.102571
v 0.088792 3.975163 -2.102571
v 0.212789 3.872626 -2.198346
v 0.500377 3.600888 -2.293709
v 0.538852 3.600888 -2.293709
v 0.174314 3.872626 -2.198346
v 0.088792 3.994252 -2.154638
v 0.050410 3.994252 -2.154638
v 0.174314 3.872626 -2.198346
v 0.506246 3.581799 -2.241541
v 0.500377 3.600888 -2.293709
v 0.174314 3.853537 -2.146278
v 0.050410 3.994252 -2.154638
v 0.050410 3.975163 -2.102571
v 0.233471 3.712786 -1.764417
v 0.568198 3.470729 -1.907030
v 0.573974 3.451540 -1.854863
v 0.233471 3.731875 -1.816485
v 0.088420 3.837912 -1.720804
v 0.088420 3.857101 -1.772871
v 0.573974 3.451540 -1.854863
v 0.535592 3.451540 -1.854863
v 0.194996 3.712786 -1.764417
v 0.233471 3.712786 -1.764417
v 0.050038 3.837912 -1.720804
v 0.088420 3.837912 -1.720804
v 0.233471 3.731875 -1.816485
v 0.529722 3.470729 -1.907030
v 0.568198 3.470729 -1.907030
v 0.194996 3.731875 -1.816485
v 0.088420 3.857101 -1.772871
v 0.050038 3.857101 -1.772871
v 0.194996 3.731875 -1.816485
v 0.535592 3.451540 -1.854863
v 0.529722 3.470729 -1.907030
v 0.194996 3.712786 -1.764417
v 0.050038 3.857101 -1.772871
v 0.050038 3.837912 -1.720804
v 0.000476 3.579519 -1.372744
v 0.000476 3.999127 -2.550931
v 0.063919 3.952556 -2.567710
v 0.063919 3.532947 -1.389523
v 0.063919 3.532947 -1.389523
v 0.063919 3.952556 -2.567710
v 0.039697 3.877202 -2.594839
v 0.039697 3.457593 -1.416652
v 0.039697 3.457593 -1.416652
v 0.039697 3.877202 -2.594839
v -0.038745 3.877202 -2.594839
v -0.038745 3.457593 -1.416652
v -0.038745 3.457593 -1.416652
v -0.038745 3.877202 -2.594839
v -0.062967 3.952556 -2.567710
v -0.062967 3.532947 -1.389523
v -0.062967 3.532947 -1.389523
v -0.062967 3.952556 -2.567710
v 0.000476 3.999127 -2.550931
v 0.000476 3.579519 -1.372744
v 0.000476 3.749288 6.450660
v 0.000476 3.781719 6.080315
v 0.184655 3.775236 6.129004
v 0.316291 3.755127 6.251870
v 0.372188 3.723695 6.446817
v 0.315825 3.691764 6.640963
v 0.176457 3.669949 6.766926
v 0.000476 3.663079 6.808114
v 0.000476 3.694782 5.867466
v 0.232167 3.990524 6.077571
v 0.000476 3.998829 6.016385
v 0.239806 3.686084 5.924552
v 0.397807 3.964961 6.232228
v 0.418582 3.650129 6.074391
v 0.466280 3.924843 6.477460
v 0.397807 3.964961 6.232228
v 0.522922 3.526872 6.401081
v 0.527114 3.237040 5.598186
v 0.549938 3.195481 6.337117
v 0.479136 3.160913 6.669958
v 0.440009 3.443630 6.660340
v 0.397341 3.884127 6.721691
v 0.330452 3.163606 6.850263
v 0.261047 3.410746 6.827084
v 0.127268 3.169419 6.959774
v 0.000476 3.176491 6.976685
v 0.221919 3.856256 6.880144
v 0.000476 3.404835 6.892075
v 0.000476 3.847568 6.932029
v 0.867524 2.819544 6.709977
v 0.831936 2.876463 6.757974
v 0.839389 2.876196 6.679973
v 0.878517 2.797241 6.653339
v 0.839389 2.874919 6.313970
v 1.028040 2.496861 6.817527
v 1.023941 2.497053 6.880727
v 1.039685 2.421683 6.921499
v 1.093532 2.072965 7.049305
v 1.093532 2.073161 7.110106
v 1.085240 1.981680 7.099250
v 0.877678 2.797690 6.272438
v 1.087756 2.009704 7.143798
v 1.079837 1.922145 7.119448
v 1.083004 1.957356 7.171509
v 1.079185 1.913565 6.638233
v 1.085240 1.978481 6.159243
v 1.078905 1.909942 6.593226
v 1.057292 1.674726 7.247527
v 1.057292 1.675001 7.321127
v 0.898919 1.313874 7.512713
v 0.908328 1.313607 7.434512
v 1.057292 1.672540 6.594022
v 1.057292 1.672663 6.639022
v 0.908328 1.310860 6.640306
v 0.908328 1.310737 6.595306
v 0.788989 1.214036 6.595641
v 0.759084 1.189959 6.640700
v 1.079185 1.912014 6.198530
v 1.057292 1.665481 4.515706
v 1.057292 1.671073 6.163619
v 0.788989 1.212286 6.097037
v 0.617387 1.067777 4.517787
v 1.089805 1.867783 4.515051
v 1.089246 2.067097 5.328292
v 0.908328 1.309062 6.111102
v 1.092693 2.098084 5.453745
v 1.092880 2.177532 5.543081
v 1.093532 2.069960 6.171898
v 1.081514 2.282276 5.575559
v 1.028040 2.494861 6.230623
v 1.058317 2.387534 5.541638
v 1.036145 2.464189 5.450969
v 1.092786 2.096501 5.208642
v 1.091389 2.064384 4.514386
v 1.093345 2.173155 5.118772
v 1.023754 2.491801 5.326816
v 1.081700 2.279113 5.084753
v 0.937115 2.713689 4.512092
v 1.036424 2.461809 5.204364
v 0.800355 2.957891 4.511308
v 0.800355 2.945412 0.860880
v 0.760668 2.951590 6.331001
v 1.081514 2.278486 4.513651
v 1.058317 2.386058 5.117235
v 1.025431 2.487788 4.512907
v 1.058317 2.383745 4.479330
v 1.035772 2.460998 4.389461
v 1.093252 2.171542 4.480768
v 1.091575 2.093493 4.392135
v 1.091389 2.063501 4.269784
v 1.024779 2.488607 4.266808
v 1.024779 2.485222 3.260600
v 1.036051 2.459417 4.143658
v 1.035865 2.457313 3.383253
v 1.058224 2.380760 3.472423
v 1.058317 2.382265 4.056427
v 1.081421 2.275505 3.504844
v 1.081514 2.276820 4.023947
v 1.093159 2.168559 3.473161
v 1.093252 2.170064 4.057165
v 1.091575 2.091308 3.385229
v 1.091575 2.093413 4.145634
v 1.091296 2.060018 3.262176
v 0.937208 2.701310 0.861764
v 1.036051 2.455734 3.135950
v 1.024779 2.481478 2.171192
v 1.035679 2.453188 2.048043
v 1.035958 2.453373 2.291644
v 1.058317 2.376819 2.381514
v 1.058503 2.377884 3.048017
v 1.081793 2.269364 2.414031
v 1.081514 2.273138 3.016239
v 1.093159 2.164618 2.382252
v 1.093159 2.166879 3.050458
v 1.091575 2.086671 2.292120
v 1.091575 2.089527 3.139426
v 1.091296 2.056378 2.170468
v 1.089805 1.853803 0.864620
v 1.091575 2.085786 2.048517
v 1.091575 2.083708 1.272612
v 1.091296 2.052913 1.152260
v 1.093066 2.163939 1.958651
v 1.093532 2.159058 1.361141
v 1.081607 2.269196 1.925430
v 1.081700 2.266901 1.394625
v 1.058317 2.375341 1.957911
v 1.058224 2.373556 1.362507
v 1.035772 2.450211 1.271437
v 1.024779 2.478022 1.147684
v 1.091575 2.083928 1.026512
v 1.035772 2.449325 1.028435
v 1.091296 2.051905 0.863957
v 1.086451 2.161780 0.937445
v 1.073223 2.266334 0.905423
v 1.025431 2.475408 0.862479
v 1.051889 2.372078 0.938803
v 1.028040 2.475832 0.613879
v 0.937487 2.699833 0.613061
v 1.093532 2.051128 0.615256
v 1.081980 1.852927 0.615918
v 0.844792 2.852534 0.612621
v 1.057292 1.652325 0.616576
v 0.800355 2.943091 0.520975
v 1.057292 1.653002 0.865278
v 0.908328 1.291199 0.866561
v 0.943729 1.376623 0.617506
v 0.908328 1.289668 0.532458
v 0.908328 1.303678 4.516990
v 0.617387 1.055397 0.867359
v 0.617387 1.052596 -0.481648
v 0.908328 1.286726 -0.323149
v 0.195741 0.944195 -0.481333
v 0.908328 1.285397 -0.482451
v 0.944102 1.373075 -0.410602
v 1.057292 1.649677 -0.411530
v 1.057292 1.649500 -0.483731
v 1.093532 2.047903 -0.485052
v 1.093532 2.048180 -0.412851
v 1.028040 2.472707 -0.486528
v 1.028040 2.472984 -0.414327
v 0.800355 2.936310 -0.488038
v 0.843488 2.848986 -0.415587
v 0.800355 2.937438 -0.328236
v 0.554690 3.171212 -0.488838
v 0.550311 3.138213 0.860209
v 0.201796 3.242214 0.859886
v 0.233099 3.334913 -0.489459
v 0.550311 3.150593 4.510637
v 0.201796 3.254694 4.510314
v 0.527114 3.237040 5.598186
v 0.549938 3.195481 6.337117
v 0.587016 3.101822 6.605857
v 0.479136 3.160913 6.669958
v 0.330452 3.163606 6.850263
v 0.113573 3.305632 0.203893
v 0.000476 3.477114 -0.489917
v 0.000476 3.261814 0.859719
v 0.000476 3.274194 4.510247
v 0.000476 3.541277 5.576804
v 0.228347 3.485576 5.577009
v 0.418582 3.650129 6.074391
v 0.000476 3.694782 5.867466
v 0.239806 3.686084 5.924552
v 0.127268 3.169419 6.959774
v 0.033082 3.148428 7.013438
v 0.000476 3.176491 6.976685
v 0.359331 3.111005 6.968274
v 0.349363 3.135683 6.922616
v 0.626051 3.041230 6.894655
v 0.619623 3.053320 6.841775
v 0.799516 2.908645 6.709629
v 0.831936 2.876463 6.757974
v 0.839389 2.876196 6.679973
v -0.032596 2.397839 7.710160
v 0.033362 2.758370 7.398974
v 0.033548 2.397839 7.710160
v -0.032410 2.758370 7.398974
v 1.103966 1.981680 7.099250
v 1.085240 1.981680 7.099250
v 1.093532 2.072965 7.049305
v 1.112350 2.072965 7.049305
v 1.028040 2.496861 6.817527
v 1.046765 2.496861 6.817527
v 0.878517 2.797241 6.653339
v 0.897242 2.797241 6.653339
v 1.103966 1.978481 6.159243
v 1.085240 1.978481 6.159243
v 1.085240 1.981680 7.099250
v 1.103966 1.981680 7.099250
v 1.112350 2.069960 6.171898
v 1.085240 1.978481 6.159243
v 1.103966 1.978481 6.159243
v 1.093532 2.069960 6.171898
v 1.046765 2.494861 6.230623
v 1.028040 2.494861 6.230623
v 0.896403 2.797690 6.272438
v 0.877678 2.797690 6.272438
v 0.897242 2.797241 6.653339
v 0.878517 2.797241 6.653339
v 0.877678 2.797690 6.272438
v 0.896403 2.797690 6.272438
v 1.083004 1.957356 7.171509
v 1.046858 2.073636 7.242006
v 1.087756 2.009704 7.143798
v 1.008755 2.073970 7.339608
v 0.908794 2.212298 7.440643
v 0.908794 2.166841 7.474266
v 0.908794 2.166841 7.474266
v 0.626796 2.322924 7.601832
v 0.908794 2.212298 7.440643
v 0.626796 2.276870 7.633554
v 0.359611 2.383475 7.689235
v 0.359611 2.338220 7.721258
v 1.031393 2.450915 6.902649
v 1.037822 2.420087 6.919296
v 0.979969 2.495508 7.024625
v 0.997017 2.495309 6.964925
v 0.884293 2.585977 7.101179
v 0.888578 2.564933 7.127244
v 0.626330 2.715264 7.285000
v 0.626423 2.693722 7.309764
v 0.626423 2.693722 7.309764
v 0.359518 2.766144 7.355887
v 0.626330 2.715264 7.285000
v 0.359518 2.745205 7.378351
v 0.030567 2.756378 7.394471
v 0.030474 2.779314 7.373509
v 0.032616 1.001597 7.850981
v 0.032803 0.976568 7.691738
v 0.000476 0.976568 7.691738
v -0.031664 1.001597 7.850981
v -0.031851 0.976568 7.691738
v 0.032337 1.079856 8.050815
v -0.031385 1.079856 8.050815
v 0.033548 2.397839 7.710160
v 0.359611 2.383475 7.689235
v 0.359611 2.338220 7.721258
v 0.000476 2.076033 7.948412
v 0.221453 2.075982 7.919712
v 0.034387 1.677865 8.163734
v -0.033435 1.677865 8.163734
v -0.220501 2.075982 7.919712
v -0.032596 2.397839 7.710160
v -0.358659 2.338220 7.721258
v -0.358659 2.383475 7.689235
v 0.000476 3.749288 6.450660
v -0.183703 3.775236 6.129004
v 0.000476 3.781719 6.080315
v -0.315339 3.755127 6.251870
v -0.371236 3.723695 6.446817
v -0.314873 3.691764 6.640963
v -0.175505 3.669949 6.766926
v 0.000476 3.663079 6.808114
v 0.000476 3.694782 5.867466
v 0.000476 3.998829 6.016385
v -0.231215 3.990524 6.077571
v -0.238854 3.686084 5.924552
v -0.396855 3.964961 6.232228
v -0.417630 3.650129 6.074391
v -0.396855 3.964961 6.232228
v -0.465328 3.924843 6.477460
v -0.521970 3.526872 6.401081
v -0.439057 3.443630 6.660340
v -0.478184 3.160913 6.669958
v -0.396389 3.884127 6.721691
v -0.329500 3.163606 6.850263
v -0.260095 3.410746 6.827084
v -0.126316 3.169419 6.959774
v 0.000476 3.176491 6.976685
v -0.220967 3.856256 6.880144
v 0.000476 3.404835 6.892075
v 0.000476 3.847568 6.932029
v -0.866572 2.819544 6.709977
v -0.838437 2.876196 6.679973
v -0.830984 2.876463 6.757974
v -0.877565 2.797241 6.653339
v -0.838437 2.874919 6.313970
v -1.027088 2.496861 6.817527
v -1.022989 2.497053 6.880727
v -1.033981 2.452512 6.904852
v -1.038733 2.421683 6.921499
v -1.092580 2.072965 7.049305
v -1.092580 2.073161 7.110106
v -1.084288 1.981680 7.099250
v -0.876726 2.797690 6.272438
v -1.086804 2.009704 7.143798
v -0.792322 2.952841 5.597101
v -0.759716 2.951590 6.331001
v -1.078885 1.922145 7.119448
v -1.082052 1.957356 7.171509
v -1.078233 1.913565 6.638233
v -1.056340 1.674726 7.247527
v -1.056340 1.675001 7.321127
v -0.897967 1.313874 7.512713
v -0.907376 1.313607 7.434512
v -1.084288 1.978481 6.159243
v -1.027088 2.492738 5.598618
v -1.027088 2.494861 6.230623
v -1.092580 2.069960 6.171898
v -1.092580 2.068034 5.600094
v -0.942032 2.668084 5.395316
v -1.027088 2.492186 5.452716
v -0.857628 2.842366 5.288613
v -0.811607 2.937182 5.162474
v -1.077953 1.909942 6.593226
v -1.056340 1.672540 6.594022
v -1.056340 1.672663 6.639022
v -1.078233 1.912014 6.198530
v -0.907376 1.310860 6.640306
v -0.907376 1.310737 6.595306
v -0.788037 1.214036 6.595641
v -0.758132 1.189959 6.640700
v -1.056340 1.669131 5.601514
v -1.056340 1.671073 6.163619
v -0.907376 1.309062 6.111102
v -0.788037 1.212286 6.097037
v -0.907376 1.307328 5.602698
v -0.937187 1.379471 5.519020
v -1.056340 1.668873 5.518013
v -1.092580 2.067776 5.516693
v -0.758132 1.191804 7.201604
v -0.813656 1.237691 7.443783
v -0.897967 1.313874 7.512713
v -0.860702 1.275774 7.454048
v -0.126316 3.169419 6.959774
v 0.000476 3.176491 6.976685
v -0.032130 3.148428 7.013438
v -0.358379 3.111005 6.968274
v -0.348411 3.135683 6.922616
v -0.625099 3.041230 6.894655
v -0.618671 3.053320 6.841775
v -0.798564 2.908645 6.709629
v -0.830984 2.876463 6.757974
v -0.838437 2.876196 6.679973
v -0.032130 3.148428 7.013438
v 0.033082 3.148428 7.013438
v -0.032410 2.781406 7.377913
v 0.033362 2.758370 7.398974
v -0.032410 2.758370 7.398974
v -1.103014 1.981680 7.099250
v -1.092580 2.072965 7.049305
v -1.084288 1.981680 7.099250
v -1.111398 2.072965 7.049305
v -1.027088 2.496861 6.817527
v -1.045813 2.496861 6.817527
v -0.877565 2.797241 6.653339
v -0.896290 2.797241 6.653339
v -1.103014 1.978481 6.159243
v -1.103014 1.981680 7.099250
v -1.084288 1.981680 7.099250
v -1.084288 1.978481 6.159243
v -1.111398 2.069960 6.171898
v -1.103014 1.978481 6.159243
v -1.084288 1.978481 6.159243
v -1.092580 2.069960 6.171898
v -1.045813 2.494861 6.230623
v -1.027088 2.494861 6.230623
v -0.895451 2.797690 6.272438
v -0.876726 2.797690 6.272438
v -0.896290 2.797241 6.653339
v -0.895451 2.797690 6.272438
v -0.876726 2.797690 6.272438
v -0.877565 2.797241 6.653339
v -1.082052 1.957356 7.171509
v -1.086804 2.009704 7.143798
v -1.045906 2.073636 7.242006
v -1.007803 2.073970 7.339608
v -0.907842 2.212298 7.440643
v -0.907842 2.166841 7.474266
v -0.907842 2.166841 7.474266
v -0.907842 2.212298 7.440643
v -0.625844 2.322924 7.601832
v -0.625844 2.276870 7.633554
v -0.358659 2.383475 7.689235
v -0.358659 2.338220 7.721258
v -1.038733 2.421683 6.921499
v -1.033981 2.452512 6.904852
v -1.000351 2.497402 6.969328
v -0.982277 2.497600 7.029029
v -0.885390 2.588968 7.106885
v -0.889675 2.567923 7.133049
v -0.625378 2.722048 7.294912
v -0.625471 2.696915 7.314169
v -0.625471 2.696915 7.314169
v -0.625378 2.722048 7.294912
v -0.358566 2.771133 7.362095
v -0.358566 2.747798 7.382756
v -0.032410 2.758370 7.398974
v -0.032410 2.781406 7.377913
v 0.032803 0.976568 7.691738
v 0.000476 0.965676 4.518114
v 0.000476 0.976568 7.691738
v 0.195741 0.965676 4.518114
v 0.195741 0.976568 7.691738
v 0.000476 0.944195 -0.481333
v 0.617387 1.078460 7.637612
v 0.759084 1.191804 7.201604
v 0.814608 1.237691 7.443783
v 0.898919 1.313874 7.512713
v 0.861654 1.275774 7.454048
v -0.712949 2.653717 7.254195
v -0.696460 2.294693 7.561384
v -0.731302 2.281027 7.541461
v -0.745369 2.637855 7.231968
v 0.788989 1.212286 6.097037
v 0.000476 1.212286 6.097037
v 0.908328 1.309062 6.111102
v 1.057292 1.671073 6.163619
v 1.079185 1.912014 6.198530
v 1.084775 1.978305 6.203742
v 1.112350 2.070092 6.211899
v 0.147763 1.412140 6.123877
v 0.000476 1.412340 6.124078
v 0.360077 2.407614 6.257674
v 1.046765 2.494997 6.267723
v 0.273530 2.721543 6.300009
v 0.000476 3.062663 6.346990
v 0.000476 2.721541 6.300909
v 0.938978 2.712149 6.296193
v 0.877958 2.797334 6.305538
v 0.839389 2.874919 6.313970
v 0.760668 2.951590 6.331001
v -0.907376 1.309062 6.111102
v 0.000476 1.212286 6.097037
v -0.788037 1.212286 6.097037
v -1.056340 1.671073 6.163619
v -1.078233 1.912014 6.198530
v -1.083357 1.978006 6.203642
v -1.111398 2.070092 6.211899
v -0.146625 1.412540 6.123978
v 0.000476 1.412340 6.124078
v -0.359125 2.413613 6.258484
v -1.045813 2.494997 6.267723
v -0.268759 2.721543 6.299909
v 0.000476 3.062663 6.346990
v 0.000476 2.721541 6.300909
v -0.938026 2.712149 6.296193
v -0.876167 2.797034 6.305437
v -0.838437 2.874919 6.313970
v -0.759716 2.951590 6.331001
v 0.330452 3.163606 6.850263
v 0.000476 3.175191 6.976483
v 0.127268 3.169419 6.959774
v 0.000476 3.062663 6.346990
v 0.587016 3.101822 6.605857
v -0.126316 3.169419 6.959774
v 0.760668 2.951590 6.331001
v 0.760668 2.852494 6.270232
v -0.329500 3.163606 6.850263
v -0.586064 3.101822 6.605857
v -0.759716 2.951590 6.331001
v 0.788989 1.212286 6.097037
v 0.788989 1.214036 6.595641
v 0.000476 1.214036 6.595641
v 0.000476 1.212286 6.097037
v -0.788037 1.214036 6.595641
v -0.788037 1.212286 6.097037
v -0.768101 1.198085 6.625514
v 0.000476 1.189959 6.640700
v -0.758132 1.189959 6.640700
v -0.788037 1.214036 6.595641
v 0.000476 1.214036 6.595641
v 0.788989 1.214036 6.595641
v 0.768214 1.197283 6.626912
v 0.759084 1.189959 6.640700
v 0.759084 1.189959 6.640700
v 0.759084 1.191804 7.201604
v 0.000476 1.191804 7.201604
v 0.000476 1.189959 6.640700
v -0.758132 1.191804 7.201604
v -0.758132 1.189959 6.640700
v 0.759084 1.191804 7.201604
v 0.814608 1.237691 7.443783
v 0.000476 1.237691 7.443783
v 0.000476 1.191804 7.201604
v -0.813656 1.237691 7.443783
v -0.758132 1.191804 7.201604
v 0.617387 1.078460 7.637612
v 0.829700 1.275873 7.454147
v 0.898919 1.313874 7.512713
v 0.740173 1.199867 7.516818
v 0.814608 1.237691 7.443783
v 0.000476 1.237691 7.443783
v -0.734563 1.196059 7.521412
v -0.813656 1.237691 7.443783
v -0.616435 1.078460 7.637612
v -0.194789 0.976568 7.691738
v -0.031851 0.976568 7.691738
v 0.032803 0.976568 7.691738
v 0.195741 0.976568 7.691738
v 0.617387 1.078460 7.637612
v 0.740173 1.199867 7.516818
v 0.814608 1.237691 7.443783
v -0.616435 1.078460 7.637612
v -0.826419 1.275873 7.454147
v -0.813656 1.237691 7.443783
v -0.897967 1.313874 7.512713
v -0.813656 1.237691 7.443783
v -0.826419 1.275873 7.454147
v -0.860702 1.275774 7.454048
v -0.866013 1.313732 7.478812
v -0.907376 1.313607 7.434512
v 0.359331 3.111005 6.968274
v -0.000176 3.148366 6.990838
v 0.033082 3.148428 7.013438
v 0.339861 3.107463 6.934168
v 0.626051 3.041230 6.894655
v 0.597544 3.043694 6.857059
v 0.789921 2.884020 6.724387
v 0.831936 2.876463 6.757974
v 0.850941 2.814448 6.649268
v 0.921743 2.746885 6.334152
v 0.855226 2.810838 6.302861
v 0.921743 2.747895 6.621555
v 0.759084 1.189959 6.640700
v 0.883081 1.310796 6.619106
v 0.908328 1.310860 6.640306
v 0.733838 1.189896 6.619500
v 0.908328 1.310737 6.595306
v 0.788989 1.214036 6.595641
v 0.908328 1.310860 6.640306
v 0.883081 1.310796 6.619106
v 1.032046 1.672599 6.617822
v 1.057292 1.672663 6.639022
v 1.065863 1.971010 6.611930
v 1.079185 1.913565 6.638233
v 0.908328 1.313607 7.434512
v 0.875163 1.313735 7.476812
v 0.829700 1.275873 7.454147
v 0.861654 1.275774 7.454048
v 1.078905 1.909942 6.593226
v 1.065863 1.971010 6.611930
v 1.032046 1.672599 6.617822
v 1.057292 1.672540 6.594022
v 0.883081 1.310796 6.619106
v 0.908328 1.310737 6.595306
v 0.349363 3.135683 6.922616
v 0.339861 3.107463 6.934168
v 0.597544 3.043694 6.857059
v 0.619623 3.053320 6.841775
v 0.127268 3.169419 6.959774
v 0.339861 3.107463 6.934168
v 0.349363 3.135683 6.922616
v -0.000176 3.148366 6.990838
v 0.000476 3.175191 6.976483
v 0.033082 3.148428 7.013438
v 0.002153 2.764119 7.370284
v 0.033362 2.758370 7.398974
v -0.000176 2.366346 7.706106
v 0.033548 2.397839 7.710160
v 0.334364 2.355056 7.700087
v 0.359611 2.383475 7.689235
v 0.196207 2.075918 7.898512
v 0.359611 2.338220 7.721258
v 0.221453 2.075982 7.919712
v 0.009140 1.677801 8.142534
v 0.034387 1.677865 8.163734
v 0.007836 1.486326 8.186708
v 0.033082 1.483789 8.208304
v 0.006531 1.317165 8.163220
v 0.031871 1.317229 8.184419
v 0.006811 1.207935 8.122334
v 0.032058 1.198106 8.138917
v 0.006997 1.090186 8.033633
v 0.032337 1.079856 8.050815
v -0.334903 2.356871 7.691790
v -0.188547 2.075920 7.897012
v -0.625844 2.322924 7.601832
v -0.614851 2.296121 7.603287
v -0.358659 2.383475 7.689235
v -0.033435 1.677865 8.163734
v -0.220501 2.075982 7.919712
v 0.009140 1.677801 8.142534
v -0.032130 1.483789 8.208203
v 0.007836 1.486326 8.186708
v -0.030919 1.317229 8.184419
v 0.006531 1.317165 8.163220
v -0.031106 1.198106 8.138917
v 0.006811 1.207935 8.122334
v -0.031385 1.079856 8.050815
v 0.006997 1.090186 8.033633
v -0.000176 2.366346 7.706106
v -0.334903 2.356871 7.691790
v -0.358659 2.383475 7.689235
v -0.032596 2.397839 7.710160
v 0.002153 2.764119 7.370284
v -0.032410 2.758370 7.398974
v -0.358566 2.771133 7.362095
v -0.352603 2.752343 7.356564
v -0.032410 2.781406 7.377913
v -0.000176 3.148366 6.990838
v -0.032130 3.148428 7.013438
v -0.348411 3.135683 6.922616
v -0.344964 3.107062 6.934667
v -0.126316 3.169419 6.959774
v 0.000476 3.175191 6.976483
v 1.057292 1.675001 7.321127
v 1.068006 1.981425 7.131349
v 1.083004 1.957356 7.171509
v 1.004097 2.079170 7.281116
v 1.008755 2.073970 7.339608
v 0.896683 2.187802 7.438602
v 0.908794 2.166841 7.474266
v 1.046858 2.073636 7.242006
v 1.004097 2.079170 7.281116
v 1.068006 1.981425 7.131349
v 1.087756 2.009704 7.143798
v 1.106760 2.011470 6.928700
v 1.065863 1.971010 6.611930
v 1.106760 2.009191 6.270895
v 1.070428 1.969739 6.184028
v 0.908794 2.212298 7.440643
v 0.896683 2.187802 7.438602
v 1.004097 2.079170 7.281116
v 0.626796 2.322924 7.601832
v 0.621672 2.293719 7.604882
v 0.359611 2.383475 7.689235
v 0.334364 2.355056 7.700087
v 0.621672 2.293719 7.604882
v 0.626796 2.322924 7.601832
v 0.908794 2.166841 7.474266
v 0.896683 2.187802 7.438602
v 0.621672 2.293719 7.604882
v 0.626796 2.276870 7.633554
v 0.334364 2.355056 7.700087
v 0.359611 2.338220 7.721258
v 1.037822 2.420087 6.919296
v 1.039685 2.408676 6.867277
v 0.979782 2.485882 6.981109
v 0.979969 2.495508 7.024625
v 0.878330 2.571673 7.103855
v 0.888578 2.564933 7.127244
v 0.621952 2.698965 7.284772
v 0.626423 2.693722 7.309764
v 0.357282 2.751544 7.355862
v 0.359518 2.745205 7.378351
v 0.001687 2.766501 7.380788
v 0.030567 2.756378 7.394471
v 0.884293 2.585977 7.101179
v 0.979782 2.485882 6.981109
v 0.997017 2.495309 6.964925
v 0.878330 2.571673 7.103855
v 0.626330 2.715264 7.285000
v 0.621952 2.698965 7.284772
v 0.359518 2.766144 7.355887
v 0.357282 2.751544 7.355862
v 0.030474 2.779314 7.373509
v 0.001687 2.766501 7.380788
v 0.221453 2.075982 7.919712
v 0.196207 2.075918 7.898512
v 0.009140 1.677801 8.142534
v 0.034387 1.677865 8.163734
v 0.032616 1.001597 7.850981
v 0.007556 0.987591 7.677957
v 0.032803 0.976568 7.691738
v 0.007370 1.011411 7.842598
v 0.032337 1.079856 8.050815
v -0.031851 0.976568 7.691738
v 0.006997 1.090186 8.033633
v -0.031664 1.001597 7.850981
v -0.031385 1.079856 8.050815
v 0.997017 2.495309 6.964925
v 0.979782 2.485882 6.981109
v 1.039685 2.408676 6.867277
v 1.031393 2.450915 6.902649
v -0.907376 1.310860 6.640306
v -0.726178 1.189898 6.617999
v -0.758132 1.189959 6.640700
v -0.883620 1.317899 6.617618
v -1.056340 1.672663 6.639022
v -1.032584 1.674302 6.616425
v -1.078233 1.913565 6.638233
v -1.059414 1.966605 6.614723
v -1.056340 1.672540 6.594022
v -1.059414 1.966605 6.614723
v -1.077953 1.909942 6.593226
v -1.032584 1.674302 6.616425
v -0.907376 1.310737 6.595306
v -0.883620 1.317899 6.617618
v -0.788037 1.214036 6.595641
v -0.726178 1.189898 6.617999
v -0.798564 2.908645 6.709629
v -0.800427 2.882514 6.728084
v -0.593145 3.041175 6.868155
v -0.618671 3.053320 6.841775
v -0.618671 3.053320 6.841775
v -0.593145 3.041175 6.868155
v -0.344964 3.107062 6.934667
v -0.348411 3.135683 6.922616
v -1.082052 1.957356 7.171509
v -1.056433 1.975324 7.132039
v -1.024386 1.674940 7.298427
v -1.056340 1.675001 7.321127
v -0.866013 1.313732 7.478812
v -0.897967 1.313874 7.512713
v -0.826419 1.275873 7.454147
v -1.045906 2.073636 7.242006
v -0.895172 2.185091 7.444897
v -0.907842 2.212298 7.440643
v -1.021405 2.065083 7.273592
v -0.907842 2.166841 7.474266
v -1.007803 2.073970 7.339608
v -1.056433 1.975324 7.132039
v -0.625844 2.276870 7.633554
v -0.895172 2.185091 7.444897
v -0.907842 2.166841 7.474266
v -0.614851 2.296121 7.603287
v -0.358659 2.338220 7.721258
v -0.334903 2.356871 7.691790
v -0.220501 2.075982 7.919712
v -0.188547 2.075920 7.897012
v -0.982277 2.497600 7.029029
v -1.020753 2.406769 6.871274
v -1.038733 2.421683 6.921499
v -0.976781 2.495957 6.995426
v -0.889675 2.567923 7.133049
v -0.873838 2.575451 7.116961
v -0.625471 2.696915 7.314169
v -0.618484 2.701154 7.291176
v -0.358566 2.747798 7.382756
v -0.352603 2.752343 7.356564
v -0.032410 2.758370 7.398974
v 0.002153 2.764119 7.370284
v -1.033981 2.452512 6.904852
v -1.020753 2.406769 6.871274
v -0.976781 2.495957 6.995426
v -1.000351 2.497402 6.969328
v -1.000351 2.497402 6.969328
v -0.976781 2.495957 6.995426
v -0.873838 2.575451 7.116961
v -0.885390 2.588968 7.106885
v -0.885390 2.588968 7.106885
v -0.873838 2.575451 7.116961
v -0.618484 2.701154 7.291176
v -0.625378 2.722048 7.294912
v -0.625378 2.722048 7.294912
v -0.618484 2.701154 7.291176
v -0.352603 2.752343 7.356564
v -0.358566 2.771133 7.362095
v -0.907842 2.212298 7.440643
v -0.895172 2.185091 7.444897
v -0.614851 2.296121 7.603287
v -0.625844 2.322924 7.601832
v -0.712949 2.653717 7.254195
v -0.725433 2.650775 7.219790
v -0.706521 2.257093 7.561420
v -0.696460 2.294693 7.561384
v -0.731302 2.281027 7.541461
v -0.706521 2.257093 7.561420
v -0.725433 2.650775 7.219790
v -0.745369 2.637855 7.231968
v -1.105808 2.011470 6.928700
v -1.059414 1.966605 6.614723
v -1.056433 1.975324 7.132039
v -1.105808 2.009191 6.270895
v -1.064259 1.968541 6.182626
v 0.747253 1.385779 6.101132
v 0.747253 1.390104 7.377842
v 0.000476 1.390104 7.377842
v 0.000476 1.385779 6.101132
v 0.000476 1.385779 6.101132
v 0.000476 1.390104 7.377842
v -0.746301 1.390104 7.377842
v -0.746301 1.385779 6.101132
v 0.747253 1.390104 7.377842
v 0.747253 1.192958 7.463107
v 0.000476 1.193058 7.463107
v 0.000476 1.390104 7.377842
v 0.000476 1.390104 7.377842
v 0.000476 1.193058 7.463107
v -0.746301 1.192958 7.463107
v -0.746301 1.390104 7.377842
v 0.747253 1.385779 6.101132
v 0.747253 1.188178 6.101796
v 0.747253 1.192958 7.463107
v 0.747253 1.390104 7.377842
v -0.746301 1.390104 7.377842
v -0.746301 1.192958 7.463107
v -0.746301 1.188178 6.101796
v -0.746301 1.385779 6.101132
v 0.000476 2.721541 6.300909
v -0.268759 2.721423 6.253008
v -0.268759 2.721543 6.299909
v 0.000476 2.721421 6.254008
v 0.273530 2.721543 6.300009
v 0.273530 2.721423 6.253109
v 0.360077 2.407614 6.257674
v 0.360077 2.407494 6.210774
v 0.273530 2.721423 6.253109
v 0.273530 2.721543 6.300009
v -0.359125 2.413613 6.258484
v -0.359125 2.413493 6.211484
v -0.148022 1.412420 6.076978
v -0.146625 1.412540 6.123978
v -0.268759 2.721543 6.299909
v -0.268759 2.721423 6.253008
v -0.359125 2.413493 6.211484
v -0.359125 2.413613 6.258484
v -0.146625 1.412540 6.123978
v -0.148022 1.412420 6.076978
v 0.000476 1.412220 6.077077
v 0.000476 1.412340 6.124078
v 0.149067 1.412020 6.076977
v 0.147763 1.412140 6.123877
v 0.147763 1.412140 6.123877
v 0.149067 1.412020 6.076977
v 0.360077 2.407494 6.210774
v 0.360077 2.407614 6.257674
v -0.073028 1.275047 7.704247
v 0.140590 1.275047 7.704247
v 0.140590 1.165796 7.499660
v -0.073028 1.165796 7.499660
v -0.073028 1.275047 7.704247
v -0.073028 1.779611 7.784706
v 0.140590 1.779611 7.784706
v 0.140590 1.275047 7.704247
v -0.073028 1.779611 7.784706
v -0.073028 1.777649 7.234302
v 0.140590 1.777649 7.234302
v 0.140590 1.779611 7.784706
v -0.073028 1.777649 7.234302
v -0.073028 1.532695 6.561683
v 0.140590 1.532695 6.561683
v 0.140590 1.777649 7.234302
v -0.073028 1.532695 6.561683
v -0.073028 1.371996 6.619710
v 0.140590 1.371996 6.619710
v 0.140590 1.532695 6.561683
v 0.140590 1.275047 7.704247
v 0.140590 1.779611 7.784706
v 0.140590 1.777649 7.234302
v 0.140590 1.165796 7.499660
v 0.140590 1.371996 6.619710
v 0.140590 1.532695 6.561683
v -0.073028 1.777649 7.234302
v -0.073028 1.779611 7.784706
v -0.073028 1.275047 7.704247
v -0.073028 1.165796 7.499660
v -0.073028 1.371996 6.619710
v -0.073028 1.532695 6.561683
v -0.210813 1.248085 7.564700
v -0.210813 1.780189 7.562907
v 0.213814 1.780189 7.562907
v 0.213814 1.248085 7.564700
v 0.213814 1.248085 7.564700
v 0.213814 1.246962 7.226098
v -0.210813 1.246962 7.226098
v -0.210813 1.248085 7.564700
v 0.213814 1.780189 7.562907
v 0.213814 1.779733 7.419506
v 0.213814 1.246962 7.226098
v 0.213814 1.248085 7.564700
v -0.210813 1.248085 7.564700
v -0.210813 1.246962 7.226098
v -0.210813 1.779733 7.419506
v -0.210813 1.780189 7.562907
v -0.210813 1.246962 7.226098
v 0.213814 1.246962 7.226098
v 0.213814 1.779733 7.419506
v -0.210813 1.779733 7.419506
v 0.401161 2.358245 6.298290
v 0.611331 2.358244 6.298790
v 0.684463 2.282618 6.314361
v 0.327936 2.282519 6.313561
v 0.722752 1.951227 6.425796
v 0.289554 1.951229 6.424796
v 0.593351 1.727216 6.431915
v 0.418954 1.727217 6.431515
v 0.272412 1.735619 6.606629
v 0.335016 1.749007 6.965553
v 0.272226 1.745916 6.901548
v 0.676730 1.749007 6.965353
v 0.739614 1.745916 6.901348
v 0.739707 1.735717 6.607730
v 0.272226 1.745916 6.901548
v 0.319645 1.555253 6.879623
v 0.318620 1.553433 6.422119
v 0.272412 1.735619 6.606629
v 0.289554 1.951229 6.424796
v 0.361195 2.230664 6.287173
v 0.327936 2.282519 6.313561
v 0.739707 1.735717 6.607730
v 0.692195 1.555253 6.879423
v 0.739614 1.745916 6.901348
v 0.693685 1.553531 6.423119
v 0.722752 1.951227 6.425796
v 0.684463 2.282618 6.314361
v 0.651204 2.230762 6.288073
v 0.335016 1.749007 6.965553
v 0.319645 1.555253 6.879623
v 0.272226 1.745916 6.901548
v 0.369672 1.558344 6.943628
v 0.676730 1.749007 6.965353
v 0.642074 1.558344 6.943428
v 0.739614 1.745916 6.901348
v 0.692195 1.555253 6.879423
v 0.611331 2.358244 6.298790
v 0.651204 2.230762 6.288073
v 0.684463 2.282618 6.314361
v 0.581706 2.306389 6.272401
v 0.401161 2.358245 6.298290
v 0.430693 2.306390 6.271901
v 0.327936 2.282519 6.313561
v 0.361195 2.230664 6.287173
v 0.318620 1.553433 6.422119
v 0.693685 1.553531 6.423119
v 0.692195 1.555253 6.879423
v 0.693685 1.553531 6.423119
v 0.318620 1.553433 6.422119
v 0.642074 1.558344 6.943428
v 0.369672 1.558344 6.943628
v 0.319645 1.555253 6.879623
v 0.338277 1.566330 6.892841
v 0.338277 1.375502 6.674516
v 0.338557 1.375786 6.449316
v 0.338557 1.565984 6.450840
v 0.673563 1.566331 6.892642
v 0.673563 1.375503 6.674316
v 0.338277 1.375502 6.674516
v 0.338277 1.566330 6.892841
v 0.673749 1.565982 6.451740
v 0.673749 1.375884 6.450216
v 0.673563 1.375503 6.674316
v 0.673563 1.566331 6.892642
v 0.338557 1.565984 6.450840
v 0.338557 1.375786 6.449316
v 0.673749 1.375884 6.450216
v 0.673749 1.565982 6.451740
v -0.610100 2.358245 6.298290
v -0.399929 2.358244 6.298790
v -0.326705 2.282618 6.314361
v -0.683231 2.282519 6.313561
v -0.288416 1.951227 6.425796
v -0.721613 1.951229 6.424796
v -0.417816 1.727216 6.431915
v -0.592213 1.727217 6.431515
v -0.738755 1.735619 6.606629
v -0.676151 1.749007 6.965553
v -0.738941 1.745916 6.901548
v -0.334437 1.749007 6.965353
v -0.271554 1.745916 6.901348
v -0.271460 1.735717 6.607730
v -0.738941 1.745916 6.901548
v -0.691522 1.555253 6.879623
v -0.692547 1.553433 6.422119
v -0.738755 1.735619 6.606629
v -0.721613 1.951229 6.424796
v -0.649973 2.230664 6.287173
v -0.683231 2.282519 6.313561
v -0.271460 1.735717 6.607730
v -0.318972 1.555253 6.879423
v -0.271554 1.745916 6.901348
v -0.317482 1.553531 6.423119
v -0.288416 1.951227 6.425796
v -0.326705 2.282618 6.314361
v -0.360056 2.230762 6.288073
v -0.676151 1.749007 6.965553
v -0.691522 1.555253 6.879623
v -0.738941 1.745916 6.901548
v -0.641495 1.558344 6.943628
v -0.334437 1.749007 6.965353
v -0.369093 1.558344 6.943428
v -0.271554 1.745916 6.901348
v -0.318972 1.555253 6.879423
v -0.399929 2.358244 6.298790
v -0.360056 2.230762 6.288073
v -0.326705 2.282618 6.314361
v -0.429461 2.306389 6.272401
v -0.610100 2.358245 6.298290
v -0.580475 2.306390 6.271901
v -0.683231 2.282519 6.313561
v -0.649973 2.230664 6.287173
v -0.692547 1.553433 6.422119
v -0.317482 1.553531 6.423119
v -0.318972 1.555253 6.879423
v -0.317482 1.553531 6.423119
v -0.692547 1.553433 6.422119
v -0.369093 1.558344 6.943428
v -0.641495 1.558344 6.943628
v -0.691522 1.555253 6.879623
v -0.675406 1.566330 6.892841
v -0.675406 1.375502 6.674516
v -0.675033 1.375786 6.449316
v -0.675033 1.565984 6.450840
v -0.340120 1.566331 6.892642
v -0.340120 1.375503 6.674316
v -0.675406 1.375502 6.674516
v -0.675406 1.566330 6.892841
v -0.339934 1.565982 6.451740
v -0.339934 1.375884 6.450216
v -0.340120 1.375503 6.674316
v -0.340120 1.566331 6.892642
v -0.675033 1.565984 6.450840
v -0.675033 1.375786 6.449316
v -0.339934 1.375884 6.450216
v -0.339934 1.565982 6.451740
v 0.788989 1.557074 6.456425
v 0.747719 1.553885 6.567520
v 0.747719 1.557074 6.456425
v 0.788989 1.553885 6.567520
v 0.747719 1.469396 6.678376
v 0.788989 1.469396 6.678376
v 0.788989 1.340177 6.689356
v 0.747719 1.340177 6.689356
v 0.747719 1.553885 6.567520
v 0.747719 1.469396 6.678376
v 0.747719 1.340177 6.689356
v 0.747719 1.557074 6.456425
v 0.747719 1.339364 6.344954
v 0.788989 1.557074 6.456425
v 0.788989 1.469396 6.678376
v 0.788989 1.553885 6.567520
v 0.788989 1.340177 6.689356
v 0.788989 1.339364 6.344954
v 0.787592 1.526529 6.600073
v 0.785449 1.867470 6.928955
v 0.751632 1.867470 6.928955
v 0.749396 1.526529 6.600073
v 0.751632 1.867470 6.928955
v 0.768494 1.498595 6.620026
v 0.749396 1.526529 6.600073
v 0.768494 1.845843 6.944418
v 0.787592 1.526529 6.600073
v 0.785449 1.867470 6.928955
v 0.807807 1.848734 6.949623
v 0.744458 1.829860 6.934691
v 0.725919 1.864294 6.973449
v 0.793088 1.829860 6.934691
v 0.744458 1.859012 6.903940
v 0.793088 1.859012 6.903940
v 0.725919 1.864294 6.973449
v 0.729739 1.904813 6.961918
v 0.811534 1.889254 6.937992
v 0.807807 1.848734 6.949623
v 0.744458 1.829860 6.934691
v 0.729739 1.904813 6.961918
v 0.725919 1.864294 6.973449
v 0.744458 1.859012 6.903940
v 0.811534 1.889254 6.937992
v 0.744458 1.859012 6.903940
v 0.793088 1.859012 6.903940
v 0.807807 1.848734 6.949623
v 0.793088 1.829860 6.934691
v -0.575630 1.172255 7.699372
v 0.579191 1.208618 7.662733
v 0.579191 1.172255 7.699372
v -0.575630 1.208618 7.662733
v 0.579191 1.172479 7.626872
v -0.575630 1.172479 7.626872
v 0.579191 1.172255 7.699372
v 0.579191 1.136116 7.663510
v -0.575630 1.136116 7.663510
v -0.575630 1.172255 7.699372
v -0.575630 1.136116 7.663510
v 0.579191 1.136116 7.663510
v 0.579191 1.172479 7.626872
v -0.575630 1.172479 7.626872
v 0.578259 1.171493 7.618470
v -0.575258 1.171493 7.618470
v -0.575258 1.207856 7.581832
v 0.578259 1.207856 7.581832
v -0.575258 1.171493 7.618470
v 0.578259 1.171493 7.618470
v 0.578259 1.135454 7.582609
v -0.575258 1.135454 7.582609
v 0.578259 1.207856 7.581832
v -0.575258 1.207856 7.581832
v -0.575258 1.171817 7.545970
v 0.578259 1.171817 7.545970
v 0.578259 1.135454 7.582609
v 0.578259 1.171817 7.545970
v -0.575258 1.171817 7.545970
v -0.575258 1.135454 7.582609
v 0.442245 1.484503 7.495903
v 0.442245 1.336912 7.548852
v 0.465907 1.336912 7.548852
v 0.465907 1.484503 7.495903
v 0.465907 1.336912 7.548852
v 0.465907 1.492679 7.510017
v 0.465907 1.484503 7.495903
v 0.465907 1.360633 7.595592
v 0.465907 1.360633 7.595592
v 0.465907 1.161600 7.555953
v 0.465907 1.169999 7.615368
v 0.442245 1.484503 7.495903
v 0.442245 1.492679 7.510017
v 0.442245 1.360633 7.595592
v 0.442245 1.336912 7.548852
v 0.442245 1.492679 7.510017
v 0.465907 1.492679 7.510017
v 0.465907 1.360633 7.595592
v 0.442245 1.360633 7.595592
v 0.327284 1.501860 7.520833
v 0.327284 1.514883 7.507755
v 0.467305 1.514883 7.507755
v 0.467305 1.501860 7.520833
v 0.467305 1.501860 7.520833
v 0.467305 1.462427 7.481865
v 0.327284 1.462427 7.481865
v 0.327284 1.501860 7.520833
v 0.327284 1.514883 7.507755
v 0.327284 1.475349 7.468788
v 0.467305 1.475349 7.468788
v 0.467305 1.514883 7.507755
v 0.327284 1.462427 7.481865
v 0.467305 1.462427 7.481865
v 0.467305 1.475349 7.468788
v 0.327284 1.475349 7.468788
v 0.467305 1.501860 7.520833
v 0.467305 1.514883 7.507755
v 0.467305 1.475349 7.468788
v 0.467305 1.462427 7.481865
v 0.327284 1.514883 7.507755
v 0.327284 1.501860 7.520833
v 0.327284 1.462427 7.481865
v 0.327284 1.475349 7.468788
v 0.533542 1.501860 7.520833
v 0.533542 1.514883 7.507755
v 0.673563 1.514883 7.507755
v 0.673563 1.501860 7.520833
v 0.673563 1.501860 7.520833
v 0.673563 1.462427 7.481865
v 0.533542 1.462427 7.481865
v 0.533542 1.501860 7.520833
v 0.533542 1.514883 7.507755
v 0.533542 1.475349 7.468788
v 0.673563 1.475349 7.468788
v 0.673563 1.514883 7.507755
v 0.533542 1.462427 7.481865
v 0.673563 1.462427 7.481865
v 0.673563 1.475349 7.468788
v 0.533542 1.475349 7.468788
v 0.673563 1.501860 7.520833
v 0.673563 1.514883 7.507755
v 0.673563 1.475349 7.468788
v 0.673563 1.462427 7.481865
v 0.533542 1.514883 7.507755
v 0.533542 1.501860 7.520833
v 0.533542 1.462427 7.481865
v 0.533542 1.475349 7.468788
v 0.533728 1.484503 7.495903
v 0.533728 1.328142 7.590137
v 0.557391 1.328142 7.590137
v 0.557391 1.484503 7.495903
v 0.557391 1.328142 7.590137
v 0.557391 1.492679 7.510017
v 0.557391 1.484503 7.495903
v 0.557391 1.351451 7.643577
v 0.557391 1.165067 7.634159
v 0.557391 1.173465 7.693574
v 0.533728 1.484503 7.495903
v 0.533728 1.492679 7.510017
v 0.533728 1.351451 7.643577
v 0.533728 1.328142 7.590137
v 0.533728 1.492679 7.510017
v 0.557391 1.492679 7.510017
v 0.557391 1.351451 7.643577
v 0.533728 1.351451 7.643577
v 0.378429 1.676055 6.115727
v 0.378429 1.401608 6.084259
v 0.526928 1.401608 6.084259
v 0.526928 1.676055 6.115727
v 0.526928 1.676055 6.115727
v 0.378429 1.509764 6.344644
v 0.378429 1.676055 6.115727
v 0.526928 1.509764 6.344644
v 0.526928 1.401508 6.319060
v 0.378429 1.401508 6.319060
v 0.526928 1.676055 6.115727
v 0.526928 1.401608 6.084259
v 0.526928 1.401508 6.319060
v 0.526928 1.509764 6.344644
v 0.378429 1.401608 6.084259
v 0.378429 1.676055 6.115727
v 0.378429 1.509764 6.344644
v 0.378429 1.401508 6.319060
v -0.348225 1.571292 7.560851
v -0.384744 1.571192 7.560851
v -0.384744 1.576004 7.554059
v -0.348225 1.576004 7.554059
v -0.348225 1.576004 7.554059
v -0.339561 1.511180 7.509049
v -0.339561 1.506469 7.515841
v -0.348225 1.571292 7.560851
v -0.384744 1.576004 7.554059
v -0.429088 1.511180 7.509049
v -0.339561 1.511180 7.509049
v -0.348225 1.576004 7.554059
v -0.384744 1.571192 7.560851
v -0.429088 1.506469 7.515841
v -0.429088 1.511180 7.509049
v -0.384744 1.576004 7.554059
v -0.348225 1.571292 7.560851
v -0.339561 1.506469 7.515841
v -0.429088 1.506469 7.515841
v -0.384744 1.571192 7.560851
v -0.618764 1.571292 7.560851
v -0.655283 1.571192 7.560851
v -0.655283 1.576004 7.554059
v -0.618764 1.576004 7.554059
v -0.618764 1.576004 7.554059
v -0.575910 1.511180 7.509049
v -0.575910 1.506469 7.515841
v -0.618764 1.571292 7.560851
v -0.655283 1.576004 7.554059
v -0.665437 1.511180 7.509049
v -0.575910 1.511180 7.509049
v -0.618764 1.576004 7.554059
v -0.655283 1.571192 7.560851
v -0.665437 1.506469 7.515841
v -0.665437 1.511180 7.509049
v -0.655283 1.576004 7.554059
v -0.618764 1.571292 7.560851
v -0.575910 1.506469 7.515841
v -0.665437 1.506469 7.515841
v -0.655283 1.571192 7.560851
v -0.561470 1.484503 7.495903
v -0.561470 1.336912 7.548852
v -0.537807 1.336912 7.548852
v -0.537807 1.484503 7.495903
v -0.537807 1.336912 7.548852
v -0.537807 1.492679 7.510017
v -0.537807 1.484503 7.495903
v -0.537807 1.360633 7.595592
v -0.537807 1.360633 7.595592
v -0.537807 1.161600 7.555953
v -0.537807 1.169999 7.615368
v -0.561470 1.484503 7.495903
v -0.561470 1.492679 7.510017
v -0.561470 1.360633 7.595592
v -0.561470 1.336912 7.548852
v -0.561470 1.492679 7.510017
v -0.537807 1.492679 7.510017
v -0.537807 1.360633 7.595592
v -0.561470 1.360633 7.595592
v -0.676430 1.501860 7.520833
v -0.676430 1.514883 7.507755
v -0.536410 1.514883 7.507755
v -0.536410 1.501860 7.520833
v -0.536410 1.501860 7.520833
v -0.536410 1.462427 7.481865
v -0.676430 1.462427 7.481865
v -0.676430 1.501860 7.520833
v -0.676430 1.514883 7.507755
v -0.676430 1.475349 7.468788
v -0.536410 1.475349 7.468788
v -0.536410 1.514883 7.507755
v -0.676430 1.462427 7.481865
v -0.536410 1.462427 7.481865
v -0.536410 1.475349 7.468788
v -0.676430 1.475349 7.468788
v -0.536410 1.501860 7.520833
v -0.536410 1.514883 7.507755
v -0.536410 1.475349 7.468788
v -0.536410 1.462427 7.481865
v -0.676430 1.514883 7.507755
v -0.676430 1.501860 7.520833
v -0.676430 1.462427 7.481865
v -0.676430 1.475349 7.468788
v -0.470172 1.501860 7.520833
v -0.470172 1.514883 7.507755
v -0.330152 1.514883 7.507755
v -0.330152 1.501860 7.520833
v -0.330152 1.501860 7.520833
v -0.330152 1.462427 7.481865
v -0.470172 1.462427 7.481865
v -0.470172 1.501860 7.520833
v -0.470172 1.514883 7.507755
v -0.470172 1.475349 7.468788
v -0.330152 1.475349 7.468788
v -0.330152 1.514883 7.507755
v -0.470172 1.462427 7.481865
v -0.330152 1.462427 7.481865
v -0.330152 1.475349 7.468788
v -0.470172 1.475349 7.468788
v -0.330152 1.501860 7.520833
v -0.330152 1.514883 7.507755
v -0.330152 1.475349 7.468788
v -0.330152 1.462427 7.481865
v -0.470172 1.514883 7.507755
v -0.470172 1.501860 7.520833
v -0.470172 1.462427 7.481865
v -0.470172 1.475349 7.468788
v -0.469986 1.484503 7.495903
v -0.469986 1.329343 7.589639
v -0.446323 1.329343 7.589639
v -0.446323 1.484503 7.495903
v -0.446323 1.329343 7.589639
v -0.446323 1.492679 7.510017
v -0.446323 1.484503 7.495903
v -0.446323 1.352552 7.642979
v -0.446323 1.166268 7.633561
v -0.446323 1.174566 7.693075
v -0.469986 1.484503 7.495903
v -0.469986 1.492679 7.510017
v -0.469986 1.352552 7.642979
v -0.469986 1.329343 7.589639
v -0.469986 1.492679 7.510017
v -0.446323 1.492679 7.510017
v -0.446323 1.352552 7.642979
v -0.469986 1.352552 7.642979
v -0.531938 1.676055 6.115727
v -0.531938 1.401608 6.084259
v -0.383440 1.401608 6.084259
v -0.383440 1.676055 6.115727
v -0.383440 1.676055 6.115727
v -0.531938 1.509764 6.344644
v -0.531938 1.676055 6.115727
v -0.383440 1.509764 6.344644
v -0.383440 1.401508 6.319060
v -0.531938 1.401508 6.319060
v -0.383440 1.676055 6.115727
v -0.383440 1.401608 6.084259
v -0.383440 1.401508 6.319060
v -0.383440 1.509764 6.344644
v -0.531938 1.401608 6.084259
v -0.531938 1.676055 6.115727
v -0.531938 1.509764 6.344644
v -0.531938 1.401508 6.319060
v 0.483794 1.466219 7.134172
v 0.412713 1.383319 7.134230
v 0.502799 1.382984 7.037529
v 0.502985 1.471653 7.114280
v 0.527859 2.093366 6.990040
v 0.503079 2.090921 7.016136
v 0.478205 2.093366 6.989840
v 0.502985 2.095811 6.963744
v 0.747719 1.339364 6.344954
v 0.788989 1.339364 6.344954
v 0.788989 1.557074 6.456425
v 0.747719 1.557074 6.456425
v -0.219849 1.557074 6.456425
v -0.261120 1.553885 6.567520
v -0.261120 1.557074 6.456425
v -0.219849 1.553885 6.567520
v -0.261120 1.469396 6.678376
v -0.219849 1.469396 6.678376
v -0.219849 1.381277 6.689226
v -0.261120 1.381277 6.689226
v -0.261120 1.553885 6.567520
v -0.261120 1.469396 6.678376
v -0.261120 1.381277 6.689226
v -0.261120 1.557074 6.456425
v -0.261120 1.385464 6.344832
v -0.219849 1.557074 6.456425
v -0.219849 1.469396 6.678376
v -0.219849 1.553885 6.567520
v -0.219849 1.381277 6.689226
v -0.219849 1.385464 6.344832
v -0.221247 1.526529 6.600073
v -0.223483 1.867470 6.928955
v -0.257207 1.867470 6.928955
v -0.259443 1.526529 6.600073
v -0.257207 1.867470 6.928955
v -0.240345 1.498595 6.620026
v -0.259443 1.526529 6.600073
v -0.240345 1.845843 6.944418
v -0.221247 1.526529 6.600073
v -0.223483 1.867470 6.928955
v -0.201124 1.848734 6.949623
v -0.264473 1.829860 6.934691
v -0.282919 1.864294 6.973449
v -0.215843 1.829860 6.934691
v -0.264473 1.859012 6.903940
v -0.215843 1.859012 6.903940
v -0.282919 1.864294 6.973449
v -0.279193 1.904813 6.961918
v -0.197304 1.889254 6.937992
v -0.201124 1.848734 6.949623
v -0.264473 1.829860 6.934691
v -0.279193 1.904813 6.961918
v -0.282919 1.864294 6.973449
v -0.264473 1.859012 6.903940
v -0.197304 1.889254 6.937992
v -0.264473 1.859012 6.903940
v -0.215843 1.859012 6.903940
v -0.201124 1.848734 6.949623
v -0.215843 1.829860 6.934691
v -0.525044 1.466219 7.134172
v -0.596126 1.383319 7.134230
v -0.506039 1.382984 7.037529
v -0.505853 1.471653 7.114280
v -0.480979 2.093366 6.990040
v -0.505760 2.090921 7.016136
v -0.530727 2.093366 6.989840
v -0.505946 2.095811 6.963744
v -0.261120 1.385464 6.344832
v -0.219849 1.385464 6.344832
v -0.219849 1.557074 6.456425
v -0.261120 1.557074 6.456425
v 0.625864 1.482397 6.325397
v 0.296075 1.482397 6.325498
v 0.296075 1.525271 6.282270
v 0.625864 1.525271 6.282270
v 0.296075 1.422297 6.325695
v 0.625864 1.422297 6.325595
v 0.625864 1.380767 6.284424
v 0.296075 1.380767 6.284424
v 0.625864 1.525073 6.222170
v 0.296075 1.525073 6.222170
v 0.296075 1.483543 6.180899
v 0.625864 1.483543 6.180899
v 0.625864 1.380569 6.224224
v 0.625864 1.423343 6.181097
v 0.296075 1.423343 6.181097
v 0.296075 1.380569 6.224224
v 0.625864 1.525271 6.282270
v 0.296075 1.525271 6.282270
v 0.296075 1.525073 6.222170
v 0.625864 1.525073 6.222170
v 0.296075 1.482397 6.325498
v 0.625864 1.482397 6.325397
v 0.625864 1.422297 6.325595
v 0.296075 1.422297 6.325695
v 0.296075 1.380767 6.284424
v 0.625864 1.380767 6.284424
v 0.625864 1.380569 6.224224
v 0.296075 1.380569 6.224224
v 0.625864 1.483543 6.180899
v 0.296075 1.483543 6.180899
v 0.296075 1.423343 6.181097
v 0.625864 1.423343 6.181097
v 0.625864 1.380767 6.284424
v 0.625864 1.422297 6.325595
v 0.625864 1.482397 6.325397
v 0.625864 1.525271 6.282270
v 0.625864 1.380569 6.224224
v 0.625864 1.525073 6.222170
v 0.625864 1.423343 6.181097
v 0.625864 1.483543 6.180899
v 0.296075 1.482397 6.325498
v 0.296075 1.422297 6.325695
v 0.296075 1.380767 6.284424
v 0.296075 1.525271 6.282270
v 0.296075 1.380569 6.224224
v 0.296075 1.525073 6.222170
v 0.296075 1.423343 6.181097
v 0.296075 1.483543 6.180899
v 0.613195 1.522135 6.186065
v 0.613195 1.563853 6.468637
v 0.571924 1.563853 6.468637
v 0.571924 1.522135 6.186065
v 0.571924 1.563853 6.468637
v 0.571924 1.468637 6.477874
v 0.571924 1.385262 6.346232
v 0.571924 1.522135 6.186065
v 0.571924 1.384680 6.100730
v 0.613195 1.563853 6.468637
v 0.613195 1.468637 6.477874
v 0.571924 1.468637 6.477874
v 0.571924 1.563853 6.468637
v 0.613195 1.522135 6.186065
v 0.613195 1.468637 6.477874
v 0.613195 1.563853 6.468637
v 0.613195 1.385262 6.346232
v 0.613195 1.384680 6.100730
v 0.613195 1.385262 6.346232
v 0.571924 1.385262 6.346232
v 0.571924 1.468637 6.477874
v 0.613195 1.468637 6.477874
v 0.571924 1.384680 6.100730
v 0.613195 1.384680 6.100730
v 0.613195 1.522135 6.186065
v 0.571924 1.522135 6.186065
v 0.350667 1.522135 6.186065
v 0.350667 1.563853 6.468637
v 0.309397 1.563853 6.468637
v 0.309397 1.522135 6.186065
v 0.309397 1.563853 6.468637
v 0.309397 1.468637 6.477874
v 0.309397 1.385262 6.346232
v 0.309397 1.522135 6.186065
v 0.309397 1.384680 6.100730
v 0.350667 1.563853 6.468637
v 0.350667 1.468637 6.477874
v 0.309397 1.468637 6.477874
v 0.309397 1.563853 6.468637
v 0.350667 1.522135 6.186065
v 0.350667 1.468637 6.477874
v 0.350667 1.563853 6.468637
v 0.350667 1.385262 6.346232
v 0.350667 1.384680 6.100730
v 0.350667 1.385262 6.346232
v 0.309397 1.385262 6.346232
v 0.309397 1.468637 6.477874
v 0.350667 1.468637 6.477874
v 0.309397 1.384680 6.100730
v 0.350667 1.384680 6.100730
v 0.350667 1.522135 6.186065
v 0.309397 1.522135 6.186065
v -0.295403 1.482397 6.325397
v -0.625192 1.482397 6.325498
v -0.625192 1.525271 6.282270
v -0.295403 1.525271 6.282270
v -0.625192 1.422297 6.325695
v -0.295403 1.422297 6.325595
v -0.295403 1.380767 6.284424
v -0.625192 1.380767 6.284424
v -0.295403 1.525073 6.222170
v -0.625192 1.525073 6.222170
v -0.625192 1.483543 6.180899
v -0.295403 1.483543 6.180899
v -0.295403 1.380569 6.224224
v -0.295403 1.423343 6.181097
v -0.625192 1.423343 6.181097
v -0.625192 1.380569 6.224224
v -0.295403 1.525271 6.282270
v -0.625192 1.525271 6.282270
v -0.625192 1.525073 6.222170
v -0.295403 1.525073 6.222170
v -0.625192 1.482397 6.325498
v -0.295403 1.482397 6.325397
v -0.295403 1.422297 6.325595
v -0.625192 1.422297 6.325695
v -0.625192 1.380767 6.284424
v -0.295403 1.380767 6.284424
v -0.295403 1.380569 6.224224
v -0.625192 1.380569 6.224224
v -0.295403 1.483543 6.180899
v -0.625192 1.483543 6.180899
v -0.625192 1.423343 6.181097
v -0.295403 1.423343 6.181097
v -0.295403 1.380767 6.284424
v -0.295403 1.422297 6.325595
v -0.295403 1.482397 6.325397
v -0.295403 1.525271 6.282270
v -0.295403 1.380569 6.224224
v -0.295403 1.525073 6.222170
v -0.295403 1.423343 6.181097
v -0.295403 1.483543 6.180899
v -0.625192 1.482397 6.325498
v -0.625192 1.422297 6.325695
v -0.625192 1.380767 6.284424
v -0.625192 1.525271 6.282270
v -0.625192 1.380569 6.224224
v -0.625192 1.525073 6.222170
v -0.625192 1.423343 6.181097
v -0.625192 1.483543 6.180899
v -0.308073 1.522135 6.186065
v -0.308073 1.563853 6.468637
v -0.349343 1.563853 6.468637
v -0.349343 1.522135 6.186065
v -0.349343 1.563853 6.468637
v -0.349343 1.468637 6.477874
v -0.349343 1.385262 6.346232
v -0.349343 1.522135 6.186065
v -0.349343 1.384680 6.100730
v -0.308073 1.563853 6.468637
v -0.308073 1.468637 6.477874
v -0.349343 1.468637 6.477874
v -0.349343 1.563853 6.468637
v -0.308073 1.522135 6.186065
v -0.308073 1.468637 6.477874
v -0.308073 1.563853 6.468637
v -0.308073 1.385262 6.346232
v -0.308073 1.384680 6.100730
v -0.308073 1.385262 6.346232
v -0.349343 1.385262 6.346232
v -0.349343 1.468637 6.477874
v -0.308073 1.468637 6.477874
v -0.349343 1.384680 6.100730
v -0.308073 1.384680 6.100730
v -0.308073 1.522135 6.186065
v -0.349343 1.522135 6.186065
v -0.570693 1.522135 6.186065
v -0.570693 1.563853 6.468637
v -0.611963 1.563853 6.468637
v -0.611963 1.522135 6.186065
v -0.611963 1.563853 6.468637
v -0.611963 1.468637 6.477874
v -0.611963 1.385262 6.346232
v -0.611963 1.522135 6.186065
v -0.611963 1.384680 6.100730
v -0.570693 1.563853 6.468637
v -0.570693 1.468637 6.477874
v -0.611963 1.468637 6.477874
v -0.611963 1.563853 6.468637
v -0.570693 1.522135 6.186065
v -0.570693 1.468637 6.477874
v -0.570693 1.563853 6.468637
v -0.570693 1.385262 6.346232
v -0.570693 1.384680 6.100730
v -0.570693 1.385262 6.346232
v -0.611963 1.385262 6.346232
v -0.611963 1.468637 6.477874
v -0.570693 1.468637 6.477874
v -0.611963 1.384680 6.100730
v -0.570693 1.384680 6.100730
v -0.570693 1.522135 6.186065
v -0.611963 1.522135 6.186065
v 0.574999 1.384326 7.247232
v 0.574999 1.386156 7.640836
v 0.669743 1.386156 7.640836
v 0.669743 1.384326 7.247232
v 0.669743 1.386156 7.640836
v 0.669743 1.402362 7.636963
v 0.669743 1.400533 7.243460
v 0.669743 1.384326 7.247232
v 0.574999 1.384326 7.247232
v 0.574999 1.400533 7.243460
v 0.574999 1.402362 7.636963
v 0.574999 1.386156 7.640836
v 0.574999 1.400533 7.243460
v 0.669743 1.400533 7.243460
v 0.669743 1.402362 7.636963
v 0.574999 1.402362 7.636963
v 0.336973 1.384326 7.247232
v 0.336973 1.386156 7.640836
v 0.431717 1.386156 7.640836
v 0.431717 1.384326 7.247232
v 0.431717 1.386156 7.640836
v 0.431717 1.402362 7.636963
v 0.431717 1.400533 7.243460
v 0.431717 1.384326 7.247232
v 0.336973 1.384326 7.247232
v 0.336973 1.400533 7.243460
v 0.336973 1.402362 7.636963
v 0.336973 1.386156 7.640836
v 0.336973 1.400533 7.243460
v 0.431717 1.400533 7.243460
v 0.431717 1.402362 7.636963
v 0.336973 1.402362 7.636963
v -0.431324 1.384326 7.247232
v -0.431324 1.386156 7.640836
v -0.336580 1.386156 7.640836
v -0.336580 1.384326 7.247232
v -0.336580 1.386156 7.640836
v -0.336580 1.402362 7.636963
v -0.336580 1.400533 7.243460
v -0.336580 1.384326 7.247232
v -0.431324 1.384326 7.247232
v -0.431324 1.400533 7.243460
v -0.431324 1.402362 7.636963
v -0.431324 1.386156 7.640836
v -0.431324 1.400533 7.243460
v -0.336580 1.400533 7.243460
v -0.336580 1.402362 7.636963
v -0.431324 1.402362 7.636963
v -0.669350 1.384326 7.247232
v -0.669350 1.386156 7.640836
v -0.574606 1.386156 7.640836
v -0.574606 1.384326 7.247232
v -0.574606 1.386156 7.640836
v -0.574606 1.402362 7.636963
v -0.574606 1.400533 7.243460
v -0.574606 1.384326 7.247232
v -0.669350 1.384326 7.247232
v -0.669350 1.400533 7.243460
v -0.669350 1.402362 7.636963
v -0.669350 1.386156 7.640836
v -0.669350 1.400533 7.243460
v -0.574606 1.400533 7.243460
v -0.574606 1.402362 7.636963
v -0.669350 1.402362 7.636963
v 0.465907 1.336912 7.548852
v 0.442245 1.336912 7.548852
v 0.442245 1.161600 7.555953
v 0.465907 1.161600 7.555953
v 0.442245 1.336912 7.548852
v 0.442245 1.360633 7.595592
v 0.442245 1.169999 7.615368
v 0.442245 1.161600 7.555953
v 0.442245 1.360633 7.595592
v 0.465907 1.360633 7.595592
v 0.465907 1.169999 7.615368
v 0.442245 1.169999 7.615368
v 0.557391 1.328142 7.590137
v 0.533728 1.328142 7.590137
v 0.533728 1.165067 7.634159
v 0.557391 1.165067 7.634159
v 0.533728 1.328142 7.590137
v 0.533728 1.351451 7.643577
v 0.533728 1.173465 7.693574
v 0.533728 1.165067 7.634159
v 0.533728 1.351451 7.643577
v 0.557391 1.351451 7.643577
v 0.557391 1.173465 7.693574
v 0.533728 1.173465 7.693574
v -0.537807 1.336912 7.548852
v -0.561470 1.336912 7.548852
v -0.561470 1.161600 7.555953
v -0.537807 1.161600 7.555953
v -0.561470 1.336912 7.548852
v -0.561470 1.360633 7.595592
v -0.561470 1.169999 7.615368
v -0.561470 1.161600 7.555953
v -0.561470 1.360633 7.595592
v -0.537807 1.360633 7.595592
v -0.537807 1.169999 7.615368
v -0.561470 1.169999 7.615368
v -0.446323 1.329343 7.589639
v -0.469986 1.329343 7.589639
v -0.469986 1.166268 7.633561
v -0.446323 1.166268 7.633561
v -0.469986 1.329343 7.589639
v -0.469986 1.352552 7.642979
v -0.469986 1.174566 7.693075
v -0.469986 1.166268 7.633561
v -0.469986 1.352552 7.642979
v -0.446323 1.352552 7.642979
v -0.446323 1.174566 7.693075
v -0.469986 1.174566 7.693075
v 0.579191 1.172255 7.699372
v 0.579191 1.208618 7.662733
v 0.579191 1.172479 7.626872
v 0.579191 1.136116 7.663510
v -0.575630 1.208618 7.662733
v -0.575630 1.172255 7.699372
v -0.575630 1.136116 7.663510
v -0.575630 1.172479 7.626872
v 0.578259 1.171493 7.618470
v 0.578259 1.207856 7.581832
v 0.578259 1.171817 7.545970
v 0.578259 1.135454 7.582609
v -0.575258 1.207856 7.581832
v -0.575258 1.171493 7.618470
v -0.575258 1.135454 7.582609
v -0.575258 1.171817 7.545970
v 0.490036 1.206749 7.703130
v 0.490036 1.320431 7.361523
v 0.513606 1.320431 7.361523
v 0.513606 1.206749 7.703130
v 0.513606 1.138549 7.703214
v 0.513606 1.320431 7.361523
v 0.513606 1.101782 7.566451
v 0.513606 1.138549 7.703214
v 0.513606 1.206749 7.703130
v 0.490036 1.206749 7.703130
v 0.490036 1.138549 7.703214
v 0.490036 1.101782 7.566451
v 0.490036 1.320431 7.361523
v 0.490036 1.138549 7.703214
v 0.513606 1.101782 7.566451
v 0.490036 1.101782 7.566451
v 0.513606 1.138549 7.703214
v 0.490036 1.206749 7.703130
v -0.515076 1.206749 7.703130
v -0.515076 1.320431 7.361523
v -0.491413 1.320431 7.361523
v -0.491413 1.206749 7.703130
v -0.491413 1.138549 7.703214
v -0.491413 1.320431 7.361523
v -0.491413 1.101782 7.566451
v -0.491413 1.138549 7.703214
v -0.491413 1.206749 7.703130
v -0.515076 1.206749 7.703130
v -0.515076 1.138549 7.703214
v -0.515076 1.101782 7.566451
v -0.515076 1.320431 7.361523
v -0.515076 1.138549 7.703214
v -0.491413 1.101782 7.566451
v -0.515076 1.101782 7.566451
v -0.491413 1.138549 7.703214
v -0.515076 1.206749 7.703130
v -0.064550 1.226106 7.669763
v -0.064550 1.223181 7.449558
v 0.068018 1.223181 7.449558
v 0.068018 1.226106 7.669763
v 0.068018 1.172434 7.711872
v -0.064550 1.172434 7.711872
v 0.068018 1.038584 7.623544
v -0.064550 1.038584 7.623544
v 0.068018 1.223181 7.449558
v 0.068018 1.038584 7.623544
v 0.068018 1.172434 7.711872
v 0.068018 1.226106 7.669763
v -0.064550 1.226106 7.669763
v -0.064550 1.172434 7.711872
v -0.064550 1.038584 7.623544
v -0.064550 1.223181 7.449558
v -0.160040 1.270395 7.793839
v -0.160040 1.228849 7.644668
v -0.183703 1.228849 7.644668
v -0.183703 1.270395 7.793839
v -0.183703 1.228849 7.644668
v -0.183703 1.286500 7.790966
v -0.183703 1.270395 7.793839
v -0.183703 1.265008 7.609829
v -0.183703 1.265008 7.609829
v -0.183703 1.168804 7.612065
v -0.183703 1.171506 7.552070
v -0.160040 1.270395 7.793839
v -0.160040 1.286500 7.790966
v -0.160040 1.265008 7.609829
v -0.160040 1.228849 7.644668
v -0.160040 1.286500 7.790966
v -0.183703 1.286500 7.790966
v -0.183703 1.265008 7.609829
v -0.160040 1.265008 7.609829
v -0.183703 1.228849 7.644668
v -0.160040 1.228849 7.644668
v -0.160040 1.168804 7.612065
v -0.183703 1.168804 7.612065
v -0.160040 1.228849 7.644668
v -0.160040 1.265008 7.609829
v -0.160040 1.171506 7.552070
v -0.160040 1.168804 7.612065
v -0.160040 1.265008 7.609829
v -0.183703 1.265008 7.609829
v -0.183703 1.171506 7.552070
v -0.160040 1.171506 7.552070
v 0.191921 1.270395 7.793839
v 0.191921 1.156587 7.680745
v 0.168259 1.156587 7.680745
v 0.168259 1.270395 7.793839
v 0.168259 1.156587 7.680745
v 0.168259 1.192747 7.645906
v 0.168259 1.286500 7.790966
v 0.168259 1.270395 7.793839
v 0.191921 1.270395 7.793839
v 0.191921 1.286500 7.790966
v 0.191921 1.192747 7.645906
v 0.191921 1.156587 7.680745
v 0.191921 1.286500 7.790966
v 0.168259 1.286500 7.790966
v 0.168259 1.192747 7.645906
v 0.191921 1.192747 7.645906
v 0.198070 1.301179 7.744591
v 0.196952 1.688833 7.595651
v 0.159874 1.688833 7.595651
v 0.159967 1.301179 7.744591
v 0.159874 1.688833 7.595651
v 0.178972 1.313227 7.774712
v 0.159967 1.301179 7.744591
v 0.178413 1.709591 7.620187
v 0.198070 1.301179 7.744591
v 0.196952 1.688833 7.595651
v -0.153426 1.301179 7.744591
v -0.154544 1.688833 7.595651
v -0.191622 1.688833 7.595651
v -0.191528 1.301179 7.744591
v -0.191622 1.688833 7.595651
v -0.172430 1.313227 7.774712
v -0.191528 1.301179 7.744591
v -0.173083 1.709591 7.620187
v -0.153426 1.301179 7.744591
v -0.154544 1.688833 7.595651
v -0.783658 1.360353 7.113991
v -0.783658 1.257452 7.114316
v -0.783658 1.253978 6.101508
v -0.783658 1.356879 6.101183
v -0.783658 1.356879 6.101183
v -0.740898 1.356879 6.101183
v -0.740898 1.360401 7.144791
v -0.783658 1.360353 7.113991
v -0.783658 1.253978 6.101508
v -0.740898 1.253978 6.101508
v -0.740898 1.356879 6.101183
v -0.783658 1.356879 6.101183
v -0.783658 1.257452 7.114316
v -0.740898 1.257600 7.145116
v -0.740898 1.253978 6.101508
v -0.783658 1.253978 6.101508
v -0.783658 1.360353 7.113991
v -0.740898 1.360401 7.144791
v -0.740898 1.257600 7.145116
v -0.783658 1.257452 7.114316
v -0.746767 1.254200 6.147308
v -0.801452 1.254200 6.147308
v -0.842536 1.299590 6.153586
v -0.746767 2.129801 6.265501
v -0.842629 2.129801 6.265501
v -0.746767 2.129801 6.265501
v -0.746767 2.172877 6.220774
v -0.746767 1.253684 6.098107
v -0.746767 1.254200 6.147308
v -0.842629 2.129801 6.265501
v -0.842629 2.172877 6.220774
v -0.746767 2.172877 6.220774
v -0.746767 2.129801 6.265501
v -0.842536 1.299590 6.153586
v -0.842536 1.305374 6.104396
v -0.842629 2.172877 6.220774
v -0.842629 2.129801 6.265501
v -0.746767 1.254200 6.147308
v -0.746767 1.253684 6.098107
v -0.801452 1.253684 6.098107
v -0.801452 1.254200 6.147308
v -0.801452 1.254200 6.147308
v -0.801452 1.253684 6.098107
v -0.842536 1.305374 6.104396
v -0.842536 1.299590 6.153586
v 0.797467 1.242632 7.067590
v 0.797467 1.275453 7.114246
v 0.797467 1.342253 7.114060
v 0.797467 1.374833 7.067115
v 0.797467 1.241280 6.687287
v 0.797467 1.373581 6.686913
v 0.797467 1.279666 6.636953
v 0.797467 1.339066 6.636754
v 0.797467 1.271978 6.101539
v 0.797467 1.338879 6.101253
v 0.797467 1.338879 6.101253
v 0.741104 1.338879 6.101253
v 0.741104 1.271978 6.101539
v 0.797467 1.271978 6.101539
v 0.797467 1.271978 6.101539
v 0.741104 1.271978 6.101539
v 0.741104 1.279666 6.636953
v 0.797467 1.279666 6.636953
v 0.741104 1.241280 6.687287
v 0.797467 1.241280 6.687287
v 0.741104 1.242538 7.063990
v 0.797467 1.242632 7.067590
v 0.741104 1.275459 7.110646
v 0.797467 1.275453 7.114246
v 0.741104 1.342259 7.110460
v 0.797467 1.342253 7.114060
v 0.741104 1.374839 7.063616
v 0.797467 1.374833 7.067115
v 0.741104 1.373581 6.686913
v 0.797467 1.373581 6.686913
v 0.741104 1.339066 6.636754
v 0.797467 1.339066 6.636754
v 0.741104 1.338879 6.101253
v 0.797467 1.338879 6.101253
v -0.235873 3.063195 6.856792
v -0.235873 2.700439 7.241075
v 0.237198 2.700439 7.241075
v 0.237198 3.063195 6.856792
v 0.237198 2.700439 7.241075
v 0.237198 2.785690 7.328720
v 0.237198 3.148546 6.944338
v 0.237198 3.063195 6.856792
v 0.237198 3.065158 6.702295
v 0.237198 3.150159 6.702040
v -0.235873 3.063195 6.856792
v -0.235873 2.785690 7.328720
v -0.235873 2.700439 7.241075
v -0.235873 3.148546 6.944338
v -0.235873 3.150159 6.702040
v -0.235873 3.065158 6.702295
v -0.235873 3.148546 6.944338
v 0.237198 3.148546 6.944338
v 0.237198 2.785690 7.328720
v -0.235873 2.785690 7.328720
v 0.237198 2.700439 7.241075
v -0.235873 2.700439 7.241075
v -0.235873 2.785690 7.328720
v 0.237198 2.785690 7.328720
v 0.021810 2.784593 7.326918
v 0.021810 2.803356 7.348950
v 0.021810 3.145231 7.011432
v 0.021810 3.149753 6.939940
v -0.020485 3.149753 6.939940
v -0.020485 3.145231 7.011432
v -0.020485 2.803356 7.348950
v -0.020485 2.784593 7.326918
v 0.237198 3.063195 6.856792
v 0.237198 3.065158 6.702295
v -0.235873 3.065158 6.702295
v -0.235873 3.063195 6.856792
v -0.235873 3.148546 6.944338
v -0.235873 3.150159 6.702040
v 0.237198 3.150159 6.702040
v 0.237198 3.148546 6.944338
v -0.231867 2.744861 6.465349
v -0.289813 2.829762 6.640894
v 0.291231 2.829862 6.640894
v 0.233285 2.744861 6.465349
v -0.231867 2.743635 6.128346
v 0.233285 2.743635 6.128346
v -0.289813 2.896071 5.931406
v 0.291231 2.896071 5.931406
v -0.289813 2.829762 6.640894
v -0.289813 3.162317 6.726261
v 0.291231 3.162317 6.726261
v 0.291231 2.829862 6.640894
v 0.291231 2.896071 5.931406
v 0.291231 3.166156 5.823566
v -0.289813 3.166156 5.823566
v -0.289813 2.896071 5.931406
v -0.289813 3.166156 5.823566
v -0.289813 3.162317 6.726261
v -0.289813 2.829762 6.640894
v -0.289813 2.896071 5.931406
v -0.231867 2.744861 6.465349
v -0.231867 2.743635 6.128346
v 0.291231 2.896071 5.931406
v 0.291231 3.162317 6.726261
v 0.291231 3.166156 5.823566
v 0.291231 2.829862 6.640894
v 0.233285 2.743635 6.128346
v 0.233285 2.744861 6.465349
v -0.587089 2.800485 6.392944
v -0.733631 2.953479 6.337804
v -0.589605 2.954205 6.557306
v -0.581034 3.100821 6.547756
v 0.588507 2.799725 6.192942
v -0.733631 2.953925 6.075804
v -0.587089 2.799725 6.192942
v 0.735049 2.953925 6.075804
v -0.581034 3.103235 6.011859
v 0.582358 3.103235 6.011859
v -0.581034 3.103235 6.011859
v -0.581034 3.100821 6.547756
v -0.733631 2.953479 6.337804
v -0.733631 2.953925 6.075804
v 0.735049 2.953925 6.075804
v 0.735049 2.953479 6.337804
v 0.582358 3.100821 6.547756
v 0.582358 3.103235 6.011859
v 0.588507 2.799725 6.192942
v 0.735049 2.953479 6.337804
v 0.735049 2.953925 6.075804
v 0.588507 2.800485 6.392944
v -0.587089 2.799725 6.192942
v -0.587089 2.800485 6.392944
v 0.580681 2.954205 6.557306
v -0.589605 2.954205 6.557306
v -0.733631 2.953925 6.075804
v -0.733631 2.953479 6.337804
v -0.589605 2.954205 6.557306
v -0.581034 3.100821 6.547756
v 0.582358 3.100821 6.547756
v 0.580681 2.954205 6.557306
v 0.588507 2.800485 6.392944
v 0.580681 2.954205 6.557306
v 0.735049 2.953479 6.337804
v 0.582358 3.100821 6.547756
v -0.274255 2.365827 7.541105
v -0.274255 1.775066 7.341498
v 0.277257 1.775066 7.341498
v 0.277257 2.365827 7.541105
v 0.277257 1.776603 7.789202
v 0.277257 1.960133 7.947915
v 0.277257 2.265503 7.731435
v 0.277257 1.775066 7.341498
v 0.277257 2.365827 7.541105
v -0.274255 1.775066 7.341498
v -0.274255 1.776603 7.789202
v 0.277257 1.776603 7.789202
v 0.277257 1.775066 7.341498
v -0.274255 2.265503 7.731435
v 0.277257 2.265503 7.731435
v 0.277257 1.960133 7.947915
v -0.274255 1.960133 7.947915
v 0.277257 1.776603 7.789202
v -0.274255 1.776603 7.789202
v -0.274255 1.960133 7.947915
v 0.277257 1.960133 7.947915
v -0.274255 2.265503 7.731435
v -0.274255 1.960133 7.947915
v -0.274255 1.776603 7.789202
v -0.274255 1.775066 7.341498
v -0.274255 2.365827 7.541105
v -0.274255 2.365827 7.541105
v 0.277257 2.365827 7.541105
v 0.277257 2.265503 7.731435
v -0.274255 2.265503 7.731435
v 0.277257 2.424779 7.393405
v 0.277257 2.365827 7.541305
v -0.274255 2.365827 7.541305
v -0.274255 2.424779 7.393405
v -0.274255 2.424779 7.393405
v -0.257486 2.349340 7.533677
v 0.260488 2.349340 7.533677
v 0.277257 2.424779 7.393405
v -1.027088 2.492738 5.598618
v -1.054943 2.312029 5.486010
v -1.027088 2.492186 5.452716
v -1.092580 2.067776 5.516693
v -1.092580 2.068034 5.600094
v -0.983488 1.363593 4.508492
v -0.940634 1.290016 4.435966
v -0.940634 1.287000 3.565359
v -0.983488 1.360127 3.490684
v -1.050098 1.506228 3.490233
v -1.049167 1.507594 4.508037
v -1.088481 1.652599 4.211684
v -1.089598 1.656395 4.507490
v -1.088294 1.650812 3.793280
v -1.089598 1.652930 3.489683
v -1.089598 1.653917 3.790285
v -1.089598 1.655394 4.214888
v -1.093418 1.696789 3.748458
v -1.093232 1.695516 4.260657
v -1.125838 2.060098 4.506078
v -1.125838 2.059219 4.259376
v -1.125838 2.056633 3.488370
v -1.125838 2.057491 3.747273
v -1.088108 2.307352 4.475000
v -1.087735 2.308921 4.258602
v -1.067147 2.444322 4.258132
v -1.060346 2.489610 4.441310
v -1.060346 2.488900 4.212508
v -1.086897 2.312793 3.746407
v -1.086524 2.314480 3.519410
v -0.995413 2.667709 4.383014
v -1.060346 2.486613 3.559103
v -1.066960 2.443994 3.745931
v -1.060346 2.487417 3.791405
v -0.987681 2.681200 3.625835
v -0.905792 2.838136 3.722003
v -0.903929 2.843994 4.274714
v -0.844865 2.940012 4.146777
v -0.833779 2.962659 4.002015
v -0.844865 2.939010 3.854675
v -1.089598 1.652930 3.489683
v -1.090344 2.059233 3.488375
v -1.125838 2.056633 3.488370
v -1.054104 1.662030 3.489698
v -1.050098 1.506228 3.490233
v -0.934952 1.373827 3.490707
v -0.983488 1.360127 3.490684
v -0.940634 1.287000 3.565359
v -0.905140 1.302000 3.565385
v -1.125838 2.060098 4.506078
v -1.090344 2.062698 4.506083
v -1.054104 1.665495 4.507506
v -1.089598 1.656395 4.507490
v -1.049167 1.507594 4.508037
v -0.934952 1.377393 4.508515
v -0.983488 1.363593 4.508492
v -0.905140 1.304917 4.435892
v -0.940634 1.290016 4.435966
v -0.940634 1.290016 4.435966
v -0.905140 1.304917 4.435892
v -0.905140 1.302000 3.565385
v -0.940634 1.287000 3.565359
v -0.844865 2.940012 4.146777
v -0.855392 2.833994 4.274697
v -0.903929 2.843994 4.274714
v -0.809371 2.928412 4.146757
v -0.833779 2.962659 4.002015
v -0.798285 2.950759 4.002095
v -0.844865 2.939010 3.854675
v -0.809371 2.927410 3.854755
v -0.905792 2.838136 3.722003
v -0.857255 2.828236 3.722086
v -0.987681 2.681200 3.625835
v -0.857255 2.828236 3.722086
v -0.905792 2.838136 3.722003
v -0.932064 2.673799 3.625922
v -1.060346 2.486613 3.559103
v -1.024852 2.482313 3.559096
v -1.086524 2.314480 3.519410
v -1.051123 2.312980 3.519407
v -1.125838 2.056633 3.488370
v -1.090344 2.059233 3.488375
v -0.903929 2.843994 4.274714
v -0.855392 2.833994 4.274697
v -0.939703 2.660509 4.383001
v -0.995413 2.667709 4.383014
v -1.024852 2.485410 4.441303
v -1.060346 2.489610 4.441310
v -1.052707 2.305952 4.474997
v -1.088108 2.307352 4.475000
v -1.090344 2.062698 4.506083
v -1.125838 2.060098 4.506078
v -1.085872 1.872384 4.514359
v -1.088387 2.064386 4.513686
v -1.012927 2.063785 4.513885
v -0.980507 1.707782 4.515078
v -1.056340 1.665482 4.515006
v -0.854367 1.383480 4.516225
v -0.937281 1.376279 4.516513
v -0.824463 1.303755 4.589690
v -0.907376 1.303855 4.589590
v -1.056340 1.668873 5.518013
v -1.012927 2.093877 5.516538
v -1.092580 2.067776 5.516693
v -0.980507 1.711274 5.517886
v -0.937187 1.379471 5.519020
v -0.854554 1.387471 5.518934
v -0.907376 1.306793 5.447497
v -0.824463 1.306693 5.447396
v -0.907376 1.303855 4.589590
v -0.824463 1.303755 4.589690
v -0.824463 1.306693 5.447396
v -0.907376 1.306793 5.447497
v -0.811607 2.936172 4.874672
v -0.782727 2.805394 4.744049
v -0.859491 2.836494 4.744002
v -0.734749 2.903172 4.874816
v -0.800521 2.959625 5.019912
v -0.723756 2.923524 5.020051
v -0.811607 2.937182 5.162474
v -0.734749 2.904181 5.162618
v -0.857628 2.842366 5.288613
v -0.780770 2.811266 5.288660
v -0.859491 2.836494 4.744002
v -0.782727 2.805394 4.744049
v -0.857535 2.664756 4.649309
v -0.934299 2.681456 4.649238
v -0.951907 2.489568 4.583410
v -1.027088 2.489268 4.583410
v -0.979576 2.319634 4.544221
v -1.053359 2.319134 4.544220
v -1.012927 2.063785 4.513885
v -1.088387 2.064386 4.513686
v -0.942032 2.668084 5.395316
v -0.780770 2.811266 5.288660
v -0.857628 2.842366 5.288613
v -0.865174 2.651484 5.395388
v -1.027088 2.492186 5.452716
v -0.951907 2.499686 5.452729
v -1.054943 2.312029 5.486010
v -0.981159 2.312529 5.486011
v -1.092580 2.067776 5.516693
v -1.012927 2.093877 5.516538
v -0.148022 1.412420 6.076978
v 0.000476 1.212166 6.050137
v 0.000476 1.412220 6.077077
v -0.847753 1.308942 6.064101
v -0.986935 1.670953 6.116619
v -0.359125 2.413493 6.211484
v -1.038360 2.069972 6.164898
v -0.977060 2.494778 6.220722
v -0.268759 2.721423 6.253008
v -0.783286 2.874799 6.266970
v -0.709782 2.951470 6.284101
v 0.000476 2.721421 6.254008
v 0.000476 3.062543 6.300090
v 0.149067 1.412020 6.076977
v 0.000476 1.412220 6.077077
v 0.000476 1.212166 6.050137
v 0.848705 1.308942 6.064101
v 0.987887 1.670953 6.116619
v 0.360077 2.407494 6.210774
v 1.039312 2.069972 6.164898
v 0.978012 2.494778 6.220722
v 0.273530 2.721423 6.253109
v 0.784238 2.874799 6.266970
v 0.710734 2.951470 6.284101
v 0.000476 3.062543 6.300090
v 0.000476 2.721421 6.254008
v 0.891280 2.878395 1.691967
v 0.830725 2.971656 1.597726
v 0.830725 2.965745 0.723914
v 0.889975 2.874798 0.633959
v 0.999160 2.679497 0.634626
v 0.999626 2.683094 1.692635
v 1.072291 2.488661 0.948802
v 1.072291 2.487795 0.635200
v 1.072291 2.489850 1.365705
v 1.082725 2.441642 0.901422
v 1.072291 2.490792 1.693307
v 1.082445 2.444869 1.413528
v 1.139646 2.052966 1.414860
v 1.139646 2.053789 1.694762
v 1.109835 1.688863 1.416140
v 1.102382 1.643386 1.696063
v 1.102382 1.642539 1.371561
v 1.139646 2.050692 0.636755
v 1.139646 2.051439 0.902657
v 1.109555 1.684136 0.903931
v 1.102382 1.640689 0.638156
v 1.064931 1.501585 1.696621
v 1.102382 1.641452 0.953158
v 1.064931 1.497988 0.638613
v 0.993477 1.355987 0.639071
v 0.993104 1.359684 1.697080
v 0.941773 1.270733 1.609528
v 0.941773 1.266533 0.729119
v 1.139646 2.053789 1.694762
v 1.092041 2.054889 1.694764
v 1.026363 2.480792 1.693290
v 1.072291 2.490792 1.693307
v 0.842743 2.858495 1.692033
v 0.999626 2.683094 1.692635
v 0.891280 2.878395 1.691967
v 0.790945 2.949456 1.597788
v 0.830725 2.971656 1.597726
v 1.072291 2.487795 0.635200
v 1.092041 2.051692 0.636757
v 1.139646 2.050692 0.636755
v 1.026363 2.477795 0.635283
v 0.841439 2.854898 0.634025
v 0.999160 2.679497 0.634626
v 0.889975 2.874798 0.633959
v 0.830725 2.965745 0.723914
v 0.790945 2.943645 0.723977
v 1.102382 1.643386 1.696063
v 1.092041 2.054889 1.694764
v 1.139646 2.053789 1.694762
v 1.055708 1.654886 1.696083
v 1.064931 1.501585 1.696621
v 0.941866 1.378284 1.697011
v 0.993104 1.359684 1.697080
v 0.941773 1.270733 1.609528
v 0.899105 1.291633 1.609463
v 1.139646 2.050692 0.636755
v 1.092041 2.051692 0.636757
v 1.055708 1.652089 0.638076
v 1.102382 1.640689 0.638156
v 1.064931 1.497988 0.638613
v 0.942239 1.374687 0.639003
v 0.993477 1.355987 0.639071
v 0.899105 1.287533 0.729055
v 0.941773 1.266533 0.729119
v 0.830725 2.971656 1.597726
v 0.790945 2.949456 1.597788
v 0.790945 2.943645 0.723977
v 0.830725 2.965745 0.723914
v 0.941773 1.266533 0.729119
v 0.899105 1.287533 0.729055
v 0.899105 1.291633 1.609463
v 0.941773 1.270733 1.609528
v 1.028040 2.475832 0.613879
v 1.015183 2.053028 0.615359
v 1.093532 2.051128 0.615256
v 0.957796 2.472731 0.613974
v 0.775760 2.819234 0.612765
v 0.937487 2.699833 0.613061
v 0.844792 2.852534 0.612621
v 0.800355 2.943091 0.520975
v 0.714926 2.913690 0.521125
v 1.081980 1.852927 0.615918
v 1.093532 2.051128 0.615256
v 1.015183 2.053028 0.615359
v 0.981087 1.695426 0.616550
v 1.057292 1.652325 0.616576
v 0.858580 1.376623 0.617506
v 0.943729 1.376623 0.617506
v 0.825601 1.289668 0.532458
v 0.908328 1.289668 0.532458
v 1.093532 2.048180 -0.412851
v 1.012948 2.073378 -0.411708
v 0.952579 2.480982 -0.413114
v 1.028040 2.472984 -0.414327
v 0.762811 2.820086 -0.415536
v 0.843488 2.848986 -0.415587
v 0.714926 2.908537 -0.328085
v 0.800355 2.937438 -0.328236
v 1.057292 1.649677 -0.411530
v 1.012948 2.073378 -0.411708
v 1.093532 2.048180 -0.412851
v 0.979503 1.691076 -0.410460
v 0.944102 1.373075 -0.410602
v 0.858953 1.373075 -0.410602
v 0.800355 2.937438 -0.328236
v 0.714926 2.908537 -0.328085
v 0.714926 2.913690 0.521125
v 0.800355 2.943091 0.520975
v 0.908328 1.289668 0.532458
v 0.825601 1.289668 0.532458
v 0.823179 1.286726 -0.323149
v 0.908328 1.286726 -0.323149
v 0.908328 1.286726 -0.323149
v 0.823179 1.286726 -0.323149
v 0.858953 1.373075 -0.410602
v 0.944102 1.373075 -0.410602
v 0.747719 1.340177 6.689356
v 0.788989 1.340177 6.689356
v 0.788989 1.339364 6.344954
v 0.747719 1.339364 6.344954
v -0.004182 2.902907 -0.486495
v -0.290279 3.094709 -0.487168
v -0.285341 3.120592 6.330089
v 0.000662 2.928691 6.330662
v 0.507550 3.093309 -0.487171
v 0.281915 3.094709 -0.487168
v 0.286759 3.120592 6.330089
v 0.510811 3.119113 6.318187
v 0.714926 2.913690 0.521125
v 0.713995 2.933756 6.292370
v 0.775760 2.819234 0.612765
v 0.952114 2.480322 3.260492
v 0.714926 2.908537 -0.328085
v 0.710920 2.908007 -0.486486
v 0.956772 2.452134 3.135844
v 0.952579 2.476678 2.171184
v 0.957051 2.449772 2.291838
v 0.969069 2.376183 3.048114
v 0.969162 2.375219 2.381511
v 0.984534 2.274037 3.016440
v 0.984906 2.270264 2.413833
v 0.998042 2.169379 3.050562
v 0.998321 2.167118 2.382157
v 1.006426 2.092327 3.139431
v 1.006892 2.089371 2.292224
v 1.010246 2.059278 2.170373
v 0.957051 2.449688 2.047938
v 0.981087 1.695426 0.616550
v 1.006892 2.088586 2.048522
v 1.009966 2.063018 3.262181
v 1.008196 2.086008 1.273016
v 0.999905 2.161357 1.361345
v 0.998321 2.166339 1.958655
v 0.986117 2.267701 1.394626
v 0.985093 2.269996 1.925531
v 0.970559 2.371855 1.362804
v 0.969441 2.373741 1.957908
v 0.958449 2.446510 1.271831
v 0.954070 2.473423 1.147176
v 0.958449 2.445725 1.028429
v 0.957796 2.472731 0.613974
v 0.970559 2.370378 0.938800
v 0.985931 2.267134 0.905424
v 1.015183 2.053028 0.615359
v 0.999346 2.164080 0.937349
v 1.008010 2.086228 1.026416
v 1.009221 2.026587 1.109215
v 1.011643 2.055513 1.152564
v 0.843115 1.309134 6.068802
v 0.858580 1.376623 0.617506
v 0.825415 1.290122 0.618059
v 0.825601 1.289668 0.532458
v 0.981366 1.713734 6.127891
v 1.009966 2.066400 4.270189
v 1.006520 2.096112 4.145939
v 1.006426 2.094108 3.385334
v 0.997949 2.171059 3.473066
v 0.998415 2.172564 4.057069
v 0.984254 2.276405 3.504645
v 0.985279 2.277721 4.023848
v 0.968789 2.379161 3.472320
v 0.969255 2.380665 4.056524
v 0.956585 2.453712 3.383347
v 0.956772 2.455817 4.143652
v 0.952207 2.483906 4.267200
v 0.955374 2.488098 5.328609
v 0.957424 2.458009 5.204858
v 0.957424 2.460388 5.451762
v 0.956678 2.457398 4.389455
v 0.969535 2.384457 5.117332
v 0.968976 2.382045 4.479327
v 0.985651 2.280013 5.084654
v 0.984440 2.279386 4.513552
v 0.998973 2.175555 5.118776
v 0.998135 2.174042 4.480672
v 0.957796 2.492765 6.228119
v 1.007265 2.099101 5.209146
v 1.006706 2.096292 4.392340
v 1.010619 2.069996 5.329097
v 1.007265 2.100583 5.454449
v 0.998601 2.179932 5.543085
v 1.015742 2.072444 6.181103
v 0.985186 2.283177 5.575361
v 0.969721 2.385834 5.541835
v 0.980993 2.315911 5.731617
v 0.281915 3.094709 -0.487168
v -0.004182 2.902907 -0.486495
v 0.000662 2.928691 6.330662
v 0.286759 3.120592 6.330089
v 0.843115 1.309134 6.068802
v -0.842163 1.309134 6.068802
v -0.824556 1.307128 5.602698
v -0.824463 1.306693 5.447396
v -0.824463 1.303755 4.589690
v -0.824649 1.303478 4.517389
v -0.827724 1.286395 -0.480949
v 0.825415 1.290122 0.618059
v 0.825601 1.289668 0.532458
v 0.823179 1.286726 -0.323149
v 0.822341 1.286395 -0.480949
v 0.710920 2.908007 -0.486486
v 0.952579 2.480982 -0.413114
v 0.950996 2.480004 -0.485016
v 0.762811 2.820086 -0.415536
v 0.714926 2.908537 -0.328085
v 0.950996 2.480004 -0.485016
v 0.952579 2.480982 -0.413114
v 1.012948 2.073378 -0.411708
v 1.011830 2.071901 -0.483611
v 1.011830 2.071901 -0.483611
v 1.012948 2.073378 -0.411708
v 0.979503 1.691076 -0.410460
v 0.978199 1.688598 -0.482364
v 0.822341 1.286395 -0.480949
v 0.858953 1.373075 -0.410602
v 0.823179 1.286726 -0.323149
v 0.978199 1.688598 -0.482364
v 0.979503 1.691076 -0.410460
v -0.818687 1.713906 5.675191
v -0.583270 1.296702 5.676580
v -0.827724 1.307402 5.676598
v -0.983675 1.709606 5.675183
v -0.874211 2.079209 5.673913
v -1.017306 2.092908 5.673936
v -0.820457 2.413511 5.672783
v -0.956472 2.501012 5.672532
v -0.614665 2.734513 5.671730
v -0.724408 2.929015 5.671061
v -0.259629 2.926515 5.671057
v -0.513026 3.114317 5.670377
v 0.252569 2.926515 5.671057
v 0.507550 3.114317 5.670377
v 0.601270 2.735013 5.671731
v 0.710920 2.929015 5.671061
v 0.815167 2.412411 5.672781
v 0.950996 2.501012 5.672532
v 0.868735 2.079209 5.673913
v 1.011830 2.092908 5.673936
v 0.813118 1.713906 5.675191
v 0.978199 1.709606 5.675183
v 0.577700 1.296702 5.676580
v 0.822341 1.307402 5.676598
v 0.812372 1.713776 5.633891
v 0.577048 1.296573 5.635280
v 0.821502 1.307273 5.635198
v 0.977453 1.709476 5.633883
v 0.867989 2.079079 5.632613
v 1.011084 2.092779 5.632536
v 0.814236 2.413381 5.631483
v 0.950250 2.500882 5.631131
v 0.608443 2.734384 5.630330
v 0.718187 2.928886 5.629661
v 0.253408 2.926385 5.629757
v 0.506805 3.114187 5.629077
v -0.258790 2.926385 5.629757
v -0.513772 3.114187 5.629077
v -0.607491 2.734884 5.630330
v -0.717142 2.928886 5.629661
v -0.821389 2.412281 5.631481
v -0.957217 2.500882 5.631131
v -0.874956 2.079079 5.632613
v -1.018051 2.092779 5.632536
v -0.819339 1.713776 5.633891
v -0.984420 1.709476 5.633883
v -0.583922 1.296573 5.635280
v -0.828562 1.307273 5.635198
v 0.253408 2.926385 5.629757
v 0.601270 2.735013 5.671731
v 0.608443 2.734384 5.630330
v 0.252569 2.926515 5.671057
v -0.258790 2.926385 5.629757
v -0.259629 2.926515 5.671057
v -0.607491 2.734884 5.630330
v -0.614665 2.734513 5.671730
v 0.608443 2.734384 5.630330
v 0.601270 2.735013 5.671731
v 0.815167 2.412411 5.672781
v 0.814236 2.413381 5.631483
v 0.868735 2.079209 5.673913
v 0.867989 2.079079 5.632613
v 0.813118 1.713906 5.675191
v 0.812372 1.713776 5.633891
v 0.577700 1.296702 5.676580
v 0.577048 1.296573 5.635280
v -0.583922 1.296573 5.635280
v -0.583270 1.296702 5.676580
v -0.818687 1.713906 5.675191
v -0.819339 1.713776 5.633891
v -0.874211 2.079209 5.673913
v -0.874956 2.079079 5.632613
v -0.820457 2.413511 5.672783
v -0.821389 2.412281 5.631481
v -0.614665 2.734513 5.671730
v -0.607491 2.734884 5.630330
v -1.088760 2.089909 3.384827
v -0.999233 2.167360 3.472659
v -1.084288 2.167159 3.472759
v -1.006965 2.089409 3.384926
v -1.088387 2.060115 3.263876
v -1.011437 2.059615 3.263875
v -1.088760 2.089827 3.139727
v -1.007058 2.089227 3.139525
v -1.084288 2.165680 3.049855
v -0.999698 2.165880 3.049956
v -1.084288 2.167159 3.472759
v -0.999233 2.167360 3.472659
v -0.984047 2.274302 3.506541
v -1.069848 2.274102 3.506741
v -0.967744 2.380061 3.472022
v -1.051403 2.380061 3.472022
v -1.051403 2.380061 3.472022
v -0.967744 2.380061 3.472022
v -0.951907 2.458213 3.383055
v -1.032211 2.458613 3.382855
v -0.948274 2.484721 3.260900
v -1.021125 2.484921 3.261000
v -0.952466 2.456632 3.137352
v -1.032398 2.457131 3.137752
v -0.968024 2.379382 3.049120
v -1.051309 2.379382 3.049120
v -1.051309 2.379382 3.049120
v -0.968024 2.379382 3.049120
v -0.984513 2.274837 3.016841
v -1.069476 2.274637 3.016641
v -0.999698 2.165880 3.049956
v -1.084288 2.165680 3.049855
v -1.088760 2.086869 2.293320
v -1.000164 2.164217 2.382752
v -1.084195 2.164217 2.382652
v -1.007524 2.086270 2.292619
v -1.088387 2.056378 2.170868
v -1.011996 2.055679 2.170067
v -1.088760 2.085287 2.048217
v -1.007617 2.084689 2.047116
v -1.084288 2.161939 1.959047
v -1.000164 2.162038 1.959247
v -1.084195 2.164217 2.382652
v -1.000164 2.164217 2.382752
v -0.985538 2.271162 2.415234
v -1.069662 2.271162 2.415234
v -0.968583 2.377018 2.382514
v -1.051309 2.377117 2.382714
v -1.051309 2.377117 2.382714
v -0.968583 2.377018 2.382514
v -0.953025 2.452971 2.292444
v -1.032677 2.453569 2.293545
v -0.947901 2.481083 2.168391
v -1.021032 2.481181 2.169391
v -0.953025 2.452793 2.045143
v -1.032398 2.453390 2.046944
v -0.968583 2.374844 1.956510
v -1.051403 2.374943 1.956810
v -1.051403 2.374943 1.956810
v -0.968583 2.374844 1.956510
v -0.985352 2.268796 1.925429
v -1.069848 2.268697 1.925129
v -1.000164 2.162038 1.959247
v -1.084288 2.161939 1.959047
v -1.088667 2.082706 1.274211
v -1.000164 2.159856 1.362242
v -1.084288 2.159956 1.362143
v -1.007058 2.082807 1.273611
v -1.088294 2.052914 1.151760
v -1.011437 2.053015 1.151060
v -1.088760 2.082627 1.026910
v -1.007058 2.082729 1.025910
v -1.084009 2.159978 0.938542
v -0.999512 2.159877 0.938842
v -1.084288 2.159956 1.362143
v -1.000164 2.159856 1.362242
v -0.985911 2.266899 1.395425
v -1.069848 2.266900 1.395325
v -0.968024 2.372956 1.362105
v -1.051403 2.372856 1.362105
v -1.051403 2.372856 1.362105
v -0.968024 2.372956 1.362105
v -0.951627 2.450609 1.272838
v -1.032677 2.450107 1.273737
v -0.947342 2.477712 1.153584
v -1.021032 2.477714 1.152584
v -0.951534 2.450532 1.024237
v -1.032398 2.449930 1.025636
v -0.967558 2.372178 0.938603
v -1.051309 2.372178 0.938503
v -1.051309 2.372178 0.938503
v -0.967558 2.372178 0.938603
v -0.984606 2.265732 0.906622
v -1.069662 2.265933 0.906022
v -0.999512 2.159877 0.938842
v -1.084009 2.159978 0.938542
v -1.088667 2.079093 0.225303
v -1.000630 2.156343 0.313134
v -1.084288 2.156343 0.313134
v -1.008083 2.078692 0.225602
v -1.088294 2.049604 0.101352
v -1.012555 2.048605 0.100950
v -1.088667 2.078312 -0.020499
v -1.008269 2.077812 -0.020700
v -1.084288 2.155665 -0.110468
v -1.000816 2.155665 -0.110468
v -1.084288 2.156343 0.313134
v -1.000630 2.156343 0.313134
v -0.986004 2.262588 0.345616
v -1.069942 2.262588 0.345716
v -0.968396 2.370045 0.312499
v -1.051403 2.370045 0.312399
v -1.051403 2.370045 0.312399
v -0.968396 2.370045 0.312499
v -0.952466 2.447196 0.223730
v -1.032305 2.447097 0.223230
v -0.953211 2.474705 0.101476
v -1.020846 2.474502 0.102876
v -0.952839 2.446414 -0.021272
v -1.032305 2.446313 -0.021072
v -0.969048 2.367168 -0.112007
v -1.051589 2.367068 -0.111907
v -1.051589 2.367068 -0.111907
v -0.969048 2.367168 -0.112007
v -0.986004 2.261622 -0.143687
v -1.069942 2.261622 -0.143687
v -1.000816 2.155665 -0.110468
v -1.084288 2.155665 -0.110468
v 1.093532 2.159058 1.361141
v 0.999905 2.161357 1.361345
v 1.008196 2.086008 1.273016
v 1.091575 2.083708 1.272612
v 1.011643 2.055513 1.152564
v 1.091296 2.052913 1.152260
v 1.008010 2.086228 1.026416
v 1.091575 2.083928 1.026512
v 0.999346 2.164080 0.937349
v 1.086451 2.161780 0.937445
v 1.081700 2.266901 1.394625
v 0.999905 2.161357 1.361345
v 1.093532 2.159058 1.361141
v 0.986117 2.267701 1.394626
v 1.058224 2.373556 1.362507
v 0.970559 2.371855 1.362804
v 1.035772 2.450211 1.271437
v 0.970559 2.371855 1.362804
v 1.058224 2.373556 1.362507
v 0.958449 2.446510 1.271831
v 1.024779 2.478022 1.147684
v 0.954070 2.473423 1.147176
v 1.035772 2.449325 1.028435
v 0.958449 2.445725 1.028429
v 1.051889 2.372078 0.938803
v 0.970559 2.370378 0.938800
v 1.073223 2.266334 0.905423
v 0.970559 2.370378 0.938800
v 1.051889 2.372078 0.938803
v 0.985931 2.267134 0.905424
v 1.086451 2.161780 0.937445
v 0.999346 2.164080 0.937349
v 1.093159 2.164618 2.382252
v 0.998321 2.167118 2.382157
v 1.006892 2.089371 2.292224
v 1.091575 2.086671 2.292120
v 1.010246 2.059278 2.170373
v 1.091296 2.056378 2.170468
v 1.006892 2.088586 2.048522
v 1.091575 2.085786 2.048517
v 0.998321 2.166339 1.958655
v 1.093066 2.163939 1.958651
v 1.081793 2.269364 2.414031
v 0.998321 2.167118 2.382157
v 1.093159 2.164618 2.382252
v 0.984906 2.270264 2.413833
v 1.058317 2.376819 2.381514
v 0.969162 2.375219 2.381511
v 1.035958 2.453373 2.291644
v 0.969162 2.375219 2.381511
v 1.058317 2.376819 2.381514
v 0.957051 2.449772 2.291838
v 1.024779 2.481478 2.171192
v 0.952579 2.476678 2.171184
v 1.035679 2.453188 2.048043
v 0.957051 2.449688 2.047938
v 1.058317 2.375341 1.957911
v 0.969441 2.373741 1.957908
v 1.081607 2.269196 1.925430
v 0.969441 2.373741 1.957908
v 1.058317 2.375341 1.957911
v 0.985093 2.269996 1.925531
v 1.093066 2.163939 1.958651
v 0.998321 2.166339 1.958655
v 1.091575 2.089527 3.139426
v 0.998042 2.169379 3.050562
v 1.093159 2.166879 3.050458
v 1.006426 2.092327 3.139431
v 1.091296 2.060018 3.262176
v 1.009966 2.063018 3.262181
v 1.091575 2.091308 3.385229
v 1.006426 2.094108 3.385334
v 1.093159 2.168559 3.473161
v 0.997949 2.171059 3.473066
v 1.093159 2.166879 3.050458
v 0.998042 2.169379 3.050562
v 0.984534 2.274037 3.016440
v 1.081514 2.273138 3.016239
v 0.969069 2.376183 3.048114
v 1.058503 2.377884 3.048017
v 1.058503 2.377884 3.048017
v 0.969069 2.376183 3.048114
v 0.956772 2.452134 3.135844
v 1.036051 2.455734 3.135950
v 0.952114 2.480322 3.260492
v 1.024779 2.485222 3.260600
v 0.956585 2.453712 3.383347
v 1.035865 2.457313 3.383253
v 0.968789 2.379161 3.472320
v 1.058224 2.380760 3.472423
v 1.058224 2.380760 3.472423
v 0.968789 2.379161 3.472320
v 0.984254 2.276405 3.504645
v 1.081421 2.275505 3.504844
v 0.997949 2.171059 3.473066
v 1.093159 2.168559 3.473161
v 1.091575 2.093413 4.145634
v 0.998415 2.172564 4.057069
v 1.093252 2.170064 4.057165
v 1.006520 2.096112 4.145939
v 1.091389 2.063501 4.269784
v 1.009966 2.066400 4.270189
v 1.091575 2.093493 4.392135
v 1.006706 2.096292 4.392340
v 1.093252 2.171542 4.480768
v 0.998135 2.174042 4.480672
v 1.093252 2.170064 4.057165
v 0.998415 2.172564 4.057069
v 0.985279 2.277721 4.023848
v 1.081514 2.276820 4.023947
v 0.969255 2.380665 4.056524
v 1.058317 2.382265 4.056427
v 1.058317 2.382265 4.056427
v 0.969255 2.380665 4.056524
v 0.956772 2.455817 4.143652
v 1.036051 2.459417 4.143658
v 0.952207 2.483906 4.267200
v 1.024779 2.488607 4.266808
v 0.956678 2.457398 4.389455
v 1.035772 2.460998 4.389461
v 0.968976 2.382045 4.479327
v 1.058317 2.383745 4.479330
v 1.058317 2.383745 4.479330
v 0.968976 2.382045 4.479327
v 0.984440 2.279386 4.513552
v 1.081514 2.278486 4.513651
v 0.998135 2.174042 4.480672
v 1.093252 2.171542 4.480768
v 1.092786 2.096501 5.208642
v 0.998973 2.175555 5.118776
v 1.093345 2.173155 5.118772
v 1.007265 2.099101 5.209146
v 1.089246 2.067097 5.328292
v 1.010619 2.069996 5.329097
v 1.092693 2.098084 5.453745
v 1.007265 2.100583 5.454449
v 1.092880 2.177532 5.543081
v 0.998601 2.179932 5.543085
v 1.093345 2.173155 5.118772
v 0.998973 2.175555 5.118776
v 0.985651 2.280013 5.084654
v 1.081700 2.279113 5.084753
v 0.969535 2.384457 5.117332
v 1.058317 2.386058 5.117235
v 1.058317 2.386058 5.117235
v 0.969535 2.384457 5.117332
v 0.957424 2.458009 5.204858
v 1.036424 2.461809 5.204364
v 0.955374 2.488098 5.328609
v 1.023754 2.491801 5.326816
v 0.957424 2.460388 5.451762
v 1.036145 2.464189 5.450969
v 0.969721 2.385834 5.541835
v 1.058317 2.387534 5.541638
v 1.058317 2.387534 5.541638
v 0.969721 2.385834 5.541835
v 0.985186 2.283177 5.575361
v 1.081514 2.282276 5.575559
v 0.998601 2.179932 5.543085
v 1.092880 2.177532 5.543081
v 1.082725 2.441642 0.901422
v 1.053286 2.441642 0.901422
v 1.046020 2.488661 0.948802
v 1.072291 2.488661 0.948802
v 1.046020 2.489850 1.365705
v 1.072291 2.489850 1.365705
v 1.053007 2.444869 1.413528
v 1.082445 2.444869 1.413528
v 1.109555 1.684136 0.903931
v 1.080023 1.684136 0.903931
v 1.113468 2.051439 0.902657
v 1.139646 2.051439 0.902657
v 1.053286 2.441642 0.901422
v 1.082725 2.441642 0.901422
v 1.102382 1.642539 1.371561
v 1.076204 1.642539 1.371561
v 1.076204 1.641452 0.953158
v 1.102382 1.641452 0.953158
v 1.080023 1.684136 0.903931
v 1.109555 1.684136 0.903931
v 1.109835 1.688863 1.416140
v 1.076204 1.642539 1.371561
v 1.102382 1.642539 1.371561
v 1.080396 1.688863 1.416140
v 1.139646 2.052966 1.414860
v 1.113468 2.052966 1.414860
v 1.082445 2.444869 1.413528
v 1.053007 2.444869 1.413528
v -1.089598 1.655394 4.214888
v -1.063327 1.695516 4.260657
v -1.093232 1.695516 4.260657
v -1.059694 1.655394 4.214888
v -1.089598 1.653917 3.790285
v -1.059694 1.653917 3.790285
v -1.093232 1.695516 4.260657
v -1.063327 1.695516 4.260657
v -1.095933 2.059219 4.259376
v -1.125838 2.059219 4.259376
v -1.057924 2.308921 4.258602
v -1.087735 2.308921 4.258602
v -1.037242 2.444322 4.258132
v -1.067147 2.444322 4.258132
v -1.067147 2.444322 4.258132
v -1.037242 2.444322 4.258132
v -1.030441 2.488900 4.212508
v -1.060346 2.488900 4.212508
v -1.030441 2.487417 3.791405
v -1.060346 2.487417 3.791405
v -1.037056 2.443994 3.745931
v -1.066960 2.443994 3.745931
v -1.066960 2.443994 3.745931
v -1.037056 2.443994 3.745931
v -1.057085 2.312793 3.746407
v -1.086897 2.312793 3.746407
v -1.095933 2.057491 3.747273
v -1.125838 2.057491 3.747273
v -1.063607 1.696789 3.748458
v -1.093418 1.696789 3.748458
v -1.059694 1.653917 3.790285
v -1.089598 1.653917 3.790285
v -1.056340 1.657587 2.047588
v -0.988053 1.495893 3.393515
v -0.989358 1.494287 2.047309
v -1.056340 1.661898 3.391098
v -1.085779 1.867003 3.388047
v -1.085779 1.860887 2.047934
v -1.086804 1.936387 2.047963
v -1.086804 1.938605 3.387069
v 1.107506 1.947942 5.654089
v 1.081793 1.947942 5.654089
v 1.081793 1.952863 7.108701
v 1.107506 1.952863 7.108701
v 1.107506 1.952863 7.108701
v 1.107506 1.989364 7.108563
v 1.107506 1.984442 5.653952
v 1.107506 1.947942 5.654089
v 1.107506 1.989364 7.108563
v 1.084402 1.989364 7.108563
v 1.084402 1.984442 5.653952
v 1.107506 1.984442 5.653952
v 1.107506 1.989364 7.108563
v 1.107506 1.952863 7.108701
v 1.081793 1.952863 7.108701
v 1.084402 1.989364 7.108563
v 1.084402 1.984442 5.653952
v 1.081793 1.947942 5.654089
v 1.107506 1.947942 5.654089
v 1.107506 1.984442 5.653952
v -1.106554 1.947942 5.654089
v -1.106554 1.952863 7.108701
v -1.080841 1.952863 7.108701
v -1.080841 1.947942 5.654089
v -1.106554 1.952863 7.108701
v -1.106554 1.947942 5.654089
v -1.106554 1.984442 5.653952
v -1.106554 1.989364 7.108563
v -1.106554 1.989364 7.108563
v -1.106554 1.984442 5.653952
v -1.083450 1.984442 5.653952
v -1.083450 1.989364 7.108563
v -1.106554 1.989364 7.108563
v -1.083450 1.989364 7.108563
v -1.080841 1.952863 7.108701
v -1.106554 1.952863 7.108701
v -1.083450 1.984442 5.653952
v -1.106554 1.984442 5.653952
v -1.106554 1.947942 5.654089
v -1.080841 1.947942 5.654089
v -0.785987 2.980467 3.762445
v -0.785987 2.985282 5.162456
v -0.806949 2.985982 5.162457
v -0.804620 2.979967 3.762444
v -0.785987 2.985282 5.162456
v -0.785987 2.980467 3.762445
v -0.798751 2.962267 3.762514
v -0.798751 2.966982 5.162525
v -0.804620 2.979967 3.762444
v -0.806949 2.985982 5.162457
v -0.812725 2.973591 3.748834
v -0.804620 2.942731 3.783981
v -0.804340 2.943690 3.748883
v -0.812725 2.973731 3.783934
v -0.792881 2.990791 3.748763
v -0.792881 2.990831 3.783863
v -0.768007 2.984491 3.748752
v -0.768287 2.983531 3.783850
v -0.792881 2.990831 3.783863
v -0.768287 2.983531 3.783850
v -0.804620 2.942731 3.783981
v -0.812725 2.973731 3.783934
v -0.768007 2.984491 3.748752
v -0.792881 2.990791 3.748763
v -0.812725 2.973591 3.748834
v -0.804340 2.943690 3.748883
v -0.815054 2.979314 5.143346
v -0.800055 2.940754 5.178580
v -0.799775 2.941714 5.143482
v -0.815054 2.979355 5.178446
v -0.795210 2.996414 5.143275
v -0.795210 2.996455 5.178375
v -0.763443 2.982514 5.143351
v -0.763722 2.981554 5.178450
v -0.795210 2.996455 5.178375
v -0.763722 2.981554 5.178450
v -0.800055 2.940754 5.178580
v -0.815054 2.979355 5.178446
v -0.763443 2.982514 5.143351
v -0.795210 2.996414 5.143275
v -0.815054 2.979314 5.143346
v -0.799775 2.941714 5.143482
v -0.841418 2.947453 4.064489
v -0.841418 2.946993 3.923689
v -0.797167 2.994491 3.924369
v -0.797167 2.994952 4.065071
v -0.766517 2.984092 3.924252
v -0.766796 2.983552 4.065051
v -0.797167 2.994952 4.065071
v -0.766796 2.983552 4.065051
v -0.809184 2.938153 4.064474
v -0.841418 2.947453 4.064489
v -0.766517 2.984092 3.924252
v -0.797167 2.994491 3.924369
v -0.841418 2.946993 3.923689
v -0.808905 2.938693 3.923675
v -0.912873 1.306793 5.447497
v -0.862566 1.270207 5.497534
v -0.862566 1.266931 4.544927
v -0.912873 1.303855 4.589590
v -0.912873 1.303855 4.589590
v -0.862566 1.266931 4.544927
v -0.911009 1.301015 4.495785
v -0.924424 1.331069 4.463836
v -0.942777 1.376279 4.516513
v -1.058483 1.635872 4.462155
v -1.061837 1.665482 4.515006
v -1.091741 1.854074 4.461427
v -1.091369 1.872384 4.514359
v -1.093791 2.064676 4.460786
v -1.093884 2.064386 4.513686
v -1.058949 2.318918 4.494820
v -1.058762 2.319134 4.544220
v -1.032305 2.489344 4.538310
v -1.032584 2.489268 4.583410
v -0.932250 2.696920 4.611464
v -0.939796 2.681456 4.649238
v -0.847567 2.872241 4.716663
v -0.864988 2.836494 4.744002
v -0.814960 2.939681 4.810678
v -0.814681 2.940172 4.874679
v -0.786174 2.971194 4.861832
v -0.777044 2.994219 5.023071
v -0.806017 2.959625 5.019912
v -0.806017 2.959625 5.019912
v -0.777044 2.994219 5.023071
v -0.789062 2.972249 5.181434
v -0.814681 2.941382 5.162481
v -0.814867 2.941663 5.232082
v -0.847753 2.874011 5.321367
v -0.863125 2.842366 5.288613
v -0.940075 2.683008 5.439842
v -0.947435 2.668084 5.395316
v -1.032305 2.492599 5.503617
v -1.032584 2.492186 5.452716
v -1.060439 2.311636 5.540509
v -1.060346 2.312029 5.486010
v -1.097983 2.068478 5.574495
v -1.098076 2.067776 5.516693
v -1.060067 1.668975 5.575814
v -1.061837 1.668873 5.518013
v -0.924424 1.334672 5.577044
v -0.942684 1.379471 5.519020
v -0.912314 1.305922 5.547495
v -0.912873 1.306793 5.447497
v -0.862566 1.270207 5.497534
v -0.908121 1.279248 3.478546
v -0.907003 1.265355 5.586726
v -0.905979 1.260648 3.478614
v -0.908121 1.286356 5.586662
v -0.888837 1.268048 3.478627
v -0.888837 1.275256 5.586643
v -0.888837 1.275256 5.586643
v -0.888837 1.268048 3.478627
v -0.905979 1.260648 3.478614
v -0.907003 1.265355 5.586726
v -0.898060 1.252871 3.465001
v -0.867783 1.263711 3.500019
v -0.868901 1.263771 3.464919
v -0.898060 1.253011 3.500101
v -0.916785 1.271171 3.464932
v -0.916785 1.271211 3.500032
v -0.912686 1.296371 3.464775
v -0.911661 1.296312 3.499875
v -0.916785 1.271211 3.500032
v -0.911661 1.296312 3.499875
v -0.867783 1.263711 3.500019
v -0.898060 1.253011 3.500101
v -0.912686 1.296371 3.464775
v -0.916785 1.271171 3.464932
v -0.898060 1.252871 3.465001
v -0.868901 1.263771 3.464919
v -0.900389 1.254788 5.567608
v -0.863218 1.273228 5.602640
v -0.864336 1.273288 5.567539
v -0.900389 1.254928 5.602708
v -0.919207 1.273088 5.567539
v -0.919207 1.273228 5.602640
v -0.908121 1.305989 5.567395
v -0.907003 1.305929 5.602495
v -0.919207 1.273228 5.602640
v -0.907003 1.305929 5.602495
v -0.863218 1.273228 5.602640
v -0.900389 1.254928 5.602708
v -0.908121 1.305989 5.567395
v -0.919207 1.273088 5.567539
v -0.900389 1.254788 5.567608
v -0.864336 1.273288 5.567539
v -0.940541 1.290298 3.566565
v -0.940541 1.290698 3.683666
v -0.899457 1.249798 3.683796
v -0.899457 1.249398 3.566695
v -0.870205 1.259098 3.683812
v -0.870484 1.259798 3.566713
v -0.899457 1.249398 3.566695
v -0.870484 1.259798 3.566713
v -0.908401 1.299598 3.566581
v -0.940541 1.290298 3.566565
v -0.870205 1.259098 3.683812
v -0.899457 1.249798 3.683796
v -0.940541 1.290698 3.683666
v -0.908121 1.298999 3.683580
v -0.940541 1.292918 4.317571
v -0.940541 1.293319 4.434572
v -0.899457 1.252319 4.434702
v -0.899457 1.251918 4.317701
v -0.870205 1.261719 4.434718
v -0.870484 1.262318 4.317619
v -0.899457 1.251918 4.317701
v -0.870484 1.262318 4.317619
v -0.908401 1.302218 4.317487
v -0.940541 1.292918 4.317571
v -0.870205 1.261719 4.434718
v -0.899457 1.252319 4.434702
v -0.940541 1.293319 4.434572
v -0.908121 1.301519 4.434586
v -1.061743 2.223404 0.101548
v -1.059135 2.243744 0.136683
v -1.054104 2.284145 0.136552
v -1.051589 2.304005 0.101086
v -1.059135 2.243565 0.065583
v -1.054104 2.283966 0.065451
v -1.061743 2.234119 3.261872
v -1.059135 2.254559 3.297007
v -1.054104 2.294859 3.296876
v -1.051589 2.314720 3.261310
v -1.059135 2.254280 3.225807
v -1.054104 2.294781 3.225676
v -1.061743 2.230383 2.167964
v -1.059135 2.250823 2.203099
v -1.054104 2.291123 2.202968
v -1.051589 2.310984 2.167401
v -1.059135 2.250544 2.131998
v -1.054104 2.291045 2.131767
v -1.061743 2.226915 1.151456
v -1.059135 2.247355 1.186591
v -1.054104 2.287656 1.186460
v -1.051589 2.307516 1.150894
v -1.059135 2.247077 1.115391
v -1.054104 2.287577 1.115260
v 1.060739 2.294859 3.296876
v 1.065770 2.254559 3.297007
v 1.068285 2.234119 3.261872
v 1.058224 2.314720 3.261310
v 1.065770 2.254280 3.225807
v 1.060646 2.294781 3.225676
v 1.060739 2.291123 2.202968
v 1.065770 2.250823 2.203099
v 1.068285 2.230383 2.167964
v 1.058224 2.310984 2.167401
v 1.065770 2.250544 2.131998
v 1.060646 2.291045 2.131767
v 1.060739 2.287656 1.186460
v 1.065770 2.247355 1.186591
v 1.068285 2.226915 1.151456
v 1.058224 2.307516 1.150894
v 1.065770 2.247077 1.115391
v 1.060646 2.287577 1.115260
v 1.060739 2.298342 4.304684
v 1.065770 2.257942 4.304815
v 1.068285 2.237602 4.269680
v 1.058224 2.318203 4.269118
v 1.065770 2.257763 4.233615
v 1.060646 2.298263 4.233484
v 1.060739 2.301934 5.365592
v 1.065770 2.261634 5.365723
v 1.068285 2.241194 5.330589
v 1.058224 2.321795 5.330026
v 1.065770 2.261355 5.294623
v 1.060646 2.301856 5.294392
v 0.794485 2.994373 5.519572
v 0.783493 2.939910 5.498179
v 0.765699 2.942567 6.286385
v 0.777717 2.996904 6.264578
v 0.777717 2.996904 6.264578
v 0.584315 3.224906 6.263767
v 0.601084 3.222375 5.518861
v 0.794485 2.994373 5.519572
v 0.584315 3.224906 6.263767
v 0.530281 3.215369 6.285450
v 0.548075 3.212712 5.497244
v 0.601084 3.222375 5.518861
v 0.584315 3.224906 6.263767
v 0.777717 2.996904 6.264578
v 0.765699 2.942567 6.286385
v 0.530281 3.215369 6.285450
v 0.548075 3.212712 5.497244
v 0.783493 2.939910 5.498179
v 0.794485 2.994373 5.519572
v 0.601084 3.222375 5.518861
v -0.227395 3.485576 5.577009
v -0.417630 3.650129 6.074391
v -0.526162 3.237040 5.598186
v -0.200844 3.254694 4.510314
v -0.549359 3.150593 4.510637
v -0.710807 3.030446 4.831132
v -0.542465 3.176047 4.830881
v -0.806017 2.959625 5.019912
v -0.780305 2.961846 4.831216
v -0.811607 2.936172 4.874672
v -0.810209 2.938746 4.831276
v -0.811607 2.937182 5.162474
v -0.792322 2.952841 5.597101
v -0.759716 2.951590 6.331001
v -0.548986 3.195481 6.337117
v -0.586064 3.101822 6.605857
v -0.478184 3.160913 6.669958
v -0.417630 3.650129 6.074391
v -0.521970 3.526872 6.401081
v -0.526162 3.237040 5.598186
v -0.548986 3.195481 6.337117
v -0.478184 3.160913 6.669958
v -0.791111 2.997257 5.822378
v -0.774342 2.998704 6.264581
v -0.764747 2.942567 6.286385
v -0.782541 2.940894 5.800982
v -0.774342 2.998704 6.264581
v -0.791111 2.997257 5.822378
v -0.597709 3.225259 5.821566
v -0.580941 3.226806 6.263770
v -0.580941 3.226806 6.263770
v -0.597709 3.225259 5.821566
v -0.542186 3.210396 5.800041
v -0.529329 3.215369 6.285450
v -0.580941 3.226806 6.263770
v -0.529329 3.215369 6.285450
v -0.764747 2.942567 6.286385
v -0.774342 2.998704 6.264581
v -0.542186 3.210396 5.800041
v -0.597709 3.225259 5.821566
v -0.791111 2.997257 5.822378
v -0.782541 2.940894 5.800982
v 0.905720 2.788749 5.651222
v 0.883454 2.775848 5.651300
v 0.883454 2.779308 6.672908
v 0.905720 2.792208 6.672930
v 0.905720 2.792208 6.672930
v 0.887553 2.823808 6.672784
v 0.887553 2.820349 5.651176
v 0.905720 2.788749 5.651222
v 0.887553 2.823808 6.672784
v 0.852804 2.835908 6.672705
v 0.852804 2.832449 5.651097
v 0.887553 2.820349 5.651176
v 0.887553 2.823808 6.672784
v 0.905720 2.792208 6.672930
v 0.883454 2.779308 6.672908
v 0.852804 2.835908 6.672705
v 0.852804 2.832449 5.651097
v 0.883454 2.775848 5.651300
v 0.905720 2.788749 5.651222
v 0.887553 2.820349 5.651176
v -0.904768 2.788749 5.651222
v -0.904768 2.792208 6.672930
v -0.882502 2.779308 6.672908
v -0.882502 2.775848 5.651300
v -0.904768 2.792208 6.672930
v -0.904768 2.788749 5.651222
v -0.886601 2.820349 5.651176
v -0.886601 2.823808 6.672784
v -0.886601 2.823808 6.672784
v -0.886601 2.820349 5.651176
v -0.851852 2.832449 5.651097
v -0.851852 2.835908 6.672705
v -0.886601 2.823808 6.672784
v -0.851852 2.835908 6.672705
v -0.882502 2.779308 6.672908
v -0.904768 2.792208 6.672930
v -0.851852 2.832449 5.651097
v -0.886601 2.820349 5.651176
v -0.904768 2.788749 5.651222
v -0.882502 2.775848 5.651300
v 0.639280 3.140383 6.276922
v 0.614033 3.100283 6.276954
v 0.630429 3.096453 6.353348
v 0.594935 3.181667 6.462693
v 0.576023 3.136847 6.473817
v 0.506805 3.175390 6.507783
v 0.607978 3.243084 6.276498
v 0.572018 3.262667 6.462431
v 0.510438 3.291249 6.473280
v 0.530375 3.361057 6.350999
v 0.564099 3.315584 6.276321
v 0.478950 3.262081 5.926229
v 0.568664 3.299624 6.135894
v 0.591674 3.230492 6.095776
v 0.510345 3.188058 5.763403
v -0.638328 3.140383 6.276922
v -0.537993 3.189383 6.276706
v -0.607026 3.243084 6.276498
v -0.590722 3.230492 6.095776
v -0.509393 3.188058 5.763403
v -0.638328 3.140383 6.276922
v -0.629477 3.096453 6.353348
v -0.613081 3.100283 6.276954
v -0.593983 3.181667 6.462693
v -0.575071 3.136847 6.473817
v -0.505853 3.175390 6.507783
v -0.607026 3.243084 6.276498
v -0.571066 3.262667 6.462431
v -0.509486 3.291249 6.473280
v -0.529423 3.361057 6.350999
v -0.563147 3.315584 6.276321
v -0.477998 3.262081 5.926229
v -0.567712 3.299624 6.135894
v -0.590722 3.230492 6.095776
v -0.509393 3.188058 5.763403
v -0.795210 3.009411 4.851897
v -0.795210 3.010567 5.171199
v -0.743506 3.000767 5.171183
v -0.743506 2.999611 4.851980
v -0.795210 3.010567 5.171199
v -0.795210 3.009411 4.851897
v -0.795210 3.023311 4.851920
v -0.795210 3.024467 5.171123
v -0.795210 3.024467 5.171123
v -0.795210 3.023311 4.851920
v -0.737544 3.013411 4.851903
v -0.737544 3.014467 5.171206
v -0.795210 3.024467 5.171123
v -0.737544 3.014467 5.171206
v -0.743506 3.000767 5.171183
v -0.795210 3.010567 5.171199
v -0.737544 3.013411 4.851903
v -0.795210 3.023311 4.851920
v -0.795210 3.009411 4.851897
v -0.743506 2.999611 4.851980
v -0.846542 3.014952 5.766808
v -0.846542 2.955152 5.767006
v -0.846542 3.075707 5.206210
v -0.846542 3.191124 5.725008
v -0.846542 3.189408 5.205804
v -0.846542 3.014952 5.766808
v -0.797074 3.014952 5.766808
v -0.797074 2.955152 5.767006
v -0.846542 2.955152 5.767006
v -0.846542 3.189408 5.205804
v -0.797074 3.189408 5.205804
v -0.797074 3.191124 5.725008
v -0.846542 3.191124 5.725008
v -0.846542 3.075707 5.206210
v -0.797074 3.075707 5.206210
v -0.797074 3.189408 5.205804
v -0.846542 3.189408 5.205804
v -0.846542 2.955152 5.767006
v -0.797074 2.955152 5.767006
v -0.797074 3.075707 5.206210
v -0.846542 3.075707 5.206210
v -0.797074 3.075707 5.206210
v -0.797074 2.955152 5.767006
v -0.797074 3.014952 5.766808
v -0.797074 3.191124 5.725008
v -0.797074 3.189408 5.205804
v -0.846542 3.191124 5.725008
v -0.797074 3.191124 5.725008
v -0.797074 3.014952 5.766808
v -0.846542 3.014952 5.766808
v -0.841045 3.184827 5.722897
v -0.841045 2.854125 5.724034
v -0.803502 2.854180 5.750234
v -0.803595 3.184982 5.749098
v -0.841045 2.854125 5.724034
v -0.841045 3.184827 5.722897
v -0.839648 3.184958 5.763198
v -0.839648 2.854256 5.764334
v -0.839648 2.854256 5.764334
v -0.839648 3.184958 5.763198
v -0.803595 3.184982 5.749098
v -0.803502 2.854180 5.750234
v -0.851386 3.165841 5.773265
v -0.851386 3.200942 5.773125
v -0.544235 3.200949 5.768625
v -0.544235 3.165850 5.768165
v -0.851386 3.200942 5.773125
v -0.851386 3.165841 5.773265
v -0.851480 3.165716 5.729165
v -0.851480 3.200817 5.729125
v -0.851480 3.200817 5.729125
v -0.851480 3.165716 5.729165
v -0.544328 3.165714 5.730365
v -0.544328 3.200814 5.730825
v -0.851480 3.200817 5.729125
v -0.544328 3.200814 5.730825
v -0.544235 3.200949 5.768625
v -0.851386 3.200942 5.773125
v -0.544328 3.165714 5.730365
v -0.851480 3.165716 5.729165
v -0.851386 3.165841 5.773265
v -0.544235 3.165850 5.768165
v -0.854554 2.958739 5.774312
v -0.854554 2.993839 5.774172
v -0.739314 2.993839 5.774472
v -0.739314 2.958740 5.773812
v -0.854554 2.993839 5.774172
v -0.854554 2.958739 5.774312
v -0.854740 2.958636 5.717712
v -0.854740 2.993736 5.717572
v -0.854740 2.993736 5.717572
v -0.854740 2.958636 5.717712
v -0.739500 2.958623 5.725212
v -0.739500 2.993722 5.725872
v -0.854740 2.993736 5.717572
v -0.739500 2.993722 5.725872
v -0.739314 2.993839 5.774472
v -0.854554 2.993839 5.774172
v -0.739500 2.958623 5.725212
v -0.854740 2.958636 5.717712
v -0.854554 2.958739 5.774312
v -0.739314 2.958740 5.773812
v -0.822786 3.195923 5.197215
v -0.822786 2.992721 5.197969
v -0.813190 2.992793 5.214469
v -0.813190 3.195895 5.213715
v -0.822786 2.992721 5.197969
v -0.822786 3.195923 5.197215
v -0.829307 3.195896 5.212715
v -0.829307 2.992795 5.213469
v -0.829307 2.992795 5.213469
v -0.829307 3.195896 5.212715
v -0.813190 3.195895 5.213715
v -0.813190 2.992793 5.214469
v -0.840487 3.216928 5.194451
v -0.803129 3.216928 5.194451
v -0.803129 3.217314 5.319552
v -0.840487 3.217314 5.319552
v -0.840487 3.217314 5.319552
v -0.840487 3.170514 5.319672
v -0.840487 3.170027 5.194571
v -0.840487 3.216928 5.194451
v -0.803129 3.217314 5.319552
v -0.803129 3.170514 5.319672
v -0.840487 3.170514 5.319672
v -0.840487 3.217314 5.319552
v -0.803129 3.216928 5.194451
v -0.803129 3.170027 5.194571
v -0.803129 3.170514 5.319672
v -0.803129 3.217314 5.319552
v -0.840487 3.216928 5.194451
v -0.840487 3.170027 5.194571
v -0.803129 3.170027 5.194571
v -0.803129 3.216928 5.194451
v -0.840487 3.170027 5.194571
v -0.840487 3.170514 5.319672
v -0.803129 3.170514 5.319672
v -0.803129 3.170027 5.194571
v -0.305930 1.736214 6.139930
v -0.305930 1.258355 5.762915
v -0.305837 1.259976 6.103018
v -0.306023 1.734659 5.761126
v -0.376080 1.258508 5.673515
v -0.376359 1.734611 5.671826
v -0.376359 1.734611 5.671826
v -0.903556 1.735011 5.671827
v -0.814495 1.258908 5.673516
v -0.376080 1.258508 5.673515
v -0.306023 1.734659 5.761126
v -0.305930 1.736214 6.139930
v -1.001562 1.812088 6.096659
v -0.376359 1.734611 5.671826
v -0.903556 1.735011 5.671827
v -0.479675 2.425362 6.229504
v -0.339934 1.736224 5.899329
v -0.339840 1.737703 6.146432
v -0.479675 2.424193 5.918301
v -0.502685 1.736244 5.711629
v -0.574233 2.423978 5.809501
v -0.574233 2.423978 5.809501
v -0.887067 2.424278 5.809501
v -1.041621 1.736644 5.711629
v -0.502685 1.736244 5.711629
v -0.479675 2.424193 5.918301
v -0.479675 2.425362 6.229504
v -0.917251 2.583225 6.251373
v -0.574233 2.423978 5.809501
v -0.887067 2.424278 5.809501
v 0.570806 3.073523 5.724908
v 0.552361 1.879165 5.699372
v 0.556180 3.073470 5.697707
v 0.570806 1.879314 5.728973
v 0.586457 3.073381 5.691407
v 0.586457 1.879171 5.695472
v 0.586457 1.879171 5.695472
v 0.586457 3.073381 5.691407
v 0.556180 3.073470 5.697707
v 0.552361 1.879165 5.699372
v 1.007731 1.887109 5.673586
v 1.007731 1.888787 6.155590
v 0.267195 1.888861 6.170990
v 0.553665 1.887109 5.673586
v 0.300920 1.888318 6.020188
v 0.553665 1.887109 5.673586
v 0.553665 1.856208 5.673733
v 1.007731 1.856208 5.673733
v 1.007731 1.887109 5.673586
v 0.267195 1.888861 6.170990
v 0.267195 1.857861 6.171137
v 0.300920 1.857418 6.020336
v 0.300920 1.888318 6.020188
v 0.553665 1.856208 5.673733
v 0.553665 1.887109 5.673586
v 0.267195 1.857861 6.171137
v 1.007731 1.857888 6.155037
v 1.007731 1.856208 5.673733
v 0.553665 1.856208 5.673733
v 0.300920 1.857418 6.020336
v 1.007731 2.264112 5.672328
v 1.007731 2.265921 6.194832
v 0.335575 2.265921 6.194832
v 0.553665 2.264112 5.672328
v 0.369300 2.265247 6.003531
v 0.553665 2.264112 5.672328
v 0.553665 2.233211 5.672376
v 1.007731 2.233211 5.672376
v 1.007731 2.264112 5.672328
v 0.335575 2.265921 6.194832
v 0.335575 2.234921 6.194979
v 0.369300 2.234347 6.003578
v 0.369300 2.265247 6.003531
v 0.553665 2.233211 5.672376
v 0.553665 2.264112 5.672328
v 0.335575 2.234921 6.194979
v 1.007731 2.234922 6.194279
v 1.007731 2.233211 5.672376
v 0.553665 2.233211 5.672376
v 0.369300 2.234347 6.003578
v 0.923327 2.595414 5.671193
v 0.923327 2.597441 6.242197
v 0.350295 2.597441 6.242197
v 0.553665 2.595414 5.671193
v 0.384112 2.596550 6.002395
v 0.553665 2.595414 5.671193
v 0.553665 2.564514 5.671240
v 0.923327 2.564514 5.671240
v 0.923327 2.595414 5.671193
v 0.350295 2.597441 6.242197
v 0.350295 2.566541 6.242345
v 0.384112 2.565650 6.002443
v 0.384112 2.596550 6.002395
v 0.553665 2.564514 5.671240
v 0.553665 2.595414 5.671193
v 0.350295 2.566541 6.242345
v 0.923327 2.566542 6.241645
v 0.923327 2.564514 5.671240
v 0.553665 2.564514 5.671240
v 0.384112 2.565650 6.002443
v 0.342376 1.494696 5.680517
v 0.342376 1.303995 5.681192
v 0.796442 1.303995 5.681192
v 0.907117 1.494696 5.680517
v 0.907117 1.494696 5.680517
v 0.907117 1.495949 6.060020
v 0.342376 1.495949 6.060020
v 0.342376 1.494696 5.680517
v 0.342376 1.494696 5.680517
v 0.342376 1.495949 6.060020
v 0.342376 1.305348 6.060595
v 0.342376 1.303995 5.681192
v 0.463113 2.075402 5.912707
v 0.463113 1.884700 5.913382
v 0.902925 1.884700 5.913382
v 0.903204 2.075402 5.912707
v 0.903204 2.075402 5.912707
v 0.903204 2.076126 6.133309
v 0.463113 2.076126 6.133309
v 0.463113 2.075402 5.912707
v 0.463113 2.075402 5.912707
v 0.463113 2.076126 6.133309
v 0.463113 1.885424 6.133984
v 0.463113 1.884700 5.913382
v 0.634249 2.511236 5.775550
v 0.634249 2.261334 5.776424
v 0.814329 2.261334 5.776424
v 0.814422 2.511236 5.775550
v 0.814422 2.511236 5.775550
v 0.814422 2.512637 6.186053
v 0.634249 2.512637 6.186053
v 0.634249 2.511236 5.775550
v 0.634249 2.511236 5.775550
v 0.634249 2.512637 6.186053
v 0.634249 2.262735 6.186927
v 0.634249 2.261334 5.776424
v 0.793181 2.107581 5.748862
v 0.793181 1.884379 5.749581
v 0.942425 1.884379 5.749581
v 0.942518 2.107581 5.748862
v 0.942518 2.107581 5.748862
v 0.942518 2.108134 5.893763
v 0.793181 2.108134 5.893763
v 0.793181 2.107581 5.748862
v 0.793181 2.107581 5.748862
v 0.793181 2.108134 5.893763
v 0.793181 1.884832 5.894482
v 0.793181 1.884379 5.749581
v 0.786939 2.966077 -0.468387
v 0.805572 2.965477 -0.468388
v 0.807901 2.974177 1.702731
v 0.786939 2.973477 1.702729
v 0.786939 2.973477 1.702729
v 0.799703 2.947776 -0.468318
v 0.786939 2.966077 -0.468387
v 0.799703 2.955177 1.702798
v 0.805572 2.965477 -0.468388
v 0.807901 2.974177 1.702731
v 0.813677 2.959200 -0.482099
v 0.805292 2.929200 -0.481950
v 0.805572 2.928240 -0.446852
v 0.813677 2.959340 -0.446999
v 0.793833 2.976300 -0.482170
v 0.793833 2.976440 -0.447070
v 0.768959 2.970100 -0.482080
v 0.769239 2.969140 -0.446982
v 0.793833 2.976440 -0.447070
v 0.813677 2.959340 -0.446999
v 0.805572 2.928240 -0.446852
v 0.769239 2.969140 -0.446982
v 0.768959 2.970100 -0.482080
v 0.805292 2.929200 -0.481950
v 0.813677 2.959200 -0.482099
v 0.793833 2.976300 -0.482170
v 0.816006 2.967510 1.683619
v 0.800727 2.929909 1.683755
v 0.801007 2.928950 1.718854
v 0.816006 2.967550 1.718719
v 0.796162 2.984610 1.683548
v 0.796162 2.984750 1.718649
v 0.764395 2.970710 1.683625
v 0.764674 2.969750 1.718723
v 0.796162 2.984750 1.718649
v 0.816006 2.967550 1.718719
v 0.801007 2.928950 1.718854
v 0.764674 2.969750 1.718723
v 0.764395 2.970710 1.683625
v 0.800727 2.929909 1.683755
v 0.816006 2.967510 1.683619
v 0.796162 2.984610 1.683548
v 0.832122 2.959993 0.989305
v 0.797839 2.985433 0.848448
v 0.832122 2.959533 0.848504
v 0.797839 2.985893 0.989249
v 0.767189 2.967133 0.848517
v 0.767376 2.966593 0.989316
v 0.797839 2.985893 0.989249
v 0.832122 2.959993 0.989305
v 0.799889 2.950693 0.989389
v 0.767376 2.966593 0.989316
v 0.767189 2.967133 0.848517
v 0.799609 2.951232 0.848590
v 0.832122 2.959533 0.848504
v 0.797839 2.985433 0.848448
v 0.909073 1.265771 -0.467185
v 0.906931 1.247271 -0.467116
v 0.907955 1.252152 1.715496
v 0.909073 1.273152 1.715432
v 0.889789 1.254571 -0.467104
v 0.889789 1.262052 1.715413
v 0.889789 1.262052 1.715413
v 0.907955 1.252152 1.715496
v 0.906931 1.247271 -0.467116
v 0.889789 1.254571 -0.467104
v 0.899012 1.239395 -0.480830
v 0.869853 1.250295 -0.480811
v 0.868735 1.250235 -0.445711
v 0.899012 1.239535 -0.445729
v 0.917737 1.257695 -0.480898
v 0.917737 1.257835 -0.445798
v 0.913638 1.282995 -0.480955
v 0.912613 1.282935 -0.445855
v 0.917737 1.257835 -0.445798
v 0.899012 1.239535 -0.445729
v 0.868735 1.250235 -0.445711
v 0.912613 1.282935 -0.445855
v 0.913638 1.282995 -0.480955
v 0.869853 1.250295 -0.480811
v 0.899012 1.239395 -0.480830
v 0.917737 1.257695 -0.480898
v 0.901341 1.241585 1.696378
v 0.865288 1.260085 1.696310
v 0.864170 1.260025 1.731410
v 0.901341 1.241725 1.731479
v 0.920159 1.259885 1.696310
v 0.920159 1.260025 1.731410
v 0.909073 1.292785 1.696166
v 0.907955 1.292725 1.731266
v 0.920159 1.260025 1.731410
v 0.901341 1.241725 1.731479
v 0.864170 1.260025 1.731410
v 0.907955 1.292725 1.731266
v 0.909073 1.292785 1.696166
v 0.865288 1.260085 1.696310
v 0.901341 1.241585 1.696378
v 0.920159 1.259885 1.696310
v 0.943356 1.280707 0.744043
v 0.916060 1.230207 0.744257
v 0.916060 1.230608 0.861258
v 0.943356 1.281108 0.861144
v 0.916060 1.230207 0.744257
v 0.873300 1.250207 0.744191
v 0.873020 1.249508 0.861190
v 0.916060 1.230608 0.861258
v 0.916060 1.230207 0.744257
v 0.943356 1.280707 0.744043
v 0.911123 1.290007 0.744059
v 0.873300 1.250207 0.744191
v 0.873020 1.249508 0.861190
v 0.910936 1.289308 0.861058
v 0.943356 1.281108 0.861144
v 0.916060 1.230608 0.861258
v 0.943356 1.283328 1.494949
v 0.916060 1.232727 1.495163
v 0.916060 1.233128 1.612264
v 0.943356 1.283728 1.612050
v 0.916060 1.232727 1.495163
v 0.873300 1.252728 1.495097
v 0.873020 1.252028 1.612196
v 0.916060 1.233128 1.612264
v 0.916060 1.232727 1.495163
v 0.943356 1.283328 1.494949
v 0.911123 1.292528 1.494965
v 0.873300 1.252728 1.495097
v 0.873020 1.252028 1.612196
v 0.910936 1.291928 1.612064
v 0.943356 1.283728 1.612050
v 0.916060 1.233128 1.612264
v 0.832122 2.961576 1.468509
v 0.797839 2.987116 1.327652
v 0.832122 2.961116 1.327808
v 0.797839 2.987576 1.468453
v 0.767189 2.968816 1.327721
v 0.767376 2.968176 1.468520
v 0.797839 2.987576 1.468453
v 0.832122 2.961576 1.468509
v 0.799889 2.952276 1.468593
v 0.767376 2.968176 1.468520
v 0.767189 2.968816 1.327721
v 0.799609 2.952916 1.327794
v 0.832122 2.961116 1.327808
v 0.797839 2.987116 1.327652
v 0.790107 2.995029 0.615864
v 0.790107 2.991567 -0.403844
v 0.730764 2.981667 -0.403861
v 0.730764 2.985229 0.615847
v 0.790107 2.991567 -0.403844
v 0.790107 2.995029 0.615864
v 0.790107 3.008929 0.615788
v 0.790107 3.005467 -0.403920
v 0.790107 3.005467 -0.403920
v 0.790107 3.008929 0.615788
v 0.724801 2.998929 0.615871
v 0.724801 2.995467 -0.403937
v 0.790107 3.005467 -0.403920
v 0.724801 2.995467 -0.403937
v 0.730764 2.981667 -0.403861
v 0.790107 2.991567 -0.403844
v 0.724801 2.998929 0.615871
v 0.790107 3.008929 0.615788
v 0.790107 2.995029 0.615864
v 0.730764 2.985229 0.615847
v 0.027865 3.360645 2.895592
v -0.026913 3.360645 2.895592
v 0.000476 3.385130 2.845733
v 0.033641 3.258127 2.906417
v -0.032689 3.258127 2.906417
v -0.057377 3.360930 2.845592
v -0.028218 3.360313 2.796891
v 0.000476 3.385130 2.845733
v -0.069674 3.258530 2.845917
v -0.034273 3.257730 2.786916
v -0.026913 3.360645 2.895592
v -0.057377 3.360930 2.845592
v 0.000476 3.385130 2.845733
v -0.032689 3.258127 2.906417
v -0.069674 3.258530 2.845917
v 0.058329 3.360930 2.845592
v 0.029170 3.360313 2.796891
v 0.035225 3.257730 2.786916
v 0.070626 3.258530 2.845917
v 0.027865 3.360645 2.895592
v 0.058329 3.360930 2.845592
v 0.070626 3.258530 2.845917
v 0.033641 3.258127 2.906417
v 0.029170 3.360313 2.796891
v -0.028218 3.360313 2.796891
v -0.034273 3.257730 2.786916
v 0.035225 3.257730 2.786916
v 0.680177 1.144566 0.533211
v 0.831657 0.896372 0.353688
v 0.714181 1.168560 0.536752
v 0.799703 0.880372 0.353560
v 0.810136 0.856651 0.307220
v 0.841997 0.877832 0.318356
v 0.813025 0.933952 0.013251
v 0.781070 0.913226 0.028316
v 0.767003 0.942797 -0.012934
v 0.848426 0.842109 0.331795
v 0.781070 0.913226 0.028316
v 0.837712 0.866031 0.377836
v 0.711572 1.135125 0.557395
v 0.680177 1.144566 0.533211
v 0.798864 0.954900 -0.015113
v 0.671606 1.243260 -0.108422
v 0.638814 1.216955 -0.105367
v 0.815354 0.898981 -0.003909
v 0.841997 0.877832 0.318356
v 0.837712 0.866031 0.377836
v 0.831657 0.896372 0.353688
v 0.714181 1.168560 0.536752
v 0.711572 1.135125 0.557395
v 0.801007 0.928351 -0.044859
v 0.767003 0.942797 -0.012934
v 0.638814 1.216955 -0.105367
v 0.666110 1.214912 -0.138971
v 0.666110 1.214912 -0.138971
v 0.671606 1.243260 -0.108422
v 0.029170 0.865286 3.455640
v 0.058329 0.864669 3.406939
v 0.000476 0.840469 3.406798
v 0.035225 0.967869 3.465715
v 0.070626 0.967170 3.406614
v 0.058329 0.864669 3.406939
v 0.027865 0.864954 3.356940
v 0.000476 0.840469 3.406798
v 0.070626 0.967170 3.406614
v 0.033641 0.967473 3.346114
v -0.028218 0.865286 3.455640
v 0.029170 0.865286 3.455640
v 0.000476 0.840469 3.406798
v -0.034273 0.967869 3.465715
v 0.035225 0.967869 3.465715
v -0.026913 0.864954 3.356940
v 0.027865 0.864954 3.356940
v 0.033641 0.967473 3.346114
v -0.032689 0.967473 3.346114
v -0.028218 0.865286 3.455640
v -0.057377 0.864669 3.406939
v -0.069674 0.967170 3.406614
v -0.034273 0.967869 3.465715
v -0.057377 0.864669 3.406939
v -0.026913 0.864954 3.356940
v -0.032689 0.967473 3.346114
v -0.069674 0.967170 3.406614
v 0.093264 0.975746 5.826833
v -0.094641 0.974746 5.826832
v -0.059706 0.933359 5.936461
v 0.060099 0.934359 5.936463
v -0.059706 0.932751 6.058460
v 0.060006 0.933751 6.058462
v -0.094734 0.978680 6.158639
v 0.093171 0.979680 6.158641
v 0.093264 0.975746 5.826833
v 0.060099 0.934359 5.936463
v 0.060006 0.933751 6.058462
v 0.093171 0.979680 6.158641
v -0.059706 0.933359 5.936461
v -0.094641 0.974746 5.826832
v -0.094734 0.978680 6.158639
v -0.059706 0.932751 6.058460
v 0.016406 1.113025 -1.496347
v 0.016406 1.089886 -1.414686
v 0.064571 1.034038 -1.445781
v 0.064571 1.049327 -1.497655
v 0.118418 1.032639 -1.446184
v 0.118418 1.047928 -1.498058
v 0.162576 1.093984 -1.413579
v 0.162576 1.117123 -1.495140
v 0.016406 1.113025 -1.496347
v 0.064571 1.049327 -1.497655
v 0.118418 1.047928 -1.498058
v 0.162576 1.117123 -1.495140
v 0.064571 1.034038 -1.445781
v 0.016406 1.089886 -1.414686
v 0.162576 1.093984 -1.413579
v 0.118418 1.032639 -1.446184
v 0.016406 1.406460 -2.338348
v 0.016406 1.376325 -2.259100
v 0.064571 1.323386 -2.294890
v 0.064571 1.343072 -2.345256
v 0.118418 1.321987 -2.295392
v 0.118418 1.341673 -2.345759
v 0.162576 1.380322 -2.257593
v 0.162576 1.410458 -2.336842
v 0.016406 1.406460 -2.338348
v 0.064571 1.343072 -2.345256
v 0.118418 1.341673 -2.345759
v 0.162576 1.410458 -2.336842
v 0.064571 1.323386 -2.294890
v 0.016406 1.376325 -2.259100
v 0.162576 1.380322 -2.257593
v 0.118418 1.321987 -2.295392
v -0.015454 1.113025 -1.496347
v -0.063619 1.034038 -1.445781
v -0.015454 1.089886 -1.414686
v -0.063619 1.049327 -1.497655
v -0.117466 1.032639 -1.446184
v -0.117466 1.047928 -1.498058
v -0.161624 1.093984 -1.413579
v -0.161624 1.117123 -1.495140
v -0.015454 1.113025 -1.496347
v -0.161624 1.117123 -1.495140
v -0.117466 1.047928 -1.498058
v -0.063619 1.049327 -1.497655
v -0.063619 1.034038 -1.445781
v -0.117466 1.032639 -1.446184
v -0.161624 1.093984 -1.413579
v -0.015454 1.089886 -1.414686
v -0.015454 1.406460 -2.338348
v -0.063619 1.323386 -2.294890
v -0.015454 1.376325 -2.259100
v -0.063619 1.343072 -2.345256
v -0.117466 1.321987 -2.295392
v -0.117466 1.341673 -2.345759
v -0.161624 1.380322 -2.257593
v -0.161624 1.410458 -2.336842
v -0.015454 1.406460 -2.338348
v -0.161624 1.410458 -2.336842
v -0.117466 1.341673 -2.345759
v -0.063619 1.343072 -2.345256
v -0.063619 1.323386 -2.294890
v -0.117466 1.321987 -2.295392
v -0.161624 1.380322 -2.257593
v -0.015454 1.376325 -2.259100
v 0.000476 4.318745 -6.786194
v 0.000476 4.521234 -7.425051
v -1.077767 4.521234 -7.425051
v -1.077767 4.318745 -6.786194
v -2.308235 4.522108 -7.175049
v -2.308235 4.374245 -6.786400
v -2.308235 4.292294 -6.404539
v 0.000476 4.280452 -6.203858
v -2.308235 4.279352 -6.203860
v 0.000476 4.322029 -6.131087
v -2.308235 4.322029 -6.131087
v 0.000476 4.563007 -7.115779
v -1.077767 4.521234 -7.425051
v 0.000476 4.521234 -7.425051
v -1.077767 4.563007 -7.115779
v 0.000476 4.521830 -6.660048
v -2.308235 4.551341 -6.959899
v -2.308235 4.522108 -7.175049
v -2.308235 4.521830 -6.660048
v -2.308235 4.392196 -6.170668
v 0.000476 4.392196 -6.170668
v 0.000476 4.322029 -6.131087
v -2.308235 4.322029 -6.131087
v 0.000476 4.318745 -6.786194
v 1.078719 4.521234 -7.425051
v 0.000476 4.521234 -7.425051
v 1.078719 4.318745 -6.786194
v 2.309187 4.522108 -7.175049
v 2.309187 4.374245 -6.786400
v 2.309187 4.292294 -6.404539
v 0.000476 4.280452 -6.203858
v 2.309187 4.279352 -6.203860
v 0.000476 4.322029 -6.131087
v 2.309187 4.322029 -6.131087
v 0.000476 4.563007 -7.115779
v 0.000476 4.521234 -7.425051
v 1.078719 4.521234 -7.425051
v 1.078719 4.563007 -7.115779
v 0.000476 4.521830 -6.660048
v 2.309187 4.551341 -6.959899
v 2.309187 4.522108 -7.175049
v 2.309187 4.521830 -6.660048
v 2.309187 4.392196 -6.170668
v 0.000476 4.392196 -6.170668
v 2.309187 4.322029 -6.131087
v 0.000476 4.322029 -6.131087
v 0.885690 2.566246 -4.030575
v 0.852152 2.490469 -4.103204
v 0.757408 2.511135 -4.082969
v 0.791784 2.588908 -4.008437
v 0.852152 2.490469 -4.103204
v 0.840414 2.516546 -4.206760
v 0.745203 2.537916 -4.189324
v 0.757408 2.511135 -4.082969
v 0.840414 2.516546 -4.206760
v 0.861934 2.621609 -4.243382
v 0.767376 2.645781 -4.227040
v 0.745203 2.537916 -4.189324
v 0.861934 2.621609 -4.243382
v 0.895192 2.696786 -4.171253
v 0.801566 2.723055 -4.152909
v 0.767376 2.645781 -4.227040
v 0.895192 2.696786 -4.171253
v 0.907210 2.671309 -4.067396
v 0.813956 2.696873 -4.046153
v 0.801566 2.723055 -4.152909
v 0.907210 2.671309 -4.067396
v 0.885690 2.566246 -4.030575
v 0.791784 2.588908 -4.008437
v 0.813956 2.696873 -4.046153
v -0.884738 2.566246 -4.030575
v -0.790832 2.588908 -4.008437
v -0.756455 2.511135 -4.082969
v -0.851200 2.490469 -4.103204
v -0.851200 2.490469 -4.103204
v -0.756455 2.511135 -4.082969
v -0.744251 2.537916 -4.189324
v -0.839462 2.516546 -4.206760
v -0.839462 2.516546 -4.206760
v -0.744251 2.537916 -4.189324
v -0.766424 2.645781 -4.227040
v -0.860982 2.621609 -4.243382
v -0.860982 2.621609 -4.243382
v -0.766424 2.645781 -4.227040
v -0.800614 2.723055 -4.152909
v -0.894240 2.696786 -4.171253
v -0.894240 2.696786 -4.171253
v -0.800614 2.723055 -4.152909
v -0.813004 2.696873 -4.046153
v -0.906258 2.671309 -4.067396
v -0.906258 2.671309 -4.067396
v -0.813004 2.696873 -4.046153
v -0.790832 2.588908 -4.008437
v -0.884738 2.566246 -4.030575
v 0.000476 0.940524 -0.029038
v 0.195741 0.938514 -0.492442
v 0.000476 0.938514 -0.492442
v 0.195741 0.940524 -0.029038
v 0.434512 1.000925 -0.029235
v 0.434512 0.999914 -0.492638
v -0.194789 0.947454 1.537777
v -0.134607 0.938251 0.835460
v -0.194789 0.944351 0.835370
v -0.134607 0.941254 1.537866
v 0.195741 0.944351 0.835370
v 0.195741 0.947454 1.537777
v 0.498514 1.020052 0.835099
v 0.498514 1.022555 1.537605
v -0.289440 0.990730 5.953659
v -0.242953 0.979539 5.830940
v -0.289534 0.990339 5.713658
v -0.410922 1.019456 5.997008
v -0.400395 1.016513 5.670303
v -0.510697 1.042635 5.715747
v -0.514703 1.043827 5.955549
v -0.556998 1.053637 5.832166
v -0.453590 1.082398 5.913915
v -0.453590 0.962387 5.802410
v -0.436541 1.000256 5.762175
v -0.436541 1.120266 5.873680
v -0.381017 0.998753 5.763772
v -0.381017 1.118664 5.875277
v -0.363783 0.959983 5.805006
v -0.363783 1.079893 5.916511
v -0.363783 1.079893 5.916511
v -0.363783 0.959983 5.805006
v -0.408593 0.937542 5.828868
v -0.408593 1.057452 5.940373
v -0.453590 0.962387 5.802410
v -0.453590 1.082398 5.913915
v -0.408593 0.937542 5.828868
v -0.363783 0.959983 5.805006
v -0.381017 0.998753 5.763772
v -0.436541 1.000256 5.762175
v -0.453590 0.962387 5.802410
v -0.715931 1.695209 2.856153
v -0.981718 1.704010 2.855668
v -0.982836 1.697470 1.177054
v -0.716955 1.689170 1.177140
v -0.475948 1.748971 1.176842
v -0.474924 1.754809 2.856355
v -0.457502 1.745009 2.856438
v -0.458527 1.739271 1.176925
v -0.472595 1.723909 2.856502
v -0.473712 1.718171 1.176989
v -0.493090 1.733909 2.856419
v -0.494115 1.728171 1.177006
v -0.494115 1.728171 1.177006
v -0.713974 1.681908 2.856631
v -0.493090 1.733909 2.856419
v -0.715931 1.676370 1.177118
v -0.982650 1.691508 2.856647
v -0.983209 1.685170 1.177133
v -0.716955 1.689170 1.177140
v -0.982836 1.697470 1.177054
v -0.983861 1.691237 -0.446760
v -0.717887 1.683237 -0.446773
v -0.475948 1.748971 1.176842
v -0.476973 1.743438 -0.446971
v -0.458527 1.739271 1.176925
v -0.459552 1.733638 -0.446887
v -0.473712 1.718171 1.176989
v -0.474737 1.712638 -0.446823
v -0.494115 1.728171 1.177006
v -0.495139 1.722638 -0.446906
v -0.715931 1.676370 1.177118
v -0.494115 1.728171 1.177006
v -0.495139 1.722638 -0.446906
v -0.717887 1.671037 -0.446694
v -0.983209 1.685170 1.177133
v -0.983861 1.679037 -0.446780
v -0.983861 1.691237 -0.446760
v -0.983861 1.679037 -0.446780
v -0.717887 1.671037 -0.446694
v -0.717887 1.683237 -0.446773
v -0.717887 1.671037 -0.446694
v -0.495139 1.722638 -0.446906
v -0.476973 1.743438 -0.446971
v -0.459552 1.733638 -0.446887
v -0.474737 1.712638 -0.446823
v -0.457502 1.738298 1.571824
v -0.485544 1.738229 1.553624
v -0.484519 1.286525 1.555155
v -0.456478 1.286594 1.573355
v -0.485544 1.738368 1.589525
v -0.484519 1.286564 1.591055
v -0.485544 1.738229 1.553624
v -0.484519 1.286525 1.555155
v -0.457502 1.744561 2.356237
v -0.485544 1.744492 2.337936
v -0.484519 1.292789 2.339567
v -0.456478 1.292858 2.357767
v -0.485544 1.744631 2.373937
v -0.484519 1.292928 2.375467
v -0.485544 1.744492 2.337936
v -0.484519 1.292789 2.339567
v -0.457502 1.738785 2.166126
v -0.485544 1.731013 2.149613
v -0.484519 1.322285 2.342017
v -0.456478 1.330057 2.358430
v -0.485544 1.746358 2.182139
v -0.484519 1.337529 2.374443
v -0.485544 1.731013 2.149613
v -0.484519 1.322285 2.342017
v -0.457502 1.733669 1.764517
v -0.485544 1.741398 1.748030
v -0.484519 1.331220 1.558531
v -0.456478 1.323592 1.575018
v -0.485544 1.726242 1.780604
v -0.484519 1.316164 1.591105
v -0.485544 1.741398 1.748030
v -0.484519 1.331220 1.558531
v -0.457502 1.734009 -0.019486
v -0.485544 1.733941 -0.037786
v -0.484519 1.282137 -0.036156
v -0.456478 1.282206 -0.017956
v -0.485544 1.734079 -0.001786
v -0.484519 1.282276 -0.000256
v -0.485544 1.733941 -0.037786
v -0.484519 1.282137 -0.036156
v -0.457502 1.738531 0.789723
v -0.485544 1.738462 0.771523
v -0.484519 1.286758 0.773054
v -0.456478 1.286727 0.791253
v -0.485544 1.738600 0.807424
v -0.484519 1.286797 0.808954
v -0.485544 1.738462 0.771523
v -0.484519 1.286758 0.773054
v -0.457502 1.732754 0.599613
v -0.485544 1.724983 0.583100
v -0.484519 1.316254 0.775504
v -0.456478 1.324026 0.792017
v -0.485544 1.740327 0.615626
v -0.484519 1.331499 0.808030
v -0.485544 1.724983 0.583100
v -0.484519 1.316254 0.775504
v -0.457502 1.729381 0.173207
v -0.485544 1.737009 0.156620
v -0.484519 1.326931 -0.032880
v -0.456478 1.319303 -0.016293
v -0.485544 1.721954 0.189294
v -0.484519 1.311876 -0.000205
v -0.485544 1.737009 0.156620
v -0.484519 1.326931 -0.032880
v -0.814308 2.726649 -0.452295
v -0.792229 2.732349 4.476924
v -0.813284 2.743450 4.476843
v -0.793254 2.715549 -0.452214
v -0.807414 2.711349 4.476988
v -0.808346 2.694548 -0.452150
v -0.827817 2.721349 4.476905
v -0.828841 2.704549 -0.452233
v -0.792229 2.732349 4.476924
v -0.807414 2.711349 4.476988
v -0.827817 2.721349 4.476905
v -0.813284 2.743450 4.476843
v -0.814308 2.726649 -0.452295
v -0.828841 2.704549 -0.452233
v -0.808346 2.694548 -0.452150
v -0.793254 2.715549 -0.452214
v -0.937467 2.348135 1.843864
v -0.791204 2.722236 1.844202
v -0.791577 2.722632 1.435202
v -0.937467 2.348232 1.434864
v -0.961037 1.696427 1.437053
v -0.961409 1.696330 1.846153
v -0.937467 2.341718 -0.023650
v -0.791204 2.715918 -0.023413
v -0.791577 2.716215 -0.432313
v -0.937467 2.341915 -0.432751
v -0.961037 1.690010 -0.430462
v -0.961409 1.689913 -0.021361
v -0.937467 2.344736 0.845856
v -0.791204 2.718836 0.846194
v -0.791577 2.719233 0.437294
v -0.937467 2.344833 0.436856
v -0.961037 1.693028 0.439045
v -0.961409 1.692931 0.848246
v 0.716883 1.699143 4.010062
v 0.983788 1.701404 2.330963
v 0.982670 1.707944 4.009577
v 0.717907 1.693104 2.331049
v 0.476900 1.752904 2.330851
v 0.475876 1.758743 4.010264
v 0.458454 1.748943 4.010347
v 0.459479 1.743204 2.330834
v 0.473547 1.727842 4.010411
v 0.474664 1.722104 2.330898
v 0.494042 1.737943 4.010328
v 0.495067 1.732104 2.330915
v 0.495067 1.732104 2.330915
v 0.494042 1.737943 4.010328
v 0.714926 1.685842 4.010540
v 0.716883 1.680304 2.331027
v 0.983602 1.695442 4.010556
v 0.984161 1.689104 2.331042
v 0.717907 1.693104 2.331049
v 0.984813 1.695171 0.707149
v 0.983788 1.701404 2.330963
v 0.718839 1.687171 0.707136
v 0.476900 1.752904 2.330851
v 0.477925 1.747372 0.706938
v 0.459479 1.743204 2.330834
v 0.460504 1.737571 0.707022
v 0.474664 1.722104 2.330898
v 0.475689 1.716571 0.707086
v 0.495067 1.732104 2.330915
v 0.496091 1.726571 0.707003
v 0.982670 1.707944 4.009577
v 0.981646 1.714177 5.633491
v 0.715858 1.704976 5.633975
v 0.716883 1.699143 4.010062
v 0.474851 1.764276 5.634176
v 0.475876 1.758743 4.010264
v 0.457430 1.754476 5.634160
v 0.458454 1.748943 4.010347
v 0.472615 1.733475 5.634224
v 0.473547 1.727842 4.010411
v 0.493017 1.743475 5.634241
v 0.494042 1.737943 4.010328
v 0.716883 1.680304 2.331027
v 0.496091 1.726571 0.707003
v 0.495067 1.732104 2.330915
v 0.718839 1.674971 0.707215
v 0.984161 1.689104 2.331042
v 0.984813 1.682971 0.707229
v 0.714926 1.685842 4.010540
v 0.982950 1.701575 5.634370
v 0.983602 1.695442 4.010556
v 0.712970 1.691275 5.634452
v 0.494042 1.737943 4.010328
v 0.493017 1.743475 5.634241
v 0.984813 1.695171 0.707149
v 0.718839 1.674971 0.707215
v 0.984813 1.682971 0.707229
v 0.718839 1.687171 0.707136
v 0.496091 1.726571 0.707003
v 0.718839 1.674971 0.707215
v 0.477925 1.747372 0.706938
v 0.460504 1.737571 0.707022
v 0.475689 1.716571 0.707086
v 0.715858 1.704976 5.633975
v 0.981646 1.714177 5.633491
v 0.982950 1.701575 5.634370
v 0.712970 1.691275 5.634452
v 0.493017 1.743475 5.634241
v 0.474851 1.764276 5.634176
v 0.457430 1.754476 5.634160
v 0.472615 1.733475 5.634224
v 0.458454 1.747580 4.281945
v 0.485471 1.295707 4.265275
v 0.486496 1.747511 4.263745
v 0.457430 1.295776 4.283575
v 0.486496 1.747650 4.299646
v 0.485471 1.295846 4.301276
v 0.486496 1.747511 4.263745
v 0.485471 1.295707 4.265275
v 0.458454 1.751569 5.285954
v 0.485471 1.299797 5.269284
v 0.486496 1.751600 5.267754
v 0.457430 1.299866 5.287484
v 0.486496 1.751639 5.303654
v 0.485471 1.299935 5.305185
v 0.486496 1.751600 5.267754
v 0.485471 1.299797 5.269284
v 0.458454 1.745793 5.095844
v 0.485471 1.329292 5.271734
v 0.486496 1.738121 5.079331
v 0.457430 1.337064 5.288248
v 0.486496 1.753366 5.111857
v 0.485471 1.344537 5.304261
v 0.486496 1.738121 5.079331
v 0.485471 1.329292 5.271734
v 0.458454 1.742951 4.474738
v 0.485471 1.340502 4.268652
v 0.486496 1.750580 4.458151
v 0.457430 1.332873 4.285239
v 0.486496 1.735524 4.490725
v 0.485471 1.325446 4.301226
v 0.486496 1.750580 4.458151
v 0.485471 1.340502 4.268652
v 0.458454 1.742542 2.719734
v 0.485471 1.290769 2.703064
v 0.486496 1.742473 2.701434
v 0.457430 1.290838 2.721264
v 0.486496 1.742612 2.737434
v 0.485471 1.290908 2.738964
v 0.486496 1.742473 2.701434
v 0.485471 1.290769 2.703064
v 0.458454 1.745203 3.505240
v 0.485471 1.293331 3.488670
v 0.486496 1.745134 3.487040
v 0.457430 1.293400 3.506870
v 0.486496 1.745173 3.522940
v 0.485471 1.293469 3.524570
v 0.486496 1.745134 3.487040
v 0.485471 1.293331 3.488670
v 0.458454 1.739427 3.315230
v 0.485471 1.322827 3.491020
v 0.486496 1.731655 3.298717
v 0.457430 1.330599 3.507533
v 0.486496 1.746900 3.331242
v 0.485471 1.338171 3.523546
v 0.486496 1.731655 3.298717
v 0.485471 1.322827 3.491020
v 0.458454 1.738013 2.912427
v 0.485471 1.335564 2.706340
v 0.486496 1.745642 2.895940
v 0.457430 1.327836 2.722927
v 0.486496 1.730586 2.928514
v 0.485471 1.320408 2.739015
v 0.486496 1.745642 2.895940
v 0.485471 1.335564 2.706340
v 0.458454 1.736636 1.138821
v 0.485471 1.284763 1.122151
v 0.486496 1.736567 1.120621
v 0.457430 1.284832 1.140351
v 0.486496 1.736705 1.156521
v 0.485471 1.284902 1.158051
v 0.486496 1.736567 1.120621
v 0.485471 1.284763 1.122151
v 0.458454 1.738679 1.935126
v 0.485471 1.286806 1.918456
v 0.486496 1.738610 1.916926
v 0.457430 1.286875 1.936756
v 0.486496 1.738749 1.952826
v 0.485471 1.286945 1.954456
v 0.486496 1.738610 1.916926
v 0.485471 1.286806 1.918456
v 0.458454 1.732903 1.745116
v 0.485471 1.316302 1.920906
v 0.486496 1.725131 1.728602
v 0.457430 1.324074 1.937419
v 0.486496 1.740375 1.761128
v 0.485471 1.331647 1.953432
v 0.486496 1.725131 1.728602
v 0.485471 1.316302 1.920906
v 0.458454 1.732007 1.331513
v 0.485471 1.329558 1.125527
v 0.486496 1.739635 1.315026
v 0.457430 1.321929 1.142014
v 0.486496 1.724580 1.347601
v 0.485471 1.314502 1.158102
v 0.486496 1.739635 1.315026
v 0.485471 1.329558 1.125527
v 0.815260 2.730583 0.701614
v 0.814236 2.747383 5.630752
v 0.793181 2.736283 5.630833
v 0.794206 2.719482 0.701695
v 0.808366 2.715283 5.630897
v 0.809298 2.698482 0.701759
v 0.828769 2.725283 5.630814
v 0.829793 2.708482 0.701676
v 0.793181 2.736283 5.630833
v 0.814236 2.747383 5.630752
v 0.828769 2.725283 5.630814
v 0.808366 2.715283 5.630897
v 0.815260 2.730583 0.701614
v 0.794206 2.719482 0.701695
v 0.809298 2.698482 0.701759
v 0.829793 2.708482 0.701676
v 0.938419 2.358862 4.997289
v 0.792063 2.735859 4.588930
v 0.791691 2.735462 4.997830
v 0.938419 2.359059 4.588188
v 0.961989 1.707154 4.590477
v 0.962361 1.707057 4.999578
v 0.938419 2.355335 3.956980
v 0.792063 2.732331 3.548622
v 0.791691 2.731934 3.957522
v 0.938419 2.355432 3.547880
v 0.961989 1.703627 3.550169
v 0.962361 1.703530 3.959270
v 0.938419 2.351737 2.899172
v 0.792063 2.728734 2.490814
v 0.791691 2.728337 2.899714
v 0.938419 2.351834 2.490072
v 0.961989 1.700029 2.492361
v 0.962361 1.699932 2.901462
v 0.938419 2.348041 1.840564
v 0.792063 2.725138 1.432206
v 0.791691 2.724741 1.841106
v 0.938419 2.348238 1.431464
v 0.961989 1.696433 1.433753
v 0.962361 1.696336 1.842854
v 0.310981 1.630871 -0.114262
v 0.310981 1.629723 -0.438264
v 0.816471 1.629723 -0.438264
v 0.816471 1.630871 -0.114262
v 0.310981 1.287468 -0.113147
v 0.310981 1.630871 -0.114262
v 0.816471 1.630871 -0.114262
v 0.816471 1.287468 -0.113147
v 0.816471 1.287468 -0.113147
v 0.816471 1.630871 -0.114262
v 0.816471 1.629723 -0.438264
v 0.816471 1.286420 -0.437049
v 0.310981 1.286420 -0.437049
v 0.310981 1.629723 -0.438264
v 0.310981 1.630871 -0.114262
v 0.310981 1.287468 -0.113147
v 0.973913 2.161608 -0.193958
v 0.973727 2.212404 -0.485072
v 0.982204 2.183004 -0.485022
v 0.982298 2.117407 -0.193833
v 0.982298 2.117407 -0.193833
v 0.993291 2.071768 0.122490
v 0.984906 2.125969 0.122282
v 0.973913 2.161608 -0.193958
v 0.993291 2.071768 0.122490
v 1.001861 2.054247 0.369761
v 0.993570 2.108347 0.369653
v 0.984906 2.125969 0.122282
v 1.001861 2.054247 0.369761
v 1.022823 2.050801 0.631255
v 1.014438 2.105001 0.631148
v 0.993570 2.108347 0.369653
v 0.970466 2.161608 -0.193958
v 0.980528 2.117507 -0.193833
v 0.980714 2.182404 -0.485023
v 0.970373 2.212404 -0.485072
v 0.981552 2.125969 0.122282
v 0.990123 2.071768 0.122490
v 0.980528 2.117507 -0.193833
v 0.970466 2.161608 -0.193958
v 0.990123 2.108347 0.369653
v 0.999346 2.054247 0.369761
v 0.990123 2.071768 0.122490
v 0.981552 2.125969 0.122282
v 1.010991 2.105001 0.631148
v 1.020587 2.050801 0.631255
v 0.999346 2.054247 0.369761
v 0.990123 2.108347 0.369653
v -1.021498 1.882308 4.500275
v -1.021498 1.885859 5.526684
v -1.055781 1.886959 5.526685
v -1.051962 1.881408 4.500274
v -1.021498 1.885859 5.526684
v -1.021498 1.882308 4.500275
v -1.042366 1.852508 4.500424
v -1.042366 1.855959 5.526832
v -1.051962 1.881408 4.500274
v -1.055781 1.886959 5.526685
v -0.998674 1.807884 4.514249
v -1.059042 1.802583 4.514739
v -1.058949 1.822449 4.534773
v -1.001375 1.827450 4.534282
v -1.001375 1.827450 4.534282
v -1.058949 1.822449 4.534773
v -1.068078 1.912149 4.535026
v -1.010598 1.917150 4.534535
v -1.010598 1.917150 4.534535
v -1.068078 1.912149 4.535026
v -1.071246 1.927086 4.512952
v -1.010878 1.932387 4.512461
v -0.998674 1.807884 4.514249
v -1.001375 1.827450 4.534282
v -1.010598 1.917150 4.534535
v -1.010878 1.932387 4.512461
v -1.058949 1.822449 4.534773
v -1.059042 1.802583 4.514739
v -1.071246 1.927086 4.512952
v -1.068078 1.912149 4.535026
v -1.009853 1.928274 5.517856
v -1.070221 1.922975 5.517347
v -1.066681 1.903509 5.497214
v -1.009108 1.908508 5.497722
v -1.009108 1.908508 5.497722
v -1.066681 1.903509 5.497214
v -1.055874 1.763209 5.497274
v -0.998301 1.768208 5.497683
v -0.998301 1.768208 5.497683
v -1.055874 1.763209 5.497274
v -1.056340 1.747871 5.519348
v -0.995972 1.753171 5.519757
v -1.009853 1.928274 5.517856
v -1.009108 1.908508 5.497722
v -0.998301 1.768208 5.497683
v -0.995972 1.753171 5.519757
v -1.066681 1.903509 5.497214
v -1.070221 1.922975 5.517347
v -1.056340 1.747871 5.519348
v -1.055874 1.763209 5.497274
v -1.022336 1.884638 5.128181
v -1.022336 1.852338 5.128325
v -1.104784 1.852918 5.081326
v -1.104784 1.884018 5.081279
v -1.104784 1.884018 5.081279
v -1.104784 1.852918 5.081326
v -1.104877 1.852140 5.009925
v -1.104784 1.883140 5.009878
v -1.104784 1.883140 5.009878
v -1.104877 1.852140 5.009925
v -1.022243 1.851122 4.961623
v -1.022243 1.883422 4.961478
v -1.022336 1.884638 5.128181
v -1.104784 1.884018 5.081279
v -1.104784 1.883140 5.009878
v -1.022243 1.883422 4.961478
v -1.104784 1.852918 5.081326
v -1.022336 1.852338 5.128325
v -1.022243 1.851122 4.961623
v -1.104877 1.852140 5.009925
v -1.022336 1.852338 5.128325
v -1.022336 1.884638 5.128181
v -1.022243 1.883422 4.961478
v -1.022243 1.851122 4.961623
v -0.715931 1.695209 2.856153
v -0.982650 1.691508 2.856647
v -0.981718 1.704010 2.855668
v -0.713974 1.681908 2.856631
v -0.493090 1.733909 2.856419
v -0.474924 1.754809 2.856355
v -0.457502 1.745009 2.856438
v -0.472595 1.723909 2.856502
v 0.902086 2.702046 5.593874
v 0.965715 2.731657 5.587525
v 0.953045 2.758757 5.587471
v 0.889416 2.729245 5.594521
v 0.965715 2.731657 5.587525
v 0.952859 2.758309 5.439470
v 0.965529 2.731109 5.439724
v 0.889323 2.728717 5.434619
v 0.902086 2.701515 5.435773
v 0.979596 2.753947 5.417263
v 0.902086 2.701515 5.435773
v 0.895844 2.714957 5.411696
v 0.979782 2.754719 5.609764
v 0.965715 2.731657 5.587525
v 0.895751 2.715607 5.616898
v 0.902086 2.702046 5.593874
v 0.889416 2.729245 5.594521
v 0.979782 2.754719 5.609764
v 0.953045 2.758757 5.587471
v 0.979596 2.753947 5.417263
v 0.952859 2.758309 5.439470
v 0.895844 2.714957 5.411696
v 0.889323 2.728717 5.434619
v 0.609282 3.124659 5.117194
v 0.625026 3.199370 5.110821
v 0.584687 3.141958 5.117823
v 0.649620 3.182170 5.110692
v 0.624840 3.198723 4.962719
v 0.649434 3.181522 4.962890
v 0.584594 3.141430 4.958022
v 0.609282 3.124129 4.959092
v 0.650179 3.209132 5.133037
v 0.597078 3.133320 5.140209
v 0.609282 3.124659 5.117194
v 0.650179 3.208360 4.940536
v 0.609282 3.124129 4.959092
v 0.597078 3.132570 4.935007
v 0.625026 3.199370 5.110821
v 0.584687 3.141958 5.117823
v 0.597078 3.133320 5.140209
v 0.624840 3.198723 4.962719
v 0.597078 3.132570 4.935007
v 0.584594 3.141430 4.958022
v -0.937467 2.351471 2.820572
v -0.791204 2.725571 2.820809
v -0.791577 2.725968 2.411909
v -0.937467 2.351568 2.411471
v -0.961037 1.699763 2.413760
v -0.961409 1.699666 2.822861
v -1.052148 4.427489 -6.577609
v -0.426666 3.952037 -6.664719
v -1.060626 4.419241 -6.607723
v -0.418468 3.963585 -6.634399
v -1.041993 4.447031 -6.601775
v -0.410084 3.976727 -6.658777
v -1.060626 4.419241 -6.607723
v -0.426666 3.952037 -6.664719
v 1.053100 4.427489 -6.577609
v 1.061578 4.419241 -6.607723
v 0.427618 3.952037 -6.664719
v 0.419420 3.963585 -6.634399
v 1.042945 4.447031 -6.601775
v 0.411036 3.976727 -6.658777
v 1.061578 4.419241 -6.607723
v 0.427618 3.952037 -6.664719
v -1.085872 1.872384 4.514359
v -1.088574 2.078226 3.902808
v -1.088387 2.064386 4.513686
v -1.022243 2.486688 4.512905
v -1.027647 2.471437 3.897178
v -0.925542 2.719889 4.512103
v 2.332198 5.323501 -5.996381
v 2.331825 3.249675 -6.218515
v 2.260091 3.263775 -6.276691
v 2.260557 5.328096 -6.052473
v 2.404490 5.324597 -6.052979
v 2.404677 3.260275 -6.276697
v 2.331825 3.249675 -6.218515
v 2.332198 5.323501 -5.996381
v 2.260091 3.263775 -6.276691
v 2.205126 5.368673 -6.390705
v 2.260557 5.328096 -6.052473
v 2.203915 3.328145 -6.611282
v 2.260557 5.450398 -7.050567
v 2.260091 3.456359 -7.265165
v 2.332104 5.500385 -7.512782
v 2.332104 3.554729 -7.716498
v 2.404490 5.324597 -6.052979
v 2.460480 3.324645 -6.611388
v 2.404677 3.260275 -6.276697
v 2.460480 5.365174 -6.391311
v 2.404677 3.452859 -7.265271
v 2.404490 5.446898 -7.051073
v 2.332104 3.554729 -7.716498
v 2.332104 5.500385 -7.512782
v 2.331825 3.249675 -6.218515
v 2.331825 3.101443 -6.316968
v 2.260091 3.157777 -6.337172
v 2.260091 3.263775 -6.276691
v 2.203915 3.328145 -6.611282
v 2.260091 3.118763 -6.504838
v 2.331825 3.101443 -6.316968
v 2.331825 3.062698 -6.525534
v 2.260091 3.456359 -7.265165
v 2.332104 3.371148 -7.317110
v 2.332104 3.554729 -7.716498
v 2.404677 3.452859 -7.265271
v 2.332104 3.554729 -7.716498
v 2.404677 3.119269 -6.508338
v 2.460480 3.324645 -6.611388
v 2.404677 3.155882 -6.340175
v 2.404677 3.260275 -6.276697
v 2.331825 3.101443 -6.316968
v 2.331825 3.249675 -6.218515
v 2.331825 3.062698 -6.525534
v 2.331825 3.101443 -6.316968
v 2.332104 3.371148 -7.317110
v 2.332198 5.323501 -5.996381
v 2.332570 5.494080 -6.042690
v 2.404211 5.446842 -6.079371
v 2.404490 5.324597 -6.052979
v 2.460480 5.365174 -6.391311
v 2.404211 5.536093 -6.226619
v 2.332570 5.494080 -6.042690
v 2.332570 5.595797 -6.228817
v 2.404490 5.446898 -7.051073
v 2.332104 5.549143 -7.077098
v 2.332104 5.500385 -7.512782
v 2.260557 5.450398 -7.050567
v 2.332104 5.500385 -7.512782
v 2.259625 5.536700 -6.230118
v 2.205126 5.368673 -6.390705
v 2.259625 5.449646 -6.081666
v 2.260557 5.328096 -6.052473
v 2.332570 5.494080 -6.042690
v 2.332198 5.323501 -5.996381
v 2.332570 5.595797 -6.228817
v 2.332570 5.494080 -6.042690
v 2.332104 5.549143 -7.077098
v 2.415111 4.478853 -6.145120
v 2.470914 4.224482 -6.514554
v 2.415111 4.183606 -6.176923
v 2.470914 4.519728 -6.482951
v 2.415111 4.304406 -7.174020
v 2.415111 4.599753 -7.142616
v 2.342538 4.359987 -7.632526
v 2.342538 4.655435 -7.601922
v -2.331246 5.323501 -5.996381
v -2.259605 5.328096 -6.052473
v -2.259139 3.263775 -6.276691
v -2.330873 3.249675 -6.218515
v -2.403538 5.324597 -6.052979
v -2.331246 5.323501 -5.996381
v -2.330873 3.249675 -6.218515
v -2.403725 3.260275 -6.276697
v -2.259139 3.263775 -6.276691
v -2.259605 5.328096 -6.052473
v -2.204174 5.368673 -6.390705
v -2.202963 3.328145 -6.611282
v -2.259605 5.450398 -7.050567
v -2.259139 3.456359 -7.265165
v -2.331152 5.500385 -7.512782
v -2.331152 3.554729 -7.716498
v -2.403538 5.324597 -6.052979
v -2.403725 3.260275 -6.276697
v -2.459528 3.324645 -6.611388
v -2.459528 5.365174 -6.391311
v -2.403725 3.452859 -7.265271
v -2.403538 5.446898 -7.051073
v -2.331152 3.554729 -7.716498
v -2.331152 5.500385 -7.512782
v -2.330873 3.249675 -6.218515
v -2.259139 3.157777 -6.337172
v -2.330873 3.101443 -6.316968
v -2.259139 3.263775 -6.276691
v -2.202963 3.328145 -6.611282
v -2.259139 3.118763 -6.504838
v -2.330873 3.101443 -6.316968
v -2.330873 3.062698 -6.525534
v -2.259139 3.456359 -7.265165
v -2.331152 3.371148 -7.317110
v -2.331152 3.554729 -7.716498
v -2.403725 3.452859 -7.265271
v -2.331152 3.554729 -7.716498
v -2.403725 3.119269 -6.508338
v -2.459528 3.324645 -6.611388
v -2.403725 3.155882 -6.340175
v -2.403725 3.260275 -6.276697
v -2.330873 3.101443 -6.316968
v -2.330873 3.249675 -6.218515
v -2.330873 3.062698 -6.525534
v -2.330873 3.101443 -6.316968
v -2.331152 3.371148 -7.317110
v -2.331246 5.323501 -5.996381
v -2.403259 5.446842 -6.079371
v -2.331618 5.494080 -6.042690
v -2.403538 5.324597 -6.052979
v -2.459528 5.365174 -6.391311
v -2.403259 5.536093 -6.226619
v -2.331618 5.494080 -6.042690
v -2.331618 5.595797 -6.228817
v -2.403538 5.446898 -7.051073
v -2.331152 5.549143 -7.077098
v -2.331152 5.500385 -7.512782
v -2.259605 5.450398 -7.050567
v -2.331152 5.500385 -7.512782
v -2.258673 5.536700 -6.230118
v -2.204174 5.368673 -6.390705
v -2.258673 5.449646 -6.081666
v -2.259605 5.328096 -6.052473
v -2.331618 5.494080 -6.042690
v -2.331246 5.323501 -5.996381
v -2.331618 5.595797 -6.228817
v -2.331618 5.494080 -6.042690
v -2.331152 5.549143 -7.077098
v -2.414159 4.478853 -6.145120
v -2.414159 4.183606 -6.176923
v -2.469962 4.224482 -6.514554
v -2.469962 4.519728 -6.482951
v -2.414159 4.304406 -7.174020
v -2.414159 4.599753 -7.142616
v -2.341586 4.359987 -7.632526
v -2.341586 4.655435 -7.601922
v -0.031106 1.198106 8.138917
v 0.032337 1.079856 8.050815
v -0.031385 1.079856 8.050815
v 0.000010 1.198106 8.138917
v 0.032058 1.198106 8.138917
v -0.030919 1.317229 8.184419
v 0.031871 1.317229 8.184419
v -0.000083 1.483789 8.208203
v 0.033082 1.483789 8.208304
v -0.032130 1.483789 8.208203
v 0.034387 1.677865 8.163734
v -0.033435 1.677865 8.163734
v 1.127722 1.998687 3.456172
v 1.128094 2.020587 3.456209
v 1.137969 2.009454 3.416990
v 1.085613 1.997173 3.464669
v 1.086079 2.023773 3.464614
v 1.128467 2.032754 3.416830
v 1.128001 2.021120 3.378410
v 1.137969 2.009454 3.416990
v 1.086451 2.038454 3.416939
v 1.085986 2.024233 3.370515
v 1.128094 2.020587 3.456209
v 1.128467 2.032754 3.416830
v 1.137969 2.009454 3.416990
v 1.086079 2.023773 3.464614
v 1.086451 2.038454 3.416939
v 1.127629 1.986454 3.416851
v 1.127629 1.998120 3.378471
v 1.085427 1.996433 3.370468
v 1.085520 1.982254 3.416944
v 1.127722 1.998687 3.456172
v 1.127629 1.986454 3.416851
v 1.085520 1.982254 3.416944
v 1.085613 1.997173 3.464669
v 1.127629 1.998120 3.378471
v 1.128001 2.021120 3.378410
v 1.085986 2.024233 3.370515
v 1.085427 1.996433 3.370468
v -1.126770 1.998687 3.456172
v -1.137017 2.009454 3.416990
v -1.127142 2.020587 3.456209
v -1.084661 1.997173 3.464669
v -1.085127 2.023773 3.464614
v -1.127515 2.032754 3.416830
v -1.137017 2.009454 3.416990
v -1.127049 2.021120 3.378410
v -1.085499 2.038454 3.416939
v -1.085034 2.024233 3.370515
v -1.127142 2.020587 3.456209
v -1.137017 2.009454 3.416990
v -1.127515 2.032754 3.416830
v -1.085127 2.023773 3.464614
v -1.085499 2.038454 3.416939
v -1.126677 1.986454 3.416851
v -1.084568 1.982254 3.416944
v -1.084475 1.996433 3.370468
v -1.126677 1.998120 3.378471
v -1.126770 1.998687 3.456172
v -1.084661 1.997173 3.464669
v -1.084568 1.982254 3.416944
v -1.126677 1.986454 3.416851
v -1.126677 1.998120 3.378471
v -1.084475 1.996433 3.370468
v -1.085034 2.024233 3.370515
v -1.127049 2.021120 3.378410
v 0.013705 5.407459 -8.142842
v -0.012753 5.407459 -8.142842
v 0.000476 5.384387 -8.159581
v 0.016593 5.400735 -8.011553
v -0.015641 5.400735 -8.011553
v -0.027565 5.383361 -8.144583
v -0.013405 5.359763 -8.145723
v 0.000476 5.384387 -8.159581
v -0.033528 5.371538 -8.013703
v -0.016386 5.342941 -8.015052
v -0.012753 5.407459 -8.142842
v -0.027565 5.383361 -8.144583
v 0.000476 5.384387 -8.159581
v -0.015641 5.400735 -8.011553
v -0.033528 5.371538 -8.013703
v 0.028517 5.383361 -8.144583
v 0.014357 5.359763 -8.145723
v 0.017338 5.342941 -8.015052
v 0.034480 5.371538 -8.013703
v 0.013705 5.407459 -8.142842
v 0.028517 5.383361 -8.144583
v 0.034480 5.371538 -8.013703
v 0.016593 5.400735 -8.011553
v 0.014357 5.359763 -8.145723
v -0.013405 5.359763 -8.145723
v -0.016386 5.342941 -8.015052
v 0.017338 5.342941 -8.015052
v -0.542465 3.176047 4.830881
v -0.710807 3.030446 4.831132
v -0.549359 3.150593 4.510637
v -0.780305 2.961846 4.831216
v -0.799962 2.957891 4.511308
v -0.810209 2.938746 4.831276
v 0.896403 2.797690 6.272438
v 0.921743 2.746885 6.334152
v 0.921743 2.747895 6.621555
v 0.938978 2.712149 6.296193
v 1.046765 2.494997 6.267723
v 0.897242 2.797241 6.653339
v 1.046765 2.494861 6.230623
v 1.046765 2.496658 6.760326
v 1.046765 2.496861 6.817527
v 1.112350 2.070092 6.211899
v 1.112350 2.069960 6.171898
v 1.112350 2.072965 7.049305
v 1.112350 2.072859 6.994305
v 1.103966 1.978481 6.159243
v 1.106760 2.009191 6.270895
v 1.106760 2.011470 6.928700
v 1.103966 1.981680 7.099250
v -0.920791 2.747895 6.621555
v -0.920791 2.746885 6.334152
v -0.895451 2.797690 6.272438
v -0.938026 2.712149 6.296193
v -1.045813 2.494997 6.267723
v -0.896290 2.797241 6.653339
v -1.045813 2.494861 6.230623
v -1.045813 2.496658 6.760326
v -1.045813 2.496861 6.817527
v -1.111398 2.070092 6.211899
v -1.111398 2.069960 6.171898
v -1.111398 2.072965 7.049305
v -1.111398 2.072859 6.994305
v -1.103014 1.978481 6.159243
v -1.105808 2.009191 6.270895
v -1.105808 2.011470 6.928700
v -1.103014 1.981680 7.099250
v -1.059135 2.243744 0.136683
v -1.061743 2.223404 0.101548
v -1.068265 2.263805 0.101117
v -1.054104 2.284145 0.136552
v -1.059135 2.243565 0.065583
v -1.051589 2.304005 0.101086
v -1.054104 2.283966 0.065451
v -1.059135 2.254559 3.297007
v -1.061743 2.234119 3.261872
v -1.068265 2.274620 3.261442
v -1.054104 2.294859 3.296876
v -1.059135 2.254280 3.225807
v -1.051589 2.314720 3.261310
v -1.054104 2.294781 3.225676
v -1.059135 2.250823 2.203099
v -1.061743 2.230383 2.167964
v -1.068265 2.270884 2.167533
v -1.054104 2.291123 2.202968
v -1.059135 2.250544 2.131998
v -1.051589 2.310984 2.167401
v -1.054104 2.291045 2.131767
v -1.059135 2.247355 1.186591
v -1.061743 2.226915 1.151456
v -1.068265 2.267416 1.151025
v -1.054104 2.287656 1.186460
v -1.059135 2.247077 1.115391
v -1.051589 2.307516 1.150894
v -1.054104 2.287577 1.115260
v 1.065770 2.254559 3.297007
v 1.074900 2.274620 3.261442
v 1.068285 2.234119 3.261872
v 1.060739 2.294859 3.296876
v 1.065770 2.254280 3.225807
v 1.058224 2.314720 3.261310
v 1.060646 2.294781 3.225676
v 1.065770 2.250823 2.203099
v 1.074900 2.270884 2.167533
v 1.068285 2.230383 2.167964
v 1.060739 2.291123 2.202968
v 1.065770 2.250544 2.131998
v 1.058224 2.310984 2.167401
v 1.060646 2.291045 2.131767
v 1.065770 2.247355 1.186591
v 1.074900 2.267416 1.151025
v 1.068285 2.226915 1.151456
v 1.060739 2.287656 1.186460
v 1.065770 2.247077 1.115391
v 1.058224 2.307516 1.150894
v 1.060646 2.287577 1.115260
v 1.065770 2.257942 4.304815
v 1.074900 2.278002 4.269249
v 1.068285 2.237602 4.269680
v 1.060739 2.298342 4.304684
v 1.065770 2.257763 4.233615
v 1.058224 2.318203 4.269118
v 1.060646 2.298263 4.233484
v 1.065770 2.261634 5.365723
v 1.074900 2.281695 5.330157
v 1.068285 2.241194 5.330589
v 1.060739 2.301934 5.365592
v 1.065770 2.261355 5.294623
v 1.058224 2.321795 5.330026
v 1.060646 2.301856 5.294392
vt 0.44210 -0.93150
vt 0.65020 -0.93130
vt 0.99430 -0.93100
vt 0.73260 -0.58480
vt 0.73260 -0.58480
vt 0.75310 -0.59910
vt 0.99700 -0.38920
vt 0.99700 -0.38920
vt 0.98860 -0.41570
vt 0.98860 -0.41570
vt 0.98860 -0.41570
vt 0.97850 -0.44580
vt 0.97850 -0.44580
vt 0.97850 -0.44580
vt 0.97850 -0.44580
vt 0.96540 -0.48130
vt 0.96540 -0.48130
vt 0.96540 -0.48130
vt 0.98910 -0.37350
vt 0.98910 -0.37350
vt 0.99700 -0.38920
vt 0.99700 -0.38920
vt 0.99700 -0.38920
vt 0.95540 -0.51670
vt 0.95540 -0.51670
vt 0.95840 -0.54110
vt 0.95840 -0.54110
vt 0.95840 -0.54110
vt 0.96540 -0.48130
vt 0.96540 -0.48130
vt 0.95540 -0.51670
vt 0.95540 -0.51670
vt 0.95540 -0.51670
vt 0.97470 -0.00250
vt 0.98790 -0.00250
vt 0.98790 -0.00250
vt 0.95840 -0.54110
vt 0.98510 -0.56790
vt 0.95840 -0.54110
vt 0.97490 -0.55500
vt 0.98750 -0.42620
vt 0.99810 -0.55500
vt 0.99810 -0.55500
vt 0.98750 -0.42620
vt 0.97490 -0.55500
vt 0.99810 -0.55500
vt 0.98750 -0.42620
vt 0.97490 -0.55500
vt 0.99810 -0.55500
vt 0.98750 -0.42620
vt 0.97500 -0.55500
vt 0.97490 -0.55500
vt 0.99810 -0.55500
vt 0.97500 -0.55500
vt 0.98750 -0.42620
vt 0.99810 -0.55500
vt 0.99810 -0.55500
vt 0.98750 -0.42620
vt 0.97490 -0.55500
vt 0.97490 -0.55500
vt 0.98750 -0.42620
vt 0.99810 -0.55500
vt 0.97500 -0.55500
vt 0.98750 -0.42620
vt 0.99810 -0.55500
vt 0.97500 -0.55500
vt 0.98750 -0.42620
vt 0.99810 -0.55500
vt 0.99810 -0.55500
vt 0.97500 -0.55500
vt 0.99810 -0.55500
vt 0.98750 -0.42620
vt 0.97500 -0.55500
vt 0.97490 -0.55500
vt 0.98750 -0.50390
vt 0.99810 -0.55500
vt 0.99810 -0.55500
vt 0.98750 -0.50390
vt 0.97490 -0.55500
vt 0.99810 -0.55500
vt 0.98750 -0.50390
vt 0.97490 -0.55500
vt 0.99810 -0.55500
vt 0.98750 -0.50390
vt 0.97500 -0.55500
vt 0.97490 -0.55500
vt 0.99810 -0.55500
vt 0.97500 -0.55500
vt 0.98750 -0.50390
vt 0.99810 -0.55500
vt 0.97490 -0.55500
vt 0.99810 -0.55500
vt 0.98750 -0.50390
vt 0.99810 -0.55500
vt 0.97490 -0.55500
vt 0.98750 -0.50390
vt 0.99810 -0.55500
vt 0.97490 -0.55500
vt 0.98750 -0.50390
vt 0.99810 -0.55500
vt 0.97500 -0.55500
vt 0.98750 -0.50390
vt 0.97490 -0.55500
vt 0.99810 -0.55500
vt 0.97500 -0.55500
vt 0.99810 -0.55500
vt 0.98750 -0.50390
vt 0.21070 -0.92150
vt 0.20360 -0.93430
vt 0.18370 -0.95190
vt 0.02150 -0.87100
vt 0.02140 -0.85860
vt 0.01320 -0.86490
vt 0.85590 -0.03760
vt 0.83190 -0.04520
vt 0.84150 -0.04220
vt 0.87450 -0.03460
vt 0.87330 -0.03200
vt 0.86960 -0.03210
vt 0.89230 -0.04640
vt 0.89340 -0.04420
vt 0.89360 -0.04910
vt 0.89690 -0.03000
vt 0.90090 -0.03200
vt 0.89750 -0.03200
vt 0.89530 -0.04640
vt 0.90340 -0.03360
vt 0.89340 -0.04420
vt 0.89600 -0.04800
vt 0.89470 -0.04810
vt 0.87470 -0.04650
vt 0.89230 -0.04640
vt 0.87620 -0.04430
vt 0.87060 -0.04650
vt 0.89120 -0.04200
vt 0.85160 -0.04680
vt 0.87740 -0.04230
vt 0.85290 -0.04470
vt 0.84810 -0.04680
vt 0.85420 -0.04270
vt 0.84720 -0.04580
vt 0.85300 -0.03930
vt 0.85530 -0.02740
vt 0.85830 -0.02750
vt 0.84500 -0.04430
vt 0.83070 -0.04560
vt 0.83000 -0.04680
vt 0.83160 -0.04430
vt 0.81030 -0.04690
vt 0.81110 -0.04570
vt 0.81210 -0.04420
vt 0.81000 -0.04420
vt 0.86760 -0.03820
vt 0.86780 -0.04180
vt 0.87150 -0.03910
vt 0.86500 -0.04230
vt 0.85830 -0.02750
vt 0.85620 -0.02920
vt 0.85550 -0.03210
vt 0.84880 -0.03370
vt 0.84850 -0.03530
vt 0.89010 -0.03560
vt 0.88520 -0.03360
vt 0.88840 -0.03410
vt 0.89760 -0.04240
vt 0.88880 -0.03590
vt 0.89710 -0.04320
vt 0.86170 -0.03930
vt 0.86880 -0.04340
vt 0.86470 -0.04100
vt 0.86040 -0.04140
vt 0.86880 -0.04340
vt 0.84670 -0.03640
vt 0.84530 -0.03840
vt 0.82940 -0.03790
vt 0.82930 -0.03980
vt 0.80910 -0.04200
vt 0.80770 -0.04370
vt 0.87000 -0.03880
vt 0.89020 -0.04110
vt 0.88680 -0.03760
vt 0.80430 -0.04070
vt 0.80740 -0.03870
vt 0.80630 -0.03600
vt 0.80430 -0.04070
vt 0.80460 -0.03590
vt 0.82440 -0.04230
vt 0.82550 -0.04620
vt 0.82710 -0.04160
vt 0.82240 -0.04840
vt 0.80740 -0.03870
vt 0.80430 -0.04070
vt 0.82230 -0.04020
vt 0.82140 -0.04530
vt 0.82590 -0.04280
vt 0.84410 -0.04560
vt 0.82270 -0.04800
vt 0.84490 -0.04260
vt 0.87250 -0.04160
vt 0.84650 -0.04510
vt 0.87400 -0.03810
vt 0.87770 -0.04190
vt 0.87910 -0.03970
vt 0.89990 -0.04240
vt 0.90110 -0.04040
vt 0.85330 -0.04770
vt 0.85370 -0.04070
vt 0.85510 -0.03840
vt 0.83340 -0.03830
vt 0.85200 -0.04340
vt 0.83280 -0.04080
vt 0.82560 -0.04350
vt 0.82720 -0.04080
vt 0.80740 -0.03870
vt 0.80990 -0.04350
vt 0.80880 -0.03800
vt 0.82880 -0.03820
vt 0.83150 -0.03830
vt 0.85510 -0.03840
vt 0.87400 -0.03810
vt 0.85900 -0.03940
vt 0.87400 -0.03810
vt 0.86800 -0.04140
vt 0.85900 -0.03940
vt 0.86810 -0.04000
vt 0.86670 -0.04380
vt 0.87400 -0.03810
vt 0.86220 -0.03930
vt 0.21300 -0.84860
vt 0.21150 -0.82220
vt 0.22310 -0.83380
vt 0.21300 -0.84860
vt 0.21150 -0.82220
vt 0.22310 -0.83380
vt 0.03430 -0.87450
vt 0.03450 -0.88990
vt 0.03220 -0.89040
vt 0.03220 -0.89040
vt 0.03200 -0.87370
vt 0.03440 -0.85530
vt 0.03240 -0.85430
vt 0.03190 -0.87380
vt 0.03460 -0.88990
vt 0.03420 -0.84510
vt 0.03210 -0.84430
vt 0.03220 -0.84420
vt 0.03230 -0.85430
vt 0.03010 -0.85340
vt 0.02970 -0.87300
vt 0.02990 -0.89090
vt 0.03230 -0.89040
vt 0.03010 -0.84360
vt 0.03220 -0.89040
vt 0.02990 -0.89090
vt 0.02990 -0.89090
vt 0.03230 -0.89040
vt 0.03230 -0.89040
vt 0.03460 -0.88990
vt 0.03010 -0.82830
vt 0.03010 -0.84360
vt 0.03440 -0.82690
vt 0.03430 -0.84490
vt 0.03400 -0.81610
vt 0.03200 -0.81600
vt 0.04080 -0.80230
vt 0.02360 -0.80250
vt 0.03420 -0.81600
vt 0.03030 -0.81580
vt 0.03220 -0.82760
vt 0.03440 -0.82700
vt 0.03420 -0.84510
vt 0.03440 -0.82700
vt 0.03010 -0.82830
vt 0.03220 -0.81590
vt 0.03220 -0.82760
vt 0.03010 -0.84350
vt 0.03010 -0.82820
vt 0.02980 -0.81610
vt 0.03220 -0.81590
vt 0.03220 -0.81590
vt 0.03420 -0.81600
vt 0.03040 -0.81600
vt 0.04080 -0.80230
vt 0.03040 -0.81600
vt 0.02370 -0.80270
vt 0.03390 -0.81590
vt 0.04080 -0.80210
vt 0.03040 -0.81600
vt 0.03430 -0.87450
vt 0.03450 -0.88990
vt 0.03220 -0.89040
vt 0.03220 -0.89040
vt 0.03200 -0.87370
vt 0.03440 -0.85530
vt 0.03240 -0.85430
vt 0.03190 -0.87380
vt 0.03460 -0.88990
vt 0.03420 -0.84510
vt 0.03210 -0.84430
vt 0.03220 -0.84420
vt 0.03230 -0.85430
vt 0.03010 -0.85340
vt 0.02970 -0.87300
vt 0.02990 -0.89090
vt 0.03230 -0.89040
vt 0.03010 -0.84360
vt 0.03220 -0.89040
vt 0.02990 -0.89090
vt 0.02990 -0.89090
vt 0.03230 -0.89040
vt 0.03230 -0.89040
vt 0.03460 -0.88990
vt 0.03010 -0.82830
vt 0.03010 -0.84360
vt 0.03440 -0.82690
vt 0.03430 -0.84490
vt 0.03400 -0.81610
vt 0.03200 -0.81600
vt 0.04080 -0.80230
vt 0.02360 -0.80250
vt 0.03420 -0.81600
vt 0.03030 -0.81580
vt 0.03220 -0.82760
vt 0.03440 -0.82700
vt 0.03420 -0.84510
vt 0.03440 -0.82700
vt 0.03010 -0.82830
vt 0.03220 -0.81590
vt 0.03220 -0.82760
vt 0.03010 -0.84350
vt 0.03010 -0.82820
vt 0.02980 -0.81610
vt 0.03220 -0.81590
vt 0.03220 -0.81590
vt 0.03420 -0.81600
vt 0.03040 -0.81600
vt 0.04080 -0.80230
vt 0.03040 -0.81600
vt 0.02370 -0.80270
vt 0.03390 -0.81590
vt 0.04080 -0.80210
vt 0.03040 -0.81600
vt 0.86910 -0.03990
vt 0.86980 -0.04230
vt 0.86940 -0.04580
vt 0.86910 -0.03990
vt 0.86940 -0.04580
vt 0.86970 -0.04370
vt 0.88230 -0.04170
vt 0.88180 -0.04170
vt 0.88250 -0.04330
vt 0.88230 -0.04170
vt 0.88250 -0.04330
vt 0.88180 -0.04310
vt 0.86910 -0.03990
vt 0.86980 -0.04230
vt 0.86940 -0.04580
vt 0.86910 -0.03990
vt 0.86940 -0.04580
vt 0.86970 -0.04370
vt 0.88230 -0.04170
vt 0.88180 -0.04170
vt 0.88250 -0.04330
vt 0.88230 -0.04170
vt 0.88250 -0.04330
vt 0.88180 -0.04310
vt 0.86910 -0.03990
vt 0.86980 -0.04230
vt 0.86940 -0.04580
vt 0.86910 -0.03990
vt 0.86940 -0.04580
vt 0.86970 -0.04370
vt 0.88230 -0.04170
vt 0.88180 -0.04170
vt 0.88250 -0.04330
vt 0.88230 -0.04170
vt 0.88250 -0.04330
vt 0.88180 -0.04310
vt 0.86910 -0.03990
vt 0.86980 -0.04230
vt 0.86940 -0.04580
vt 0.86910 -0.03990
vt 0.86940 -0.04580
vt 0.86970 -0.04370
vt 0.88230 -0.04170
vt 0.88180 -0.04170
vt 0.88250 -0.04330
vt 0.88230 -0.04170
vt 0.88250 -0.04330
vt 0.88180 -0.04310
vt 0.86930 -0.04210
vt 0.86910 -0.04220
vt 0.86930 -0.04370
vt 0.86930 -0.04210
vt 0.86930 -0.04370
vt 0.86920 -0.04360
vt 0.86930 -0.04210
vt 0.86910 -0.04220
vt 0.86930 -0.04370
vt 0.86930 -0.04210
vt 0.86930 -0.04370
vt 0.86920 -0.04360
vt 0.03210 -0.94850
vt 0.02830 -0.94850
vt 0.03020 -0.94920
vt 0.02470 -0.94830
vt 0.02750 -0.94850
vt 0.02660 -0.94540
vt 0.02740 -0.94860
vt 0.02470 -0.94830
vt 0.02620 -0.94890
vt 0.02840 -0.90010
vt 0.03260 -0.90010
vt 0.03050 -0.89910
vt 0.02830 -0.90010
vt 0.02480 -0.89980
vt 0.02620 -0.90500
vt 0.02480 -0.89990
vt 0.02830 -0.90020
vt 0.02660 -0.89980
vt 0.03210 -0.94850
vt 0.02830 -0.94850
vt 0.03020 -0.94920
vt 0.02470 -0.94830
vt 0.02750 -0.94850
vt 0.02660 -0.94540
vt 0.02740 -0.94860
vt 0.02470 -0.94830
vt 0.02620 -0.94890
vt 0.02840 -0.90010
vt 0.03260 -0.90010
vt 0.03050 -0.89910
vt 0.02830 -0.90010
vt 0.02480 -0.89980
vt 0.02620 -0.90500
vt 0.02480 -0.89990
vt 0.02830 -0.90020
vt 0.02660 -0.89980
vt 0.86910 -0.03990
vt 0.86980 -0.04230
vt 0.86940 -0.04580
vt 0.86910 -0.03990
vt 0.86940 -0.04580
vt 0.86970 -0.04370
vt 0.88230 -0.04170
vt 0.88180 -0.04170
vt 0.88250 -0.04330
vt 0.88230 -0.04170
vt 0.88250 -0.04330
vt 0.88180 -0.04310
vt 0.53020 -0.56160
vt 0.54390 -0.56250
vt 0.54700 -0.53600
vt 0.54690 -0.53600
vt 0.54390 -0.56250
vt 0.53020 -0.56160
vt 0.84980 -0.04480
vt 0.85830 -0.04630
vt 0.85990 -0.04220
vt 0.84730 -0.04180
vt 0.84910 -0.04580
vt 0.85760 -0.04420
vt 0.80380 -0.21960
vt 0.79500 -0.24060
vt 0.80120 -0.22600
vt 0.80380 -0.21960
vt 0.90500 -0.24060
vt 0.89620 -0.21960
vt 0.79500 -0.24060
vt 0.90680 -0.26060
vt 0.79310 -0.25920
vt 0.79650 -0.28150
vt 0.90340 -0.28190
vt 0.80950 -0.30420
vt 0.84990 -0.30400
vt 0.89000 -0.30420
vt 0.83390 -0.31400
vt 0.82140 -0.31390
vt 0.86590 -0.31400
vt 0.87860 -0.31390
vt 0.62830 -0.07480
vt 0.63230 -0.07950
vt 0.63230 -0.07480
vt 0.90490 -0.07490
vt 0.63230 -0.07480
vt 0.90490 -0.09860
vt 0.63230 -0.09870
vt 0.76010 -0.11810
vt 0.70050 -0.11810
vt 0.63230 -0.11810
vt 0.69390 -0.11980
vt 0.68910 -0.12400
vt 0.63060 -0.13220
vt 0.68720 -0.12990
vt 0.62840 -0.14150
vt 0.68910 -0.13580
vt 0.69390 -0.14010
vt 0.70060 -0.14160
vt 0.70730 -0.11980
vt 0.62480 -0.15240
vt 0.75350 -0.11980
vt 0.71210 -0.12400
vt 0.74850 -0.12400
vt 0.71390 -0.13000
vt 0.74670 -0.12990
vt 0.71210 -0.13580
vt 0.74850 -0.13580
vt 0.70730 -0.14010
vt 0.75340 -0.14000
vt 0.76020 -0.14150
vt 0.81550 -0.14150
vt 0.61960 -0.16130
vt 0.61250 -0.16730
vt 0.76690 -0.14000
vt 0.80900 -0.14010
vt 0.80420 -0.13570
vt 0.77170 -0.13570
vt 0.80240 -0.12980
vt 0.77350 -0.12990
vt 0.80420 -0.12400
vt 0.77160 -0.12400
vt 0.80900 -0.11980
vt 0.76680 -0.11970
vt 0.90490 -0.16860
vt 0.82260 -0.14010
vt 0.60450 -0.16850
vt 0.81580 -0.11810
vt 0.81580 -0.11810
vt 0.82250 -0.11980
vt 0.86620 -0.11970
vt 0.82730 -0.12410
vt 0.87300 -0.11810
vt 0.86140 -0.12400
vt 0.87960 -0.11970
vt 0.82900 -0.12990
vt 0.85960 -0.12980
vt 0.82730 -0.13580
vt 0.86140 -0.13580
vt 0.86620 -0.14010
vt 0.90490 -0.11810
vt 0.88450 -0.12400
vt 0.88630 -0.12990
vt 0.88450 -0.13570
vt 0.90480 -0.14170
vt 0.87960 -0.14000
vt 0.87290 -0.14130
vt 0.90490 -0.18460
vt 0.53370 -0.18480
vt 0.90490 -0.19770
vt 0.53300 -0.19800
vt 0.53510 -0.16880
vt 0.59680 -0.16720
vt 0.58990 -0.16150
vt 0.58410 -0.15150
vt 0.53870 -0.14180
vt 0.58100 -0.14170
vt 0.57930 -0.13140
vt 0.57770 -0.11930
vt 0.54140 -0.11930
vt 0.54440 -0.09830
vt 0.57770 -0.09830
vt 0.57780 -0.07920
vt 0.57320 -0.07450
vt 0.54780 -0.07480
vt 0.57780 -0.07920
vt 0.58170 -0.07450
vt 0.44210 -0.93150
vt 0.32190 -0.93430
vt 0.40670 -0.93230
vt 0.31110 -0.11780
vt 0.31330 -0.11370
vt 0.30910 -0.11360
vt 0.30890 -0.11740
vt 0.31310 -0.11740
vt 0.31100 -0.11340
vt 0.31310 -0.11370
vt 0.30900 -0.11370
vt 0.31090 -0.11780
vt 0.31340 -0.11410
vt 0.30930 -0.11410
vt 0.31140 -0.11810
vt 0.36860 -0.47090
vt 0.35210 -0.47090
vt 0.36030 -0.48450
vt 0.35210 -0.47090
vt 0.36860 -0.47090
vt 0.36030 -0.48450
vt 0.35210 -0.47090
vt 0.36860 -0.47090
vt 0.36030 -0.48450
vt 0.35210 -0.47090
vt 0.36860 -0.47090
vt 0.36020 -0.48440
vt 0.35210 -0.47090
vt 0.36860 -0.47090
vt 0.36020 -0.48440
vt 0.36860 -0.47090
vt 0.35210 -0.47090
vt 0.36020 -0.48440
vt 0.20590 -0.82370
vt 0.20650 -0.80070
vt 0.20480 -0.80060
vt 0.20650 -0.80070
vt 0.20650 -0.79890
vt 0.20820 -0.80040
vt 0.20650 -0.79890
vt 0.20590 -0.82370
vt 0.20450 -0.82200
vt 0.20440 -0.86280
vt 0.20600 -0.86300
vt 0.20640 -0.86290
vt 0.20840 -0.82550
vt 0.20650 -0.80070
vt 0.20830 -0.86300
vt 0.20640 -0.82370
vt 0.20650 -0.80030
vt 0.20820 -0.80050
vt 0.20450 -0.82200
vt 0.20480 -0.80060
vt 0.20650 -0.79890
vt 0.20640 -0.82370
vt 0.20650 -0.80030
vt 0.20650 -0.79890
vt 0.20840 -0.82550
vt 0.20820 -0.80040
vt 0.20650 -0.80070
vt 0.00260 -0.99750
vt 0.02320 -0.99560
vt 0.00320 -0.99220
vt 0.02320 -0.99560
vt 0.00450 -0.98730
vt 0.00690 -0.98250
vt 0.01050 -0.97860
vt 0.02320 -0.99560
vt 0.01500 -0.97620
vt 0.02320 -0.99560
vt 0.02030 -0.97520
vt 0.02320 -0.99750
vt 0.02270 -0.99220
vt 0.00260 -0.99560
vt 0.02130 -0.98730
vt 0.00260 -0.99560
vt 0.01890 -0.98250
vt 0.01540 -0.97860
vt 0.01090 -0.97620
vt 0.00260 -0.99560
vt 0.00550 -0.97520
vt 0.00260 -0.99560
vt 0.00920 -0.99660
vt 0.00580 -0.99030
vt 0.00590 -0.99680
vt 0.01210 -0.99170
vt 0.00580 -0.99030
vt 0.01170 -0.98180
vt 0.00710 -0.96280
vt 0.01120 -0.99050
vt 0.00540 -0.99670
vt 0.01320 -0.99250
vt 0.08080 -0.02070
vt 0.11010 -0.03240
vt 0.11010 -0.03240
vt 0.11030 -0.19560
vt 0.11030 -0.19560
vt 0.08020 -0.20350
vt 0.11030 -0.19590
vt 0.11030 -0.03230
vt 0.11030 -0.03230
vt 0.11030 -0.19590
vt 0.11030 -0.03230
vt 0.11030 -0.19590
vt 0.08080 -0.02070
vt 0.11010 -0.03240
vt 0.11010 -0.03240
vt 0.11030 -0.19560
vt 0.08020 -0.20350
vt 0.11030 -0.19560
vt 0.11030 -0.19590
vt 0.11030 -0.19590
vt 0.11030 -0.03230
vt 0.11030 -0.19590
vt 0.11030 -0.03230
vt 0.11030 -0.03230
vt 0.36860 -0.47090
vt 0.35210 -0.47090
vt 0.36030 -0.48450
vt 0.35210 -0.47090
vt 0.36860 -0.47090
vt 0.36030 -0.48450
vt 0.35210 -0.47090
vt 0.36860 -0.47090
vt 0.36030 -0.48450
vt 0.35830 -0.55530
vt 0.36660 -0.53290
vt 0.37480 -0.55530
vt 0.37480 -0.55530
vt 0.36660 -0.53290
vt 0.35830 -0.55530
vt 0.37480 -0.55530
vt 0.36660 -0.53290
vt 0.35830 -0.55530
vt 0.86220 -0.07210
vt 0.86220 -0.06280
vt 0.85250 -0.06740
vt 0.86220 -0.06280
vt 0.86220 -0.07210
vt 0.85250 -0.06740
vt 0.86220 -0.06280
vt 0.86220 -0.07210
vt 0.85250 -0.06740
vt 0.14180 -0.02560
vt 0.20470 -0.00250
vt 0.14180 -0.00250
vt 0.20470 -0.02560
vt 0.14180 -0.07560
vt 0.28170 -0.00250
vt 0.20330 -0.07560
vt 0.14180 -0.11010
vt 0.28170 -0.02530
vt 0.43020 -0.00250
vt 0.19990 -0.11010
vt 0.27800 -0.07470
vt 0.26970 -0.10870
vt 0.43020 -0.02660
vt 0.63620 -0.00250
vt 0.42650 -0.06420
vt 0.41810 -0.09870
vt 0.63030 -0.05520
vt 0.63470 -0.02660
vt 0.75690 -0.00250
vt 0.75500 -0.02470
vt 0.88970 -0.00250
vt 0.66700 -0.03350
vt 0.64590 -0.05380
vt 0.69710 -0.03260
vt 0.71230 -0.04780
vt 0.75050 -0.04430
vt 0.88780 -0.01580
vt 0.97470 -0.00250
vt 0.61700 -0.93270
vt 0.61700 -0.90330
vt 0.40850 -0.90150
vt 0.40850 -0.93300
vt 0.44210 -0.61150
vt 0.99430 -0.61150
vt 0.99430 -0.63460
vt 0.44210 -0.63460
vt 0.44210 -0.68460
vt 0.99430 -0.68460
vt 0.99430 -0.71910
vt 0.09150 -0.61530
vt 0.09150 -0.61150
vt 0.09150 -0.63460
vt 0.09750 -0.68460
vt 0.44210 -0.71910
vt 0.43380 -0.71930
vt 0.44180 -0.72740
vt 0.33930 -0.71910
vt 0.44190 -0.75930
vt 0.32220 -0.68460
vt 0.56610 -0.75940
vt 0.44190 -0.78220
vt 0.56580 -0.74100
vt 0.56630 -0.78200
vt 0.71450 -0.74140
vt 0.71450 -0.75940
vt 0.50940 -0.80510
vt 0.99400 -0.75950
vt 0.71430 -0.78190
vt 0.56640 -0.78990
vt 0.81330 -0.78180
vt 0.71420 -0.79000
vt 0.57990 -0.80350
vt 0.99400 -0.78160
vt 0.56660 -0.80670
vt 0.55680 -0.81510
vt 0.55300 -0.82690
vt 0.50980 -0.84860
vt 0.55680 -0.83870
vt 0.56660 -0.84740
vt 0.58010 -0.85030
vt 0.59400 -0.80660
vt 0.58000 -0.87600
vt 0.59370 -0.84730
vt 0.70050 -0.87600
vt 0.68700 -0.84730
vt 0.60350 -0.83880
vt 0.44180 -0.87580
vt 0.67720 -0.83880
vt 0.60720 -0.82720
vt 0.67360 -0.82700
vt 0.60350 -0.81520
vt 0.67720 -0.81520
vt 0.68760 -0.80660
vt 0.70070 -0.85040
vt 0.70070 -0.80310
vt 0.71420 -0.84730
vt 0.71420 -0.80670
vt 0.79970 -0.80670
vt 0.79000 -0.81520
vt 0.72400 -0.81520
vt 0.78630 -0.82700
vt 0.72770 -0.82700
vt 0.78990 -0.83870
vt 0.72420 -0.83870
vt 0.81320 -0.80340
vt 0.79960 -0.84730
vt 0.82700 -0.80680
vt 0.81290 -0.87600
vt 0.81300 -0.85040
vt 0.82700 -0.84730
vt 0.91560 -0.80670
vt 0.92930 -0.80350
vt 0.90580 -0.81520
vt 0.83680 -0.81530
vt 0.90220 -0.82690
vt 0.84030 -0.82710
vt 0.90580 -0.83880
vt 0.83670 -0.83880
vt 0.99400 -0.80350
vt 0.91560 -0.84730
vt 0.94270 -0.80670
vt 0.95260 -0.81530
vt 0.95630 -0.82700
vt 0.99400 -0.85020
vt 0.95270 -0.83860
vt 0.94260 -0.84740
vt 0.99400 -0.87590
vt 0.92890 -0.85040
vt 0.99400 -0.90170
vt 0.65010 -0.90190
vt 0.65020 -0.93130
vt 0.99430 -0.93100
vt 0.44180 -0.90210
vt 0.42670 -0.87150
vt 0.44180 -0.85000
vt 0.43400 -0.85030
vt 0.44190 -0.80340
vt 0.43840 -0.83150
vt 0.41610 -0.88860
vt 0.40650 -0.89990
vt 0.40650 -0.89970
vt 0.40170 -0.89960
vt 0.44210 -0.93150
vt 0.84530 -0.97280
vt 0.99430 -0.96910
vt 0.44210 -0.97280
vt 0.93480 -0.98010
vt 0.99430 -0.99660
vt 0.84530 -0.99660
vt 0.44210 -0.99660
vt 0.32420 -0.99660
vt 0.32420 -0.96960
vt 0.29200 -0.99660
vt 0.28570 -0.96830
vt 0.26920 -0.94710
vt 0.33760 -0.42560
vt 0.14160 -0.37230
vt 0.14160 -0.37230
vt 0.33790 -0.42550
vt 0.33790 -0.42550
vt 0.54440 -0.50520
vt 0.54440 -0.50520
vt 0.66370 -0.55280
vt 0.66370 -0.55280
vt 0.75220 -0.55820
vt 0.73280 -0.58510
vt 0.75310 -0.59930
vt 0.69020 -0.53340
vt 0.66360 -0.55290
vt 0.67250 -0.52720
vt 0.55300 -0.47980
vt 0.54430 -0.50530
vt 0.36200 -0.42380
vt 0.33790 -0.42550
vt 0.36670 -0.41120
vt 0.23820 -0.38690
vt 0.14160 -0.37240
vt 0.37810 -0.37990
vt 0.19650 -0.35200
vt 0.14160 -0.34600
vt 0.24330 -0.37120
vt 0.14160 -0.31890
vt 0.20410 -0.32730
vt 0.21410 -0.29580
vt 0.25400 -0.33750
vt 0.14160 -0.29280
vt 0.14170 -0.24150
vt 0.36390 -0.34980
vt 0.56270 -0.45130
vt 0.68230 -0.49870
vt 0.57160 -0.42500
vt 0.72230 -0.51190
vt 0.22760 -0.25610
vt 0.37810 -0.30950
vt 0.24270 -0.21160
vt 0.14170 -0.19450
vt 0.14180 -0.15040
vt 0.58570 -0.38420
vt 0.39120 -0.27050
vt 0.59710 -0.35040
vt 0.74530 -0.49650
vt 0.77340 -0.54120
vt 0.81420 -0.52990
vt 0.69190 -0.47070
vt 0.70670 -0.42720
vt 0.74040 -0.47280
vt 0.84120 -0.47710
vt 0.78890 -0.49270
vt 0.71830 -0.39340
vt 0.76250 -0.56350
vt 0.75310 -0.59930
vt 0.85350 -0.44130
vt 0.82540 -0.50200
vt 0.86420 -0.52560
vt 0.80670 -0.55170
vt 0.76760 -0.56620
vt 0.87340 -0.53690
vt 0.90880 -0.53060
vt 0.87550 -0.55860
vt 0.98510 -0.56820
vt 0.87620 -0.57660
vt 0.79890 -0.57370
vt 0.91730 -0.58790
vt 0.88380 -0.59640
vt 0.82780 -0.60030
vt 0.79010 -0.60640
vt 0.77020 -0.60260
vt 0.75730 -0.60010
vt 0.75310 -0.59930
vt 0.95850 -0.54120
vt 0.92850 -0.52480
vt 0.95530 -0.51650
vt 0.96540 -0.48140
vt 0.97850 -0.44590
vt 0.86520 -0.40600
vt 0.98850 -0.41560
vt 0.87580 -0.37480
vt 0.99700 -0.38920
vt 0.73080 -0.35710
vt 0.88470 -0.34760
vt 0.98920 -0.37340
vt 0.88890 -0.33520
vt 0.97590 -0.36270
vt 0.75150 -0.29600
vt 0.74280 -0.32200
vt 0.71470 -0.30030
vt 0.71310 -0.28050
vt 0.70870 -0.30860
vt 0.70370 -0.31540
vt 0.68770 -0.32910
vt 0.66700 -0.33290
vt 0.64800 -0.32570
vt 0.61010 -0.31130
vt 0.63510 -0.31050
vt 0.62860 -0.28890
vt 0.40550 -0.22870
vt 0.62170 -0.27400
vt 0.63010 -0.27740
vt 0.63130 -0.26820
vt 0.63100 -0.24730
vt 0.64660 -0.25360
vt 0.41850 -0.19080
vt 0.25700 -0.16980
vt 0.26990 -0.13190
vt 0.20000 -0.11400
vt 0.77200 -0.60750
vt 0.70420 -0.58780
vt 0.71320 -0.60750
vt 0.68650 -0.60750
vt 0.67080 -0.58130
vt 0.61470 -0.60750
vt 0.62780 -0.58110
vt 0.60970 -0.58720
vt 0.61480 -0.56280
vt 0.59710 -0.57270
vt 0.57720 -0.56650
vt 0.75220 -0.55800
vt 0.75320 -0.59910
vt 0.73290 -0.58490
vt 0.69030 -0.53330
vt 0.66370 -0.55270
vt 0.67250 -0.52710
vt 0.55310 -0.47960
vt 0.54440 -0.50520
vt 0.36200 -0.42370
vt 0.33790 -0.42550
vt 0.36680 -0.41110
vt 0.23820 -0.38680
vt 0.14160 -0.37230
vt 0.37820 -0.37980
vt 0.19640 -0.35200
vt 0.14160 -0.34600
vt 0.24320 -0.37120
vt 0.14170 -0.31870
vt 0.20420 -0.32710
vt 0.21410 -0.29570
vt 0.25400 -0.33750
vt 0.36400 -0.34970
vt 0.14170 -0.29270
vt 0.14170 -0.26690
vt 0.14170 -0.24110
vt 0.56270 -0.45110
vt 0.22770 -0.25600
vt 0.24280 -0.21150
vt 0.14180 -0.19440
vt 0.14180 -0.17250
vt 0.14180 -0.15040
vt 0.68230 -0.49850
vt 0.37810 -0.30940
vt 0.57170 -0.42490
vt 0.72230 -0.51180
vt 0.58570 -0.38410
vt 0.25700 -0.16970
vt 0.39120 -0.27040
vt 0.20000 -0.11400
vt 0.14180 -0.11010
vt 0.26990 -0.13180
vt 0.40550 -0.22860
vt 0.41850 -0.19070
vt 0.59710 -0.35030
vt 0.62170 -0.27390
vt 0.63100 -0.24730
vt 0.61010 -0.31130
vt 0.63130 -0.26820
vt 0.64670 -0.25360
vt 0.63010 -0.27760
vt 0.62860 -0.28890
vt 0.63510 -0.31050
vt 0.64810 -0.32560
vt 0.66710 -0.33280
vt 0.71830 -0.39330
vt 0.70670 -0.42710
vt 0.73090 -0.35700
vt 0.68770 -0.32900
vt 0.70370 -0.31540
vt 0.69190 -0.47060
vt 0.74530 -0.49640
vt 0.74280 -0.32200
vt 0.70910 -0.30800
vt 0.71480 -0.30030
vt 0.74040 -0.47260
vt 0.84130 -0.47700
vt 0.85360 -0.44120
vt 0.86520 -0.40590
vt 0.77350 -0.54110
vt 0.81420 -0.52970
vt 0.78900 -0.49250
vt 0.87590 -0.37480
vt 0.76300 -0.56360
vt 0.75320 -0.59910
vt 0.82540 -0.50180
vt 0.86420 -0.52550
vt 0.98850 -0.41560
vt 0.97850 -0.44580
vt 0.96540 -0.48130
vt 0.95530 -0.51640
vt 0.99700 -0.38910
vt 0.88470 -0.34760
vt 0.98920 -0.37340
vt 0.88890 -0.33520
vt 0.75150 -0.29600
vt 0.71310 -0.28050
vt 0.92860 -0.52470
vt 0.95850 -0.54100
vt 0.90880 -0.53050
vt 0.87350 -0.53680
vt 0.87560 -0.55850
vt 0.87630 -0.57650
vt 0.91730 -0.58770
vt 0.88390 -0.59620
vt 0.82790 -0.60010
vt 0.80670 -0.55160
vt 0.79900 -0.57350
vt 0.79020 -0.60620
vt 0.76760 -0.56600
vt 0.77030 -0.60250
vt 0.75740 -0.59990
vt 0.75320 -0.59910
vt 0.77200 -0.60750
vt 0.71320 -0.60750
vt 0.70420 -0.58780
vt 0.68650 -0.60750
vt 0.67080 -0.58130
vt 0.61470 -0.60750
vt 0.62780 -0.58110
vt 0.60970 -0.58720
vt 0.61480 -0.56280
vt 0.59710 -0.57270
vt 0.57720 -0.56650
vt 0.88780 -0.01580
vt 0.88970 -0.00250
vt 0.97470 -0.00250
vt 0.75500 -0.02470
vt 0.75050 -0.04430
vt 0.71230 -0.04780
vt 0.69710 -0.03260
vt 0.75690 -0.00250
vt 0.66700 -0.03350
vt 0.63470 -0.02660
vt 0.63620 -0.00250
vt 0.63030 -0.05520
vt 0.64590 -0.05380
vt 0.43020 -0.02660
vt 0.43020 -0.00250
vt 0.28170 -0.00250
vt 0.42650 -0.06420
vt 0.41810 -0.09870
vt 0.28170 -0.02530
vt 0.20470 -0.00250
vt 0.27800 -0.07470
vt 0.26970 -0.10870
vt 0.20470 -0.02560
vt 0.14180 -0.00250
vt 0.14180 -0.02560
vt 0.20330 -0.07560
vt 0.19990 -0.11010
vt 0.14180 -0.07560
vt 0.09790 -0.77380
vt 0.12500 -0.77380
vt 0.12140 -0.78720
vt 0.11230 -0.79680
vt 0.09790 -0.80090
vt 0.08350 -0.79680
vt 0.07410 -0.78660
vt 0.07110 -0.77380
vt 0.09790 -0.77380
vt 0.12140 -0.78730
vt 0.12500 -0.77380
vt 0.11230 -0.79700
vt 0.09790 -0.80110
vt 0.08350 -0.79700
vt 0.07410 -0.78670
vt 0.07110 -0.77380
vt 0.20440 -0.82020
vt 0.20440 -0.82540
vt 0.20570 -0.82550
vt 0.20570 -0.82030
vt 0.20500 -0.81440
vt 0.20630 -0.81460
vt 0.20600 -0.80990
vt 0.20730 -0.81010
vt 0.20760 -0.80780
vt 0.20710 -0.81300
vt 0.20890 -0.80780
vt 0.20580 -0.81290
vt 0.20500 -0.82090
vt 0.20380 -0.82080
vt 0.20300 -0.82520
vt 0.20480 -0.83020
vt 0.20360 -0.83010
vt 0.20740 -0.83940
vt 0.20610 -0.83930
vt 0.20410 -0.82220
vt 0.20760 -0.81170
vt 0.20640 -0.81120
vt 0.20300 -0.82170
vt 0.20570 -0.83350
vt 0.20460 -0.83310
vt 0.20640 -0.81010
vt 0.20650 -0.81590
vt 0.20780 -0.81000
vt 0.20510 -0.81600
vt 0.20580 -0.82250
vt 0.20430 -0.82260
vt 0.20370 -0.82530
vt 0.20540 -0.82740
vt 0.20400 -0.82750
vt 0.68260 -0.15260
vt 0.68390 -0.09700
vt 0.67010 -0.09700
vt 0.67150 -0.15260
vt 0.72790 -0.08780
vt 0.80090 -0.07640
vt 0.72790 -0.07650
vt 0.80090 -0.08560
vt 0.75070 -0.09070
vt 0.76800 -0.09020
vt 0.74050 -0.10250
vt 0.80090 -0.09840
vt 0.72790 -0.10280
vt 0.77880 -0.09980
vt 0.73500 -0.11750
vt 0.80100 -0.12770
vt 0.78380 -0.11530
vt 0.78120 -0.13080
vt 0.80100 -0.14780
vt 0.77480 -0.14050
vt 0.72800 -0.12350
vt 0.73770 -0.12970
vt 0.74450 -0.13970
vt 0.72790 -0.14370
vt 0.75360 -0.14520
vt 0.80100 -0.16850
vt 0.72800 -0.16450
vt 0.76450 -0.14590
vt 0.72800 -0.18270
vt 0.80110 -0.18670
vt 0.20480 -0.81510
vt 0.20710 -0.81010
vt 0.20580 -0.81000
vt 0.20620 -0.81520
vt 0.20430 -0.82090
vt 0.20560 -0.82100
vt 0.20440 -0.82550
vt 0.20570 -0.82560
vt 0.20660 -0.83990
vt 0.20780 -0.84000
vt 0.20630 -0.83460
vt 0.20500 -0.83450
vt 0.20460 -0.82640
vt 0.20340 -0.82630
vt 0.20280 -0.82170
vt 0.20490 -0.81710
vt 0.20370 -0.81700
vt 0.20790 -0.80830
vt 0.20670 -0.80820
vt 0.20440 -0.82190
vt 0.20540 -0.83350
vt 0.20660 -0.83340
vt 0.20330 -0.82200
vt 0.20730 -0.81130
vt 0.20610 -0.81140
vt 0.20400 -0.82700
vt 0.20540 -0.82750
vt 0.20560 -0.82140
vt 0.20430 -0.82100
vt 0.20660 -0.81480
vt 0.20520 -0.81440
vt 0.20540 -0.81140
vt 0.20750 -0.81000
vt 0.20620 -0.80960
vt 0.72790 -0.08780
vt 0.72790 -0.07650
vt 0.80090 -0.07640
vt 0.80090 -0.08560
vt 0.75070 -0.09070
vt 0.76800 -0.09020
vt 0.74050 -0.10250
vt 0.80090 -0.09840
vt 0.72790 -0.10280
vt 0.77880 -0.09980
vt 0.73500 -0.11750
vt 0.80100 -0.12770
vt 0.78380 -0.11530
vt 0.78120 -0.13080
vt 0.80100 -0.14780
vt 0.77480 -0.14050
vt 0.72800 -0.12350
vt 0.73780 -0.12970
vt 0.74450 -0.13970
vt 0.72790 -0.14370
vt 0.75360 -0.14520
vt 0.80100 -0.16850
vt 0.72800 -0.16450
vt 0.76450 -0.14590
vt 0.72800 -0.18280
vt 0.80110 -0.18670
vt 0.72600 -0.24760
vt 0.72470 -0.25700
vt 0.72600 -0.26650
vt 0.73150 -0.23630
vt 0.73150 -0.27780
vt 0.74310 -0.28950
vt 0.74310 -0.22460
vt 0.75930 -0.22080
vt 0.75930 -0.29330
vt 0.77620 -0.29410
vt 0.77620 -0.22000
vt 0.79080 -0.22310
vt 0.79080 -0.29100
vt 0.72600 -0.24750
vt 0.72470 -0.25700
vt 0.72600 -0.26640
vt 0.73160 -0.23620
vt 0.73160 -0.27770
vt 0.74310 -0.22460
vt 0.74310 -0.28930
vt 0.75930 -0.22080
vt 0.75930 -0.29310
vt 0.77620 -0.22000
vt 0.77620 -0.29390
vt 0.79090 -0.22310
vt 0.79090 -0.29080
vt 0.32830 -0.12960
vt 0.32830 -0.13790
vt 0.33560 -0.14540
vt 0.33560 -0.12220
vt 0.34950 -0.16160
vt 0.34950 -0.10600
vt 0.34940 -0.16150
vt 0.34940 -0.10600
vt 0.33430 -0.12330
vt 0.33430 -0.14420
vt 0.32810 -0.12900
vt 0.32810 -0.13850
vt 0.20410 -0.82390
vt 0.20950 -0.82390
vt 0.20940 -0.79940
vt 0.20400 -0.79950
vt 0.40920 -0.16610
vt 0.40920 -0.10150
vt 0.34960 -0.10600
vt 0.34960 -0.16160
vt 0.32500 -0.39710
vt 0.33500 -0.36530
vt 0.34070 -0.36750
vt 0.33070 -0.39920
vt 0.32040 -0.41130
vt 0.32620 -0.41340
vt 0.20580 -0.81010
vt 0.20780 -0.84040
vt 0.20740 -0.81210
vt 0.20620 -0.83830
vt 0.20700 -0.85170
vt 0.20530 -0.84970
vt 0.20780 -0.83570
vt 0.20730 -0.80780
vt 0.20580 -0.80990
vt 0.20620 -0.83780
vt 0.20880 -0.84700
vt 0.20730 -0.84910
vt 0.20870 -0.84240
vt 0.20930 -0.79930
vt 0.20400 -0.79880
vt 0.20350 -0.84230
vt 0.20840 -0.86000
vt 0.20320 -0.85990
vt 0.28200 -0.38270
vt 0.29240 -0.35060
vt 0.29870 -0.35290
vt 0.28830 -0.38500
vt 0.27700 -0.39800
vt 0.28330 -0.40030
vt 0.20510 -0.80340
vt 0.20790 -0.83370
vt 0.20670 -0.80540
vt 0.20630 -0.83170
vt 0.20780 -0.84630
vt 0.20620 -0.84430
vt 0.20750 -0.82920
vt 0.20790 -0.80120
vt 0.20640 -0.80330
vt 0.20590 -0.83130
vt 0.20790 -0.84180
vt 0.20630 -0.84390
vt 0.20920 -0.84100
vt 0.20930 -0.79930
vt 0.20420 -0.79870
vt 0.20410 -0.84100
vt 0.20910 -0.85990
vt 0.20400 -0.85980
vt 0.32520 -0.39690
vt 0.34080 -0.36710
vt 0.33500 -0.36490
vt 0.33090 -0.39910
vt 0.32070 -0.41130
vt 0.32640 -0.41340
vt 0.20630 -0.84400
vt 0.20790 -0.84190
vt 0.20770 -0.81370
vt 0.20610 -0.81570
vt 0.20660 -0.80230
vt 0.20500 -0.80440
vt 0.20720 -0.81610
vt 0.20570 -0.84200
vt 0.20740 -0.84400
vt 0.20560 -0.81400
vt 0.20810 -0.80470
vt 0.20650 -0.80270
vt 0.20900 -0.81640
vt 0.20350 -0.86000
vt 0.20870 -0.85950
vt 0.20370 -0.81650
vt 0.20900 -0.79880
vt 0.20370 -0.79880
vt 0.28210 -0.38280
vt 0.29870 -0.35280
vt 0.29240 -0.35050
vt 0.28840 -0.38510
vt 0.27720 -0.39830
vt 0.28350 -0.40050
vt 0.20570 -0.85050
vt 0.20730 -0.84850
vt 0.20790 -0.82020
vt 0.20640 -0.82220
vt 0.20750 -0.80760
vt 0.20600 -0.80960
vt 0.20710 -0.82270
vt 0.20650 -0.84860
vt 0.20810 -0.85070
vt 0.20550 -0.82060
vt 0.20720 -0.81010
vt 0.20560 -0.80810
vt 0.20940 -0.81780
vt 0.20360 -0.86000
vt 0.20870 -0.85960
vt 0.20430 -0.81780
vt 0.20970 -0.79900
vt 0.20450 -0.79900
vt 0.35460 -0.49510
vt 0.48520 -0.49570
vt 0.48520 -0.48730
vt 0.35460 -0.48730
vt 0.35470 -0.49540
vt 0.48530 -0.49550
vt 0.48530 -0.48720
vt 0.35470 -0.48670
vt 0.35470 -0.48670
vt 0.48530 -0.48720
vt 0.48530 -0.49540
vt 0.35470 -0.49540
vt 0.35470 -0.49540
vt 0.48530 -0.49540
vt 0.48530 -0.48720
vt 0.35470 -0.48670
vt 0.35470 -0.48670
vt 0.48530 -0.48720
vt 0.48520 -0.49570
vt 0.35460 -0.49510
vt 0.09790 -0.77390
vt 0.12510 -0.77390
vt 0.12150 -0.78730
vt 0.11240 -0.79690
vt 0.09790 -0.80090
vt 0.08350 -0.79680
vt 0.07410 -0.78670
vt 0.07110 -0.77390
vt 0.21230 -0.96120
vt 0.18480 -0.99380
vt 0.21230 -0.99480
vt 0.18390 -0.96020
vt 0.16510 -0.99090
vt 0.16270 -0.95620
vt 0.11810 -0.98640
vt 0.14520 -0.99090
vt 0.12670 -0.94240
vt 0.21550 -0.91080
vt 0.13390 -0.90590
vt 0.09710 -0.90190
vt 0.09810 -0.93320
vt 0.09110 -0.98180
vt 0.07720 -0.90210
vt 0.06900 -0.92950
vt 0.05310 -0.90280
vt 0.03810 -0.90350
vt 0.06430 -0.97870
vt 0.03810 -0.92880
vt 0.03810 -0.97770
vt 0.19930 -0.88580
vt 0.19400 -0.89210
vt 0.20260 -0.89210
vt 0.20560 -0.88330
vt 0.24300 -0.89210
vt 0.18760 -0.85010
vt 0.18060 -0.85010
vt 0.17610 -0.84180
vt 0.16210 -0.80320
vt 0.15540 -0.80320
vt 0.15670 -0.79310
vt 0.24770 -0.88350
vt 0.15170 -0.79620
vt 0.15440 -0.78650
vt 0.14870 -0.79040
vt 0.20760 -0.78570
vt 0.26050 -0.79310
vt 0.21260 -0.78540
vt 0.14040 -0.75910
vt 0.13230 -0.75910
vt 0.11120 -0.71920
vt 0.11990 -0.71920
vt 0.21260 -0.75910
vt 0.20760 -0.75910
vt 0.20760 -0.71920
vt 0.21260 -0.71920
vt 0.21250 -0.70500
vt 0.20760 -0.70140
vt 0.25620 -0.78580
vt 0.44210 -0.75920
vt 0.26010 -0.75920
vt 0.26760 -0.70500
vt 0.44210 -0.68460
vt 0.44210 -0.78150
vt 0.35220 -0.80320
vt 0.26610 -0.71920
vt 0.33840 -0.80660
vt 0.32850 -0.81530
vt 0.25910 -0.80320
vt 0.32480 -0.82690
vt 0.25240 -0.85010
vt 0.32850 -0.83850
vt 0.33850 -0.84700
vt 0.36540 -0.80650
vt 0.44210 -0.80320
vt 0.37530 -0.81500
vt 0.35220 -0.85010
vt 0.37910 -0.82670
vt 0.44210 -0.87500
vt 0.36580 -0.84690
vt 0.44210 -0.90180
vt 0.84530 -0.90180
vt 0.24110 -0.90050
vt 0.44210 -0.82690
vt 0.37540 -0.83850
vt 0.44210 -0.85000
vt 0.44590 -0.83850
vt 0.45580 -0.84710
vt 0.44580 -0.81510
vt 0.45560 -0.80650
vt 0.46920 -0.80320
vt 0.46930 -0.85020
vt 0.58050 -0.85020
vt 0.48290 -0.84700
vt 0.56690 -0.84710
vt 0.55710 -0.83860
vt 0.49260 -0.83850
vt 0.55360 -0.82700
vt 0.49620 -0.82690
vt 0.55710 -0.81520
vt 0.49260 -0.81510
vt 0.56690 -0.80670
vt 0.48290 -0.80660
vt 0.58050 -0.80330
vt 0.84530 -0.87500
vt 0.59420 -0.84700
vt 0.70080 -0.85020
vt 0.71440 -0.84720
vt 0.68750 -0.84710
vt 0.67760 -0.83860
vt 0.60400 -0.83840
vt 0.67410 -0.82670
vt 0.60750 -0.82690
vt 0.67760 -0.81510
vt 0.60380 -0.81510
vt 0.68760 -0.80660
vt 0.59400 -0.80660
vt 0.70100 -0.80330
vt 0.84540 -0.78140
vt 0.71450 -0.80660
vt 0.80020 -0.80660
vt 0.81350 -0.80330
vt 0.72440 -0.81520
vt 0.79040 -0.81490
vt 0.72800 -0.82690
vt 0.78670 -0.82680
vt 0.72440 -0.83860
vt 0.79020 -0.83860
vt 0.80020 -0.84710
vt 0.81380 -0.85020
vt 0.82740 -0.80680
vt 0.82700 -0.84710
vt 0.84540 -0.80330
vt 0.83720 -0.81540
vt 0.84070 -0.82700
vt 0.84530 -0.85010
vt 0.83700 -0.83860
vt 0.87280 -0.85020
vt 0.87280 -0.87500
vt 0.87280 -0.80330
vt 0.87280 -0.78140
vt 0.87280 -0.89180
vt 0.87280 -0.75930
vt 0.88280 -0.90180
vt 0.84540 -0.75920
vt 0.84540 -0.71930
vt 0.87280 -0.72880
vt 0.88230 -0.71920
vt 0.44220 -0.71920
vt 0.84530 -0.68460
vt 0.99430 -0.68460
vt 0.97670 -0.71910
vt 0.99430 -0.63460
vt 0.99440 -0.71920
vt 0.98640 -0.72880
vt 0.98640 -0.75940
vt 0.99440 -0.75940
vt 0.99440 -0.80340
vt 0.98640 -0.80340
vt 0.99440 -0.85030
vt 0.98640 -0.85030
vt 0.99430 -0.90150
vt 0.98640 -0.89180
vt 0.97670 -0.90160
vt 0.99430 -0.93090
vt 0.84530 -0.93140
vt 0.84530 -0.97280
vt 0.99430 -0.96900
vt 0.44210 -0.93140
vt 0.44210 -0.97280
vt 0.32190 -0.93420
vt 0.24030 -0.92580
vt 0.21070 -0.92140
vt 0.20360 -0.93420
vt 0.18370 -0.95180
vt 0.91770 -0.98320
vt 0.99430 -0.99660
vt 0.84530 -0.99660
vt 0.44210 -0.99660
vt 0.32420 -0.99660
vt 0.32420 -0.96960
vt 0.26920 -0.94710
vt 0.29200 -0.99660
vt 0.28570 -0.96820
vt 0.02110 -0.90530
vt 0.01380 -0.91660
vt 0.02110 -0.92050
vt 0.01380 -0.87750
vt 0.02110 -0.87870
vt 0.01380 -0.84550
vt 0.02110 -0.84620
vt 0.02110 -0.82450
vt 0.01370 -0.82240
vt 0.02120 -0.81830
vt 0.02140 -0.82160
vt 0.01350 -0.87640
vt 0.01340 -0.82160
vt 0.02140 -0.87640
vt 0.20630 -0.80680
vt 0.20720 -0.80700
vt 0.20710 -0.81120
vt 0.20620 -0.81110
vt 0.20690 -0.83050
vt 0.20600 -0.83040
vt 0.20680 -0.84530
vt 0.20590 -0.84520
vt 0.20580 -0.85340
vt 0.20670 -0.85340
vt 0.20720 -0.81120
vt 0.20630 -0.81120
vt 0.20630 -0.81100
vt 0.20720 -0.80690
vt 0.20630 -0.80670
vt 0.20720 -0.81110
vt 0.20610 -0.83030
vt 0.20700 -0.83050
vt 0.20580 -0.84520
vt 0.20670 -0.84540
vt 0.20590 -0.83740
vt 0.20680 -0.83740
vt 0.20700 -0.82030
vt 0.20610 -0.82030
vt 0.01360 -0.82170
vt 0.02100 -0.83880
vt 0.02140 -0.82230
vt 0.01370 -0.85060
vt 0.02110 -0.87620
vt 0.01360 -0.87640
vt 0.01390 -0.82180
vt 0.02120 -0.86160
vt 0.02090 -0.82200
vt 0.01370 -0.86160
vt 0.02140 -0.89830
vt 0.01310 -0.89820
vt 0.83250 -0.04240
vt 0.83180 -0.04470
vt 0.84170 -0.04550
vt 0.83840 -0.04290
vt 0.85250 -0.04370
vt 0.85270 -0.04590
vt 0.87730 -0.04280
vt 0.87740 -0.04500
vt 0.87740 -0.04500
vt 0.85680 -0.04440
vt 0.87730 -0.04280
vt 0.85680 -0.04650
vt 0.83240 -0.04740
vt 0.83240 -0.04530
vt 0.02120 -0.83920
vt 0.02120 -0.82160
vt 0.01740 -0.82160
vt 0.01360 -0.83920
vt 0.01360 -0.82160
vt 0.02120 -0.86120
vt 0.01360 -0.86120
vt 0.15130 -0.89700
vt 0.19100 -0.89510
vt 0.19100 -0.88930
vt 0.14730 -0.85560
vt 0.17420 -0.85560
vt 0.15140 -0.80440
vt 0.14320 -0.80440
vt 0.12040 -0.85560
vt 0.14330 -0.89700
vt 0.10360 -0.88930
vt 0.10360 -0.89510
vt 0.09790 -0.77390
vt 0.12150 -0.78730
vt 0.12510 -0.77390
vt 0.11240 -0.79690
vt 0.09790 -0.80110
vt 0.08350 -0.79690
vt 0.07410 -0.78670
vt 0.07110 -0.77390
vt 0.21230 -0.96120
vt 0.21230 -0.99480
vt 0.18480 -0.99380
vt 0.18390 -0.96020
vt 0.16510 -0.99090
vt 0.16260 -0.95620
vt 0.14520 -0.99090
vt 0.11810 -0.98640
vt 0.12670 -0.94250
vt 0.09810 -0.93320
vt 0.09710 -0.90190
vt 0.09110 -0.98180
vt 0.07720 -0.90210
vt 0.06900 -0.92950
vt 0.05310 -0.90280
vt 0.03810 -0.90350
vt 0.06430 -0.97870
vt 0.03810 -0.92880
vt 0.03810 -0.97770
vt 0.19900 -0.88600
vt 0.20230 -0.89220
vt 0.19370 -0.89220
vt 0.20530 -0.88350
vt 0.24270 -0.89220
vt 0.18720 -0.85030
vt 0.18030 -0.85030
vt 0.17760 -0.84530
vt 0.17580 -0.84190
vt 0.16180 -0.80330
vt 0.15510 -0.80330
vt 0.15630 -0.79320
vt 0.24730 -0.88370
vt 0.15140 -0.79630
vt 0.32190 -0.90110
vt 0.24080 -0.90070
vt 0.15410 -0.78660
vt 0.14840 -0.79050
vt 0.20730 -0.78590
vt 0.14010 -0.75930
vt 0.13200 -0.75930
vt 0.11090 -0.71930
vt 0.11960 -0.71930
vt 0.26020 -0.79320
vt 0.32190 -0.85030
vt 0.25210 -0.85030
vt 0.25870 -0.80340
vt 0.32190 -0.80340
vt 0.34430 -0.86970
vt 0.33800 -0.85030
vt 0.35600 -0.88900
vt 0.36990 -0.89960
vt 0.21230 -0.78550
vt 0.21230 -0.75930
vt 0.20730 -0.75930
vt 0.25590 -0.78590
vt 0.20730 -0.71930
vt 0.21230 -0.71930
vt 0.21250 -0.70500
vt 0.20760 -0.70140
vt 0.32190 -0.75930
vt 0.25980 -0.75930
vt 0.26570 -0.71930
vt 0.26760 -0.70500
vt 0.32190 -0.71930
vt 0.33110 -0.72730
vt 0.33110 -0.75930
vt 0.33110 -0.80340
vt 0.14560 -0.70140
vt 0.11880 -0.70800
vt 0.11120 -0.71800
vt 0.11770 -0.71360
vt 0.02110 -0.90520
vt 0.02110 -0.92050
vt 0.01380 -0.91650
vt 0.01380 -0.87710
vt 0.02110 -0.87830
vt 0.01380 -0.84480
vt 0.02110 -0.84570
vt 0.02110 -0.82400
vt 0.01360 -0.82180
vt 0.02140 -0.81800
vt 0.02140 -0.82160
vt 0.01350 -0.82160
vt 0.02140 -0.87330
vt 0.01350 -0.87640
vt 0.02140 -0.87640
vt 0.20630 -0.80670
vt 0.20720 -0.81120
vt 0.20720 -0.80690
vt 0.20630 -0.81100
vt 0.20700 -0.83050
vt 0.20610 -0.83030
vt 0.20670 -0.84530
vt 0.20580 -0.84520
vt 0.20640 -0.85360
vt 0.20690 -0.81130
vt 0.20600 -0.81130
vt 0.20550 -0.85350
vt 0.20620 -0.81110
vt 0.20630 -0.80680
vt 0.20720 -0.80700
vt 0.20710 -0.81120
vt 0.20600 -0.83030
vt 0.20690 -0.83050
vt 0.20590 -0.84520
vt 0.20690 -0.84540
vt 0.20680 -0.83250
vt 0.20700 -0.81540
vt 0.20610 -0.81540
vt 0.20590 -0.83250
vt 0.02130 -0.82140
vt 0.01350 -0.82190
vt 0.01380 -0.83850
vt 0.02110 -0.85050
vt 0.01350 -0.87620
vt 0.02100 -0.87650
vt 0.01390 -0.82170
vt 0.02090 -0.82190
vt 0.02130 -0.86150
vt 0.01370 -0.86150
vt 0.02150 -0.89810
vt 0.01320 -0.89810
vt 0.02330 -0.89750
vt 0.02740 -0.89630
vt 0.02720 -0.88630
vt 0.02340 -0.88070
vt 0.02740 -0.86220
vt 0.02330 -0.86200
vt 0.02720 -0.81990
vt 0.02340 -0.81980
vt 0.02740 -0.81950
vt 0.02300 -0.82000
vt 0.02290 -0.85510
vt 0.02700 -0.85460
vt 0.02720 -0.89640
vt 0.02320 -0.89690
vt 0.09150 -0.61530
vt 0.44210 -0.61150
vt 0.09150 -0.61150
vt 0.44210 -0.63460
vt 0.09150 -0.63460
vt 0.99430 -0.61150
vt 0.09750 -0.68460
vt 0.14560 -0.70140
vt 0.11880 -0.70800
vt 0.11120 -0.71800
vt 0.11770 -0.71360
vt 0.02720 -0.86280
vt 0.02740 -0.82130
vt 0.02300 -0.82000
vt 0.02310 -0.86110
vt 0.42850 -0.09960
vt 0.47310 -0.09960
vt 0.42180 -0.10470
vt 0.41330 -0.12380
vt 0.41210 -0.13650
vt 0.41180 -0.14000
vt 0.41020 -0.14480
vt 0.46480 -0.11010
vt 0.47310 -0.11010
vt 0.45280 -0.16260
vt 0.41390 -0.16720
vt 0.45770 -0.17910
vt 0.47310 -0.19710
vt 0.47310 -0.17910
vt 0.42000 -0.17860
vt 0.42350 -0.18310
vt 0.42570 -0.18720
vt 0.43010 -0.19130
vt 0.42170 -0.10470
vt 0.47310 -0.09960
vt 0.42850 -0.09960
vt 0.41330 -0.12380
vt 0.41210 -0.13650
vt 0.41180 -0.13990
vt 0.41020 -0.14480
vt 0.46480 -0.11010
vt 0.47310 -0.11010
vt 0.45280 -0.16290
vt 0.41390 -0.16720
vt 0.45790 -0.17910
vt 0.47310 -0.19710
vt 0.47310 -0.17910
vt 0.42000 -0.17860
vt 0.42350 -0.18310
vt 0.42560 -0.18720
vt 0.43010 -0.19130
vt 0.84670 -0.03060
vt 0.85740 -0.02760
vt 0.85330 -0.02790
vt 0.85650 -0.04460
vt 0.83810 -0.03680
vt 0.86140 -0.02830
vt 0.83220 -0.04390
vt 0.83210 -0.04560
vt 0.86780 -0.03150
vt 0.87560 -0.03850
vt 0.88070 -0.04620
vt 0.84480 -0.03010
vt 0.84480 -0.03540
vt 0.85460 -0.03540
vt 0.85460 -0.03010
vt 0.86440 -0.03540
vt 0.86440 -0.03010
vt 0.86420 -0.03570
vt 0.85460 -0.03590
vt 0.86410 -0.03590
vt 0.86440 -0.03540
vt 0.85460 -0.03540
vt 0.84480 -0.03540
vt 0.84500 -0.03570
vt 0.84510 -0.03590
vt 0.84510 -0.03590
vt 0.84510 -0.04180
vt 0.85460 -0.04180
vt 0.85460 -0.03590
vt 0.86410 -0.04180
vt 0.86410 -0.03590
vt 0.84510 -0.04180
vt 0.84450 -0.04440
vt 0.85460 -0.04440
vt 0.85460 -0.04180
vt 0.86480 -0.04440
vt 0.86410 -0.04180
vt 0.86620 -0.04320
vt 0.89160 -0.04780
vt 0.89510 -0.04090
vt 0.88150 -0.04690
vt 0.89080 -0.04920
vt 0.85570 -0.04630
vt 0.81210 -0.04180
vt 0.80740 -0.04620
vt 0.81910 -0.03360
vt 0.84430 -0.02820
vt 0.85390 -0.02820
vt 0.85780 -0.02820
vt 0.86740 -0.02830
vt 0.89250 -0.03400
vt 0.89970 -0.04260
vt 0.90400 -0.04680
vt 0.85590 -0.03760
vt 0.83110 -0.04400
vt 0.83190 -0.04520
vt 0.82690 -0.03720
vt 0.85190 -0.03340
vt 0.85320 -0.03640
vt 0.85650 -0.03630
vt 0.85720 -0.03930
vt 0.86110 -0.03920
vt 0.83260 -0.04030
vt 0.80770 -0.04370
vt 0.80970 -0.04210
vt 0.83170 -0.04240
vt 0.85180 -0.04080
vt 0.85020 -0.04310
vt 0.87220 -0.04390
vt 0.87040 -0.04110
vt 0.87690 -0.04040
vt 0.89570 -0.03730
vt 0.89720 -0.04160
vt 0.87890 -0.03600
vt 0.86280 -0.03770
vt 0.87830 -0.03980
vt 0.88140 -0.03730
vt 0.85970 -0.04030
vt 0.88150 -0.04250
vt 0.86660 -0.04290
vt 0.88200 -0.03950
vt 0.88270 -0.03740
vt 0.84780 -0.04170
vt 0.84720 -0.04380
vt 0.82150 -0.03780
vt 0.82610 -0.04020
vt 0.87940 -0.03700
vt 0.87810 -0.03440
vt 0.87330 -0.03200
vt 0.87450 -0.03460
vt 0.82370 -0.04040
vt 0.81910 -0.04320
vt 0.84500 -0.03730
vt 0.84410 -0.03520
vt 0.88010 -0.03880
vt 0.87920 -0.03680
vt 0.90080 -0.03360
vt 0.89940 -0.03330
vt 0.89710 -0.04320
vt 0.89760 -0.04240
vt 0.90110 -0.03990
vt 0.89940 -0.03330
vt 0.90080 -0.03360
vt 0.90010 -0.04450
vt 0.90140 -0.04450
vt 0.90010 -0.04390
vt 0.88160 -0.04460
vt 0.88130 -0.04390
vt 0.86250 -0.04450
vt 0.86400 -0.04390
vt 0.86150 -0.03110
vt 0.86280 -0.03210
vt 0.84850 -0.03700
vt 0.86110 -0.03000
vt 0.84850 -0.03590
vt 0.82930 -0.04490
vt 0.82930 -0.04380
vt 0.82030 -0.04480
vt 0.82010 -0.04390
vt 0.81200 -0.04480
vt 0.81200 -0.04390
vt 0.80690 -0.04480
vt 0.80640 -0.04390
vt 0.80110 -0.04480
vt 0.80060 -0.04390
vt 0.86160 -0.03170
vt 0.84850 -0.03660
vt 0.86090 -0.04180
vt 0.85960 -0.04220
vt 0.86280 -0.03260
vt 0.82930 -0.04310
vt 0.84850 -0.03530
vt 0.82930 -0.04490
vt 0.82020 -0.04320
vt 0.82030 -0.04480
vt 0.81200 -0.04320
vt 0.81200 -0.04480
vt 0.80640 -0.04320
vt 0.80690 -0.04480
vt 0.80060 -0.04320
vt 0.80110 -0.04480
vt 0.86250 -0.04450
vt 0.86160 -0.03170
vt 0.86280 -0.03260
vt 0.86400 -0.04310
vt 0.88160 -0.04460
vt 0.88130 -0.04320
vt 0.88240 -0.03450
vt 0.88150 -0.03430
vt 0.88240 -0.04320
vt 0.90010 -0.04450
vt 0.90010 -0.04320
vt 0.90080 -0.03410
vt 0.89940 -0.03400
vt 0.90110 -0.03920
vt 0.90140 -0.04450
vt 0.83000 -0.04680
vt 0.84720 -0.04580
vt 0.84530 -0.04490
vt 0.84800 -0.03920
vt 0.84650 -0.03740
vt 0.84920 -0.03220
vt 0.84750 -0.03140
vt 0.80150 -0.03650
vt 0.79660 -0.03840
vt 0.81130 -0.03890
vt 0.81110 -0.03690
vt 0.82920 -0.03920
vt 0.85750 -0.04180
vt 0.88760 -0.03720
vt 0.89540 -0.04010
vt 0.85550 -0.03210
vt 0.85430 -0.03260
vt 0.84880 -0.03370
vt 0.86090 -0.04210
vt 0.85950 -0.04230
vt 0.86280 -0.03210
vt 0.86150 -0.03110
vt 0.85950 -0.04230
vt 0.86090 -0.04210
vt 0.81990 -0.03870
vt 0.81990 -0.04170
vt 0.84950 -0.03670
vt 0.84990 -0.03440
vt 0.87820 -0.03750
vt 0.87650 -0.03520
vt 0.79390 -0.04030
vt 0.79040 -0.04310
vt 0.80170 -0.04040
vt 0.80440 -0.03790
vt 0.81620 -0.04180
vt 0.81580 -0.03970
vt 0.84430 -0.03430
vt 0.84450 -0.03230
vt 0.87020 -0.03550
vt 0.87060 -0.03370
vt 0.90330 -0.04250
vt 0.90100 -0.04080
vt 0.82400 -0.04150
vt 0.81750 -0.03760
vt 0.81660 -0.03830
vt 0.82420 -0.04070
vt 0.84030 -0.04490
vt 0.84030 -0.04410
vt 0.85610 -0.04450
vt 0.85610 -0.04380
vt 0.87520 -0.04160
vt 0.87670 -0.04070
vt 0.83790 -0.03800
vt 0.83800 -0.04080
vt 0.86600 -0.04030
vt 0.86590 -0.03760
vt 0.85410 -0.03910
vt 0.83860 -0.03780
vt 0.84000 -0.03990
vt 0.85320 -0.03700
vt 0.87180 -0.03810
vt 0.83960 -0.03440
vt 0.87010 -0.03600
vt 0.85370 -0.03360
vt 0.87140 -0.03260
vt 0.85250 -0.03830
vt 0.85190 -0.03970
vt 0.86410 -0.03900
vt 0.85930 -0.03810
vt 0.87130 -0.03650
vt 0.88830 -0.04670
vt 0.88700 -0.04420
vt 0.87170 -0.03860
vt 0.83620 -0.03690
vt 0.83700 -0.03890
vt 0.81590 -0.04330
vt 0.81230 -0.04650
vt 0.86390 -0.03320
vt 0.88870 -0.04070
vt 0.88450 -0.03770
vt 0.86330 -0.03520
vt 0.82890 -0.03580
vt 0.82880 -0.03790
vt 0.81710 -0.04300
vt 0.81310 -0.04740
vt 0.80460 -0.03590
vt 0.80630 -0.03600
vt 0.80240 -0.04470
vt 0.80110 -0.04390
vt 0.89670 -0.04440
vt 0.89610 -0.04340
vt 0.89940 -0.03400
vt 0.90080 -0.03410
vt 0.81870 -0.04330
vt 0.81820 -0.04590
vt 0.84400 -0.03880
vt 0.84270 -0.03630
vt 0.87940 -0.03980
vt 0.87820 -0.03720
vt 0.88400 -0.04170
vt 0.86810 -0.04000
vt 0.86020 -0.04520
vt 0.85910 -0.04440
vt 0.86800 -0.04140
vt 0.86060 -0.04680
vt 0.86670 -0.04380
vt 0.87400 -0.03810
vt 0.85690 -0.03780
vt 0.88750 -0.03840
vt 0.88720 -0.03590
vt 0.85740 -0.04030
vt 0.83110 -0.04390
vt 0.83050 -0.04700
vt 0.81070 -0.03660
vt 0.80910 -0.03970
vt 0.88880 -0.03680
vt 0.89890 -0.04620
vt 0.89820 -0.04200
vt 0.88980 -0.03940
vt 0.87660 -0.03340
vt 0.87600 -0.03520
vt 0.84670 -0.03190
vt 0.84710 -0.03380
vt 0.82270 -0.03920
vt 0.82220 -0.04130
vt 0.79160 -0.03820
vt 0.78840 -0.04060
vt 0.85170 -0.03650
vt 0.85020 -0.03290
vt 0.84630 -0.04010
vt 0.84860 -0.04020
vt 0.84580 -0.03880
vt 0.84770 -0.04010
vt 0.86060 -0.03990
vt 0.86050 -0.03850
vt 0.87330 -0.03210
vt 0.87260 -0.03260
vt 0.87910 -0.04200
vt 0.88020 -0.04180
vt 0.88020 -0.04180
vt 0.87910 -0.04200
vt 0.88150 -0.03430
vt 0.88240 -0.03450
vt 0.85550 -0.03200
vt 0.85420 -0.03240
vt 0.85960 -0.04220
vt 0.86090 -0.04180
vt 0.87300 -0.04190
vt 0.87480 -0.03960
vt 0.82850 -0.03990
vt 0.83100 -0.04190
vt 0.83430 -0.03700
vt 0.83230 -0.03920
vt 0.86720 -0.03610
vt 0.86600 -0.03450
vt 0.82480 -0.04380
vt 0.85250 -0.03910
vt 0.80660 -0.03990
vt 0.88320 -0.04250
vt 0.89090 -0.03870
vt 0.99740 -0.26090
vt 0.99740 -0.32800
vt 0.95530 -0.32800
vt 0.95530 -0.26090
vt 0.95530 -0.26090
vt 0.95530 -0.32800
vt 0.99740 -0.32800
vt 0.99740 -0.26100
vt 0.99750 -0.32790
vt 0.99750 -0.33830
vt 0.95540 -0.33830
vt 0.95540 -0.32790
vt 0.95540 -0.32790
vt 0.95540 -0.33830
vt 0.99730 -0.33830
vt 0.99730 -0.32790
vt 0.65900 -0.23300
vt 0.65900 -0.22010
vt 0.58350 -0.22040
vt 0.58830 -0.23320
vt 0.73120 -0.23310
vt 0.73590 -0.22030
vt 0.66050 -0.22020
vt 0.66050 -0.23310
vt 0.92150 -0.60820
vt 0.89200 -0.60370
vt 0.89200 -0.60840
vt 0.92140 -0.60340
vt 0.95130 -0.60770
vt 0.95130 -0.60290
vt 0.95410 -0.60310
vt 0.95350 -0.60790
vt 0.98570 -0.60780
vt 0.98640 -0.60300
vt 0.88240 -0.60340
vt 0.88310 -0.60820
vt 0.98600 -0.60740
vt 0.98530 -0.60270
vt 0.85070 -0.60360
vt 0.85140 -0.60840
vt 0.88310 -0.60820
vt 0.88240 -0.60340
vt 0.96100 -0.60760
vt 0.96120 -0.60280
vt 0.94490 -0.60270
vt 0.94490 -0.60750
vt 0.92870 -0.60260
vt 0.92880 -0.60730
vt 0.85170 -0.60340
vt 0.85110 -0.60820
vt 0.95350 -0.60790
vt 0.95410 -0.60310
vt 0.94400 -0.32840
vt 0.94400 -0.33940
vt 0.95390 -0.33940
vt 0.95390 -0.32840
vt 0.94400 -0.32840
vt 0.91970 -0.32840
vt 0.91970 -0.33940
vt 0.94400 -0.33940
vt 0.03260 -0.24910
vt 0.06730 -0.24910
vt 0.06730 -0.23470
vt 0.03260 -0.23470
vt 0.06730 -0.24910
vt 0.11230 -0.24910
vt 0.11230 -0.23470
vt 0.06730 -0.23470
vt 0.95290 -0.26300
vt 0.94520 -0.26300
vt 0.94520 -0.27410
vt 0.95290 -0.27410
vt 0.94560 -0.31710
vt 0.92000 -0.32120
vt 0.92000 -0.29400
vt 0.95110 -0.30700
vt 0.94050 -0.26350
vt 0.93230 -0.26060
vt 0.92000 -0.29400
vt 0.92000 -0.32120
vt 0.94560 -0.31710
vt 0.95110 -0.30700
vt 0.94050 -0.26350
vt 0.93230 -0.26060
vt 0.94520 -0.32130
vt 0.91960 -0.32130
vt 0.91960 -0.34320
vt 0.94520 -0.34320
vt 0.94520 -0.26380
vt 0.94520 -0.26940
vt 0.95270 -0.26930
vt 0.95270 -0.26370
vt 0.91990 -0.31020
vt 0.91990 -0.30310
vt 0.94690 -0.29350
vt 0.94690 -0.31020
vt 0.94690 -0.31020
vt 0.94690 -0.29350
vt 0.91990 -0.30310
vt 0.91990 -0.31020
vt 0.95260 -0.26370
vt 0.94510 -0.26380
vt 0.94520 -0.27260
vt 0.95270 -0.27250
vt 0.22180 -0.87570
vt 0.23820 -0.87570
vt 0.24390 -0.87070
vt 0.21600 -0.87070
vt 0.24690 -0.84850
vt 0.21300 -0.84850
vt 0.23680 -0.83380
vt 0.22310 -0.83380
vt 0.21160 -0.82220
vt 0.21660 -0.79860
vt 0.21170 -0.80280
vt 0.24340 -0.79880
vt 0.24830 -0.80300
vt 0.24820 -0.82230
vt 0.15120 -0.72560
vt 0.15410 -0.70780
vt 0.19690 -0.70780
vt 0.17880 -0.72570
vt 0.19470 -0.74890
vt 0.20620 -0.77850
vt 0.20350 -0.78380
vt 0.17880 -0.72570
vt 0.15420 -0.70770
vt 0.15130 -0.72560
vt 0.19690 -0.70780
vt 0.19460 -0.74890
vt 0.20330 -0.78380
vt 0.20600 -0.77860
vt 0.16950 -0.72580
vt 0.17110 -0.70720
vt 0.17620 -0.72580
vt 0.16580 -0.70720
vt 0.13320 -0.72580
vt 0.13690 -0.70720
vt 0.12660 -0.72580
vt 0.13160 -0.70720
vt 0.22620 -0.77960
vt 0.22210 -0.76860
vt 0.21860 -0.77300
vt 0.22920 -0.77520
vt 0.24780 -0.77960
vt 0.24480 -0.77520
vt 0.25540 -0.77300
vt 0.25190 -0.76860
vt 0.25630 -0.70950
vt 0.21770 -0.70950
vt 0.00580 -0.98110
vt 0.00540 -0.99170
vt 0.01590 -0.99210
vt 0.00720 -0.97960
vt 0.01480 -0.97980
vt 0.01610 -0.98140
vt 0.19280 -0.78410
vt 0.17660 -0.76720
vt 0.17650 -0.74970
vt 0.19250 -0.74970
vt 0.14330 -0.74470
vt 0.14330 -0.72740
vt 0.17450 -0.72740
vt 0.17450 -0.74470
vt 0.19250 -0.74970
vt 0.17650 -0.74970
vt 0.17660 -0.76720
vt 0.19270 -0.78410
vt 0.14320 -0.74460
vt 0.14320 -0.72740
vt 0.17450 -0.72740
vt 0.17450 -0.74460
vt 0.22180 -0.87570
vt 0.23820 -0.87570
vt 0.24390 -0.87070
vt 0.21600 -0.87070
vt 0.24690 -0.84850
vt 0.21300 -0.84850
vt 0.23680 -0.83380
vt 0.22310 -0.83380
vt 0.21160 -0.82220
vt 0.21660 -0.79860
vt 0.21170 -0.80280
vt 0.24340 -0.79880
vt 0.24830 -0.80300
vt 0.24820 -0.82230
vt 0.15120 -0.72560
vt 0.15410 -0.70780
vt 0.19690 -0.70780
vt 0.17880 -0.72570
vt 0.19470 -0.74890
vt 0.20620 -0.77850
vt 0.20350 -0.78380
vt 0.17880 -0.72570
vt 0.15420 -0.70770
vt 0.15130 -0.72560
vt 0.19690 -0.70780
vt 0.19460 -0.74890
vt 0.20330 -0.78380
vt 0.20600 -0.77860
vt 0.16950 -0.72580
vt 0.17110 -0.70720
vt 0.17620 -0.72580
vt 0.16580 -0.70720
vt 0.13320 -0.72580
vt 0.13690 -0.70720
vt 0.12660 -0.72580
vt 0.13160 -0.70720
vt 0.22620 -0.77960
vt 0.22210 -0.76860
vt 0.21860 -0.77300
vt 0.22920 -0.77520
vt 0.24780 -0.77960
vt 0.24480 -0.77520
vt 0.25540 -0.77300
vt 0.25190 -0.76860
vt 0.25630 -0.70950
vt 0.21770 -0.70950
vt 0.00580 -0.98110
vt 0.00540 -0.99170
vt 0.01590 -0.99210
vt 0.00720 -0.97960
vt 0.01480 -0.97980
vt 0.01610 -0.98140
vt 0.19280 -0.78410
vt 0.17660 -0.76720
vt 0.17650 -0.74970
vt 0.19250 -0.74970
vt 0.14330 -0.74470
vt 0.14330 -0.72740
vt 0.17450 -0.72740
vt 0.17450 -0.74470
vt 0.19250 -0.74970
vt 0.17650 -0.74970
vt 0.17660 -0.76720
vt 0.19270 -0.78410
vt 0.14320 -0.74460
vt 0.14320 -0.72740
vt 0.17450 -0.72740
vt 0.17450 -0.74460
vt 0.99760 -0.33990
vt 0.98660 -0.34850
vt 0.99760 -0.34860
vt 0.98660 -0.33980
vt 0.97290 -0.34840
vt 0.97290 -0.33970
vt 0.96010 -0.33970
vt 0.96010 -0.34840
vt 0.89600 -0.33390
vt 0.88570 -0.32600
vt 0.88480 -0.31410
vt 0.90630 -0.33430
vt 0.91680 -0.31430
vt 0.90640 -0.33440
vt 0.88580 -0.32610
vt 0.89610 -0.33400
vt 0.88480 -0.31410
vt 0.91690 -0.31420
vt 0.02840 -0.89850
vt 0.02830 -0.94930
vt 0.03200 -0.94930
vt 0.03260 -0.89860
vt 0.02750 -0.94930
vt 0.02480 -0.89830
vt 0.02830 -0.89860
vt 0.02470 -0.94910
vt 0.02830 -0.89870
vt 0.02740 -0.94940
vt 0.03070 -0.96080
vt 0.02720 -0.95790
vt 0.02470 -0.95930
vt 0.03030 -0.95950
vt 0.02830 -0.95630
vt 0.03130 -0.95790
vt 0.02490 -0.95500
vt 0.02320 -0.95880
vt 0.03180 -0.96200
vt 0.03350 -0.95820
vt 0.03630 -0.95040
vt 0.03380 -0.95830
vt 0.03710 -0.95580
vt 0.03220 -0.95060
vt 0.02470 -0.95490
vt 0.03220 -0.95030
vt 0.02680 -0.95030
vt 0.02180 -0.95140
vt 0.02240 -0.94880
vt 0.90510 -0.59310
vt 0.99800 -0.59700
vt 0.99800 -0.59330
vt 0.90510 -0.59680
vt 0.99800 -0.60060
vt 0.90510 -0.60040
vt 0.90520 -0.59300
vt 0.90520 -0.59660
vt 0.99810 -0.59710
vt 0.99810 -0.59350
vt 0.99830 -0.59360
vt 0.90540 -0.59320
vt 0.90540 -0.59690
vt 0.99830 -0.59730
vt 0.99800 -0.59360
vt 0.90520 -0.59340
vt 0.90520 -0.59710
vt 0.99800 -0.59730
vt 0.99810 -0.59360
vt 0.90530 -0.59300
vt 0.90530 -0.59660
vt 0.99810 -0.59720
vt 0.90550 -0.60030
vt 0.99830 -0.60080
vt 0.99830 -0.59720
vt 0.90550 -0.59660
vt 0.90550 -0.59300
vt 0.90550 -0.59660
vt 0.99830 -0.59720
vt 0.99830 -0.59350
vt 0.86930 -0.04210
vt 0.87560 -0.04190
vt 0.87550 -0.03980
vt 0.86920 -0.04000
vt 0.87560 -0.04200
vt 0.86930 -0.04360
vt 0.86910 -0.04220
vt 0.87600 -0.04340
vt 0.87600 -0.04340
vt 0.89540 -0.02950
vt 0.89800 -0.03400
vt 0.86900 -0.04220
vt 0.86920 -0.04360
vt 0.87590 -0.04340
vt 0.87550 -0.04200
vt 0.86940 -0.04590
vt 0.86930 -0.04370
vt 0.87600 -0.04350
vt 0.87610 -0.04570
vt 0.87850 -0.03740
vt 0.87700 -0.03740
vt 0.87660 -0.02440
vt 0.87800 -0.02440
vt 0.87670 -0.02440
vt 0.87800 -0.02430
vt 0.87850 -0.03730
vt 0.87710 -0.03740
vt 0.87690 -0.03740
vt 0.87840 -0.03740
vt 0.87800 -0.02440
vt 0.87650 -0.02440
vt 0.87810 -0.02440
vt 0.87850 -0.03740
vt 0.87700 -0.03740
vt 0.87660 -0.02440
vt 0.87720 -0.03940
vt 0.87690 -0.03780
vt 0.87840 -0.03750
vt 0.87880 -0.03900
vt 0.87680 -0.03780
vt 0.87720 -0.03930
vt 0.87880 -0.03900
vt 0.87840 -0.03740
vt 0.87840 -0.03740
vt 0.87700 -0.03740
vt 0.87660 -0.02440
vt 0.87800 -0.02440
vt 0.87710 -0.03740
vt 0.87840 -0.03740
vt 0.87800 -0.02450
vt 0.87670 -0.02450
vt 0.87660 -0.02440
vt 0.87800 -0.02440
vt 0.87840 -0.03740
vt 0.87700 -0.03740
vt 0.87810 -0.02440
vt 0.87850 -0.03740
vt 0.87690 -0.03740
vt 0.87650 -0.02440
vt 0.87720 -0.03940
vt 0.87690 -0.03780
vt 0.87840 -0.03750
vt 0.87880 -0.03900
vt 0.87680 -0.03780
vt 0.87720 -0.03930
vt 0.87880 -0.03900
vt 0.87840 -0.03740
vt 0.86910 -0.03990
vt 0.87600 -0.03970
vt 0.87600 -0.04190
vt 0.86920 -0.04210
vt 0.87610 -0.04200
vt 0.86970 -0.04370
vt 0.86980 -0.04230
vt 0.87630 -0.04340
vt 0.90090 -0.04040
vt 0.90270 -0.04530
vt 0.86970 -0.04230
vt 0.86970 -0.04370
vt 0.87630 -0.04340
vt 0.87600 -0.04200
vt 0.86940 -0.04370
vt 0.86940 -0.04580
vt 0.87660 -0.04560
vt 0.87650 -0.04340
vt 0.97750 -0.35080
vt 0.99710 -0.35100
vt 0.99720 -0.33990
vt 0.97760 -0.33970
vt 0.99720 -0.33990
vt 0.97750 -0.35080
vt 0.99710 -0.35090
vt 0.97760 -0.33970
vt 0.96980 -0.33960
vt 0.96980 -0.35070
vt 0.99720 -0.35100
vt 0.98750 -0.36750
vt 0.97440 -0.35780
vt 0.97750 -0.35080
vt 0.98750 -0.36750
vt 0.99710 -0.35090
vt 0.97750 -0.35080
vt 0.97440 -0.35790
vt 0.87000 -0.03230
vt 0.87010 -0.03590
vt 0.86940 -0.03590
vt 0.86930 -0.03230
vt 0.87020 -0.03850
vt 0.87720 -0.03830
vt 0.87730 -0.03900
vt 0.87020 -0.03920
vt 0.87000 -0.03260
vt 0.87660 -0.02830
vt 0.87680 -0.03660
vt 0.87010 -0.03600
vt 0.87020 -0.03910
vt 0.87730 -0.03890
vt 0.87720 -0.03820
vt 0.87020 -0.03840
vt 0.87010 -0.03590
vt 0.87680 -0.03650
vt 0.87660 -0.02820
vt 0.87000 -0.03250
vt 0.87000 -0.03240
vt 0.87010 -0.03600
vt 0.86940 -0.03600
vt 0.86930 -0.03240
vt 0.87020 -0.03850
vt 0.87720 -0.03830
vt 0.87730 -0.03900
vt 0.87020 -0.03920
vt 0.87010 -0.03580
vt 0.87680 -0.03650
vt 0.87650 -0.02820
vt 0.87000 -0.03240
vt 0.87020 -0.03910
vt 0.87730 -0.03890
vt 0.87720 -0.03820
vt 0.87020 -0.03840
vt 0.87000 -0.03240
vt 0.87660 -0.02820
vt 0.87680 -0.03650
vt 0.87010 -0.03580
vt 0.86930 -0.04210
vt 0.87550 -0.04190
vt 0.87550 -0.03970
vt 0.86920 -0.03990
vt 0.87560 -0.04200
vt 0.86930 -0.04360
vt 0.86910 -0.04220
vt 0.87600 -0.04340
vt 0.87600 -0.04340
vt 0.89540 -0.02950
vt 0.89800 -0.03400
vt 0.86900 -0.04220
vt 0.86920 -0.04360
vt 0.87590 -0.04340
vt 0.87550 -0.04200
vt 0.86940 -0.04590
vt 0.86930 -0.04370
vt 0.87600 -0.04350
vt 0.87610 -0.04570
vt 0.87850 -0.03740
vt 0.87700 -0.03740
vt 0.87660 -0.02440
vt 0.87810 -0.02440
vt 0.87670 -0.02440
vt 0.87800 -0.02440
vt 0.87850 -0.03740
vt 0.87710 -0.03740
vt 0.87690 -0.03740
vt 0.87840 -0.03730
vt 0.87800 -0.02440
vt 0.87650 -0.02440
vt 0.87810 -0.02440
vt 0.87850 -0.03730
vt 0.87700 -0.03740
vt 0.87660 -0.02440
vt 0.87720 -0.03940
vt 0.87690 -0.03780
vt 0.87840 -0.03750
vt 0.87880 -0.03900
vt 0.87680 -0.03780
vt 0.87720 -0.03930
vt 0.87880 -0.03900
vt 0.87840 -0.03740
vt 0.87850 -0.03740
vt 0.87700 -0.03740
vt 0.87660 -0.02440
vt 0.87810 -0.02440
vt 0.87710 -0.03740
vt 0.87840 -0.03730
vt 0.87800 -0.02440
vt 0.87670 -0.02450
vt 0.87660 -0.02440
vt 0.87800 -0.02440
vt 0.87840 -0.03740
vt 0.87700 -0.03740
vt 0.87810 -0.02430
vt 0.87850 -0.03730
vt 0.87700 -0.03740
vt 0.87660 -0.02440
vt 0.87720 -0.03940
vt 0.87690 -0.03780
vt 0.87840 -0.03750
vt 0.87880 -0.03900
vt 0.87680 -0.03780
vt 0.87720 -0.03930
vt 0.87880 -0.03900
vt 0.87840 -0.03740
vt 0.86910 -0.04000
vt 0.87590 -0.03980
vt 0.87600 -0.04190
vt 0.86920 -0.04210
vt 0.87610 -0.04200
vt 0.86970 -0.04370
vt 0.86980 -0.04230
vt 0.87630 -0.04340
vt 0.90080 -0.04040
vt 0.90260 -0.04530
vt 0.86970 -0.04230
vt 0.86970 -0.04370
vt 0.87630 -0.04340
vt 0.87600 -0.04200
vt 0.86940 -0.04360
vt 0.86940 -0.04580
vt 0.87660 -0.04560
vt 0.87650 -0.04340
vt 0.97750 -0.35080
vt 0.99710 -0.35100
vt 0.99720 -0.33990
vt 0.97760 -0.33970
vt 0.99720 -0.33990
vt 0.97750 -0.35080
vt 0.99710 -0.35090
vt 0.97760 -0.33970
vt 0.96980 -0.33960
vt 0.96980 -0.35070
vt 0.99720 -0.35100
vt 0.98750 -0.36750
vt 0.97440 -0.35780
vt 0.97750 -0.35080
vt 0.98750 -0.36750
vt 0.99710 -0.35090
vt 0.97750 -0.35080
vt 0.97440 -0.35790
vt 0.03030 -0.81580
vt 0.02360 -0.80250
vt 0.04080 -0.80210
vt 0.03390 -0.81590
vt 0.03550 -0.89370
vt 0.03250 -0.89690
vt 0.02940 -0.89380
vt 0.03240 -0.89060
vt 0.84040 -0.03290
vt 0.84040 -0.04420
vt 0.87920 -0.04420
vt 0.87920 -0.03290
vt 0.99760 -0.33990
vt 0.98530 -0.34960
vt 0.99760 -0.34960
vt 0.98530 -0.33980
vt 0.96990 -0.34950
vt 0.96990 -0.33970
vt 0.96010 -0.33970
vt 0.96010 -0.34940
vt 0.89600 -0.33390
vt 0.88570 -0.32600
vt 0.88480 -0.31790
vt 0.90630 -0.33430
vt 0.91680 -0.31860
vt 0.90640 -0.33440
vt 0.88580 -0.32610
vt 0.89610 -0.33400
vt 0.88480 -0.31790
vt 0.91690 -0.31840
vt 0.02840 -0.89850
vt 0.02830 -0.94930
vt 0.03200 -0.94930
vt 0.03260 -0.89860
vt 0.02750 -0.94930
vt 0.02480 -0.89830
vt 0.02830 -0.89860
vt 0.02470 -0.94910
vt 0.02830 -0.89870
vt 0.02740 -0.94940
vt 0.03070 -0.96080
vt 0.02720 -0.95790
vt 0.02470 -0.95930
vt 0.03030 -0.95950
vt 0.02830 -0.95630
vt 0.03130 -0.95790
vt 0.02490 -0.95500
vt 0.02320 -0.95880
vt 0.03180 -0.96200
vt 0.03350 -0.95820
vt 0.03630 -0.95040
vt 0.03380 -0.95830
vt 0.03710 -0.95580
vt 0.03220 -0.95060
vt 0.02470 -0.95490
vt 0.03220 -0.95030
vt 0.02680 -0.95030
vt 0.02180 -0.95140
vt 0.02240 -0.94880
vt 0.03030 -0.81580
vt 0.02360 -0.80250
vt 0.04080 -0.80210
vt 0.03390 -0.81590
vt 0.03550 -0.89370
vt 0.03250 -0.89690
vt 0.02940 -0.89380
vt 0.03240 -0.89060
vt 0.85640 -0.03080
vt 0.85640 -0.04210
vt 0.88700 -0.04210
vt 0.88700 -0.03080
vt 0.94430 -0.58230
vt 0.99840 -0.58230
vt 0.99840 -0.59140
vt 0.94430 -0.59140
vt 0.99840 -0.59150
vt 0.94430 -0.59150
vt 0.94430 -0.58240
vt 0.99840 -0.58240
vt 0.94430 -0.58230
vt 0.99840 -0.58230
vt 0.99840 -0.59130
vt 0.94430 -0.59130
vt 0.94430 -0.59160
vt 0.94430 -0.58230
vt 0.99840 -0.58230
vt 0.99840 -0.59160
vt 0.94430 -0.59140
vt 0.99840 -0.59140
vt 0.99840 -0.58230
vt 0.94430 -0.58230
vt 0.99840 -0.58230
vt 0.94430 -0.58230
vt 0.94430 -0.59150
vt 0.99840 -0.59150
vt 0.99840 -0.58240
vt 0.94430 -0.58240
vt 0.94430 -0.59140
vt 0.99840 -0.59140
vt 0.94430 -0.59130
vt 0.99840 -0.59130
vt 0.99840 -0.58230
vt 0.94430 -0.58230
vt 0.90430 -0.29330
vt 0.90720 -0.29760
vt 0.91250 -0.29870
vt 0.91710 -0.29600
vt 0.90550 -0.28820
vt 0.91830 -0.29090
vt 0.91010 -0.28550
vt 0.91540 -0.28660
vt 0.91250 -0.29870
vt 0.90710 -0.29760
vt 0.90430 -0.29330
vt 0.91710 -0.29600
vt 0.90550 -0.28830
vt 0.91830 -0.29100
vt 0.91010 -0.28550
vt 0.91540 -0.28670
vt 0.99690 -0.34160
vt 0.96030 -0.34170
vt 0.96030 -0.34740
vt 0.99700 -0.34730
vt 0.91680 -0.31230
vt 0.90820 -0.31120
vt 0.90350 -0.29850
vt 0.91870 -0.28790
vt 0.90830 -0.27810
vt 0.00850 -0.99020
vt 0.00910 -0.99020
vt 0.00910 -0.98990
vt 0.00850 -0.98990
vt 0.91870 -0.28780
vt 0.90830 -0.31120
vt 0.91690 -0.31230
vt 0.90350 -0.29850
vt 0.90820 -0.27800
vt 0.99700 -0.34710
vt 0.99700 -0.34130
vt 0.97990 -0.34130
vt 0.97990 -0.34700
vt 0.97940 -0.34120
vt 0.97940 -0.34700
vt 0.99720 -0.34700
vt 0.99720 -0.34120
vt 0.99700 -0.34140
vt 0.96040 -0.34150
vt 0.96040 -0.34720
vt 0.99710 -0.34710
vt 0.91680 -0.31230
vt 0.90820 -0.31120
vt 0.90350 -0.29850
vt 0.91870 -0.28790
vt 0.90830 -0.27810
vt 0.00850 -0.98820
vt 0.00910 -0.98820
vt 0.00910 -0.98790
vt 0.00850 -0.98790
vt 0.91870 -0.28780
vt 0.90830 -0.31120
vt 0.91690 -0.31230
vt 0.90350 -0.29850
vt 0.90820 -0.27800
vt 0.99710 -0.34730
vt 0.99710 -0.34150
vt 0.98000 -0.34150
vt 0.98000 -0.34720
vt 0.97940 -0.34150
vt 0.97940 -0.34720
vt 0.99720 -0.34720
vt 0.99720 -0.34150
vt 0.94430 -0.58230
vt 0.99840 -0.58230
vt 0.99840 -0.59140
vt 0.94430 -0.59140
vt 0.99840 -0.59150
vt 0.94430 -0.59150
vt 0.94430 -0.58240
vt 0.99840 -0.58240
vt 0.94430 -0.58230
vt 0.99840 -0.58230
vt 0.99840 -0.59130
vt 0.94430 -0.59130
vt 0.94430 -0.59160
vt 0.94430 -0.58230
vt 0.99840 -0.58230
vt 0.99840 -0.59160
vt 0.94430 -0.59140
vt 0.99840 -0.59140
vt 0.99840 -0.58230
vt 0.94430 -0.58230
vt 0.99840 -0.58230
vt 0.94430 -0.58230
vt 0.94430 -0.59150
vt 0.99840 -0.59150
vt 0.99840 -0.58240
vt 0.94430 -0.58240
vt 0.94430 -0.59140
vt 0.99840 -0.59140
vt 0.94430 -0.59130
vt 0.99840 -0.59130
vt 0.99840 -0.58230
vt 0.94430 -0.58230
vt 0.90430 -0.29330
vt 0.90720 -0.29760
vt 0.91250 -0.29870
vt 0.91710 -0.29600
vt 0.90550 -0.28820
vt 0.91830 -0.29090
vt 0.91010 -0.28550
vt 0.91540 -0.28660
vt 0.91250 -0.29870
vt 0.90710 -0.29760
vt 0.90430 -0.29330
vt 0.91710 -0.29600
vt 0.90550 -0.28830
vt 0.91830 -0.29100
vt 0.91010 -0.28550
vt 0.91540 -0.28670
vt 0.99730 -0.34170
vt 0.96060 -0.34180
vt 0.96070 -0.34760
vt 0.99730 -0.34750
vt 0.91680 -0.31230
vt 0.90820 -0.31120
vt 0.90350 -0.29850
vt 0.91870 -0.28790
vt 0.90830 -0.27810
vt 0.00850 -0.98310
vt 0.00910 -0.98310
vt 0.00910 -0.98280
vt 0.00850 -0.98280
vt 0.91870 -0.28780
vt 0.90830 -0.31120
vt 0.91690 -0.31230
vt 0.90350 -0.29850
vt 0.90820 -0.27800
vt 0.99690 -0.34710
vt 0.99690 -0.34140
vt 0.97980 -0.34130
vt 0.97970 -0.34710
vt 0.97940 -0.34140
vt 0.97940 -0.34710
vt 0.99720 -0.34710
vt 0.99720 -0.34140
vt 0.99740 -0.34150
vt 0.96070 -0.34160
vt 0.96080 -0.34730
vt 0.99740 -0.34720
vt 0.91680 -0.31230
vt 0.90820 -0.31120
vt 0.90350 -0.29850
vt 0.91870 -0.28790
vt 0.90830 -0.27810
vt 0.00850 -0.98110
vt 0.00910 -0.98110
vt 0.00910 -0.98080
vt 0.00850 -0.98080
vt 0.91870 -0.28780
vt 0.90830 -0.31120
vt 0.91690 -0.31230
vt 0.90350 -0.29850
vt 0.90820 -0.27800
vt 0.99700 -0.34740
vt 0.99700 -0.34160
vt 0.97990 -0.34150
vt 0.97990 -0.34730
vt 0.97940 -0.34160
vt 0.97940 -0.34740
vt 0.99720 -0.34740
vt 0.99720 -0.34160
vt 0.86910 -0.03990
vt 0.88230 -0.03960
vt 0.88230 -0.04170
vt 0.86920 -0.04210
vt 0.88190 -0.04170
vt 0.88180 -0.04310
vt 0.86970 -0.04370
vt 0.86980 -0.04230
vt 0.86970 -0.04230
vt 0.86970 -0.04370
vt 0.88180 -0.04310
vt 0.88180 -0.04170
vt 0.99760 -0.34970
vt 0.99760 -0.34000
vt 0.96010 -0.33990
vt 0.96010 -0.34960
vt 0.86910 -0.03990
vt 0.88230 -0.03960
vt 0.88230 -0.04170
vt 0.86920 -0.04210
vt 0.88190 -0.04170
vt 0.88180 -0.04310
vt 0.86970 -0.04370
vt 0.86980 -0.04230
vt 0.86970 -0.04230
vt 0.86970 -0.04370
vt 0.88180 -0.04310
vt 0.88180 -0.04170
vt 0.99760 -0.34970
vt 0.99760 -0.34000
vt 0.96010 -0.33990
vt 0.96010 -0.34960
vt 0.86910 -0.03990
vt 0.88230 -0.03960
vt 0.88230 -0.04170
vt 0.86920 -0.04210
vt 0.88190 -0.04170
vt 0.88180 -0.04310
vt 0.86970 -0.04370
vt 0.86980 -0.04230
vt 0.86970 -0.04230
vt 0.86970 -0.04370
vt 0.88180 -0.04310
vt 0.88180 -0.04170
vt 0.99760 -0.34970
vt 0.99760 -0.34000
vt 0.96010 -0.33990
vt 0.96010 -0.34960
vt 0.86910 -0.03990
vt 0.88230 -0.03960
vt 0.88230 -0.04170
vt 0.86920 -0.04210
vt 0.88190 -0.04170
vt 0.88180 -0.04310
vt 0.86970 -0.04370
vt 0.86980 -0.04230
vt 0.86970 -0.04230
vt 0.86970 -0.04370
vt 0.88180 -0.04310
vt 0.88180 -0.04170
vt 0.99760 -0.34970
vt 0.99760 -0.34000
vt 0.96010 -0.33990
vt 0.96010 -0.34960
vt 0.87550 -0.03980
vt 0.87560 -0.04190
vt 0.84040 -0.04300
vt 0.84030 -0.04090
vt 0.87550 -0.04200
vt 0.87590 -0.04340
vt 0.83890 -0.04080
vt 0.84040 -0.03580
vt 0.87610 -0.04570
vt 0.87600 -0.04350
vt 0.89970 -0.04280
vt 0.89980 -0.04490
vt 0.87600 -0.04190
vt 0.87600 -0.03970
vt 0.89970 -0.03900
vt 0.89980 -0.04120
vt 0.87600 -0.04200
vt 0.87630 -0.04340
vt 0.83670 -0.04170
vt 0.83900 -0.03700
vt 0.87650 -0.04340
vt 0.87660 -0.04560
vt 0.83670 -0.04680
vt 0.83660 -0.04460
vt 0.87550 -0.03970
vt 0.87550 -0.04190
vt 0.84040 -0.04300
vt 0.84030 -0.04080
vt 0.87550 -0.04200
vt 0.87590 -0.04340
vt 0.83890 -0.04080
vt 0.84040 -0.03580
vt 0.87610 -0.04570
vt 0.87600 -0.04350
vt 0.89970 -0.04280
vt 0.89980 -0.04500
vt 0.87600 -0.04190
vt 0.87590 -0.03980
vt 0.89960 -0.03910
vt 0.89970 -0.04130
vt 0.87600 -0.04200
vt 0.87630 -0.04340
vt 0.83680 -0.04170
vt 0.83910 -0.03710
vt 0.87650 -0.04340
vt 0.87660 -0.04560
vt 0.83680 -0.04680
vt 0.83670 -0.04460
vt 0.01660 -0.79030
vt 0.03060 -0.77630
vt 0.01680 -0.76260
vt 0.00290 -0.77650
vt 0.00290 -0.77630
vt 0.01680 -0.79030
vt 0.03060 -0.77650
vt 0.01660 -0.76260
vt 0.01660 -0.79030
vt 0.03060 -0.77630
vt 0.01680 -0.76260
vt 0.00290 -0.77650
vt 0.00290 -0.77630
vt 0.01680 -0.79030
vt 0.03060 -0.77650
vt 0.01660 -0.76260
vt 0.86910 -0.03990
vt 0.87600 -0.03970
vt 0.87600 -0.04190
vt 0.86920 -0.04210
vt 0.86940 -0.04580
vt 0.87610 -0.04200
vt 0.87630 -0.04340
vt 0.86970 -0.04370
vt 0.86980 -0.04230
vt 0.86970 -0.04230
vt 0.86970 -0.04370
vt 0.87630 -0.04340
vt 0.87600 -0.04200
vt 0.86940 -0.04370
vt 0.87660 -0.04560
vt 0.87650 -0.04340
vt 0.86940 -0.04580
vt 0.86910 -0.03990
vt 0.86910 -0.03990
vt 0.87600 -0.03970
vt 0.87600 -0.04190
vt 0.86920 -0.04210
vt 0.86940 -0.04580
vt 0.87610 -0.04200
vt 0.87630 -0.04340
vt 0.86970 -0.04370
vt 0.86980 -0.04230
vt 0.86970 -0.04230
vt 0.86970 -0.04370
vt 0.87630 -0.04340
vt 0.87600 -0.04200
vt 0.86940 -0.04370
vt 0.87660 -0.04560
vt 0.87650 -0.04340
vt 0.86940 -0.04580
vt 0.86910 -0.03990
vt 0.85720 -0.03720
vt 0.85720 -0.02980
vt 0.85190 -0.02980
vt 0.85190 -0.03720
vt 0.85190 -0.03950
vt 0.85720 -0.03950
vt 0.85190 -0.04490
vt 0.85720 -0.04490
vt 0.84540 -0.03270
vt 0.84620 -0.04120
vt 0.85190 -0.03950
vt 0.85190 -0.03720
vt 0.85960 -0.03880
vt 0.85720 -0.03950
vt 0.85720 -0.04490
vt 0.86640 -0.04290
vt 0.86930 -0.04210
vt 0.87550 -0.04190
vt 0.87550 -0.03970
vt 0.86920 -0.03990
vt 0.87560 -0.04200
vt 0.86930 -0.04360
vt 0.86910 -0.04220
vt 0.87600 -0.04340
vt 0.87600 -0.04340
vt 0.89540 -0.02950
vt 0.89800 -0.03400
vt 0.86900 -0.04220
vt 0.86920 -0.04360
vt 0.87590 -0.04340
vt 0.87550 -0.04200
vt 0.86940 -0.04590
vt 0.86930 -0.04370
vt 0.87600 -0.04350
vt 0.87610 -0.04570
vt 0.87550 -0.03970
vt 0.87550 -0.04190
vt 0.84040 -0.04300
vt 0.84030 -0.04080
vt 0.87550 -0.04200
vt 0.87590 -0.04340
vt 0.83890 -0.04080
vt 0.84040 -0.03580
vt 0.87610 -0.04570
vt 0.87600 -0.04350
vt 0.89970 -0.04280
vt 0.89980 -0.04500
vt 0.86930 -0.04210
vt 0.87550 -0.04190
vt 0.87550 -0.03970
vt 0.86920 -0.03990
vt 0.87560 -0.04200
vt 0.87600 -0.04340
vt 0.86930 -0.04360
vt 0.86910 -0.04220
vt 0.86900 -0.04220
vt 0.86920 -0.04360
vt 0.87590 -0.04340
vt 0.87550 -0.04200
vt 0.86940 -0.04590
vt 0.86930 -0.04370
vt 0.87600 -0.04350
vt 0.87610 -0.04570
vt 0.02840 -0.90010
vt 0.02830 -0.94850
vt 0.03210 -0.94850
vt 0.03260 -0.90010
vt 0.02750 -0.94850
vt 0.02480 -0.89980
vt 0.02830 -0.90010
vt 0.02470 -0.94830
vt 0.02830 -0.90020
vt 0.02740 -0.94860
vt 0.02840 -0.90010
vt 0.02830 -0.94850
vt 0.03210 -0.94850
vt 0.03260 -0.90010
vt 0.02750 -0.94850
vt 0.02480 -0.89980
vt 0.02830 -0.90010
vt 0.02470 -0.94830
vt 0.02830 -0.90020
vt 0.02740 -0.94860
vt 0.71660 -0.23120
vt 0.71660 -0.22450
vt 0.66050 -0.22450
vt 0.66050 -0.23120
vt 0.79710 -0.04290
vt 0.79710 -0.04570
vt 0.86680 -0.04600
vt 0.86480 -0.04330
vt 0.00900 -0.98770
vt 0.00900 -0.98900
vt 0.01210 -0.98900
vt 0.01210 -0.98770
vt 0.86480 -0.03950
vt 0.86670 -0.03660
vt 0.79700 -0.03970
vt 0.79720 -0.04250
vt 0.86480 -0.04330
vt 0.86680 -0.04600
vt 0.86670 -0.03660
vt 0.86480 -0.03950
vt 0.71660 -0.23110
vt 0.71660 -0.22730
vt 0.71350 -0.22440
vt 0.66050 -0.23110
vt 0.66050 -0.22440
vt 0.89420 -0.04630
vt 0.89460 -0.04380
vt 0.84900 -0.03640
vt 0.84890 -0.03880
vt 0.89980 -0.04710
vt 0.90020 -0.04460
vt 0.89460 -0.04380
vt 0.89420 -0.04630
vt 0.84210 -0.03900
vt 0.84200 -0.03650
vt 0.79860 -0.03950
vt 0.79880 -0.04200
vt 0.84890 -0.03880
vt 0.84900 -0.03640
vt 0.84570 -0.03630
vt 0.84560 -0.03870
vt 0.84560 -0.03870
vt 0.84570 -0.03630
vt 0.84200 -0.03650
vt 0.84210 -0.03900
vt 0.60550 -0.22360
vt 0.60290 -0.22570
vt 0.60290 -0.23010
vt 0.60550 -0.23220
vt 0.62650 -0.22350
vt 0.62650 -0.23210
vt 0.62930 -0.22600
vt 0.62930 -0.22990
vt 0.65900 -0.22560
vt 0.65900 -0.22990
vt 0.01180 -0.98880
vt 0.01180 -0.98700
vt 0.00980 -0.98700
vt 0.00980 -0.98880
vt 0.79710 -0.03760
vt 0.79710 -0.04030
vt 0.82270 -0.04040
vt 0.82270 -0.03780
vt 0.82570 -0.04040
vt 0.82570 -0.03780
vt 0.84370 -0.04050
vt 0.84390 -0.03790
vt 0.84650 -0.04050
vt 0.84660 -0.03790
vt 0.84960 -0.04070
vt 0.84980 -0.03810
vt 0.85240 -0.04100
vt 0.85250 -0.03840
vt 0.87020 -0.04300
vt 0.87060 -0.04040
vt 0.87310 -0.04330
vt 0.87350 -0.04070
vt 0.89850 -0.04620
vt 0.89890 -0.04360
vt 0.09080 -0.25810
vt 0.09080 -0.22540
vt 0.05910 -0.22540
vt 0.05910 -0.25810
vt 0.53720 -0.53850
vt 0.54260 -0.53870
vt 0.54250 -0.51550
vt 0.53710 -0.51530
vt 0.53240 -0.51030
vt 0.53510 -0.50770
vt 0.53220 -0.51520
vt 0.52670 -0.53870
vt 0.53200 -0.53850
vt 0.52680 -0.51540
vt 0.53410 -0.50760
vt 0.53680 -0.51020
vt 0.58260 -0.52440
vt 0.55500 -0.52440
vt 0.55500 -0.55190
vt 0.58260 -0.55190
vt 0.53290 -0.53780
vt 0.53290 -0.51540
vt 0.52900 -0.51540
vt 0.52900 -0.53780
vt 0.88190 -0.04170
vt 0.88180 -0.04310
vt 0.86970 -0.04370
vt 0.86980 -0.04230
vt 0.86970 -0.04230
vt 0.86970 -0.04370
vt 0.88180 -0.04310
vt 0.88180 -0.04170
vt 0.52640 -0.53780
vt 0.53320 -0.53780
vt 0.53320 -0.51540
vt 0.52640 -0.51540
vt 0.54310 -0.53780
vt 0.53240 -0.53780
vt 0.53240 -0.51540
vt 0.54310 -0.51540
vt 0.86660 -0.02900
vt 0.85660 -0.02690
vt 0.85700 -0.04850
vt 0.86690 -0.04620
vt 0.88560 -0.02890
vt 0.88600 -0.04610
vt 0.89670 -0.02660
vt 0.89710 -0.04820
vt 0.88490 -0.02670
vt 0.86610 -0.02680
vt 0.86650 -0.04830
vt 0.88530 -0.04820
vt 0.87430 -0.04840
vt 0.88960 -0.04830
vt 0.88920 -0.02680
vt 0.87390 -0.02690
vt 0.85670 -0.04840
vt 0.89690 -0.04790
vt 0.89280 -0.03890
vt 0.86130 -0.04100
vt 0.88490 -0.03670
vt 0.86990 -0.03680
vt 0.86140 -0.03430
vt 0.89680 -0.02660
vt 0.85640 -0.02700
vt 0.89320 -0.03570
vt 0.87030 -0.03830
vt 0.88540 -0.03820
vt 0.88490 -0.03680
vt 0.88230 -0.04190
vt 0.89270 -0.04190
vt 0.89220 -0.04690
vt 0.83520 -0.03750
vt 0.90250 -0.04310
vt 0.89500 -0.03790
vt 0.82770 -0.04270
vt 0.89470 -0.04800
vt 0.83550 -0.04770
vt 0.83450 -0.04700
vt 0.83460 -0.02900
vt 0.82680 -0.03610
vt 0.82670 -0.04480
vt 0.90150 -0.04520
vt 0.90150 -0.03650
vt 0.89380 -0.02940
vt 0.89370 -0.04730
vt 0.83430 -0.04140
vt 0.82690 -0.03650
vt 0.82680 -0.04520
vt 0.83430 -0.03470
vt 0.89410 -0.04170
vt 0.89420 -0.03500
vt 0.83480 -0.02910
vt 0.89430 -0.02950
vt 0.90160 -0.04570
vt 0.90160 -0.03690
vt 0.89360 -0.04680
vt 0.89320 -0.04190
vt 0.83400 -0.04160
vt 0.83400 -0.04650
vt 0.83830 -0.04700
vt 0.84620 -0.04190
vt 0.83580 -0.04180
vt 0.84580 -0.03700
vt 0.14010 -0.38550
vt 0.14010 -0.33700
vt 0.09400 -0.33700
vt 0.09400 -0.38550
vt 0.58490 -0.52570
vt 0.59050 -0.54580
vt 0.56240 -0.56170
vt 0.55020 -0.50910
vt 0.54390 -0.56250
vt 0.54150 -0.53950
vt 0.54160 -0.52780
vt 0.52610 -0.52770
vt 0.52600 -0.53940
vt 0.54160 -0.51490
vt 0.52610 -0.51490
vt 0.52600 -0.52290
vt 0.54150 -0.52290
vt 0.52600 -0.52770
vt 0.54150 -0.52770
vt 0.54150 -0.52290
vt 0.52600 -0.52290
vt 0.56240 -0.56170
vt 0.59060 -0.54590
vt 0.58500 -0.52580
vt 0.55020 -0.50910
vt 0.54390 -0.56250
vt 0.54160 -0.50990
vt 0.52610 -0.50980
vt 0.52610 -0.51480
vt 0.54160 -0.51490
vt 0.52610 -0.50590
vt 0.52610 -0.50980
vt 0.54160 -0.51000
vt 0.54160 -0.50610
vt 0.86370 -0.04680
vt 0.86290 -0.04310
vt 0.84640 -0.04400
vt 0.84610 -0.04780
vt 0.32180 -0.87920
vt 0.30920 -0.85930
vt 0.30560 -0.87920
vt 0.31250 -0.83230
vt 0.32180 -0.83230
vt 0.28700 -0.49820
vt 0.27900 -0.50610
vt 0.27900 -0.60080
vt 0.28700 -0.60890
vt 0.30290 -0.60890
vt 0.30260 -0.49820
vt 0.31850 -0.53040
vt 0.31880 -0.49820
vt 0.31850 -0.57590
vt 0.31880 -0.60890
vt 0.31880 -0.57620
vt 0.31880 -0.53000
vt 0.32350 -0.58080
vt 0.32320 -0.52510
vt 0.36270 -0.49820
vt 0.36270 -0.52510
vt 0.36270 -0.60890
vt 0.36270 -0.58080
vt 0.38960 -0.50150
vt 0.38990 -0.52510
vt 0.40460 -0.52510
vt 0.40950 -0.50510
vt 0.40950 -0.53000
vt 0.39050 -0.58080
vt 0.39080 -0.60550
vt 0.42890 -0.51140
vt 0.40950 -0.60110
vt 0.40480 -0.58080
vt 0.40950 -0.57580
vt 0.43060 -0.59370
vt 0.44770 -0.58320
vt 0.44810 -0.52310
vt 0.45860 -0.53700
vt 0.46110 -0.55270
vt 0.45860 -0.56880
vt 0.20190 -0.82810
vt 0.20790 -0.85310
vt 0.20540 -0.85350
vt 0.20450 -0.82800
vt 0.20250 -0.81840
vt 0.20860 -0.80830
vt 0.20500 -0.80830
vt 0.20690 -0.80300
vt 0.20960 -0.80330
vt 0.20680 -0.85800
vt 0.20930 -0.85760
vt 0.20520 -0.83110
vt 0.20260 -0.83120
vt 0.20300 -0.82080
vt 0.20880 -0.81030
vt 0.20520 -0.81030
vt 0.20960 -0.80510
vt 0.20690 -0.80480
vt 0.20760 -0.80140
vt 0.20510 -0.80140
vt 0.20600 -0.85970
vt 0.20860 -0.85970
vt 0.20530 -0.83410
vt 0.20580 -0.84260
vt 0.20930 -0.84270
vt 0.20270 -0.83400
vt 0.20480 -0.82440
vt 0.20220 -0.82430
vt 0.20590 -0.81450
vt 0.20330 -0.81440
vt 0.21050 -0.80570
vt 0.20710 -0.80560
vt 0.20320 -0.81950
vt 0.20870 -0.80710
vt 0.20520 -0.80770
vt 0.20710 -0.81870
vt 0.20260 -0.83350
vt 0.20510 -0.83300
vt 0.20460 -0.84500
vt 0.20710 -0.84430
vt 0.20540 -0.85350
vt 0.20790 -0.85310
vt 0.20580 -0.80530
vt 0.20930 -0.80480
vt 0.20710 -0.81710
vt 0.20320 -0.81800
vt 0.20490 -0.82960
vt 0.20240 -0.83010
vt 0.20680 -0.84090
vt 0.20430 -0.84170
vt 0.20930 -0.85760
vt 0.20680 -0.85800
vt 0.42530 -0.48390
vt 0.44160 -0.48390
vt 0.44060 -0.47520
vt 0.41190 -0.47520
vt 0.40760 -0.48390
vt 0.38360 -0.47520
vt 0.38290 -0.48390
vt 0.37670 -0.47520
vt 0.37670 -0.48390
vt 0.40710 -0.48390
vt 0.44310 -0.47520
vt 0.43980 -0.48390
vt 0.41070 -0.47520
vt 0.38310 -0.48390
vt 0.38380 -0.47520
vt 0.37660 -0.48390
vt 0.37660 -0.47520
vt 0.90510 -0.05330
vt 0.90940 -0.05330
vt 0.90940 -0.02120
vt 0.90510 -0.02120
vt 0.40050 -0.48390
vt 0.39000 -0.47520
vt 0.39000 -0.48390
vt 0.40050 -0.47520
vt 0.41220 -0.48390
vt 0.41220 -0.47520
vt 0.42360 -0.48390
vt 0.42360 -0.47520
vt 0.43330 -0.48390
vt 0.43330 -0.47520
vt 0.38530 -0.48390
vt 0.38560 -0.47520
vt 0.39600 -0.47520
vt 0.39660 -0.48390
vt 0.40900 -0.47520
vt 0.41060 -0.48390
vt 0.42160 -0.47520
vt 0.42300 -0.48390
vt 0.44060 -0.47520
vt 0.44160 -0.48390
vt 0.39760 -0.48390
vt 0.38660 -0.47520
vt 0.38410 -0.48390
vt 0.39890 -0.47520
vt 0.41230 -0.48390
vt 0.41060 -0.47520
vt 0.42690 -0.48390
vt 0.42580 -0.47520
vt 0.43980 -0.48390
vt 0.44310 -0.47520
vt 0.46490 -0.11020
vt 0.47290 -0.09960
vt 0.47290 -0.11010
vt 0.42510 -0.10470
vt 0.41720 -0.12380
vt 0.45290 -0.16280
vt 0.41420 -0.14480
vt 0.41770 -0.16710
vt 0.45800 -0.17900
vt 0.42870 -0.18710
vt 0.43290 -0.19110
vt 0.47290 -0.17900
vt 0.47290 -0.19700
vt 0.46450 -0.11010
vt 0.47290 -0.11010
vt 0.47290 -0.09960
vt 0.42470 -0.10470
vt 0.41680 -0.12380
vt 0.45250 -0.16250
vt 0.41390 -0.14480
vt 0.41740 -0.16710
vt 0.45740 -0.17900
vt 0.42840 -0.18710
vt 0.43260 -0.19110
vt 0.47290 -0.19700
vt 0.47290 -0.17900
vt 0.26760 -0.60970
vt 0.27760 -0.59960
vt 0.27730 -0.50620
vt 0.26760 -0.49650
vt 0.24670 -0.49650
vt 0.24670 -0.60970
vt 0.22620 -0.53000
vt 0.22620 -0.49650
vt 0.22620 -0.57460
vt 0.22120 -0.52490
vt 0.22620 -0.60970
vt 0.22140 -0.57970
vt 0.17940 -0.57970
vt 0.17940 -0.60970
vt 0.14050 -0.57970
vt 0.13550 -0.60970
vt 0.13560 -0.57500
vt 0.17950 -0.49650
vt 0.17950 -0.52490
vt 0.14020 -0.52490
vt 0.13560 -0.49650
vt 0.12040 -0.60970
vt 0.13560 -0.53020
vt 0.12040 -0.49650
vt 0.10520 -0.49650
vt 0.10520 -0.60970
vt 0.09570 -0.60030
vt 0.09560 -0.50610
vt 0.20440 -0.85210
vt 0.20770 -0.85140
vt 0.20550 -0.83440
vt 0.20220 -0.83490
vt 0.20920 -0.80610
vt 0.20260 -0.82100
vt 0.20540 -0.80610
vt 0.21060 -0.79910
vt 0.20740 -0.79870
vt 0.20160 -0.83310
vt 0.21030 -0.85930
vt 0.20710 -0.86060
vt 0.20490 -0.83250
vt 0.20870 -0.80560
vt 0.20210 -0.81990
vt 0.20500 -0.80560
vt 0.20690 -0.79880
vt 0.21010 -0.79910
vt 0.20120 -0.82620
vt 0.20770 -0.85140
vt 0.20440 -0.85210
vt 0.20470 -0.82610
vt 0.20190 -0.81680
vt 0.20870 -0.80720
vt 0.20490 -0.80690
vt 0.20720 -0.80060
vt 0.21050 -0.80120
vt 0.20710 -0.86060
vt 0.21030 -0.85930
vt 0.20550 -0.82760
vt 0.20200 -0.82760
vt 0.20260 -0.81770
vt 0.20950 -0.80770
vt 0.20560 -0.80730
vt 0.21130 -0.80130
vt 0.20800 -0.80060
vt 0.20780 -0.80030
vt 0.20500 -0.80040
vt 0.20520 -0.85890
vt 0.20810 -0.85890
vt 0.20520 -0.86010
vt 0.20830 -0.86010
vt 0.20830 -0.80110
vt 0.20520 -0.80110
vt 0.41070 -0.48390
vt 0.44050 -0.47520
vt 0.44160 -0.48390
vt 0.40940 -0.47520
vt 0.38370 -0.47520
vt 0.39440 -0.48390
vt 0.38330 -0.48390
vt 0.37670 -0.48390
vt 0.37670 -0.47520
vt 0.42470 -0.48390
vt 0.44160 -0.48390
vt 0.44050 -0.47520
vt 0.41180 -0.47520
vt 0.40750 -0.48390
vt 0.38400 -0.47520
vt 0.38390 -0.48390
vt 0.37640 -0.47520
vt 0.37640 -0.48390
vt 0.44000 -0.48390
vt 0.44330 -0.47520
vt 0.41040 -0.47520
vt 0.41210 -0.48390
vt 0.38640 -0.47520
vt 0.38410 -0.48390
vt 0.37890 -0.47520
vt 0.37660 -0.48390
vt 0.40740 -0.48390
vt 0.44330 -0.47520
vt 0.44000 -0.48390
vt 0.41090 -0.47520
vt 0.38350 -0.48390
vt 0.38350 -0.47520
vt 0.44170 -0.48390
vt 0.44170 -0.47520
vt 0.38060 -0.47520
vt 0.38060 -0.48390
vt 0.90500 -0.05340
vt 0.90940 -0.05340
vt 0.90950 -0.02140
vt 0.90500 -0.02140
vt 0.39550 -0.48390
vt 0.39560 -0.47520
vt 0.38340 -0.47520
vt 0.38360 -0.48390
vt 0.83440 -0.03570
vt 0.83500 -0.04690
vt 0.89630 -0.04020
vt 0.89570 -0.02900
vt 0.90490 -0.21740
vt 0.90490 -0.19770
vt 0.53300 -0.19800
vt 0.53310 -0.21770
vt 0.90510 -0.18490
vt 0.90510 -0.19810
vt 0.53310 -0.19790
vt 0.53370 -0.18480
vt 0.85010 -0.16920
vt 0.53520 -0.16930
vt 0.84510 -0.16300
vt 0.70070 -0.14150
vt 0.89640 -0.16920
vt 0.90510 -0.16930
vt 0.70750 -0.14000
vt 0.76010 -0.14150
vt 0.75360 -0.14000
vt 0.71230 -0.13580
vt 0.74870 -0.13590
vt 0.71410 -0.13020
vt 0.74690 -0.13010
vt 0.71220 -0.12450
vt 0.74870 -0.12450
vt 0.70740 -0.12020
vt 0.75360 -0.12020
vt 0.76030 -0.11860
vt 0.76690 -0.14010
vt 0.84510 -0.09910
vt 0.76690 -0.12020
vt 0.70070 -0.11860
vt 0.80920 -0.12020
vt 0.80440 -0.12430
vt 0.77180 -0.12450
vt 0.80250 -0.13020
vt 0.77360 -0.13020
vt 0.80430 -0.13590
vt 0.77180 -0.13590
vt 0.80920 -0.14000
vt 0.81600 -0.14140
vt 0.82250 -0.14000
vt 0.84510 -0.14150
vt 0.82740 -0.13590
vt 0.82920 -0.13030
vt 0.84510 -0.11860
vt 0.82750 -0.12460
vt 0.82270 -0.12030
vt 0.81820 -0.11700
vt 0.81580 -0.11860
vt 0.54770 -0.07560
vt 0.84510 -0.08030
vt 0.84510 -0.07520
vt 0.84980 -0.07520
vt 0.54440 -0.09900
vt 0.64570 -0.11860
vt 0.65250 -0.12030
vt 0.69400 -0.12030
vt 0.68920 -0.12450
vt 0.65730 -0.12440
vt 0.68740 -0.13030
vt 0.65910 -0.13020
vt 0.68920 -0.13590
vt 0.65730 -0.13590
vt 0.69400 -0.14010
vt 0.65250 -0.14000
vt 0.64580 -0.14150
vt 0.58790 -0.14140
vt 0.59460 -0.13990
vt 0.58110 -0.14000
vt 0.63910 -0.14010
vt 0.59940 -0.13590
vt 0.63420 -0.13590
vt 0.60120 -0.13020
vt 0.63240 -0.13020
vt 0.59940 -0.12440
vt 0.63420 -0.12450
vt 0.53880 -0.14160
vt 0.59440 -0.12020
vt 0.63900 -0.12020
vt 0.58790 -0.11860
vt 0.58110 -0.12030
vt 0.57620 -0.12450
vt 0.54140 -0.11860
vt 0.57440 -0.13020
vt 0.57630 -0.13580
vt 0.56590 -0.13200
vt 0.90510 -0.19810
vt 0.90510 -0.21770
vt 0.53310 -0.21760
vt 0.53310 -0.19790
vt 0.90840 -0.25970
vt 0.99710 -0.25970
vt 0.99620 -0.24240
vt 0.99620 -0.23660
vt 0.99620 -0.20460
vt 0.99620 -0.20190
vt 0.99630 -0.01560
vt 0.90930 -0.05650
vt 0.90930 -0.05330
vt 0.90950 -0.02140
vt 0.90950 -0.01560
vt 0.90510 -0.16930
vt 0.90130 -0.14210
vt 0.90530 -0.14220
vt 0.90130 -0.16360
vt 0.89640 -0.16920
vt 0.90530 -0.14220
vt 0.90130 -0.14210
vt 0.90170 -0.11970
vt 0.90560 -0.11970
vt 0.90560 -0.11970
vt 0.90170 -0.11970
vt 0.90210 -0.09880
vt 0.90610 -0.09880
vt 0.90670 -0.07510
vt 0.90270 -0.08020
vt 0.89800 -0.07490
vt 0.90610 -0.09880
vt 0.90210 -0.09880
vt 0.89570 -0.24100
vt 0.88250 -0.21920
vt 0.89620 -0.21980
vt 0.90490 -0.24080
vt 0.89880 -0.26000
vt 0.90680 -0.26080
vt 0.89580 -0.27750
vt 0.90340 -0.28210
vt 0.88420 -0.29420
vt 0.89040 -0.30440
vt 0.86430 -0.30430
vt 0.87850 -0.31410
vt 0.83570 -0.30430
vt 0.82140 -0.31410
vt 0.81610 -0.29430
vt 0.81000 -0.30440
vt 0.80420 -0.27740
vt 0.79650 -0.28210
vt 0.80120 -0.26000
vt 0.79310 -0.26080
vt 0.80430 -0.24100
vt 0.79500 -0.24080
vt 0.81750 -0.21920
vt 0.80380 -0.21980
vt 0.80420 -0.24080
vt 0.81740 -0.21910
vt 0.80370 -0.21960
vt 0.79490 -0.24060
vt 0.80110 -0.25990
vt 0.79310 -0.26060
vt 0.80410 -0.27730
vt 0.79650 -0.28190
vt 0.81560 -0.29410
vt 0.80950 -0.30420
vt 0.83550 -0.30410
vt 0.82130 -0.31390
vt 0.86410 -0.30410
vt 0.87840 -0.31390
vt 0.88370 -0.29410
vt 0.88980 -0.30420
vt 0.89560 -0.27730
vt 0.90320 -0.28190
vt 0.89860 -0.25990
vt 0.90670 -0.26060
vt 0.89550 -0.24080
vt 0.90480 -0.24060
vt 0.88240 -0.21910
vt 0.89600 -0.21960
vt 0.95090 -0.60320
vt 0.98900 -0.60720
vt 0.98980 -0.60300
vt 0.95080 -0.60740
vt 0.89490 -0.60350
vt 0.89480 -0.60770
vt 0.85670 -0.60370
vt 0.85600 -0.60790
vt 0.99720 -0.60690
vt 0.99720 -0.60260
vt 0.96430 -0.60290
vt 0.96450 -0.60710
vt 0.93040 -0.60310
vt 0.93040 -0.60730
vt 0.89310 -0.60340
vt 0.89320 -0.60760
vt 0.85060 -0.60360
vt 0.85070 -0.60790
vt 0.99600 -0.60700
vt 0.99600 -0.60280
vt 0.95350 -0.60310
vt 0.95350 -0.60730
vt 0.91620 -0.60330
vt 0.91630 -0.60750
vt 0.88220 -0.60360
vt 0.88230 -0.60780
vt 0.84940 -0.60380
vt 0.84940 -0.60800
vt 0.39820 -0.48390
vt 0.39050 -0.47520
vt 0.39050 -0.48390
vt 0.39820 -0.47520
vt 0.40890 -0.48390
vt 0.40890 -0.47520
vt 0.41980 -0.48390
vt 0.41980 -0.47520
vt 0.42770 -0.48390
vt 0.42760 -0.47520
vt 0.42010 -0.48390
vt 0.42010 -0.47520
vt 0.41070 -0.47520
vt 0.41070 -0.48390
vt 0.40140 -0.47520
vt 0.40140 -0.48390
vt 0.43120 -0.48390
vt 0.43120 -0.47520
vt 0.42340 -0.47520
vt 0.42340 -0.48390
vt 0.41270 -0.47520
vt 0.41270 -0.48390
vt 0.40180 -0.47520
vt 0.40190 -0.48390
vt 0.39400 -0.47520
vt 0.39400 -0.48390
vt 0.40100 -0.48390
vt 0.40100 -0.47520
vt 0.41070 -0.47520
vt 0.41070 -0.48390
vt 0.42080 -0.47520
vt 0.42080 -0.48390
vt 0.40190 -0.48390
vt 0.39400 -0.47520
vt 0.39400 -0.48390
vt 0.40200 -0.47520
vt 0.41270 -0.48390
vt 0.41280 -0.47520
vt 0.42350 -0.48390
vt 0.42360 -0.47520
vt 0.43130 -0.48390
vt 0.43130 -0.47520
vt 0.42010 -0.48390
vt 0.42000 -0.47520
vt 0.41070 -0.47520
vt 0.41070 -0.48390
vt 0.40130 -0.47520
vt 0.40130 -0.48390
vt 0.42640 -0.48390
vt 0.42640 -0.47520
vt 0.41850 -0.47520
vt 0.41860 -0.48390
vt 0.40760 -0.47520
vt 0.40770 -0.48390
vt 0.39680 -0.47520
vt 0.39690 -0.48390
vt 0.38890 -0.47520
vt 0.38900 -0.48390
vt 0.40110 -0.48390
vt 0.40110 -0.47520
vt 0.41090 -0.47520
vt 0.41090 -0.48390
vt 0.42080 -0.47520
vt 0.42080 -0.48390
vt 0.40060 -0.48390
vt 0.39290 -0.47520
vt 0.39290 -0.48390
vt 0.40070 -0.47520
vt 0.41140 -0.48390
vt 0.41150 -0.47520
vt 0.42240 -0.48390
vt 0.42250 -0.47520
vt 0.43010 -0.48390
vt 0.43010 -0.47520
vt 0.42010 -0.48390
vt 0.42010 -0.47520
vt 0.41070 -0.47520
vt 0.41070 -0.48390
vt 0.40140 -0.47520
vt 0.40140 -0.48390
vt 0.42750 -0.48390
vt 0.42750 -0.47520
vt 0.41970 -0.47520
vt 0.41980 -0.48390
vt 0.40920 -0.47520
vt 0.40910 -0.48390
vt 0.39790 -0.47520
vt 0.39800 -0.48390
vt 0.39030 -0.47520
vt 0.39030 -0.48390
vt 0.40100 -0.48390
vt 0.40100 -0.47520
vt 0.41090 -0.47520
vt 0.41090 -0.48390
vt 0.42070 -0.47520
vt 0.42070 -0.48390
vt 0.40190 -0.48390
vt 0.39420 -0.47520
vt 0.39420 -0.48390
vt 0.40190 -0.47520
vt 0.41280 -0.48390
vt 0.41290 -0.47520
vt 0.42350 -0.48390
vt 0.42360 -0.47520
vt 0.43140 -0.48390
vt 0.43140 -0.47520
vt 0.42010 -0.48390
vt 0.42010 -0.47520
vt 0.41080 -0.47520
vt 0.41080 -0.48390
vt 0.40130 -0.47520
vt 0.40130 -0.48390
vt 0.42750 -0.48390
vt 0.42750 -0.47520
vt 0.41980 -0.47520
vt 0.41970 -0.48390
vt 0.40900 -0.47520
vt 0.40910 -0.48390
vt 0.39820 -0.47520
vt 0.39820 -0.48390
vt 0.39020 -0.47520
vt 0.39020 -0.48390
vt 0.40120 -0.48390
vt 0.40120 -0.47520
vt 0.41090 -0.47520
vt 0.41090 -0.48390
vt 0.42070 -0.47520
vt 0.42070 -0.48390
vt 0.42750 -0.48390
vt 0.42750 -0.47520
vt 0.41970 -0.47520
vt 0.41970 -0.48390
vt 0.40910 -0.47520
vt 0.40910 -0.48390
vt 0.39800 -0.47520
vt 0.39800 -0.48390
vt 0.39020 -0.47520
vt 0.39020 -0.48390
vt 0.41110 -0.48390
vt 0.42080 -0.47520
vt 0.42100 -0.48390
vt 0.41100 -0.47520
vt 0.40120 -0.48390
vt 0.40130 -0.47520
vt 0.40040 -0.48390
vt 0.39240 -0.47520
vt 0.39240 -0.48390
vt 0.40030 -0.47520
vt 0.41120 -0.48390
vt 0.41130 -0.47520
vt 0.42170 -0.48390
vt 0.42170 -0.47520
vt 0.42960 -0.48390
vt 0.42960 -0.47520
vt 0.41050 -0.48390
vt 0.40140 -0.47520
vt 0.40120 -0.48390
vt 0.41040 -0.47520
vt 0.41970 -0.48390
vt 0.41950 -0.47520
vt 0.42550 -0.48390
vt 0.42550 -0.47520
vt 0.41760 -0.47520
vt 0.41760 -0.48390
vt 0.40690 -0.47520
vt 0.40690 -0.48390
vt 0.39620 -0.47520
vt 0.39620 -0.48390
vt 0.38830 -0.47520
vt 0.38830 -0.48390
vt 0.41110 -0.48390
vt 0.42060 -0.47520
vt 0.42080 -0.48390
vt 0.41110 -0.47520
vt 0.40120 -0.48390
vt 0.40130 -0.47520
vt 0.40210 -0.48390
vt 0.39420 -0.47520
vt 0.39420 -0.48390
vt 0.40210 -0.47520
vt 0.41260 -0.48390
vt 0.41270 -0.47520
vt 0.42350 -0.48390
vt 0.42350 -0.47520
vt 0.43140 -0.48390
vt 0.43140 -0.47520
vt 0.41060 -0.48390
vt 0.40140 -0.47520
vt 0.40120 -0.48390
vt 0.41050 -0.47520
vt 0.41980 -0.48390
vt 0.41960 -0.47520
vt 0.40070 -0.48390
vt 0.39290 -0.47520
vt 0.39290 -0.48390
vt 0.40070 -0.47520
vt 0.41140 -0.48390
vt 0.41140 -0.47520
vt 0.42230 -0.48390
vt 0.42230 -0.47520
vt 0.43000 -0.48390
vt 0.43000 -0.47520
vt 0.41990 -0.48390
vt 0.41970 -0.47520
vt 0.41050 -0.47520
vt 0.41050 -0.48390
vt 0.40150 -0.47520
vt 0.40140 -0.48390
vt 0.42650 -0.48390
vt 0.42650 -0.47520
vt 0.41880 -0.47520
vt 0.41880 -0.48390
vt 0.40780 -0.47520
vt 0.40780 -0.48390
vt 0.39710 -0.47520
vt 0.39700 -0.48390
vt 0.38920 -0.47520
vt 0.38920 -0.48390
vt 0.40120 -0.48390
vt 0.40130 -0.47520
vt 0.41080 -0.47520
vt 0.41090 -0.48390
vt 0.42060 -0.47520
vt 0.42080 -0.48390
vt 0.39820 -0.48390
vt 0.39040 -0.47520
vt 0.39040 -0.48390
vt 0.39820 -0.47520
vt 0.40910 -0.48390
vt 0.40910 -0.47520
vt 0.41980 -0.48390
vt 0.41990 -0.47520
vt 0.42770 -0.48390
vt 0.42770 -0.47520
vt 0.41990 -0.48390
vt 0.41970 -0.47520
vt 0.41050 -0.47520
vt 0.41050 -0.48390
vt 0.40140 -0.47520
vt 0.40130 -0.48390
vt 0.42930 -0.48390
vt 0.42930 -0.47520
vt 0.42160 -0.47520
vt 0.42160 -0.48390
vt 0.41070 -0.47520
vt 0.41080 -0.48390
vt 0.40000 -0.47520
vt 0.40000 -0.48390
vt 0.39210 -0.47520
vt 0.39210 -0.48390
vt 0.40120 -0.48390
vt 0.40140 -0.47520
vt 0.41090 -0.47520
vt 0.41100 -0.48390
vt 0.42060 -0.47520
vt 0.42080 -0.48390
vt 0.40020 -0.48390
vt 0.39230 -0.47520
vt 0.39230 -0.48390
vt 0.40030 -0.47520
vt 0.41070 -0.48390
vt 0.41080 -0.47520
vt 0.42180 -0.48390
vt 0.42180 -0.47520
vt 0.42960 -0.48390
vt 0.42970 -0.47520
vt 0.42000 -0.48390
vt 0.41980 -0.47520
vt 0.41060 -0.47520
vt 0.41060 -0.48390
vt 0.40140 -0.47520
vt 0.40130 -0.48390
vt 0.42770 -0.48390
vt 0.42780 -0.47520
vt 0.42000 -0.47520
vt 0.42010 -0.48390
vt 0.40920 -0.47520
vt 0.40930 -0.48390
vt 0.39830 -0.47520
vt 0.39840 -0.48390
vt 0.39040 -0.47520
vt 0.39040 -0.48390
vt 0.40120 -0.48390
vt 0.40140 -0.47520
vt 0.41090 -0.47520
vt 0.41090 -0.48390
vt 0.42040 -0.47520
vt 0.42060 -0.48390
vt 0.20520 -0.84020
vt 0.20770 -0.84010
vt 0.20830 -0.83630
vt 0.20600 -0.83640
vt 0.20840 -0.80270
vt 0.20620 -0.80280
vt 0.20770 -0.79890
vt 0.20520 -0.79890
vt 0.20810 -0.80270
vt 0.20560 -0.80270
vt 0.20520 -0.83230
vt 0.20750 -0.83230
vt 0.20540 -0.86400
vt 0.20790 -0.86400
vt 0.20580 -0.85030
vt 0.20810 -0.85030
vt 0.20770 -0.81660
vt 0.20550 -0.81660
vt 0.20740 -0.81260
vt 0.20480 -0.81260
vt 0.20870 -0.86020
vt 0.20570 -0.86380
vt 0.20790 -0.86390
vt 0.20620 -0.86010
vt 0.20770 -0.83080
vt 0.20540 -0.83070
vt 0.20770 -0.79900
vt 0.20520 -0.79890
vt 0.20840 -0.84640
vt 0.20610 -0.85020
vt 0.20870 -0.85010
vt 0.20580 -0.84650
vt 0.20800 -0.81220
vt 0.20540 -0.81220
vt 0.20790 -0.80100
vt 0.20530 -0.80100
vt 0.20530 -0.83030
vt 0.20790 -0.83020
vt 0.20620 -0.85050
vt 0.20880 -0.85040
vt 0.20600 -0.86160
vt 0.20860 -0.86160
vt 0.20520 -0.85000
vt 0.20780 -0.85000
vt 0.20830 -0.84640
vt 0.20580 -0.84640
vt 0.20830 -0.81240
vt 0.20570 -0.81240
vt 0.20770 -0.80870
vt 0.20520 -0.80870
vt 0.20780 -0.79970
vt 0.20530 -0.79960
vt 0.20550 -0.81030
vt 0.20800 -0.81040
vt 0.20540 -0.83100
vt 0.20790 -0.83110
vt 0.20620 -0.86010
vt 0.20880 -0.86020
vt 0.20580 -0.86350
vt 0.20830 -0.86370
vt 0.56550 -0.75940
vt 0.71450 -0.74140
vt 0.56590 -0.74100
vt 0.71390 -0.75940
vt 0.71340 -0.78190
vt 0.56570 -0.78200
vt 0.56600 -0.79030
vt 0.71370 -0.79010
vt 0.20550 -0.86400
vt 0.20670 -0.86400
vt 0.20740 -0.79870
vt 0.20620 -0.79870
vt 0.15560 -0.78990
vt 0.15560 -0.79390
vt 0.31630 -0.79400
vt 0.31630 -0.78990
vt 0.20570 -0.86410
vt 0.20680 -0.86410
vt 0.20750 -0.79880
vt 0.20640 -0.79870
vt 0.20600 -0.80710
vt 0.20630 -0.80550
vt 0.20760 -0.80570
vt 0.20720 -0.80730
vt 0.20720 -0.80720
vt 0.20760 -0.80560
vt 0.20640 -0.80540
vt 0.20610 -0.80700
vt 0.20670 -0.86430
vt 0.20740 -0.79900
vt 0.20620 -0.79900
vt 0.20550 -0.86430
vt 0.15560 -0.78990
vt 0.31630 -0.78990
vt 0.31630 -0.79390
vt 0.15560 -0.79390
vt 0.20670 -0.86390
vt 0.20740 -0.79860
vt 0.20630 -0.79860
vt 0.20560 -0.86390
vt 0.20610 -0.80700
vt 0.20720 -0.80720
vt 0.20760 -0.80560
vt 0.20640 -0.80540
vt 0.20720 -0.80730
vt 0.20600 -0.80710
vt 0.20630 -0.80550
vt 0.20760 -0.80570
vt 0.48530 -0.48690
vt 0.35500 -0.48690
vt 0.35500 -0.49000
vt 0.48530 -0.48960
vt 0.35500 -0.49590
vt 0.48530 -0.49520
vt 0.48530 -0.49220
vt 0.35500 -0.49280
vt 0.48530 -0.48960
vt 0.35500 -0.49000
vt 0.43790 -0.50860
vt 0.42710 -0.49850
vt 0.42750 -0.50860
vt 0.43780 -0.49850
vt 0.44690 -0.50850
vt 0.44690 -0.49850
vt 0.45600 -0.50850
vt 0.45590 -0.49850
vt 0.60690 -0.54110
vt 0.59930 -0.55210
vt 0.62680 -0.55520
vt 0.62030 -0.54080
vt 0.62830 -0.55190
vt 0.62020 -0.54110
vt 0.60680 -0.54090
vt 0.60070 -0.55500
vt 0.43860 -0.50860
vt 0.42720 -0.50040
vt 0.42740 -0.50860
vt 0.43850 -0.50030
vt 0.44600 -0.50850
vt 0.44590 -0.50030
vt 0.45600 -0.50850
vt 0.45600 -0.50030
vt 0.60670 -0.54060
vt 0.59870 -0.55690
vt 0.62630 -0.56000
vt 0.62010 -0.54030
vt 0.62840 -0.55650
vt 0.62000 -0.54060
vt 0.60660 -0.54030
vt 0.60090 -0.55960
vt 0.41890 -0.59880
vt 0.43930 -0.59880
vt 0.43930 -0.60620
vt 0.41890 -0.60620
vt 0.43930 -0.60930
vt 0.41890 -0.60960
vt 0.18900 -0.81590
vt 0.18090 -0.81540
vt 0.18850 -0.79940
vt 0.19870 -0.79890
vt 0.18100 -0.81520
vt 0.18880 -0.81570
vt 0.19870 -0.79900
vt 0.18880 -0.79960
vt 0.01390 -0.91670
vt 0.02160 -0.92220
vt 0.02160 -0.81740
vt 0.01390 -0.82230
vt 0.01590 -0.81020
vt 0.01080 -0.80620
vt 0.00540 -0.81000
vt 0.00180 -0.81330
vt 0.00770 -0.81830
vt 0.00170 -0.84710
vt 0.00770 -0.85030
vt 0.00170 -0.87130
vt 0.00770 -0.87330
vt 0.00170 -0.89460
vt 0.00770 -0.89460
vt 0.00560 -0.92280
vt 0.01120 -0.92280
vt 0.01060 -0.94160
vt 0.01560 -0.94160
vt 0.01880 -0.96460
vt 0.02300 -0.96290
vt 0.03060 -0.98400
vt 0.03370 -0.98010
vt 0.04120 -0.99150
vt 0.04830 -0.99150
vt 0.04690 -0.99490
vt 0.06420 -0.99740
vt 0.06460 -0.99360
vt 0.06460 -0.99360
vt 0.06420 -0.99740
vt 0.04640 -0.99490
vt 0.04860 -0.99150
vt 0.04070 -0.99150
vt 0.03070 -0.98400
vt 0.03440 -0.98050
vt 0.01750 -0.96280
vt 0.02250 -0.96110
vt 0.01040 -0.94160
vt 0.01610 -0.94160
vt 0.00630 -0.92160
vt 0.01240 -0.92160
vt 0.00260 -0.89460
vt 0.00910 -0.89460
vt 0.00260 -0.85030
vt 0.00910 -0.85030
vt 0.00260 -0.81330
vt 0.00910 -0.81830
vt 0.00590 -0.81010
vt 0.01710 -0.81020
vt 0.01150 -0.80620
vt 0.48530 -0.48900
vt 0.35500 -0.49090
vt 0.48530 -0.49070
vt 0.35500 -0.48900
vt 0.48530 -0.48690
vt 0.35500 -0.48690
vt 0.35500 -0.49290
vt 0.48530 -0.49250
vt 0.48530 -0.49070
vt 0.35500 -0.49090
vt 0.43850 -0.50860
vt 0.42710 -0.49860
vt 0.42760 -0.50860
vt 0.43840 -0.49850
vt 0.44750 -0.50850
vt 0.44740 -0.49850
vt 0.45600 -0.50850
vt 0.45590 -0.49850
vt 0.60730 -0.54050
vt 0.60050 -0.55110
vt 0.62820 -0.55610
vt 0.62060 -0.54110
vt 0.62740 -0.55210
vt 0.62110 -0.54120
vt 0.60770 -0.54070
vt 0.59940 -0.55460
vt 0.43910 -0.50860
vt 0.42720 -0.50040
vt 0.42750 -0.50860
vt 0.43910 -0.50030
vt 0.44650 -0.50850
vt 0.44640 -0.50030
vt 0.45590 -0.50850
vt 0.45600 -0.50030
vt 0.60690 -0.54040
vt 0.60010 -0.55630
vt 0.62770 -0.56130
vt 0.62020 -0.54110
vt 0.62640 -0.55690
vt 0.62050 -0.54080
vt 0.60710 -0.54030
vt 0.59840 -0.55950
vt 0.46140 -0.60920
vt 0.44080 -0.60920
vt 0.44080 -0.59990
vt 0.46140 -0.59990
vt 0.44080 -0.59630
vt 0.46140 -0.59590
vt 0.19230 -0.81370
vt 0.19950 -0.81090
vt 0.19000 -0.80020
vt 0.18190 -0.80270
vt 0.19830 -0.80350
vt 0.19090 -0.80100
vt 0.18050 -0.81200
vt 0.18870 -0.81420
vt 0.46140 -0.60920
vt 0.44080 -0.60920
vt 0.44080 -0.59990
vt 0.46140 -0.59990
vt 0.44080 -0.59630
vt 0.46140 -0.59590
vt 0.19230 -0.81370
vt 0.19950 -0.81090
vt 0.19000 -0.80020
vt 0.18190 -0.80270
vt 0.19830 -0.80350
vt 0.19090 -0.80100
vt 0.18050 -0.81200
vt 0.18870 -0.81420
vt 0.58040 -0.83080
vt 0.58380 -0.82880
vt 0.58380 -0.82490
vt 0.58040 -0.82300
vt 0.57690 -0.82890
vt 0.57690 -0.82490
vt 0.58040 -0.83080
vt 0.58380 -0.82880
vt 0.58380 -0.82490
vt 0.58030 -0.82290
vt 0.57690 -0.82880
vt 0.57690 -0.82490
vt 0.58040 -0.83080
vt 0.58380 -0.82880
vt 0.58380 -0.82490
vt 0.58030 -0.82300
vt 0.57690 -0.82880
vt 0.57690 -0.82490
vt 0.58040 -0.83080
vt 0.58380 -0.82880
vt 0.58380 -0.82490
vt 0.58030 -0.82300
vt 0.57690 -0.82890
vt 0.57690 -0.82490
vt 0.58370 -0.82880
vt 0.58370 -0.82490
vt 0.58030 -0.82290
vt 0.58030 -0.83070
vt 0.57680 -0.82490
vt 0.57680 -0.82880
vt 0.58370 -0.82880
vt 0.58370 -0.82490
vt 0.58030 -0.82300
vt 0.58030 -0.83080
vt 0.57680 -0.82490
vt 0.57680 -0.82890
vt 0.58370 -0.82890
vt 0.58370 -0.82490
vt 0.58030 -0.82300
vt 0.58030 -0.83080
vt 0.57680 -0.82500
vt 0.57680 -0.82890
vt 0.58380 -0.82880
vt 0.58370 -0.82490
vt 0.58030 -0.82290
vt 0.58030 -0.83070
vt 0.57680 -0.82490
vt 0.57680 -0.82880
vt 0.58380 -0.82880
vt 0.58370 -0.82490
vt 0.58030 -0.82300
vt 0.58030 -0.83080
vt 0.57680 -0.82500
vt 0.57690 -0.82890
vt 0.27830 -0.96640
vt 0.28000 -0.96430
vt 0.21630 -0.96440
vt 0.21780 -0.96650
vt 0.21780 -0.96650
vt 0.21780 -0.99420
vt 0.27830 -0.99410
vt 0.27830 -0.96640
vt 0.21780 -0.99420
vt 0.21630 -0.99890
vt 0.27990 -0.99880
vt 0.27830 -0.99410
vt 0.21780 -0.99420
vt 0.21780 -0.96650
vt 0.21380 -0.96480
vt 0.21380 -0.99670
vt 0.28240 -0.99670
vt 0.28230 -0.96470
vt 0.27830 -0.96640
vt 0.27830 -0.99410
vt 0.32420 -0.96960
vt 0.26920 -0.94710
vt 0.32190 -0.93430
vt 0.44210 -0.97280
vt 0.44210 -0.93150
vt 0.40670 -0.91240
vt 0.40670 -0.93230
vt 0.38590 -0.90120
vt 0.40650 -0.90340
vt 0.40170 -0.89950
vt 0.40650 -0.89980
vt 0.37000 -0.89970
vt 0.32210 -0.90120
vt 0.24110 -0.90090
vt 0.24030 -0.92590
vt 0.21070 -0.92150
vt 0.20360 -0.93430
vt 0.16270 -0.95620
vt 0.12670 -0.94250
vt 0.21550 -0.91070
vt 0.13390 -0.90590
vt 0.09710 -0.90190
vt 0.21780 -0.96650
vt 0.27820 -0.96640
vt 0.27990 -0.96430
vt 0.21610 -0.96430
vt 0.27820 -0.96640
vt 0.21780 -0.96650
vt 0.21780 -0.99430
vt 0.27830 -0.99410
vt 0.27830 -0.99410
vt 0.21780 -0.99430
vt 0.21640 -0.99900
vt 0.27990 -0.99880
vt 0.27830 -0.99410
vt 0.28230 -0.99670
vt 0.28230 -0.96470
vt 0.27820 -0.96640
vt 0.21390 -0.99680
vt 0.21780 -0.99430
vt 0.21780 -0.96650
vt 0.21380 -0.96460
vt 0.20580 -0.85530
vt 0.20690 -0.85530
vt 0.20740 -0.80940
vt 0.20630 -0.80940
vt 0.20340 -0.88280
vt 0.20340 -0.88630
vt 0.31630 -0.88630
vt 0.31630 -0.88280
vt 0.20340 -0.88630
vt 0.20340 -0.88760
vt 0.31630 -0.88760
vt 0.31630 -0.88630
vt 0.20620 -0.84640
vt 0.20550 -0.84490
vt 0.20670 -0.84450
vt 0.20780 -0.84730
vt 0.20760 -0.84720
vt 0.20660 -0.84450
vt 0.20550 -0.84490
vt 0.20610 -0.84640
vt 0.20680 -0.85410
vt 0.20730 -0.80820
vt 0.20620 -0.80820
vt 0.20570 -0.85410
vt 0.20340 -0.88280
vt 0.31630 -0.88280
vt 0.31630 -0.88630
vt 0.20340 -0.88630
vt 0.20340 -0.88630
vt 0.31630 -0.88630
vt 0.31630 -0.88760
vt 0.20340 -0.88760
vt 0.20610 -0.84640
vt 0.20760 -0.84730
vt 0.20660 -0.84450
vt 0.20550 -0.84490
vt 0.20780 -0.84720
vt 0.20620 -0.84640
vt 0.20550 -0.84490
vt 0.20670 -0.84450
vt 0.22640 -0.93790
vt 0.22680 -0.93430
vt 0.22080 -0.93330
vt 0.21150 -0.93970
vt 0.21100 -0.93570
vt 0.20800 -0.93880
vt 0.22560 -0.94700
vt 0.21130 -0.94740
vt 0.20770 -0.95070
vt 0.21850 -0.95920
vt 0.22500 -0.95340
vt 0.25280 -0.95440
vt 0.23620 -0.95330
vt 0.23990 -0.94760
vt 0.26650 -0.94700
vt 0.00920 -0.99780
vt 0.01210 -0.99080
vt 0.00560 -0.99280
vt 0.00500 -0.98240
vt 0.00790 -0.96210
vt 0.22640 -0.93790
vt 0.22070 -0.93340
vt 0.22680 -0.93440
vt 0.21140 -0.93990
vt 0.21080 -0.93570
vt 0.20790 -0.93890
vt 0.22570 -0.94700
vt 0.21130 -0.94750
vt 0.20760 -0.95080
vt 0.21870 -0.95910
vt 0.22490 -0.95330
vt 0.25280 -0.95450
vt 0.23610 -0.95330
vt 0.24030 -0.94760
vt 0.26660 -0.94700
vt 0.20470 -0.82290
vt 0.20450 -0.84220
vt 0.20780 -0.84220
vt 0.20800 -0.82290
vt 0.20790 -0.85480
vt 0.20790 -0.80770
vt 0.20480 -0.80770
vt 0.20480 -0.85480
vt 0.27970 -0.43220
vt 0.30730 -0.43210
vt 0.30730 -0.42680
vt 0.27970 -0.42680
vt 0.20480 -0.85480
vt 0.20700 -0.86390
vt 0.21010 -0.86300
vt 0.20790 -0.85480
vt 0.20700 -0.79860
vt 0.20480 -0.80770
vt 0.20790 -0.80770
vt 0.21010 -0.79960
vt 0.37340 -0.45600
vt 0.37350 -0.45010
vt 0.42600 -0.46250
vt 0.37720 -0.47330
vt 0.42600 -0.47360
vt 0.39160 -0.46560
vt 0.39030 -0.46560
vt 0.39030 -0.46710
vt 0.39160 -0.46710
vt 0.39030 -0.47010
vt 0.39160 -0.47010
vt 0.39160 -0.45730
vt 0.39030 -0.45730
vt 0.39170 -0.46310
vt 0.39040 -0.46310
vt 0.39040 -0.46590
vt 0.39170 -0.46590
vt 0.39180 -0.45700
vt 0.39050 -0.45700
vt 0.39050 -0.47080
vt 0.39180 -0.47080
vt 0.42600 -0.46220
vt 0.37330 -0.45020
vt 0.37330 -0.45610
vt 0.37720 -0.47360
vt 0.42600 -0.47350
vt 0.39170 -0.46130
vt 0.39030 -0.46130
vt 0.39030 -0.46560
vt 0.39160 -0.46560
vt 0.69910 -0.04080
vt 0.66390 -0.04080
vt 0.66390 -0.04570
vt 0.69910 -0.04570
vt 0.69970 -0.04060
vt 0.66450 -0.04070
vt 0.66450 -0.04550
vt 0.69970 -0.04550
vt 0.69940 -0.04070
vt 0.66420 -0.04070
vt 0.66420 -0.04540
vt 0.69940 -0.04540
vt 0.39140 -0.45680
vt 0.39060 -0.45680
vt 0.39060 -0.46750
vt 0.39140 -0.46740
vt 0.39130 -0.46620
vt 0.39130 -0.46510
vt 0.39030 -0.46500
vt 0.39030 -0.46620
vt 0.39090 -0.45700
vt 0.39010 -0.45700
vt 0.39010 -0.46760
vt 0.39090 -0.46760
vt 0.39120 -0.46780
vt 0.39120 -0.45720
vt 0.39040 -0.45720
vt 0.39030 -0.46780
vt 0.39190 -0.46750
vt 0.39140 -0.45690
vt 0.39040 -0.45700
vt 0.39110 -0.46760
vt 0.39110 -0.46020
vt 0.39040 -0.46020
vt 0.39040 -0.46410
vt 0.39110 -0.46410
vt 0.39140 -0.45950
vt 0.39140 -0.45840
vt 0.39010 -0.45830
vt 0.39010 -0.45950
vt 0.39120 -0.46030
vt 0.39040 -0.46030
vt 0.39040 -0.46430
vt 0.39120 -0.46430
vt 0.39160 -0.46770
vt 0.39140 -0.46370
vt 0.39030 -0.46370
vt 0.39030 -0.46770
vt 0.39170 -0.46070
vt 0.39160 -0.45670
vt 0.39040 -0.45690
vt 0.39060 -0.46090
vt 0.31200 -0.13540
vt 0.31200 -0.11600
vt 0.31040 -0.11600
vt 0.31040 -0.13540
vt 0.31030 -0.11630
vt 0.31020 -0.13570
vt 0.31170 -0.13570
vt 0.31180 -0.11630
vt 0.31020 -0.11560
vt 0.31030 -0.13500
vt 0.31190 -0.13500
vt 0.31190 -0.11560
vt 0.25550 -0.93890
vt 0.25550 -0.93240
vt 0.23520 -0.93240
vt 0.23520 -0.93890
vt 0.25540 -0.94140
vt 0.25630 -0.93380
vt 0.23610 -0.93150
vt 0.23520 -0.93900
vt 0.24200 -0.93970
vt 0.24960 -0.93970
vt 0.24960 -0.93320
vt 0.24200 -0.93320
vt 0.23480 -0.93380
vt 0.23590 -0.94130
vt 0.25600 -0.93820
vt 0.25480 -0.93070
vt 0.24750 -0.93290
vt 0.23990 -0.93290
vt 0.23990 -0.93940
vt 0.24750 -0.93940
vt 0.25560 -0.93180
vt 0.23530 -0.93340
vt 0.23580 -0.93990
vt 0.25610 -0.93830
vt 0.87360 -0.04470
vt 0.85170 -0.03170
vt 0.85360 -0.04580
vt 0.87140 -0.02900
vt 0.85120 -0.02800
vt 0.87090 -0.02530
vt 0.86900 -0.04560
vt 0.89270 -0.04610
vt 0.88910 -0.02610
vt 0.86940 -0.02570
vt 0.89390 -0.04020
vt 0.89420 -0.02440
vt 0.86290 -0.02570
vt 0.89070 -0.04390
vt 0.86700 -0.04350
vt 0.90260 -0.04460
vt 0.87220 -0.03470
vt 0.87360 -0.04500
vt 0.90090 -0.03170
vt 0.87120 -0.02690
vt 0.90030 -0.02720
vt 0.89430 -0.04300
vt 0.89330 -0.02900
vt 0.86410 -0.02430
vt 0.86590 -0.04840
vt 0.88870 -0.03930
vt 0.88890 -0.02630
vt 0.86930 -0.02510
vt 0.88440 -0.04380
vt 0.87030 -0.04360
vt 0.85010 -0.60300
vt 0.99700 -0.60750
vt 0.85010 -0.60710
vt 0.99700 -0.60310
vt 0.85010 -0.60750
vt 0.99700 -0.60760
vt 0.99700 -0.60300
vt 0.85010 -0.60390
vt 0.85010 -0.60710
vt 0.99700 -0.60750
vt 0.96820 -0.51660
vt 0.99810 -0.51650
vt 0.99760 -0.47540
vt 0.96810 -0.48870
vt 0.98680 -0.47730
vt 0.88930 -0.60420
vt 0.88930 -0.60850
vt 0.95740 -0.60790
vt 0.95730 -0.60360
vt 0.96130 -0.60720
vt 0.96120 -0.60290
vt 0.94010 -0.60320
vt 0.94020 -0.60760
vt 0.89170 -0.60400
vt 0.89180 -0.60830
vt 0.99750 -0.47550
vt 0.99780 -0.51660
vt 0.96770 -0.51660
vt 0.96770 -0.48870
vt 0.98680 -0.47730
vt 0.96820 -0.51660
vt 0.99810 -0.51650
vt 0.99800 -0.47520
vt 0.96810 -0.48870
vt 0.98690 -0.47730
vt 0.89060 -0.60420
vt 0.89070 -0.60850
vt 0.95870 -0.60780
vt 0.95870 -0.60350
vt 0.96220 -0.60740
vt 0.96210 -0.60310
vt 0.93540 -0.60350
vt 0.93550 -0.60780
vt 0.88920 -0.60420
vt 0.88930 -0.60850
vt 0.99790 -0.47530
vt 0.99780 -0.51660
vt 0.96770 -0.51660
vt 0.96770 -0.48870
vt 0.98690 -0.47730
vt 0.96820 -0.51640
vt 0.99790 -0.51640
vt 0.99770 -0.47530
vt 0.96810 -0.48870
vt 0.98690 -0.47750
vt 0.89370 -0.60400
vt 0.89380 -0.60830
vt 0.94920 -0.60780
vt 0.94910 -0.60350
vt 0.96760 -0.60730
vt 0.96750 -0.60300
vt 0.93400 -0.60350
vt 0.93410 -0.60780
vt 0.88780 -0.60420
vt 0.88780 -0.60850
vt 0.99770 -0.47540
vt 0.99770 -0.51650
vt 0.96770 -0.51640
vt 0.96770 -0.48870
vt 0.98690 -0.47750
vt 0.20460 -0.70450
vt 0.19310 -0.70450
vt 0.19310 -0.73380
vt 0.20460 -0.74090
vt 0.25100 -0.70980
vt 0.22320 -0.70990
vt 0.22330 -0.75440
vt 0.25120 -0.75430
vt 0.19310 -0.70450
vt 0.19300 -0.72730
vt 0.20450 -0.72740
vt 0.20450 -0.70450
vt 0.11580 -0.75770
vt 0.11580 -0.74560
vt 0.08570 -0.74540
vt 0.08560 -0.75760
vt 0.11580 -0.77190
vt 0.11590 -0.75780
vt 0.08580 -0.75770
vt 0.08570 -0.77170
vt 0.08600 -0.25150
vt 0.08600 -0.22620
vt 0.06210 -0.22610
vt 0.06200 -0.25150
vt 0.09760 -0.75760
vt 0.09770 -0.74550
vt 0.08570 -0.74540
vt 0.08560 -0.75750
vt 0.11540 -0.75840
vt 0.08920 -0.75830
vt 0.08910 -0.77070
vt 0.11530 -0.77080
vt 0.05380 -0.25580
vt 0.09090 -0.25590
vt 0.09100 -0.23330
vt 0.05380 -0.23320
vt 0.09580 -0.75750
vt 0.09580 -0.74550
vt 0.08560 -0.74550
vt 0.08560 -0.75750
vt 0.11520 -0.76890
vt 0.11530 -0.75960
vt 0.10500 -0.75960
vt 0.10500 -0.76880
vt 0.06340 -0.25270
vt 0.07720 -0.25270
vt 0.07720 -0.22670
vt 0.06340 -0.22670
vt 0.48530 -0.49270
vt 0.48530 -0.49100
vt 0.35500 -0.49070
vt 0.35500 -0.49270
vt 0.35500 -0.48690
vt 0.48530 -0.48930
vt 0.48530 -0.48740
vt 0.35500 -0.48890
vt 0.48530 -0.49100
vt 0.35500 -0.49070
vt 0.44530 -0.50850
vt 0.45570 -0.50850
vt 0.45590 -0.49850
vt 0.44530 -0.49850
vt 0.43630 -0.50860
vt 0.43620 -0.49850
vt 0.42720 -0.50860
vt 0.42710 -0.49850
vt 0.62010 -0.54060
vt 0.60670 -0.54030
vt 0.60020 -0.55470
vt 0.62770 -0.55170
vt 0.59870 -0.55150
vt 0.62630 -0.55460
vt 0.62020 -0.54050
vt 0.60680 -0.54080
vt 0.44470 -0.50850
vt 0.45580 -0.50850
vt 0.45600 -0.50030
vt 0.44460 -0.50030
vt 0.43720 -0.50860
vt 0.43720 -0.50030
vt 0.42730 -0.50860
vt 0.42720 -0.50040
vt 0.61980 -0.54060
vt 0.60630 -0.54030
vt 0.60020 -0.56000
vt 0.62780 -0.55690
vt 0.59830 -0.55680
vt 0.62590 -0.55980
vt 0.62020 -0.54050
vt 0.60680 -0.54080
vt 0.41910 -0.59860
vt 0.43950 -0.60450
vt 0.43950 -0.59860
vt 0.41910 -0.60450
vt 0.43950 -0.60920
vt 0.41910 -0.60940
vt 0.18890 -0.81110
vt 0.19820 -0.80360
vt 0.18940 -0.80090
vt 0.18060 -0.80550
vt 0.18180 -0.80570
vt 0.19070 -0.81030
vt 0.19960 -0.80790
vt 0.19020 -0.80040
vt 0.48530 -0.49060
vt 0.48530 -0.48900
vt 0.35500 -0.48880
vt 0.35500 -0.49060
vt 0.48530 -0.49270
vt 0.35500 -0.49270
vt 0.35500 -0.48690
vt 0.35500 -0.48880
vt 0.48530 -0.48900
vt 0.48530 -0.48730
vt 0.44470 -0.50850
vt 0.45570 -0.50850
vt 0.45590 -0.49850
vt 0.44460 -0.49850
vt 0.43570 -0.50860
vt 0.43560 -0.49850
vt 0.42720 -0.50860
vt 0.42710 -0.49860
vt 0.62030 -0.54070
vt 0.60690 -0.54020
vt 0.59810 -0.55450
vt 0.62610 -0.55190
vt 0.60020 -0.55180
vt 0.62820 -0.55440
vt 0.61990 -0.54040
vt 0.60650 -0.54090
vt 0.44410 -0.50850
vt 0.45570 -0.50850
vt 0.45600 -0.50030
vt 0.44410 -0.50030
vt 0.43670 -0.50860
vt 0.43670 -0.50040
vt 0.42730 -0.50860
vt 0.42720 -0.50040
vt 0.62040 -0.54090
vt 0.60700 -0.54040
vt 0.59780 -0.55990
vt 0.62580 -0.55730
vt 0.60060 -0.55700
vt 0.62860 -0.55960
vt 0.61980 -0.54040
vt 0.60650 -0.54090
vt 0.46130 -0.60910
vt 0.46130 -0.59970
vt 0.44080 -0.59970
vt 0.44080 -0.60910
vt 0.46130 -0.59590
vt 0.46130 -0.59970
vt 0.44080 -0.59950
vt 0.44080 -0.59590
vt 0.19140 -0.81690
vt 0.19820 -0.80330
vt 0.19010 -0.80090
vt 0.18060 -0.81150
vt 0.18180 -0.80540
vt 0.19140 -0.81610
vt 0.19960 -0.81390
vt 0.19270 -0.80040
vt 0.46130 -0.60910
vt 0.46130 -0.59970
vt 0.44070 -0.59970
vt 0.44070 -0.60910
vt 0.46130 -0.59590
vt 0.46130 -0.59970
vt 0.44070 -0.59950
vt 0.44070 -0.59590
vt 0.19140 -0.80020
vt 0.18180 -0.80870
vt 0.18780 -0.81380
vt 0.19870 -0.80870
vt 0.18260 -0.80870
vt 0.19360 -0.81360
vt 0.19960 -0.80870
vt 0.18990 -0.80040
vt 0.41900 -0.59860
vt 0.43950 -0.60450
vt 0.43950 -0.59860
vt 0.41900 -0.60450
vt 0.43950 -0.60920
vt 0.41900 -0.60940
vt 0.18890 -0.81110
vt 0.19820 -0.80360
vt 0.18940 -0.80090
vt 0.18060 -0.80550
vt 0.18180 -0.80570
vt 0.19070 -0.81030
vt 0.19960 -0.80790
vt 0.19020 -0.80040
vt 0.20820 -0.85960
vt 0.20890 -0.79800
vt 0.20510 -0.79790
vt 0.20440 -0.85960
vt 0.20560 -0.80260
vt 0.20560 -0.86000
vt 0.20680 -0.86000
vt 0.20680 -0.80260
vt 0.33200 -0.42660
vt 0.24360 -0.42670
vt 0.24360 -0.43280
vt 0.33200 -0.43270
vt 0.20680 -0.80260
vt 0.20600 -0.79860
vt 0.20480 -0.79900
vt 0.20560 -0.80260
vt 0.20600 -0.86390
vt 0.20680 -0.86000
vt 0.20560 -0.86000
vt 0.20480 -0.86350
vt 0.36860 -0.47090
vt 0.35210 -0.47090
vt 0.36030 -0.48450
vt 0.37050 -0.44330
vt 0.35030 -0.44330
vt 0.36860 -0.47090
vt 0.35210 -0.47090
vt 0.36030 -0.48450
vt 0.37050 -0.44330
vt 0.35030 -0.44330
vt 0.35210 -0.47090
vt 0.36860 -0.47090
vt 0.36030 -0.48450
vt 0.35030 -0.44330
vt 0.37050 -0.44330
vt 0.36850 -0.47090
vt 0.35200 -0.47090
vt 0.35030 -0.44330
vt 0.37050 -0.44330
vt 0.35200 -0.47090
vt 0.36850 -0.47090
vt 0.37050 -0.44330
vt 0.35030 -0.44330
vt 0.35210 -0.47090
vt 0.36870 -0.47090
vt 0.37040 -0.44320
vt 0.35030 -0.44320
vt 0.88270 -0.68660
vt 0.89260 -0.68690
vt 0.88260 -0.68570
vt 0.89250 -0.68770
vt 0.89400 -0.68790
vt 0.89380 -0.68700
vt 0.90280 -0.68790
vt 0.90220 -0.68860
vt 0.90370 -0.68880
vt 0.89320 -0.68840
vt 0.90180 -0.68630
vt 0.89180 -0.68800
vt 0.88420 -0.68310
vt 0.88480 -0.68240
vt 0.90380 -0.68810
vt 0.91330 -0.68950
vt 0.91280 -0.69030
vt 0.90280 -0.68710
vt 0.89400 -0.68900
vt 0.89230 -0.68920
vt 0.89330 -0.68970
vt 0.89180 -0.69660
vt 0.89080 -0.69620
vt 0.90430 -0.68740
vt 0.90300 -0.68570
vt 0.90690 -0.67990
vt 0.90800 -0.68040
vt 0.91100 -0.69240
vt 0.91040 -0.69320
vt 0.35210 -0.47090
vt 0.36860 -0.47090
vt 0.36020 -0.48440
vt 0.35030 -0.44330
vt 0.37050 -0.44330
vt 0.36860 -0.47090
vt 0.35210 -0.47090
vt 0.36020 -0.48440
vt 0.37050 -0.44330
vt 0.35030 -0.44330
vt 0.36860 -0.47090
vt 0.35210 -0.47090
vt 0.36020 -0.48440
vt 0.37050 -0.44330
vt 0.35030 -0.44330
vt 0.35210 -0.47090
vt 0.36860 -0.47100
vt 0.37040 -0.44320
vt 0.35030 -0.44320
vt 0.35200 -0.47090
vt 0.36850 -0.47090
vt 0.37050 -0.44330
vt 0.35030 -0.44330
vt 0.36850 -0.47090
vt 0.35200 -0.47090
vt 0.35030 -0.44330
vt 0.37050 -0.44330
vt 0.30680 -0.62130
vt 0.30680 -0.61190
vt 0.29770 -0.61360
vt 0.29770 -0.61960
vt 0.28760 -0.61360
vt 0.28760 -0.61960
vt 0.27920 -0.61190
vt 0.27920 -0.62130
vt 0.30680 -0.62130
vt 0.29770 -0.61960
vt 0.28760 -0.61960
vt 0.27920 -0.62130
vt 0.29770 -0.61360
vt 0.30680 -0.61190
vt 0.27920 -0.61190
vt 0.28760 -0.61360
vt 0.42690 -0.49840
vt 0.42700 -0.50870
vt 0.43740 -0.50690
vt 0.43730 -0.50040
vt 0.44490 -0.50680
vt 0.44480 -0.50030
vt 0.45560 -0.50840
vt 0.45540 -0.49820
vt 0.63140 -0.55350
vt 0.61860 -0.54040
vt 0.60570 -0.54120
vt 0.59660 -0.55760
vt 0.60730 -0.54090
vt 0.59580 -0.55520
vt 0.63090 -0.55590
vt 0.62020 -0.54050
vt 0.42690 -0.49840
vt 0.42700 -0.50870
vt 0.43740 -0.50690
vt 0.43730 -0.50040
vt 0.44490 -0.50690
vt 0.44480 -0.50030
vt 0.45560 -0.50840
vt 0.45540 -0.49810
vt 0.63140 -0.55450
vt 0.61930 -0.54040
vt 0.60620 -0.54040
vt 0.59580 -0.55630
vt 0.60740 -0.54080
vt 0.59480 -0.55450
vt 0.63220 -0.55650
vt 0.62120 -0.54080
vt 0.45540 -0.49810
vt 0.44510 -0.50680
vt 0.45570 -0.50850
vt 0.44500 -0.50020
vt 0.43760 -0.50690
vt 0.43750 -0.50030
vt 0.42680 -0.50870
vt 0.42670 -0.49840
vt 0.59580 -0.55350
vt 0.63060 -0.55760
vt 0.62150 -0.54120
vt 0.60860 -0.54040
vt 0.61990 -0.54090
vt 0.60700 -0.54050
vt 0.59630 -0.55590
vt 0.63140 -0.55520
vt 0.45540 -0.49810
vt 0.44510 -0.50680
vt 0.45560 -0.50840
vt 0.44500 -0.50020
vt 0.43760 -0.50690
vt 0.43750 -0.50030
vt 0.42690 -0.50860
vt 0.42690 -0.49830
vt 0.59580 -0.55450
vt 0.63140 -0.55630
vt 0.62100 -0.54040
vt 0.60790 -0.54040
vt 0.62040 -0.54110
vt 0.60660 -0.54040
vt 0.59500 -0.55550
vt 0.63250 -0.55540
vt 0.03940 -0.44040
vt 0.03940 -0.38810
vt 0.13300 -0.38810
vt 0.13300 -0.44040
vt 0.23990 -0.40860
vt 0.23990 -0.44040
vt 0.23990 -0.47180
vt 0.03940 -0.48820
vt 0.23990 -0.48820
vt 0.03940 -0.49420
vt 0.23990 -0.49420
vt 0.03940 -0.41350
vt 0.13300 -0.38810
vt 0.03940 -0.38810
vt 0.13300 -0.41350
vt 0.03940 -0.45090
vt 0.23990 -0.42630
vt 0.23990 -0.40860
vt 0.23990 -0.45090
vt 0.23990 -0.49100
vt 0.03940 -0.49100
vt 0.03940 -0.49420
vt 0.23990 -0.49420
vt 0.03940 -0.44040
vt 0.13300 -0.38810
vt 0.03940 -0.38810
vt 0.13300 -0.44040
vt 0.23990 -0.40860
vt 0.23990 -0.44040
vt 0.23990 -0.47180
vt 0.03940 -0.48820
vt 0.23990 -0.48820
vt 0.03940 -0.49420
vt 0.23990 -0.49420
vt 0.03940 -0.41350
vt 0.03940 -0.38810
vt 0.13300 -0.38810
vt 0.13300 -0.41350
vt 0.03940 -0.45090
vt 0.23990 -0.42630
vt 0.23990 -0.40860
vt 0.23990 -0.45090
vt 0.23990 -0.49100
vt 0.03940 -0.49100
vt 0.23990 -0.49420
vt 0.03940 -0.49420
vt 0.32320 -0.13590
vt 0.29870 -0.13600
vt 0.29870 -0.11310
vt 0.32310 -0.11310
vt 0.29870 -0.13600
vt 0.32320 -0.13600
vt 0.32320 -0.11310
vt 0.29870 -0.11310
vt 0.32320 -0.13600
vt 0.29870 -0.13600
vt 0.29870 -0.11310
vt 0.32320 -0.11310
vt 0.29870 -0.13600
vt 0.32320 -0.13600
vt 0.32320 -0.11310
vt 0.29870 -0.11310
vt 0.32320 -0.13600
vt 0.29870 -0.13600
vt 0.29870 -0.11310
vt 0.32320 -0.11310
vt 0.29870 -0.13600
vt 0.32320 -0.13590
vt 0.32310 -0.11310
vt 0.29870 -0.11310
vt 0.32320 -0.13590
vt 0.32310 -0.11310
vt 0.29870 -0.11310
vt 0.29870 -0.13600
vt 0.29870 -0.13600
vt 0.29870 -0.11310
vt 0.32320 -0.11310
vt 0.32320 -0.13600
vt 0.32320 -0.13600
vt 0.32320 -0.11310
vt 0.29870 -0.11310
vt 0.29870 -0.13600
vt 0.29870 -0.13600
vt 0.29870 -0.11310
vt 0.32320 -0.11310
vt 0.32320 -0.13600
vt 0.32320 -0.13600
vt 0.32320 -0.11310
vt 0.29870 -0.11310
vt 0.29870 -0.13600
vt 0.29870 -0.13600
vt 0.29870 -0.11310
vt 0.32310 -0.11310
vt 0.32320 -0.13590
vt 0.53240 -0.56520
vt 0.57460 -0.58420
vt 0.57460 -0.56520
vt 0.53240 -0.58420
vt 0.53240 -0.60760
vt 0.57460 -0.60760
vt 0.46240 -0.54160
vt 0.52640 -0.54750
vt 0.52640 -0.54160
vt 0.46240 -0.54750
vt 0.52640 -0.57980
vt 0.46240 -0.57980
vt 0.52640 -0.60940
vt 0.46240 -0.60940
vt 0.58420 -0.60200
vt 0.59360 -0.60500
vt 0.60210 -0.60060
vt 0.58030 -0.59260
vt 0.60460 -0.59150
vt 0.60050 -0.58300
vt 0.58270 -0.58410
vt 0.59160 -0.58000
vt 0.29870 -0.11310
vt 0.29890 -0.13580
vt 0.30660 -0.13580
vt 0.30670 -0.11310
vt 0.31480 -0.13590
vt 0.31500 -0.11320
vt 0.32310 -0.13600
vt 0.32320 -0.11330
vt 0.31490 -0.11300
vt 0.31510 -0.13570
vt 0.30710 -0.13580
vt 0.30700 -0.11310
vt 0.29890 -0.13580
vt 0.29870 -0.11310
vt 0.00580 -0.98870
vt 0.00960 -0.99410
vt 0.01520 -0.99160
vt 0.01480 -0.98460
vt 0.00900 -0.98280
vt 0.40720 -0.55330
vt 0.40720 -0.57480
vt 0.32050 -0.57480
vt 0.32050 -0.55330
vt 0.32050 -0.53340
vt 0.40720 -0.53340
vt 0.40720 -0.53220
vt 0.32050 -0.53240
vt 0.40720 -0.53260
vt 0.32050 -0.53250
vt 0.40720 -0.53440
vt 0.32050 -0.53430
vt 0.32050 -0.53430
vt 0.40720 -0.55290
vt 0.40720 -0.53440
vt 0.32050 -0.55280
vt 0.40720 -0.57480
vt 0.32050 -0.57470
vt 0.40720 -0.55330
vt 0.40720 -0.57480
vt 0.32050 -0.57480
vt 0.32050 -0.55330
vt 0.40720 -0.53340
vt 0.32050 -0.53340
vt 0.40720 -0.53210
vt 0.32050 -0.53220
vt 0.40720 -0.53270
vt 0.32050 -0.53260
vt 0.40720 -0.53460
vt 0.32050 -0.53440
vt 0.40720 -0.55320
vt 0.40720 -0.53460
vt 0.32050 -0.53440
vt 0.32050 -0.55310
vt 0.40720 -0.57510
vt 0.32050 -0.57490
vt 0.39890 -0.52990
vt 0.39920 -0.52840
vt 0.36400 -0.52850
vt 0.36360 -0.53000
vt 0.36400 -0.52850
vt 0.33320 -0.52840
vt 0.33020 -0.53040
vt 0.32820 -0.52870
vt 0.33080 -0.52660
vt 0.05760 -0.89750
vt 0.06630 -0.89740
vt 0.06570 -0.80390
vt 0.05860 -0.80400
vt 0.06670 -0.89750
vt 0.06620 -0.80400
vt 0.05860 -0.89760
vt 0.05820 -0.80410
vt 0.05760 -0.89750
vt 0.06630 -0.89740
vt 0.06570 -0.80390
vt 0.05860 -0.80400
vt 0.06670 -0.89750
vt 0.06620 -0.80400
vt 0.05860 -0.89760
vt 0.05820 -0.80410
vt 0.05800 -0.89740
vt 0.06600 -0.89740
vt 0.06610 -0.80390
vt 0.05840 -0.80380
vt 0.06620 -0.89740
vt 0.06630 -0.80390
vt 0.05810 -0.89740
vt 0.05810 -0.80390
vt 0.05770 -0.89740
vt 0.06640 -0.89730
vt 0.06560 -0.80370
vt 0.05890 -0.80370
vt 0.06650 -0.89750
vt 0.06580 -0.80380
vt 0.05830 -0.89750
vt 0.05770 -0.80380
vt 0.05760 -0.89750
vt 0.06630 -0.89740
vt 0.06570 -0.80390
vt 0.05860 -0.80400
vt 0.06670 -0.89750
vt 0.06620 -0.80400
vt 0.05860 -0.89760
vt 0.05820 -0.80410
vt 0.05760 -0.89750
vt 0.06630 -0.89740
vt 0.06570 -0.80390
vt 0.05860 -0.80400
vt 0.06670 -0.89750
vt 0.06620 -0.80400
vt 0.05860 -0.89760
vt 0.05820 -0.80410
vt 0.05800 -0.89740
vt 0.06600 -0.89740
vt 0.06610 -0.80390
vt 0.05840 -0.80380
vt 0.06620 -0.89740
vt 0.06630 -0.80390
vt 0.05810 -0.89740
vt 0.05810 -0.80390
vt 0.05770 -0.89740
vt 0.06640 -0.89730
vt 0.06560 -0.80370
vt 0.05890 -0.80370
vt 0.06650 -0.89750
vt 0.06580 -0.80380
vt 0.05830 -0.89750
vt 0.05770 -0.80380
vt 0.06660 -0.80380
vt 0.06370 -0.89810
vt 0.06650 -0.89810
vt 0.06380 -0.80380
vt 0.06080 -0.89810
vt 0.06070 -0.80380
vt 0.05810 -0.89810
vt 0.05800 -0.80380
vt 0.85570 -0.04580
vt 0.85410 -0.04320
vt 0.85170 -0.04440
vt 0.85330 -0.04710
vt 0.33060 -0.53040
vt 0.33260 -0.52860
vt 0.33090 -0.52710
vt 0.32890 -0.52880
vt 0.17000 -0.53430
vt 0.13810 -0.53440
vt 0.13800 -0.56850
vt 0.16990 -0.56850
vt 0.22430 -0.56850
vt 0.22440 -0.53430
vt 0.17000 -0.53430
vt 0.13810 -0.53440
vt 0.13800 -0.56850
vt 0.16990 -0.56850
vt 0.22430 -0.56850
vt 0.22440 -0.53430
vt 0.17000 -0.53430
vt 0.13810 -0.53440
vt 0.13800 -0.56850
vt 0.16990 -0.56850
vt 0.22430 -0.56850
vt 0.22440 -0.53430
vt 0.40720 -0.55310
vt 0.32050 -0.57490
vt 0.40720 -0.57480
vt 0.32050 -0.55320
vt 0.32050 -0.53300
vt 0.40720 -0.53290
vt 0.40720 -0.53150
vt 0.32050 -0.53140
vt 0.40720 -0.53340
vt 0.32050 -0.53340
vt 0.40720 -0.53520
vt 0.32050 -0.53520
vt 0.32050 -0.53520
vt 0.40720 -0.53520
vt 0.40720 -0.55330
vt 0.32050 -0.55330
vt 0.40720 -0.57480
vt 0.32050 -0.57480
vt 0.40720 -0.55310
vt 0.32190 -0.57490
vt 0.40720 -0.57480
vt 0.32190 -0.55320
vt 0.40720 -0.53290
vt 0.32190 -0.53300
vt 0.40720 -0.53150
vt 0.32050 -0.53140
vt 0.40720 -0.53340
vt 0.32050 -0.53340
vt 0.40720 -0.53520
vt 0.32050 -0.53520
vt 0.32050 -0.57490
vt 0.40720 -0.57480
vt 0.40720 -0.55310
vt 0.32050 -0.55320
vt 0.40720 -0.53290
vt 0.32050 -0.53300
vt 0.40720 -0.53150
vt 0.32050 -0.53140
vt 0.40720 -0.53340
vt 0.32050 -0.53340
vt 0.40720 -0.53520
vt 0.32050 -0.53520
vt 0.40720 -0.55330
vt 0.32050 -0.53520
vt 0.40720 -0.53520
vt 0.32050 -0.55330
vt 0.40720 -0.57480
vt 0.32050 -0.57480
vt 0.32050 -0.55330
vt 0.40720 -0.57480
vt 0.32050 -0.57480
vt 0.40720 -0.55330
vt 0.32050 -0.53520
vt 0.40720 -0.53520
vt 0.39890 -0.53030
vt 0.36410 -0.52860
vt 0.39930 -0.52880
vt 0.36430 -0.53010
vt 0.33330 -0.52850
vt 0.36410 -0.52860
vt 0.33150 -0.53060
vt 0.32830 -0.52880
vt 0.33090 -0.52660
vt 0.36360 -0.53030
vt 0.39870 -0.53040
vt 0.39920 -0.52890
vt 0.36360 -0.52850
vt 0.33320 -0.52850
vt 0.33020 -0.53060
vt 0.32820 -0.52890
vt 0.33070 -0.52670
vt 0.05860 -0.80400
vt 0.06630 -0.89740
vt 0.06570 -0.80390
vt 0.05760 -0.89750
vt 0.06620 -0.80400
vt 0.06670 -0.89750
vt 0.05820 -0.80400
vt 0.05860 -0.89750
vt 0.05860 -0.80400
vt 0.06630 -0.89740
vt 0.06570 -0.80390
vt 0.05760 -0.89750
vt 0.06620 -0.80400
vt 0.06670 -0.89750
vt 0.05820 -0.80400
vt 0.05860 -0.89750
vt 0.05900 -0.80370
vt 0.06660 -0.89720
vt 0.06550 -0.80360
vt 0.05750 -0.89730
vt 0.06580 -0.80380
vt 0.06670 -0.89740
vt 0.05770 -0.80390
vt 0.05850 -0.89740
vt 0.05860 -0.80380
vt 0.06610 -0.89740
vt 0.06590 -0.80370
vt 0.05800 -0.89740
vt 0.06610 -0.80380
vt 0.06620 -0.89740
vt 0.05790 -0.80380
vt 0.05810 -0.89740
vt 0.05860 -0.80400
vt 0.06630 -0.89740
vt 0.06570 -0.80390
vt 0.05760 -0.89750
vt 0.06620 -0.80400
vt 0.06670 -0.89750
vt 0.05820 -0.80400
vt 0.05860 -0.89750
vt 0.05860 -0.80400
vt 0.06630 -0.89740
vt 0.06570 -0.80390
vt 0.05760 -0.89750
vt 0.06620 -0.80400
vt 0.06670 -0.89750
vt 0.05820 -0.80400
vt 0.05860 -0.89750
vt 0.05900 -0.80370
vt 0.06660 -0.89720
vt 0.06550 -0.80360
vt 0.05750 -0.89730
vt 0.06580 -0.80380
vt 0.06670 -0.89740
vt 0.05770 -0.80390
vt 0.05850 -0.89740
vt 0.05860 -0.80380
vt 0.06610 -0.89740
vt 0.06590 -0.80370
vt 0.05800 -0.89740
vt 0.06610 -0.80380
vt 0.06620 -0.89740
vt 0.05790 -0.80380
vt 0.05810 -0.89740
vt 0.05860 -0.80400
vt 0.06630 -0.89740
vt 0.06570 -0.80390
vt 0.05760 -0.89750
vt 0.06620 -0.80400
vt 0.06670 -0.89750
vt 0.05820 -0.80400
vt 0.05860 -0.89750
vt 0.05860 -0.80400
vt 0.06630 -0.89740
vt 0.06570 -0.80390
vt 0.05760 -0.89750
vt 0.06620 -0.80400
vt 0.06670 -0.89750
vt 0.05820 -0.80400
vt 0.05860 -0.89750
vt 0.05900 -0.80370
vt 0.06660 -0.89720
vt 0.06550 -0.80360
vt 0.05750 -0.89730
vt 0.06580 -0.80380
vt 0.06670 -0.89740
vt 0.05770 -0.80390
vt 0.05850 -0.89740
vt 0.05860 -0.80380
vt 0.06610 -0.89740
vt 0.06590 -0.80370
vt 0.05800 -0.89740
vt 0.06610 -0.80380
vt 0.06620 -0.89740
vt 0.05790 -0.80380
vt 0.05810 -0.89740
vt 0.05800 -0.80380
vt 0.05810 -0.89810
vt 0.06080 -0.89810
vt 0.06080 -0.80380
vt 0.06370 -0.89810
vt 0.06380 -0.80380
vt 0.06630 -0.89810
vt 0.06640 -0.80380
vt 0.01050 -0.98730
vt 0.01010 -0.98790
vt 0.01080 -0.98840
vt 0.01110 -0.98770
vt 0.85510 -0.04370
vt 0.85270 -0.04500
vt 0.85430 -0.04750
vt 0.85660 -0.04640
vt 0.17010 -0.56850
vt 0.13800 -0.53440
vt 0.13820 -0.56850
vt 0.17000 -0.53440
vt 0.22440 -0.53440
vt 0.22450 -0.56860
vt 0.17010 -0.56850
vt 0.13800 -0.53440
vt 0.13820 -0.56850
vt 0.17000 -0.53440
vt 0.22440 -0.53440
vt 0.22450 -0.56860
vt 0.17010 -0.56850
vt 0.13800 -0.53440
vt 0.13820 -0.56850
vt 0.17000 -0.53440
vt 0.22440 -0.53440
vt 0.22450 -0.56860
vt 0.17010 -0.56850
vt 0.13800 -0.53440
vt 0.13820 -0.56850
vt 0.17000 -0.53440
vt 0.22440 -0.53440
vt 0.22450 -0.56860
vt 0.09220 -0.22360
vt 0.09220 -0.20810
vt 0.06620 -0.20810
vt 0.06620 -0.22360
vt 0.14050 -0.31720
vt 0.14050 -0.33520
vt 0.12350 -0.33520
vt 0.12350 -0.31720
vt 0.12350 -0.31720
vt 0.12350 -0.33520
vt 0.14050 -0.33520
vt 0.14050 -0.31720
vt 0.12350 -0.31720
vt 0.12350 -0.33520
vt 0.14060 -0.33520
vt 0.14060 -0.31720
vt 0.17610 -0.53790
vt 0.20540 -0.53740
vt 0.20480 -0.53540
vt 0.17690 -0.53480
vt 0.17690 -0.53480
vt 0.20470 -0.53430
vt 0.20510 -0.53810
vt 0.17610 -0.53790
vt 0.20470 -0.53430
vt 0.17650 -0.53420
vt 0.17640 -0.53810
vt 0.20510 -0.53810
vt 0.17650 -0.53420
vt 0.20540 -0.53420
vt 0.20540 -0.53800
vt 0.17640 -0.53810
vt 0.17560 -0.53780
vt 0.17640 -0.53490
vt 0.20530 -0.53540
vt 0.20590 -0.53740
vt 0.20560 -0.53810
vt 0.20510 -0.53440
vt 0.17640 -0.53490
vt 0.17560 -0.53780
vt 0.17600 -0.53800
vt 0.17620 -0.53430
vt 0.20510 -0.53440
vt 0.20560 -0.53810
vt 0.20500 -0.53780
vt 0.20510 -0.53410
vt 0.17620 -0.53430
vt 0.17600 -0.53800
vt 0.90120 -0.05290
vt 0.67130 -0.05150
vt 0.67130 -0.05980
vt 0.90110 -0.05930
vt 0.67130 -0.05980
vt 0.90120 -0.05940
vt 0.90110 -0.05170
vt 0.67130 -0.05200
vt 0.90110 -0.05930
vt 0.67130 -0.05980
vt 0.25350 -0.93390
vt 0.23770 -0.93400
vt 0.23810 -0.94090
vt 0.25320 -0.94070
vt 0.60370 -0.54060
vt 0.60400 -0.55390
vt 0.62340 -0.55390
vt 0.62310 -0.54060
vt 0.23800 -0.94060
vt 0.25310 -0.94070
vt 0.25360 -0.93420
vt 0.23780 -0.93400
vt 0.20860 -0.80890
vt 0.20300 -0.81430
vt 0.20280 -0.83930
vt 0.20890 -0.84350
vt 0.20300 -0.83810
vt 0.20860 -0.84350
vt 0.20900 -0.80890
vt 0.20290 -0.81310
vt 0.23770 -0.94090
vt 0.25360 -0.94080
vt 0.25310 -0.93390
vt 0.23790 -0.93400
vt 0.62880 -0.55400
vt 0.62880 -0.54040
vt 0.59800 -0.54060
vt 0.59800 -0.55410
vt 0.25330 -0.93420
vt 0.23810 -0.93400
vt 0.23770 -0.94060
vt 0.25360 -0.94070
vt 0.20490 -0.84350
vt 0.20880 -0.83960
vt 0.20900 -0.81190
vt 0.20470 -0.80880
vt 0.20890 -0.81270
vt 0.20490 -0.80880
vt 0.20460 -0.84350
vt 0.20890 -0.84050
vt 0.20470 -0.83880
vt 0.20940 -0.83880
vt 0.20930 -0.82410
vt 0.20480 -0.82410
vt 0.20480 -0.82410
vt 0.20930 -0.82410
vt 0.20940 -0.81360
vt 0.20480 -0.81360
vt 0.20480 -0.81360
vt 0.20940 -0.81360
vt 0.20950 -0.79880
vt 0.20470 -0.79880
vt 0.62890 -0.55740
vt 0.62030 -0.54080
vt 0.60690 -0.54070
vt 0.59780 -0.55720
vt 0.60660 -0.54080
vt 0.59780 -0.55730
vt 0.62900 -0.55730
vt 0.62000 -0.54070
vt 0.20940 -0.83880
vt 0.20470 -0.83880
vt 0.20470 -0.86330
vt 0.20950 -0.86330
vt 0.36390 -0.53020
vt 0.39960 -0.52890
vt 0.39910 -0.53050
vt 0.36400 -0.52840
vt 0.33350 -0.52850
vt 0.33050 -0.53060
vt 0.32850 -0.52880
vt 0.33110 -0.52660
vt 0.24960 -0.93530
vt 0.25660 -0.93680
vt 0.25680 -0.93440
vt 0.24990 -0.93290
vt 0.25660 -0.93680
vt 0.27070 -0.93670
vt 0.27040 -0.93910
vt 0.27770 -0.93750
vt 0.27730 -0.94000
vt 0.27220 -0.94170
vt 0.27260 -0.93350
vt 0.27520 -0.93430
vt 0.25420 -0.93870
vt 0.25660 -0.93680
vt 0.25290 -0.93060
vt 0.25550 -0.93070
vt 0.25040 -0.93080
vt 0.25420 -0.93870
vt 0.25130 -0.93690
vt 0.23730 -0.94310
vt 0.23830 -0.94030
vt 0.23220 -0.93610
vt 0.23430 -0.93500
vt 0.22840 -0.93450
vt 0.23640 -0.93230
vt 0.22830 -0.93180
vt 0.23650 -0.93510
vt 0.25310 -0.93260
vt 0.25320 -0.93530
vt 0.26120 -0.93240
vt 0.26120 -0.93510
vt 0.23410 -0.93740
vt 0.23110 -0.92930
vt 0.23420 -0.92900
vt 0.25570 -0.93770
vt 0.25500 -0.92930
vt 0.25820 -0.92980
vt 0.23660 -0.93990
vt 0.23470 -0.94590
vt 0.23160 -0.94540
vt 0.25330 -0.94020
vt 0.25850 -0.94580
vt 0.25550 -0.94630
vt 0.17000 -0.53430
vt 0.13810 -0.53440
vt 0.13800 -0.56850
vt 0.16990 -0.56850
vt 0.22430 -0.56850
vt 0.22440 -0.53430
vt 0.24380 -0.42780
vt 0.31480 -0.42530
vt 0.24380 -0.42500
vt 0.31470 -0.42820
vt 0.24380 -0.43060
vt 0.31480 -0.43070
vt 0.24380 -0.43360
vt 0.31480 -0.43330
vt 0.24390 -0.43080
vt 0.24380 -0.43350
vt 0.31480 -0.43330
vt 0.31470 -0.43040
vt 0.24380 -0.42790
vt 0.31480 -0.42790
vt 0.24380 -0.42500
vt 0.31480 -0.42530
vt 0.44190 -0.71170
vt 0.50940 -0.73460
vt 0.44190 -0.73290
vt 0.44180 -0.77950
vt 0.50980 -0.77810
vt 0.44180 -0.80530
vt 0.00300 -0.19450
vt 0.00310 -0.02040
vt 0.00720 -0.02110
vt 0.00700 -0.19430
vt 0.00700 -0.19400
vt 0.00720 -0.02080
vt 0.00310 -0.02040
vt 0.00300 -0.19440
vt 0.00720 -0.02110
vt 0.03090 -0.19470
vt 0.00700 -0.19430
vt 0.03110 -0.02340
vt 0.07770 -0.19560
vt 0.07780 -0.02830
vt 0.11040 -0.19570
vt 0.11010 -0.03240
vt 0.00700 -0.19400
vt 0.03110 -0.02310
vt 0.00720 -0.02080
vt 0.03090 -0.19430
vt 0.07770 -0.02800
vt 0.07770 -0.19530
vt 0.11000 -0.03240
vt 0.11030 -0.19560
vt 0.00310 -0.02040
vt 0.00880 -0.00720
vt 0.01070 -0.01170
vt 0.00720 -0.02110
vt 0.03110 -0.02340
vt 0.02210 -0.00700
vt 0.00880 -0.00720
vt 0.02310 -0.00220
vt 0.07780 -0.02830
vt 0.08080 -0.02070
vt 0.11010 -0.03240
vt 0.07770 -0.02800
vt 0.11000 -0.03240
vt 0.02240 -0.00700
vt 0.03110 -0.02310
vt 0.01090 -0.01150
vt 0.00720 -0.02080
vt 0.00880 -0.00720
vt 0.00310 -0.02040
vt 0.02310 -0.00220
vt 0.00880 -0.00720
vt 0.08080 -0.02070
vt 0.00300 -0.19440
vt 0.00750 -0.20810
vt 0.00980 -0.20390
vt 0.00700 -0.19400
vt 0.03090 -0.19430
vt 0.02070 -0.21000
vt 0.00750 -0.20810
vt 0.02130 -0.21490
vt 0.07770 -0.19530
vt 0.08020 -0.20350
vt 0.11030 -0.19560
vt 0.07770 -0.19560
vt 0.11040 -0.19570
vt 0.02100 -0.21010
vt 0.03090 -0.19470
vt 0.00990 -0.20420
vt 0.00700 -0.19430
vt 0.00750 -0.20820
vt 0.00300 -0.19450
vt 0.02130 -0.21500
vt 0.00750 -0.20820
vt 0.08030 -0.20360
vt 0.24570 -0.46270
vt 0.26930 -0.43680
vt 0.24580 -0.43640
vt 0.26930 -0.46310
vt 0.31530 -0.43760
vt 0.31520 -0.46390
vt 0.34720 -0.43810
vt 0.34720 -0.46440
vt 0.00300 -0.19450
vt 0.00700 -0.19430
vt 0.00720 -0.02110
vt 0.00310 -0.02040
vt 0.00700 -0.19400
vt 0.00300 -0.19440
vt 0.00310 -0.02040
vt 0.00720 -0.02080
vt 0.00720 -0.02110
vt 0.00700 -0.19430
vt 0.03090 -0.19470
vt 0.03110 -0.02340
vt 0.07770 -0.19560
vt 0.07780 -0.02830
vt 0.11040 -0.19570
vt 0.11010 -0.03240
vt 0.00700 -0.19400
vt 0.00720 -0.02080
vt 0.03110 -0.02310
vt 0.03090 -0.19430
vt 0.07770 -0.02800
vt 0.07770 -0.19530
vt 0.11000 -0.03240
vt 0.11030 -0.19560
vt 0.00310 -0.02040
vt 0.01070 -0.01170
vt 0.00880 -0.00720
vt 0.00720 -0.02110
vt 0.03110 -0.02340
vt 0.02210 -0.00700
vt 0.00880 -0.00720
vt 0.02310 -0.00220
vt 0.07780 -0.02830
vt 0.08080 -0.02070
vt 0.11010 -0.03240
vt 0.07770 -0.02800
vt 0.11000 -0.03240
vt 0.02240 -0.00700
vt 0.03110 -0.02310
vt 0.01090 -0.01150
vt 0.00720 -0.02080
vt 0.00880 -0.00720
vt 0.00310 -0.02040
vt 0.02310 -0.00220
vt 0.00880 -0.00720
vt 0.08080 -0.02070
vt 0.00300 -0.19440
vt 0.00980 -0.20390
vt 0.00750 -0.20810
vt 0.00700 -0.19400
vt 0.03090 -0.19430
vt 0.02070 -0.21000
vt 0.00750 -0.20810
vt 0.02130 -0.21490
vt 0.07770 -0.19530
vt 0.08020 -0.20350
vt 0.11030 -0.19560
vt 0.07770 -0.19560
vt 0.11040 -0.19570
vt 0.02100 -0.21010
vt 0.03090 -0.19470
vt 0.00990 -0.20420
vt 0.00700 -0.19430
vt 0.00750 -0.20820
vt 0.00300 -0.19450
vt 0.02130 -0.21500
vt 0.00750 -0.20820
vt 0.08030 -0.20360
vt 0.34640 -0.49190
vt 0.34630 -0.46560
vt 0.32280 -0.46600
vt 0.32280 -0.49240
vt 0.27680 -0.46700
vt 0.27690 -0.49330
vt 0.24490 -0.46760
vt 0.24490 -0.49400
vt 0.01350 -0.83700
vt 0.02120 -0.82160
vt 0.01350 -0.82160
vt 0.01730 -0.83700
vt 0.02120 -0.83700
vt 0.01350 -0.85180
vt 0.02120 -0.85180
vt 0.01730 -0.87370
vt 0.02130 -0.87370
vt 0.01340 -0.87370
vt 0.02150 -0.89810
vt 0.01320 -0.89810
vt 0.36860 -0.47090
vt 0.35210 -0.47090
vt 0.36030 -0.48450
vt 0.37050 -0.44330
vt 0.35030 -0.44330
vt 0.36860 -0.47090
vt 0.35210 -0.47090
vt 0.36030 -0.48450
vt 0.37050 -0.44330
vt 0.35030 -0.44330
vt 0.35210 -0.47090
vt 0.36860 -0.47090
vt 0.36030 -0.48450
vt 0.35030 -0.44330
vt 0.37050 -0.44330
vt 0.36850 -0.47090
vt 0.35200 -0.47090
vt 0.35030 -0.44330
vt 0.37050 -0.44330
vt 0.35200 -0.47090
vt 0.36850 -0.47090
vt 0.37050 -0.44330
vt 0.35030 -0.44330
vt 0.35210 -0.47090
vt 0.36870 -0.47090
vt 0.37040 -0.44320
vt 0.35030 -0.44320
vt 0.35830 -0.55530
vt 0.36660 -0.53290
vt 0.37480 -0.55530
vt 0.35640 -0.60080
vt 0.37660 -0.60080
vt 0.35830 -0.55530
vt 0.36660 -0.53290
vt 0.37480 -0.55530
vt 0.35640 -0.60080
vt 0.37660 -0.60080
vt 0.37480 -0.55530
vt 0.36660 -0.53290
vt 0.35830 -0.55530
vt 0.37660 -0.60080
vt 0.35640 -0.60080
vt 0.35840 -0.55530
vt 0.35640 -0.60080
vt 0.37660 -0.60080
vt 0.37490 -0.55530
vt 0.37490 -0.55530
vt 0.37660 -0.60080
vt 0.35640 -0.60080
vt 0.35840 -0.55530
vt 0.37480 -0.55530
vt 0.37660 -0.60080
vt 0.35650 -0.60090
vt 0.35820 -0.55540
vt 0.86220 -0.07210
vt 0.86220 -0.06280
vt 0.85250 -0.06740
vt 0.88200 -0.07320
vt 0.88200 -0.06180
vt 0.86220 -0.07210
vt 0.86220 -0.06280
vt 0.85250 -0.06740
vt 0.88200 -0.07320
vt 0.88200 -0.06180
vt 0.86220 -0.06280
vt 0.86220 -0.07210
vt 0.85250 -0.06740
vt 0.88200 -0.06180
vt 0.88200 -0.07320
vt 0.86220 -0.07210
vt 0.86220 -0.06270
vt 0.88200 -0.06180
vt 0.88200 -0.07320
vt 0.86220 -0.06270
vt 0.86220 -0.07210
vt 0.88200 -0.07320
vt 0.88200 -0.06180
vt 0.86220 -0.06280
vt 0.86230 -0.07220
vt 0.88210 -0.07320
vt 0.88210 -0.06180
vt 0.65240 -0.93480
vt 0.65230 -0.91300
vt 0.61700 -0.93270
vt 0.65230 -0.90420
vt 0.61700 -0.90330
vt 0.65230 -0.89960
vt 0.24770 -0.88350
vt 0.24090 -0.87790
vt 0.20910 -0.87790
vt 0.24510 -0.87410
vt 0.24830 -0.85010
vt 0.20560 -0.88330
vt 0.25240 -0.85010
vt 0.19390 -0.85010
vt 0.18760 -0.85010
vt 0.25460 -0.80320
vt 0.25910 -0.80320
vt 0.16210 -0.80320
vt 0.16820 -0.80320
vt 0.26050 -0.79310
vt 0.24810 -0.79650
vt 0.17550 -0.79650
vt 0.15670 -0.79310
vt 0.20910 -0.87790
vt 0.24090 -0.87790
vt 0.24770 -0.88350
vt 0.24510 -0.87410
vt 0.24830 -0.85010
vt 0.20560 -0.88340
vt 0.25240 -0.85010
vt 0.19390 -0.85010
vt 0.18760 -0.85010
vt 0.25460 -0.80320
vt 0.25900 -0.80320
vt 0.16210 -0.80320
vt 0.16820 -0.80320
vt 0.26050 -0.79310
vt 0.24810 -0.79640
vt 0.17550 -0.79640
vt 0.15670 -0.79310
vt 0.58370 -0.82490
vt 0.58030 -0.82300
vt 0.58030 -0.82690
vt 0.58380 -0.82890
vt 0.57680 -0.82500
vt 0.58030 -0.83080
vt 0.57690 -0.82890
vt 0.58370 -0.82490
vt 0.58030 -0.82290
vt 0.58030 -0.82680
vt 0.58370 -0.82880
vt 0.57680 -0.82490
vt 0.58030 -0.83070
vt 0.57680 -0.82880
vt 0.58370 -0.82490
vt 0.58030 -0.82300
vt 0.58030 -0.82690
vt 0.58370 -0.82880
vt 0.57680 -0.82490
vt 0.58030 -0.83080
vt 0.57680 -0.82890
vt 0.58370 -0.82490
vt 0.58030 -0.82300
vt 0.58030 -0.82690
vt 0.58370 -0.82890
vt 0.57680 -0.82500
vt 0.58030 -0.83080
vt 0.57680 -0.82890
vt 0.58380 -0.82880
vt 0.58030 -0.82680
vt 0.58040 -0.83080
vt 0.58380 -0.82490
vt 0.57690 -0.82880
vt 0.58030 -0.82290
vt 0.57690 -0.82490
vt 0.58380 -0.82880
vt 0.58030 -0.82690
vt 0.58040 -0.83080
vt 0.58380 -0.82490
vt 0.57690 -0.82880
vt 0.58030 -0.82300
vt 0.57690 -0.82490
vt 0.58380 -0.82880
vt 0.58040 -0.82690
vt 0.58040 -0.83080
vt 0.58380 -0.82490
vt 0.57690 -0.82890
vt 0.58030 -0.82300
vt 0.57690 -0.82490
vt 0.58380 -0.82880
vt 0.58040 -0.82690
vt 0.58040 -0.83080
vt 0.58380 -0.82490
vt 0.57690 -0.82880
vt 0.58030 -0.82300
vt 0.57690 -0.82490
vt 0.58380 -0.82890
vt 0.58040 -0.82690
vt 0.58040 -0.83080
vt 0.58380 -0.82500
vt 0.57690 -0.82890
vt 0.58040 -0.82300
vt 0.57690 -0.82500
g vehicle#piasecki_h_21_3_0
usemtl 2b684d67-c690-4b3c-bf76-da0401ce3238
f 928/928 929/929 930/930
f 931/931 932/932 933/933
f 934/934 935/935 936/936
f 934/934 937/937 938/938
f 938/938 937/937 939/939
f 938/938 940/940 941/941
f 941/941 942/942 943/943
f 941/941 944/944 945/945
f 946/946 947/947 948/948
f 946/946 949/949 950/950
f 951/951 952/952 953/953
f 951/951 954/954 955/955
f 956/956 957/957 958/958
f 956/956 959/959 960/960
f 961/961 962/962 963/963
f 964/964 965/965 966/966
f 967/967 968/968 969/969
f 970/970 971/971 972/972
f 973/973 974/974 975/975
f 976/976 977/977 978/978
f 979/979 977/977 980/980
f 981/981 982/982 983/983
f 984/984 985/985 986/986
f 987/987 988/988 989/989
f 990/990 991/991 992/992
f 993/993 994/994 995/995
f 996/996 994/994 997/997
f 998/998 999/999 1000/1000
f 1001/1001 1002/1002 1003/1003
f 1004/1004 1005/1005 1006/1006
f 1007/1007 1008/1008 1009/1009
f 1010/1010 1011/1011 1012/1012
f 1013/1013 1011/1011 1014/1014
f 1015/1015 1016/1016 1017/1017
f 1018/1018 1019/1019 1020/1020
f 1021/1021 1022/1022 1023/1023
f 1024/1024 1025/1025 1026/1026
f 1027/1027 1028/1028 1029/1029
f 1030/1030 1031/1031 1029/1029
f 1032/1032 1033/1033 1034/1034
f 1035/1035 1036/1036 1037/1037
f 1038/1038 1039/1039 1040/1040
f 1041/1041 1042/1042 1043/1043
f 1044/1044 1045/1045 1046/1046
f 1047/1047 1048/1048 1049/1049
f 1050/1050 1051/1051 1052/1052
f 1053/1053 1051/1051 1054/1054
f 1053/1053 1055/1055 1051/1051
f 1056/1056 1057/1057 1055/1055
f 1058/1058 1055/1055 1059/1059
f 1058/1058 1060/1060 1055/1055
f 1061/1061 1060/1060 1058/1058
f 1062/1062 1055/1055 1060/1060
f 1063/1063 1060/1060 1061/1061
f 1062/1062 1060/1060 1064/1064
f 1063/1063 1065/1065 1060/1060
f 1064/1064 1060/1060 1065/1065
f 1066/1066 1065/1065 1063/1063
f 1064/1064 1065/1065 1067/1067
f 1066/1066 1068/1068 1065/1065
f 1067/1067 1065/1065 1068/1068
f 1067/1067 1068/1068 1069/1069
f 1070/1070 1071/1071 1068/1068
f 1070/1070 1068/1068 1072/1072
f 1072/1072 1068/1068 1073/1073
f 1074/1074 1073/1073 1068/1068
f 1072/1072 1073/1073 1075/1075
f 1076/1076 1073/1073 1074/1074
f 1075/1075 1073/1073 1077/1077
f 1076/1076 1077/1077 1073/1073
f 1075/1075 1077/1077 1078/1078
f 1077/1077 1076/1076 1079/1079
f 1080/1080 1081/1081 1082/1082
f 1083/1083 1081/1081 1084/1084
f 1083/1083 1084/1084 1085/1085
f 1086/1086 1087/1087 1088/1088
f 1089/1089 1090/1090 1091/1091
f 1092/1092 1093/1093 1089/1089
f 1092/1092 1094/1094 1093/1093
f 1095/1095 1096/1096 1097/1097
f 1095/1095 1098/1098 1099/1099
f 1100/1100 1098/1098 1095/1095
f 1100/1100 1101/1101 1098/1098
f 1102/1102 1101/1101 1100/1100
f 1102/1102 1103/1103 1101/1101
f 1104/1104 1103/1103 1102/1102
f 1104/1104 1105/1105 1103/1103
f 1106/1106 1099/1099 1107/1107
f 1106/1106 1107/1107 1108/1108
f 1109/1109 1110/1110 1111/1111
f 1112/1112 1111/1111 1113/1113
f 1114/1114 1115/1115 1116/1116
f 1117/1117 1115/1115 1118/1118
f 1117/1117 1118/1118 1119/1119
f 1120/1120 1121/1121 1122/1122
f 1123/1123 1121/1121 1124/1124
f 1123/1123 1125/1125 1121/1121
f 1126/1126 1125/1125 1127/1127
f 1126/1126 1128/1128 1125/1125
f 1129/1129 1128/1128 1126/1126
f 1129/1129 1130/1130 1128/1128
f 1131/1131 1130/1130 1129/1129
f 1131/1131 1132/1132 1130/1130
f 1133/1133 1128/1128 1134/1134
f 1135/1135 1134/1134 1128/1128
f 1136/1136 1134/1134 1135/1135
f 1133/1133 1134/1134 1137/1137
f 1136/1136 1138/1138 1134/1134
f 1138/1138 1137/1137 1134/1134
f 1138/1138 1139/1139 1137/1137
f 1139/1139 1138/1138 1140/1140
f 1139/1139 1140/1140 1141/1141
f 1139/1139 1141/1141 1142/1142
f 1143/1143 1141/1141 1140/1140
f 1143/1143 1140/1140 1144/1144
f 1144/1144 1140/1140 1138/1138
f 1144/1144 1138/1138 1145/1145
f 1146/1146 1147/1147 1148/1148
f 1148/1148 1149/1149 1150/1150
f 1151/1151 1150/1150 1152/1152
f 1153/1153 1154/1154 1155/1155
f 1156/1156 1157/1157 1158/1158
f 1159/1159 1160/1160 1161/1161
f 1162/1162 1163/1163 1164/1164
f 1162/1162 1165/1165 1166/1166
f 1167/1167 1162/1162 1166/1166
f 1168/1168 1162/1162 1167/1167
f 1168/1168 1169/1169 1162/1162
f 1169/1169 1170/1170 1162/1162
f 1171/1171 1168/1168 1167/1167
f 1172/1172 1171/1171 1167/1167
f 1171/1171 1173/1173 1168/1168
f 1167/1167 1166/1166 1174/1174
f 1172/1172 1167/1167 1174/1174
f 1175/1175 1169/1169 1168/1168
f 1173/1173 1175/1175 1168/1168
f 1174/1174 1166/1166 1176/1176
f 1175/1175 1176/1176 1169/1169
f 1174/1174 1176/1176 1175/1175
f 1166/1166 1177/1177 1176/1176
f 1176/1176 1178/1178 1169/1169
f 1179/1179 1174/1174 1175/1175
f 1179/1179 1172/1172 1174/1174
f 1173/1173 1179/1179 1175/1175
f 1166/1166 1180/1180 1181/1181
f 1176/1176 1182/1182 1183/1183
f 1169/1169 1184/1184 1185/1185
f 1186/1186 1172/1172 1187/1187
f 1188/1188 1173/1173 1189/1189
f 1188/1188 1190/1190 1191/1191
f 1190/1190 1192/1192 1193/1193
f 1194/1194 1193/1193 1195/1195
f 1196/1196 1194/1194 1197/1197
f 1196/1196 1198/1198 1172/1172
f 1196/1196 1199/1199 1198/1198
f 1200/1200 1196/1196 1172/1172
f 1200/1200 1201/1201 1196/1196
f 1197/1197 1202/1202 1173/1173
f 1197/1197 1191/1191 1202/1202
f 1202/1202 1203/1203 1173/1173
f 1202/1202 1204/1204 1203/1203
f 1202/1202 1191/1191 1205/1205
f 1202/1202 1205/1205 1200/1200
f 1200/1200 1205/1205 1206/1206
f 1196/1196 1207/1207 1208/1208
f 1209/1209 1210/1210 1208/1208
f 1211/1211 1212/1212 1210/1210
f 1213/1213 1214/1214 1212/1212
f 1213/1213 1212/1212 1215/1215
f 1216/1216 1217/1217 1218/1218
f 1216/1216 1219/1219 1220/1220
f 1221/1221 1216/1216 1220/1220
f 1222/1222 1216/1216 1221/1221
f 1222/1222 1223/1223 1216/1216
f 1223/1223 1224/1224 1216/1216
f 1225/1225 1222/1222 1221/1221
f 1226/1226 1225/1225 1221/1221
f 1225/1225 1227/1227 1222/1222
f 1221/1221 1220/1220 1228/1228
f 1226/1226 1221/1221 1228/1228
f 1229/1229 1223/1223 1222/1222
f 1227/1227 1229/1229 1222/1222
f 1228/1228 1220/1220 1230/1230
f 1229/1229 1230/1230 1223/1223
f 1228/1228 1230/1230 1229/1229
f 1220/1220 1231/1231 1230/1230
f 1230/1230 1232/1232 1223/1223
f 1233/1233 1228/1228 1229/1229
f 1233/1233 1226/1226 1228/1228
f 1227/1227 1233/1233 1229/1229
f 1220/1220 1234/1234 1235/1235
f 1230/1230 1236/1236 1237/1237
f 1223/1223 1238/1238 1239/1239
f 1240/1240 1226/1226 1241/1241
f 1242/1242 1227/1227 1243/1243
f 1242/1242 1244/1244 1245/1245
f 1244/1244 1246/1246 1247/1247
f 1248/1248 1247/1247 1249/1249
f 1250/1250 1248/1248 1251/1251
f 1250/1250 1252/1252 1226/1226
f 1250/1250 1253/1253 1252/1252
f 1254/1254 1250/1250 1226/1226
f 1254/1254 1255/1255 1250/1250
f 1251/1251 1256/1256 1227/1227
f 1251/1251 1245/1245 1256/1256
f 1256/1256 1257/1257 1227/1227
f 1256/1256 1258/1258 1257/1257
f 1256/1256 1245/1245 1259/1259
f 1256/1256 1259/1259 1254/1254
f 1254/1254 1259/1259 1260/1260
f 1250/1250 1261/1261 1262/1262
f 1263/1263 1264/1264 1262/1262
f 1265/1265 1266/1266 1264/1264
f 1267/1267 1268/1268 1266/1266
f 1267/1267 1266/1266 1269/1269
f 1270/1270 1271/1271 1272/1272
f 1273/1273 1274/1274 1275/1275
f 1276/1276 1277/1277 1278/1278
f 1279/1279 1280/1280 1281/1281
f 1282/1282 1283/1283 1284/1284
f 1285/1285 1286/1286 1287/1287
f 1288/1288 1289/1289 1290/1290
f 1291/1291 1292/1292 1293/1293
f 1294/1294 1295/1295 1296/1296
f 1297/1297 1298/1298 1299/1299
f 1300/1300 1301/1301 1302/1302
f 1303/1303 1304/1304 1305/1305
f 1306/1306 1307/1307 1308/1308
f 1309/1309 1310/1310 1311/1311
f 1312/1312 1313/1313 1314/1314
f 1315/1315 1316/1316 1317/1317
f 1318/1318 1319/1319 1320/1320
f 1321/1321 1322/1322 1323/1323
f 1324/1324 1325/1325 1326/1326
f 1327/1327 1328/1328 1329/1329
f 1330/1330 1331/1331 1332/1332
f 1333/1333 1334/1334 1335/1335
f 1336/1336 1337/1337 1338/1338
f 1339/1339 1340/1340 1341/1341
f 1342/1342 1343/1343 1344/1344
f 1345/1345 1346/1346 1347/1347
f 1348/1348 1349/1349 1350/1350
f 1351/1351 1352/1352 1353/1353
f 1354/1354 1355/1355 1356/1356
f 1357/1357 1358/1358 1359/1359
f 1360/1360 1361/1361 1362/1362
f 1363/1363 1364/1364 1365/1365
f 1366/1366 1367/1367 1368/1368
f 1369/1369 1370/1370 1371/1371
f 1372/1372 1373/1373 1374/1374
f 1375/1375 1376/1376 1377/1377
f 1378/1378 1379/1379 1380/1380
f 1381/1381 1382/1382 1383/1383
f 1384/1384 1385/1385 1386/1386
f 1387/1387 1388/1388 1389/1389
f 1390/1390 1391/1391 1392/1392
f 1393/1393 1392/1392 1394/1394
f 1394/1394 1395/1395 1393/1393
f 1392/1392 1396/1396 1394/1394
f 1396/1396 1397/1397 1394/1394
f 1396/1396 1398/1398 1397/1397
f 1398/1398 1399/1399 1397/1397
f 1399/1399 1400/1400 1397/1397
f 1399/1399 1401/1401 1400/1400
f 1401/1401 1402/1402 1400/1400
f 1403/1403 1400/1400 1402/1402
f 1401/1401 1404/1404 1402/1402
f 1401/1401 1405/1405 1404/1404
f 1402/1402 1406/1406 1403/1403
f 1406/1406 1407/1407 1403/1403
f 1408/1408 1409/1409 1410/1410
f 1409/1409 1411/1411 1412/1412
f 1413/1413 1411/1411 1409/1409
f 1413/1413 1409/1409 1414/1414
f 1415/1415 1413/1413 1414/1414
f 1415/1415 1414/1414 1416/1416
f 1416/1416 1414/1414 1417/1417
f 1417/1417 1418/1418 1416/1416
f 1418/1418 1417/1417 1419/1419
f 1419/1419 1417/1417 1420/1420
f 1419/1419 1420/1420 1421/1421
f 1421/1421 1420/1420 1422/1422
f 1421/1421 1422/1422 1423/1423
f 1423/1423 1422/1422 1424/1424
f 1425/1425 1424/1424 1422/1422
f 1416/1416 1426/1426 1415/1415
f 1425/1425 1422/1422 1427/1427
f 1426/1426 1428/1428 1415/1415
f 1428/1428 1426/1426 1429/1429
f 1428/1428 1429/1429 1430/1430
f 1430/1430 1429/1429 1431/1431
f 1430/1430 1431/1431 1432/1432
f 1433/1433 1432/1432 1431/1431
f 1433/1433 1434/1434 1432/1432
f 1435/1435 1434/1434 1433/1433
f 1435/1435 1436/1436 1434/1434
f 1437/1437 1436/1436 1435/1435
f 1437/1437 1435/1435 1425/1425
f 1425/1425 1427/1427 1437/1437
f 1438/1438 1437/1437 1427/1427
f 1438/1438 1427/1427 1439/1439
f 1439/1439 1440/1440 1438/1438
f 1438/1438 1441/1441 1437/1437
f 1438/1438 1442/1442 1441/1441
f 1443/1443 1441/1441 1442/1442
f 1443/1443 1444/1444 1441/1441
f 1444/1444 1443/1443 1445/1445
f 1444/1444 1445/1445 1446/1446
f 1447/1447 1446/1446 1445/1445
f 1447/1447 1448/1448 1446/1446
f 1449/1449 1448/1448 1447/1447
f 1449/1449 1450/1450 1448/1448
f 1438/1438 1440/1440 1451/1451
f 1452/1452 1438/1438 1451/1451
f 1451/1451 1440/1440 1453/1453
f 1450/1450 1449/1449 1454/1454
f 1449/1449 1455/1455 1454/1454
f 1454/1454 1455/1455 1456/1456
f 1450/1450 1454/1454 1413/1413
f 1456/1456 1413/1413 1454/1454
f 1413/1413 1415/1415 1450/1450
f 1456/1456 1457/1457 1413/1413
f 1458/1458 1457/1457 1456/1456
f 1457/1457 1459/1459 1413/1413
f 1458/1458 1460/1460 1457/1457
f 1461/1461 1413/1413 1459/1459
f 1460/1460 1458/1458 1462/1462
f 1460/1460 1462/1462 1463/1463
f 1464/1464 1463/1463 1462/1462
f 1464/1464 1465/1465 1463/1463
f 1452/1452 1465/1465 1464/1464
f 1452/1452 1466/1466 1465/1465
f 1461/1461 1467/1467 1413/1413
f 1451/1451 1466/1466 1452/1452
f 1468/1468 1467/1467 1461/1461
f 1467/1467 1468/1468 1469/1469
f 1467/1467 1469/1469 1470/1470
f 1467/1467 1470/1470 1471/1471
f 1471/1471 1470/1470 1472/1472
f 1473/1473 1471/1471 1472/1472
f 1473/1473 1451/1451 1471/1471
f 1451/1451 1473/1473 1466/1466
f 1474/1474 1451/1451 1453/1453
f 1474/1474 1453/1453 1475/1475
f 1476/1476 1474/1474 1475/1475
f 1476/1476 1475/1475 1477/1477
f 1475/1475 1453/1453 1478/1478
f 1479/1479 1478/1478 1453/1453
f 1480/1480 1478/1478 1479/1479
f 1481/1481 1478/1478 1480/1480
f 1481/1481 1482/1482 1478/1478
f 1482/1482 1481/1481 1483/1483
f 1484/1484 1482/1482 1483/1483
f 1482/1482 1484/1484 1485/1485
f 1482/1482 1485/1485 1486/1486
f 1485/1485 1487/1487 1486/1486
f 1485/1485 1488/1488 1487/1487
f 1489/1489 1487/1487 1488/1488
f 1487/1487 1489/1489 1490/1490
f 1487/1487 1490/1490 1491/1491
f 1492/1492 1493/1493 1490/1490
f 1494/1494 1495/1495 1496/1496
f 1497/1497 1498/1498 1499/1499
f 1500/1500 1501/1501 1502/1502
f 1503/1503 1504/1504 1505/1505
f 1506/1506 1507/1507 1508/1508
f 1509/1509 1510/1510 1511/1511
f 1512/1512 1513/1513 1514/1514
f 1515/1515 1516/1516 1517/1517
f 1518/1518 1519/1519 1520/1520
f 1521/1521 1522/1522 1523/1523
f 1524/1524 1525/1525 1526/1526
f 1527/1527 1528/1528 1529/1529
f 1529/1529 1530/1530 1531/1531
f 1530/1530 1532/1532 1533/1533
f 1534/1534 1529/1529 1535/1535
f 1534/1534 1535/1535 1536/1536
f 1534/1534 1536/1536 1537/1537
f 1535/1535 1538/1538 1536/1536
f 1539/1539 1534/1534 1537/1537
f 1539/1539 1540/1540 1534/1534
f 1539/1539 1537/1537 1541/1541
f 1535/1535 1542/1542 1538/1538
f 1542/1542 1541/1541 1538/1538
f 1542/1542 1539/1539 1541/1541
f 1535/1535 1543/1543 1542/1542
f 1542/1542 1544/1544 1539/1539
f 1545/1545 1546/1546 1543/1543
f 1543/1543 1546/1546 1547/1547
f 1548/1548 1549/1549 1544/1544
f 1544/1544 1549/1549 1550/1550
f 1551/1551 1552/1552 1553/1553
f 1554/1554 1555/1555 1556/1556
f 1556/1556 1557/1557 1558/1558
f 1558/1558 1557/1557 1559/1559
f 1559/1559 1557/1557 1560/1560
f 1560/1560 1561/1561 1562/1562
f 1562/1562 1563/1563 1564/1564
f 1565/1565 1566/1566 1567/1567
f 1566/1566 1568/1568 1569/1569
f 1568/1568 1570/1570 1569/1569
f 1570/1570 1571/1571 1569/1569
f 1571/1571 1572/1572 1573/1573
f 1572/1572 1574/1574 1575/1575
f 1576/1576 1577/1577 1578/1578
f 1576/1576 1579/1579 1580/1580
f 1579/1579 1581/1581 1580/1580
f 1581/1581 1582/1582 1580/1580
f 1583/1583 1584/1584 1585/1585
f 1586/1586 1587/1587 1588/1588
f 1589/1589 1590/1590 1591/1591
f 1592/1592 1593/1593 1594/1594
f 1595/1595 1596/1596 1597/1597
f 1598/1598 1599/1599 1600/1600
f 1601/1601 1602/1602 1603/1603
f 1604/1604 1605/1605 1606/1606
f 1607/1607 1608/1608 1609/1609
f 1610/1610 1611/1611 1612/1612
f 1613/1613 1614/1614 1615/1615
f 1616/1616 1617/1617 1618/1618
f 1619/1619 1620/1620 1621/1621
f 1622/1622 1623/1623 1624/1624
f 1625/1625 1626/1626 1627/1627
f 1628/1628 1629/1629 1630/1630
f 1631/1631 1632/1632 1633/1633
f 1634/1634 1635/1635 1636/1636
f 1637/1637 1638/1638 1639/1639
f 1637/1637 1640/1640 1638/1638
f 1641/1641 1640/1640 1637/1637
f 1640/1640 1642/1642 1638/1638
f 1641/1641 1643/1643 1640/1640
f 1644/1644 1643/1643 1641/1641
f 1640/1640 1645/1645 1642/1642
f 1643/1643 1645/1645 1640/1640
f 1645/1645 1646/1646 1642/1642
f 1644/1644 1647/1647 1643/1643
f 1647/1647 1648/1648 1643/1643
f 1643/1643 1648/1648 1645/1645
f 1647/1647 1649/1649 1648/1648
f 1645/1645 1650/1650 1646/1646
f 1648/1648 1650/1650 1645/1645
f 1650/1650 1651/1651 1646/1646
f 1649/1649 1652/1652 1648/1648
f 1648/1648 1652/1652 1650/1650
f 1649/1649 1653/1653 1652/1652
f 1653/1653 1654/1654 1652/1652
f 1650/1650 1655/1655 1651/1651
f 1652/1652 1655/1655 1650/1650
f 1652/1652 1654/1654 1655/1655
f 1655/1655 1656/1656 1651/1651
f 1655/1655 1657/1657 1656/1656
f 1657/1657 1658/1658 1656/1656
f 1659/1659 1655/1655 1654/1654
f 1659/1659 1657/1657 1655/1655
f 1660/1660 1659/1659 1654/1654
f 1659/1659 1661/1661 1657/1657
f 1662/1662 1657/1657 1661/1661
f 1657/1657 1662/1662 1663/1663
f 1663/1663 1664/1664 1657/1657
f 1657/1657 1664/1664 1658/1658
f 1664/1664 1665/1665 1658/1658
f 1666/1666 1667/1667 1668/1668
f 1666/1666 1668/1668 1669/1669
f 1670/1670 1671/1671 1672/1672
f 1670/1670 1672/1672 1673/1673
f 1673/1673 1672/1672 1674/1674
f 1672/1672 1675/1675 1674/1674
f 1674/1674 1675/1675 1676/1676
f 1677/1677 1670/1670 1673/1673
f 1670/1670 1677/1677 1678/1678
f 1677/1677 1673/1673 1679/1679
f 1680/1680 1679/1679 1673/1673
f 1673/1673 1674/1674 1680/1680
f 1674/1674 1676/1676 1681/1681
f 1682/1682 1674/1674 1681/1681
f 1683/1683 1682/1682 1681/1681
f 1684/1684 1674/1674 1682/1682
f 1681/1681 1685/1685 1683/1683
f 1684/1684 1686/1686 1674/1674
f 1674/1674 1686/1686 1680/1680
f 1681/1681 1687/1687 1685/1685
f 1687/1687 1688/1688 1685/1685
f 1687/1687 1681/1681 1689/1689
f 1689/1689 1681/1681 1676/1676
f 1687/1687 1690/1690 1688/1688
f 1689/1689 1676/1676 1691/1691
f 1691/1691 1676/1676 1692/1692
f 1693/1693 1688/1688 1690/1690
f 1692/1692 1676/1676 1694/1694
f 1695/1695 1692/1692 1694/1694
f 1696/1696 1693/1693 1690/1690
f 1695/1695 1694/1694 1697/1697
f 1697/1697 1698/1698 1695/1695
f 1696/1696 1698/1698 1699/1699
f 1700/1700 1697/1697 1694/1694
f 1699/1699 1701/1701 1696/1696
f 1693/1693 1696/1696 1701/1701
f 1702/1702 1693/1693 1701/1701
f 1693/1693 1702/1702 1703/1703
f 1693/1693 1703/1703 1704/1704
f 1704/1704 1703/1703 1705/1705
f 1704/1704 1705/1705 1706/1706
f 1707/1707 1704/1704 1706/1706
f 1698/1698 1708/1708 1699/1699
f 1707/1707 1709/1709 1704/1704
f 1709/1709 1707/1707 1710/1710
f 1710/1710 1711/1711 1709/1709
f 1710/1710 1712/1712 1711/1711
f 1713/1713 1712/1712 1710/1710
f 1704/1704 1709/1709 1714/1714
f 1713/1713 1715/1715 1712/1712
f 1716/1716 1715/1715 1713/1713
f 1716/1716 1717/1717 1715/1715
f 1718/1718 1717/1717 1716/1716
f 1718/1718 1719/1719 1717/1717
f 1708/1708 1719/1719 1718/1718
f 1708/1708 1720/1720 1719/1719
f 1712/1712 1721/1721 1711/1711
f 1698/1698 1720/1720 1708/1708
f 1698/1698 1722/1722 1720/1720
f 1711/1711 1721/1721 1723/1723
f 1698/1698 1724/1724 1722/1722
f 1698/1698 1725/1725 1724/1724
f 1726/1726 1724/1724 1725/1725
f 1726/1726 1727/1727 1724/1724
f 1728/1728 1727/1727 1726/1726
f 1728/1728 1729/1729 1727/1727
f 1730/1730 1729/1729 1728/1728
f 1730/1730 1731/1731 1729/1729
f 1698/1698 1732/1732 1725/1725
f 1698/1698 1697/1697 1732/1732
f 1733/1733 1731/1731 1730/1730
f 1733/1733 1723/1723 1731/1731
f 1732/1732 1697/1697 1700/1700
f 1700/1700 1734/1734 1732/1732
f 1723/1723 1733/1733 1735/1735
f 1733/1733 1736/1736 1735/1735
f 1723/1723 1735/1735 1711/1711
f 1735/1735 1736/1736 1737/1737
f 1700/1700 1738/1738 1734/1734
f 1700/1700 1739/1739 1738/1738
f 1734/1734 1738/1738 1740/1740
f 1734/1734 1740/1740 1741/1741
f 1741/1741 1740/1740 1742/1742
f 1741/1741 1742/1742 1743/1743
f 1743/1743 1742/1742 1744/1744
f 1743/1743 1744/1744 1745/1745
f 1739/1739 1700/1700 1746/1746
f 1745/1745 1744/1744 1747/1747
f 1745/1745 1747/1747 1737/1737
f 1739/1739 1746/1746 1748/1748
f 1748/1748 1746/1746 1749/1749
f 1749/1749 1746/1746 1750/1750
f 1750/1750 1746/1746 1751/1751
f 1750/1750 1751/1751 1752/1752
f 1752/1752 1751/1751 1753/1753
f 1753/1753 1751/1751 1754/1754
f 1737/1737 1747/1747 1754/1754
f 1753/1753 1754/1754 1755/1755
f 1747/1747 1755/1755 1754/1754
f 1737/1737 1754/1754 1735/1735
f 1735/1735 1754/1754 1756/1756
f 1711/1711 1735/1735 1756/1756
f 1711/1711 1756/1756 1757/1757
f 1758/1758 1757/1757 1756/1756
f 1758/1758 1756/1756 1759/1759
f 1757/1757 1760/1760 1711/1711
f 1709/1709 1711/1711 1760/1760
f 1714/1714 1709/1709 1760/1760
f 1761/1761 1714/1714 1760/1760
f 1714/1714 1761/1761 1762/1762
f 1761/1761 1763/1763 1762/1762
f 1763/1763 1764/1764 1762/1762
f 1763/1763 1765/1765 1764/1764
f 1761/1761 1760/1760 1766/1766
f 1767/1767 1766/1766 1760/1760
f 1767/1767 1768/1768 1766/1766
f 1768/1768 1767/1767 1769/1769
f 1768/1768 1769/1769 1766/1766
f 1770/1770 1759/1759 1771/1771
f 1771/1771 1759/1759 1772/1772
f 1771/1771 1773/1773 1770/1770
f 1774/1774 1771/1771 1772/1772
f 1775/1775 1774/1774 1772/1772
f 1776/1776 1774/1774 1775/1775
f 1771/1771 1774/1774 1776/1776
f 1773/1773 1771/1771 1776/1776
f 1773/1773 1776/1776 1777/1777
f 1778/1778 1773/1773 1777/1777
f 1778/1778 1779/1779 1773/1773
f 1779/1779 1778/1778 1780/1780
f 1780/1780 1781/1781 1779/1779
f 1782/1782 1779/1779 1781/1781
f 1783/1783 1784/1784 1785/1785
f 1784/1784 1786/1786 1785/1785
f 1784/1784 1787/1787 1786/1786
f 1786/1786 1787/1787 1788/1788
f 1786/1786 1788/1788 1789/1789
f 1789/1789 1788/1788 1790/1790
f 1789/1789 1790/1790 1791/1791
f 1792/1792 1793/1793 1794/1794
f 1795/1795 1793/1793 1792/1792
f 1795/1795 1796/1796 1793/1793
f 1796/1796 1795/1795 1797/1797
f 1798/1798 1796/1796 1797/1797
f 1799/1799 1796/1796 1798/1798
f 1798/1798 1800/1800 1799/1799
f 1800/1800 1801/1801 1799/1799
f 1800/1800 1798/1798 1802/1802
f 1800/1800 1803/1803 1801/1801
f 1803/1803 1804/1804 1801/1801
f 1805/1805 1802/1802 1798/1798
f 1804/1804 1803/1803 1806/1806
f 1804/1804 1806/1806 1807/1807
f 1803/1803 1808/1808 1806/1806
f 1807/1807 1806/1806 1809/1809
f 1806/1806 1808/1808 1810/1810
f 1806/1806 1810/1810 1809/1809
f 1809/1809 1810/1810 1811/1811
f 1808/1808 1812/1812 1810/1810
f 1810/1810 1812/1812 1811/1811
f 1809/1809 1811/1811 1813/1813
f 1813/1813 1811/1811 1814/1814
f 1812/1812 1805/1805 1815/1815
f 1812/1812 1815/1815 1811/1811
f 1805/1805 1798/1798 1816/1816
f 1805/1805 1816/1816 1815/1815
f 1798/1798 1797/1797 1816/1816
f 1816/1816 1797/1797 1817/1817
f 1795/1795 1817/1817 1797/1797
f 1815/1815 1816/1816 1818/1818
f 1816/1816 1817/1817 1818/1818
f 1795/1795 1819/1819 1817/1817
f 1819/1819 1795/1795 1792/1792
f 1811/1811 1820/1820 1814/1814
f 1811/1811 1815/1815 1821/1821
f 1811/1811 1821/1821 1820/1820
f 1814/1814 1820/1820 1822/1822
f 1814/1814 1822/1822 1823/1823
f 1823/1823 1822/1822 1824/1824
f 1815/1815 1818/1818 1825/1825
f 1815/1815 1825/1825 1821/1821
f 1820/1820 1821/1821 1826/1826
f 1820/1820 1826/1826 1822/1822
f 1821/1821 1825/1825 1827/1827
f 1821/1821 1827/1827 1826/1826
f 1817/1817 1819/1819 1828/1828
f 1819/1819 1792/1792 1829/1829
f 1819/1819 1829/1829 1828/1828
f 1828/1828 1829/1829 1830/1830
f 1818/1818 1817/1817 1831/1831
f 1817/1817 1828/1828 1831/1831
f 1818/1818 1832/1832 1825/1825
f 1818/1818 1831/1831 1832/1832
f 1831/1831 1828/1828 1833/1833
f 1831/1831 1833/1833 1832/1832
f 1832/1832 1833/1833 1834/1834
f 1833/1833 1835/1835 1834/1834
f 1833/1833 1828/1828 1835/1835
f 1830/1830 1835/1835 1828/1828
f 1825/1825 1832/1832 1836/1836
f 1825/1825 1836/1836 1827/1827
f 1829/1829 1792/1792 1837/1837
f 1792/1792 1838/1838 1837/1837
f 1832/1832 1834/1834 1839/1839
f 1832/1832 1839/1839 1836/1836
f 1835/1835 1830/1830 1840/1840
f 1835/1835 1840/1840 1834/1834
f 1841/1841 1840/1840 1830/1830
f 1840/1840 1841/1841 1834/1834
f 1830/1830 1829/1829 1842/1842
f 1829/1829 1837/1837 1843/1843
f 1829/1829 1843/1843 1842/1842
f 1841/1841 1830/1830 1844/1844
f 1845/1845 1834/1834 1841/1841
f 1844/1844 1845/1845 1841/1841
f 1830/1830 1846/1846 1844/1844
f 1846/1846 1830/1830 1842/1842
f 1844/1844 1846/1846 1847/1847
f 1845/1845 1844/1844 1847/1847
f 1848/1848 1847/1847 1846/1846
f 1848/1848 1846/1846 1842/1842
f 1842/1842 1843/1843 1849/1849
f 1849/1849 1848/1848 1842/1842
f 1847/1847 1848/1848 1850/1850
f 1848/1848 1851/1851 1850/1850
f 1848/1848 1852/1852 1851/1851
f 1852/1852 1848/1848 1849/1849
f 1853/1853 1852/1852 1849/1849
f 1843/1843 1853/1853 1849/1849
f 1843/1843 1854/1854 1853/1853
f 1837/1837 1854/1854 1843/1843
f 1837/1837 1855/1855 1854/1854
f 1837/1837 1856/1856 1855/1855
f 1845/1845 1847/1847 1857/1857
f 1858/1858 1845/1845 1857/1857
f 1845/1845 1858/1858 1834/1834
f 1859/1859 1858/1858 1857/1857
f 1858/1858 1859/1859 1834/1834
f 1839/1839 1834/1834 1859/1859
f 1839/1839 1859/1859 1860/1860
f 1861/1861 1839/1839 1860/1860
f 1839/1839 1861/1861 1862/1862
f 1863/1863 1862/1862 1861/1861
f 1836/1836 1839/1839 1862/1862
f 1862/1862 1863/1863 1864/1864
f 1865/1865 1864/1864 1863/1863
f 1836/1836 1862/1862 1866/1866
f 1866/1866 1862/1862 1864/1864
f 1864/1864 1865/1865 1867/1867
f 1868/1868 1867/1867 1865/1865
f 1867/1867 1868/1868 1869/1869
f 1870/1870 1869/1869 1868/1868
f 1871/1871 1867/1867 1869/1869
f 1872/1872 1864/1864 1867/1867
f 1872/1872 1867/1867 1871/1871
f 1866/1866 1864/1864 1872/1872
f 1873/1873 1872/1872 1871/1871
f 1874/1874 1873/1873 1871/1871
f 1875/1875 1872/1872 1873/1873
f 1872/1872 1875/1875 1876/1876
f 1876/1876 1866/1866 1872/1872
f 1877/1877 1866/1866 1876/1876
f 1877/1877 1878/1878 1866/1866
f 1878/1878 1836/1836 1866/1866
f 1878/1878 1827/1827 1836/1836
f 1879/1879 1827/1827 1878/1878
f 1827/1827 1879/1879 1880/1880
f 1879/1879 1881/1881 1880/1880
f 1880/1880 1826/1826 1827/1827
f 1882/1882 1880/1880 1881/1881
f 1826/1826 1880/1880 1883/1883
f 1822/1822 1826/1826 1883/1883
f 1882/1882 1884/1884 1880/1880
f 1883/1883 1880/1880 1884/1884
f 1884/1884 1882/1882 1885/1885
f 1884/1884 1885/1885 1886/1886
f 1886/1886 1887/1887 1884/1884
f 1887/1887 1886/1886 1888/1888
f 1889/1889 1884/1884 1887/1887
f 1883/1883 1884/1884 1889/1889
f 1822/1822 1883/1883 1890/1890
f 1890/1890 1883/1883 1889/1889
f 1890/1890 1889/1889 1891/1891
f 1822/1822 1890/1890 1824/1824
f 1892/1892 1890/1890 1891/1891
f 1824/1824 1890/1890 1892/1892
f 1824/1824 1892/1892 1644/1644
f 1893/1893 1894/1894 1895/1895
f 1894/1894 1896/1896 1895/1895
f 1894/1894 1897/1897 1896/1896
f 1897/1897 1898/1898 1896/1896
f 1897/1897 1899/1899 1898/1898
f 1899/1899 1900/1900 1898/1898
f 1897/1897 1901/1901 1899/1899
f 1901/1901 1900/1900 1899/1899
f 1901/1901 1902/1902 1900/1900
f 1901/1901 1903/1903 1902/1902
f 1904/1904 1905/1905 1906/1906
f 1907/1907 1904/1904 1906/1906
f 1907/1907 1906/1906 1908/1908
f 1908/1908 1909/1909 1907/1907
f 1910/1910 1909/1909 1908/1908
f 1911/1911 1910/1910 1908/1908
f 1910/1910 1911/1911 1912/1912
f 1912/1912 1911/1911 1913/1913
f 1912/1912 1914/1914 1910/1910
f 1912/1912 1913/1913 1915/1915
f 1915/1915 1913/1913 1916/1916
f 1917/1917 1910/1910 1914/1914
f 1916/1916 1918/1918 1915/1915
f 1919/1919 1918/1918 1916/1916
f 1915/1915 1918/1918 1920/1920
f 1921/1921 1918/1918 1919/1919
f 1918/1918 1922/1922 1920/1920
f 1921/1921 1922/1922 1918/1918
f 1923/1923 1922/1922 1921/1921
f 1920/1920 1922/1922 1924/1924
f 1922/1922 1923/1923 1924/1924
f 1924/1924 1925/1925 1917/1917
f 1924/1924 1923/1923 1925/1925
f 1926/1926 1923/1923 1921/1921
f 1927/1927 1923/1923 1926/1926
f 1928/1928 1923/1923 1927/1927
f 1917/1917 1929/1929 1910/1910
f 1917/1917 1925/1925 1929/1929
f 1910/1910 1929/1929 1909/1909
f 1928/1928 1930/1930 1923/1923
f 1930/1930 1925/1925 1923/1923
f 1931/1931 1930/1930 1928/1928
f 1932/1932 1931/1931 1928/1928
f 1932/1932 1933/1933 1931/1931
f 1933/1933 1934/1934 1931/1931
f 1929/1929 1935/1935 1909/1909
f 1907/1907 1909/1909 1935/1935
f 1930/1930 1936/1936 1925/1925
f 1931/1931 1936/1936 1930/1930
f 1925/1925 1937/1937 1929/1929
f 1929/1929 1937/1937 1935/1935
f 1907/1907 1935/1935 1938/1938
f 1938/1938 1904/1904 1907/1907
f 1925/1925 1936/1936 1939/1939
f 1925/1925 1939/1939 1937/1937
f 1934/1934 1940/1940 1931/1931
f 1931/1931 1941/1941 1936/1936
f 1940/1940 1941/1941 1931/1931
f 1942/1942 1940/1940 1934/1934
f 1943/1943 1942/1942 1934/1934
f 1942/1942 1944/1944 1940/1940
f 1944/1944 1945/1945 1940/1940
f 1940/1940 1945/1945 1941/1941
f 1944/1944 1946/1946 1945/1945
f 1936/1936 1941/1941 1947/1947
f 1936/1936 1947/1947 1939/1939
f 1945/1945 1946/1946 1948/1948
f 1946/1946 1949/1949 1948/1948
f 1950/1950 1941/1941 1945/1945
f 1941/1941 1950/1950 1947/1947
f 1945/1945 1948/1948 1950/1950
f 1951/1951 1948/1948 1949/1949
f 1951/1951 1949/1949 1952/1952
f 1953/1953 1948/1948 1951/1951
f 1948/1948 1953/1953 1954/1954
f 1954/1954 1950/1950 1948/1948
f 1954/1954 1955/1955 1950/1950
f 1956/1956 1950/1950 1955/1955
f 1947/1947 1950/1950 1956/1956
f 1956/1956 1957/1957 1947/1947
f 1939/1939 1947/1947 1958/1958
f 1957/1957 1958/1958 1947/1947
f 1939/1939 1958/1958 1959/1959
f 1937/1937 1939/1939 1959/1959
f 1957/1957 1960/1960 1958/1958
f 1961/1961 1960/1960 1957/1957
f 1961/1961 1962/1962 1960/1960
f 1937/1937 1959/1959 1963/1963
f 1937/1937 1963/1963 1935/1935
f 1935/1935 1963/1963 1964/1964
f 1935/1935 1964/1964 1938/1938
f 1962/1962 1965/1965 1960/1960
f 1966/1966 1965/1965 1962/1962
f 1965/1965 1966/1966 1967/1967
f 1963/1963 1959/1959 1968/1968
f 1963/1963 1968/1968 1964/1964
f 1959/1959 1969/1969 1968/1968
f 1959/1959 1970/1970 1969/1969
f 1959/1959 1958/1958 1970/1970
f 1958/1958 1960/1960 1971/1971
f 1958/1958 1971/1971 1970/1970
f 1938/1938 1964/1964 1972/1972
f 1964/1964 1973/1973 1972/1972
f 1938/1938 1972/1972 1904/1904
f 1968/1968 1974/1974 1964/1964
f 1968/1968 1969/1969 1974/1974
f 1973/1973 1964/1964 1974/1974
f 1960/1960 1975/1975 1971/1971
f 1960/1960 1965/1965 1975/1975
f 1972/1972 1976/1976 1904/1904
f 1976/1976 1977/1977 1904/1904
f 1974/1974 1969/1969 1978/1978
f 1974/1974 1978/1978 1973/1973
f 1978/1978 1969/1969 1979/1979
f 1979/1979 1973/1973 1978/1978
f 1971/1971 1975/1975 1980/1980
f 1980/1980 1981/1981 1971/1971
f 1970/1970 1971/1971 1981/1981
f 1981/1981 1982/1982 1970/1970
f 1970/1970 1982/1982 1983/1983
f 1970/1970 1983/1983 1969/1969
f 1984/1984 1980/1980 1975/1975
f 1975/1975 1985/1985 1984/1984
f 1965/1965 1985/1985 1975/1975
f 1986/1986 1984/1984 1985/1985
f 1985/1985 1987/1987 1986/1986
f 1870/1870 1986/1986 1987/1987
f 1988/1988 1987/1987 1985/1985
f 1965/1965 1988/1988 1985/1985
f 1967/1967 1988/1988 1965/1965
f 1989/1989 1988/1988 1967/1967
f 1990/1990 1969/1969 1983/1983
f 1983/1983 1991/1991 1990/1990
f 1992/1992 1969/1969 1990/1990
f 1990/1990 1991/1991 1992/1992
f 1992/1992 1979/1979 1969/1969
f 1992/1992 1991/1991 1847/1847
f 1993/1993 1979/1979 1992/1992
f 1992/1992 1847/1847 1993/1993
f 1979/1979 1993/1993 1973/1973
f 1993/1993 1847/1847 1994/1994
f 1973/1973 1993/1993 1994/1994
f 1995/1995 1994/1994 1847/1847
f 1847/1847 1996/1996 1995/1995
f 1995/1995 1996/1996 1997/1997
f 1995/1995 1997/1997 1998/1998
f 1994/1994 1999/1999 1973/1973
f 1995/1995 1999/1999 1994/1994
f 1973/1973 1999/1999 1972/1972
f 1998/1998 2000/2000 1995/1995
f 2000/2000 1999/1999 1995/1995
f 1998/1998 2001/2001 2000/2000
f 1972/1972 1999/1999 2002/2002
f 2002/2002 1999/1999 2000/2000
f 2002/2002 2000/2000 2001/2001
f 2002/2002 2001/2001 2003/2003
f 1972/1972 2002/2002 1976/1976
f 2003/2003 1976/1976 2002/2002
f 1976/1976 2003/2003 2004/2004
f 1976/1976 2004/2004 2005/2005
f 2006/2006 2007/2007 2008/2008
f 2008/2008 2007/2007 2009/2009
f 2008/2008 2009/2009 2010/2010
f 2010/2010 2009/2009 2011/2011
f 2010/2010 2011/2011 2012/2012
f 2012/2012 2011/2011 2013/2013
f 2010/2010 2012/2012 2014/2014
f 2014/2014 2012/2012 2013/2013
f 2014/2014 2013/2013 2015/2015
f 2015/2015 2016/2016 2014/2014
f 2017/2017 2018/2018 2019/2019
f 2020/2020 2018/2018 2017/2017
f 2021/2021 2020/2020 2017/2017
f 2020/2020 2021/2021 2022/2022
f 2022/2022 2023/2023 2020/2020
f 2020/2020 2024/2024 2018/2018
f 2025/2025 2020/2020 2023/2023
f 2026/2026 2024/2024 2020/2020
f 2025/2025 2026/2026 2020/2020
f 2026/2026 2027/2027 2024/2024
f 2025/2025 2028/2028 2026/2026
f 2029/2029 2028/2028 2025/2025
f 2030/2030 2027/2027 2026/2026
f 2030/2030 2031/2031 2027/2027
f 2032/2032 2031/2031 2030/2030
f 2033/2033 2026/2026 2028/2028
f 2033/2033 2030/2030 2026/2026
f 2034/2034 2033/2033 2028/2028
f 2032/2032 2030/2030 2035/2035
f 2035/2035 2030/2030 2033/2033
f 2036/2036 2032/2032 2035/2035
f 2037/2037 2033/2033 2034/2034
f 2035/2035 2033/2033 2037/2037
f 2037/2037 2034/2034 2038/2038
f 2036/2036 2035/2035 2039/2039
f 2039/2039 2035/2035 2037/2037
f 2040/2040 2036/2036 2039/2039
f 2040/2040 2039/2039 2041/2041
f 2042/2042 2037/2037 2038/2038
f 2039/2039 2037/2037 2042/2042
f 2041/2041 2039/2039 2042/2042
f 2042/2042 2038/2038 2043/2043
f 2041/2041 2042/2042 2044/2044
f 2044/2044 2042/2042 2043/2043
f 2044/2044 2043/2043 1943/1943
f 2045/2045 2046/2046 2047/2047
f 2045/2045 2047/2047 2048/2048
f 2045/2045 2048/2048 2049/2049
f 2050/2050 2045/2045 2049/2049
f 2045/2045 2050/2050 2051/2051
f 2045/2045 2051/2051 2052/2052
f 2053/2053 2054/2054 2055/2055
f 2053/2053 2056/2056 2054/2054
f 2053/2053 2057/2057 2056/2056
f 2053/2053 2058/2058 2057/2057
f 2053/2053 2059/2059 2058/2058
f 2053/2053 2060/2060 2059/2059
f 2061/2061 2062/2062 2063/2063
f 2061/2061 2063/2063 2064/2064
f 2065/2065 2061/2061 2064/2064
f 2065/2065 2064/2064 2066/2066
f 2067/2067 2065/2065 2066/2066
f 2067/2067 2066/2066 2068/2068
f 2069/2069 2070/2070 2071/2071
f 2069/2069 2072/2072 2070/2070
f 2072/2072 2073/2073 2070/2070
f 2072/2072 2074/2074 2073/2073
f 2073/2073 2074/2074 2075/2075
f 2076/2076 2073/2073 2075/2075
f 2075/2075 2077/2077 2076/2076
f 2077/2077 2078/2078 2076/2076
f 2077/2077 2079/2079 2078/2078
f 2080/2080 2081/2081 2082/2082
f 2080/2080 2082/2082 2083/2083
f 2084/2084 2080/2080 2083/2083
f 2084/2084 2083/2083 2085/2085
f 2086/2086 2087/2087 2088/2088
f 2086/2086 2089/2089 2087/2087
f 2089/2089 2090/2090 2087/2087
f 2089/2089 2091/2091 2090/2090
f 2090/2090 2091/2091 2092/2092
f 2092/2092 2093/2093 2090/2090
f 2092/2092 2094/2094 2093/2093
f 2095/2095 2096/2096 2097/2097
f 2095/2095 2097/2097 2098/2098
f 2099/2099 2100/2100 2101/2101
f 2099/2099 2102/2102 2100/2100
f 2103/2103 2102/2102 2099/2099
f 2103/2103 2104/2104 2102/2102
f 2105/2105 2103/2103 2099/2099
f 2104/2104 2106/2106 2102/2102
f 2105/2105 2099/2099 2107/2107
f 2104/2104 2108/2108 2106/2106
f 2109/2109 2105/2105 2107/2107
f 2108/2108 2110/2110 2106/2106
f 2108/2108 2111/2111 2110/2110
f 2111/2111 2112/2112 2110/2110
f 2112/2112 2113/2113 2110/2110
f 2112/2112 2114/2114 2113/2113
f 2109/2109 2107/2107 2115/2115
f 2116/2116 2109/2109 2115/2115
f 2117/2117 2116/2116 2115/2115
f 2117/2117 2115/2115 2118/2118
f 2119/2119 2117/2117 2118/2118
f 2114/2114 2120/2120 2113/2113
f 2119/2119 2118/2118 2121/2121
f 2122/2122 2119/2119 2121/2121
f 2114/2114 2122/2122 2120/2120
f 2122/2122 2121/2121 2120/2120
f 2120/2120 2121/2121 2123/2123
f 2120/2120 2123/2123 2124/2124
f 2125/2125 2126/2126 2127/2127
f 2125/2125 2128/2128 2126/2126
f 2129/2129 2128/2128 2125/2125
f 2129/2129 2130/2130 2128/2128
f 2131/2131 2130/2130 2129/2129
f 2131/2131 2132/2132 2130/2130
f 2133/2133 2134/2134 2135/2135
f 2133/2133 2135/2135 2136/2136
f 2136/2136 2135/2135 2137/2137
f 2136/2136 2137/2137 2138/2138
f 2139/2139 2138/2138 2137/2137
f 2139/2139 2137/2137 2140/2140
f 2140/2140 2141/2141 2139/2139
f 2141/2141 2140/2140 2142/2142
f 2141/2141 2142/2142 2143/2143
f 2144/2144 2145/2145 2146/2146
f 2144/2144 2147/2147 2145/2145
f 2148/2148 2147/2147 2144/2144
f 2148/2148 2149/2149 2147/2147
f 2150/2150 2151/2151 2152/2152
f 2150/2150 2152/2152 2153/2153
f 2153/2153 2152/2152 2154/2154
f 2153/2153 2154/2154 2155/2155
f 2156/2156 2155/2155 2154/2154
f 2154/2154 2157/2157 2156/2156
f 2157/2157 2158/2158 2156/2156
f 2159/2159 2160/2160 2161/2161
f 2159/2159 2161/2161 2162/2162
f 2163/2163 2159/2159 2162/2162
f 2163/2163 2162/2162 2164/2164
f 2165/2165 2159/2159 2163/2163
f 2164/2164 2162/2162 2166/2166
f 2165/2165 2167/2167 2159/2159
f 2164/2164 2166/2166 2168/2168
f 2169/2169 2167/2167 2165/2165
f 2168/2168 2166/2166 2170/2170
f 2168/2168 2170/2170 2171/2171
f 2171/2171 2170/2170 2172/2172
f 2172/2172 2170/2170 2173/2173
f 2172/2172 2173/2173 2174/2174
f 2169/2169 2175/2175 2167/2167
f 2176/2176 2175/2175 2169/2169
f 2177/2177 2175/2175 2176/2176
f 2177/2177 2178/2178 2175/2175
f 2179/2179 2178/2178 2177/2177
f 2174/2174 2173/2173 2180/2180
f 2179/2179 2181/2181 2178/2178
f 2182/2182 2181/2181 2179/2179
f 2174/2174 2180/2180 2182/2182
f 2182/2182 2180/2180 2181/2181
f 2180/2180 2183/2183 2181/2181
f 2180/2180 2184/2184 2183/2183
f 2185/2185 2186/2186 2187/2187
f 2187/2187 2188/2188 2185/2185
f 2187/2187 2189/2189 2188/2188
f 2189/2189 2190/2190 2188/2188
f 2190/2190 2191/2191 2188/2188
f 2190/2190 2192/2192 2191/2191
f 2190/2190 2193/2193 2192/2192
f 2193/2193 2194/2194 2192/2192
f 2194/2194 2195/2195 2192/2192
f 2194/2194 2196/2196 2195/2195
f 2194/2194 2197/2197 2196/2196
f 2198/2198 2199/2199 2200/2200
f 2200/2200 2201/2201 2198/2198
f 2200/2200 2202/2202 2201/2201
f 2202/2202 2203/2203 2201/2201
f 2202/2202 2204/2204 2203/2203
f 2204/2204 2205/2205 2203/2203
f 2204/2204 2206/2206 2205/2205
f 2206/2206 2207/2207 2205/2205
f 2206/2206 2208/2208 2207/2207
f 2208/2208 2209/2209 2207/2207
f 2208/2208 2210/2210 2209/2209
f 2211/2211 2212/2212 2213/2213
f 2211/2211 2213/2213 2214/2214
f 2214/2214 2213/2213 2215/2215
f 2214/2214 2215/2215 2216/2216
f 2217/2217 2218/2218 2219/2219
f 2217/2217 2219/2219 2220/2220
f 2220/2220 2219/2219 2221/2221
f 2220/2220 2221/2221 2222/2222
f 2223/2223 2224/2224 2225/2225
f 2223/2223 2225/2225 2226/2226
f 2227/2227 2228/2228 2229/2229
f 2227/2227 2229/2229 2230/2230
f 2231/2231 2232/2232 2233/2233
f 2231/2231 2233/2233 2234/2234
f 2235/2235 2231/2231 2234/2234
f 2235/2235 2234/2234 2236/2236
f 2237/2237 2238/2238 2239/2239
f 2237/2237 2240/2240 2238/2238
f 2240/2240 2241/2241 2238/2238
f 2240/2240 2242/2242 2241/2241
f 2243/2243 2244/2244 2245/2245
f 2243/2243 2245/2245 2246/2246
f 2247/2247 2243/2243 2246/2246
f 2247/2247 2246/2246 2248/2248
f 2249/2249 2250/2250 2251/2251
f 2249/2249 2251/2251 2252/2252
f 2253/2253 2249/2249 2252/2252
f 2253/2253 2252/2252 2254/2254
f 2255/2255 2256/2256 2257/2257
f 2255/2255 2257/2257 2258/2258
f 2259/2259 2255/2255 2258/2258
f 2259/2259 2258/2258 2260/2260
f 2261/2261 2262/2262 2263/2263
f 2261/2261 2264/2264 2262/2262
f 2264/2264 2265/2265 2262/2262
f 2264/2264 2266/2266 2265/2265
f 2267/2267 2268/2268 2269/2269
f 2267/2267 2269/2269 2270/2270
f 2271/2271 2267/2267 2270/2270
f 2271/2271 2270/2270 2272/2272
f 2273/2273 2274/2274 2275/2275
f 2273/2273 2275/2275 2276/2276
f 2277/2277 2273/2273 2276/2276
f 2277/2277 2276/2276 2278/2278
f 2279/2279 2280/2280 2281/2281
f 2279/2279 2282/2282 2280/2280
f 2283/2283 2282/2282 2279/2279
f 2283/2283 2284/2284 2282/2282
f 2285/2285 2286/2286 2287/2287
f 2285/2285 2287/2287 2288/2288
f 2288/2288 2287/2287 2289/2289
f 2288/2288 2289/2289 2290/2290
f 2291/2291 2292/2292 2293/2293
f 2291/2291 2294/2294 2292/2292
f 2295/2295 2294/2294 2291/2291
f 2295/2295 2296/2296 2294/2294
f 2297/2297 2298/2298 2299/2299
f 2297/2297 2300/2300 2298/2298
f 2301/2301 2300/2300 2297/2297
f 2301/2301 2302/2302 2300/2300
f 2303/2303 2304/2304 2305/2305
f 2303/2303 2306/2306 2304/2304
f 2307/2307 2306/2306 2303/2303
f 2307/2307 2308/2308 2306/2306
f 2309/2309 2310/2310 2311/2311
f 2309/2309 2311/2311 2312/2312
f 2312/2312 2311/2311 2313/2313
f 2312/2312 2313/2313 2314/2314
f 2315/2315 2316/2316 2317/2317
f 2315/2315 2318/2318 2316/2316
f 2319/2319 2318/2318 2315/2315
f 2319/2319 2320/2320 2318/2318
f 2321/2321 2322/2322 2323/2323
f 2321/2321 2324/2324 2322/2322
f 2325/2325 2324/2324 2321/2321
f 2325/2325 2326/2326 2324/2324
f 2327/2327 2328/2328 2329/2329
f 2327/2327 2329/2329 2330/2330
f 2331/2331 2332/2332 2333/2333
f 2331/2331 2333/2333 2334/2334
f 2335/2335 2336/2336 2337/2337
f 2335/2335 2337/2337 2338/2338
f 2339/2339 2340/2340 2341/2341
f 2339/2339 2341/2341 2342/2342
f 2343/2343 2344/2344 2345/2345
f 2343/2343 2345/2345 2346/2346
f 2347/2347 2348/2348 2349/2349
f 2347/2347 2349/2349 2350/2350
f 2347/2347 2350/2350 2351/2351
f 2352/2352 2347/2347 2351/2351
f 2347/2347 2352/2352 2353/2353
f 2347/2347 2353/2353 2354/2354
f 2355/2355 2356/2356 2357/2357
f 2355/2355 2358/2358 2356/2356
f 2358/2358 2359/2359 2356/2356
f 2358/2358 2360/2360 2359/2359
f 2360/2360 2361/2361 2362/2362
f 2360/2360 2363/2363 2361/2361
f 2360/2360 2364/2364 2363/2363
f 2364/2364 2365/2365 2363/2363
f 2363/2363 2365/2365 2366/2366
f 2367/2367 2361/2361 2363/2363
f 2363/2363 2366/2366 2367/2367
f 2367/2367 2368/2368 2361/2361
f 2367/2367 2366/2366 2369/2369
f 2368/2368 2367/2367 2370/2370
f 2367/2367 2369/2369 2370/2370
f 2371/2371 2370/2370 2369/2369
f 2370/2370 2371/2371 2372/2372
f 2368/2368 2370/2370 2373/2373
f 2370/2370 2372/2372 2374/2374
f 2373/2373 2370/2370 2374/2374
f 2373/2373 2374/2374 2375/2375
f 2376/2376 2377/2377 2378/2378
f 2378/2378 2379/2379 2376/2376
f 2380/2380 2379/2379 2378/2378
f 2376/2376 2379/2379 2381/2381
f 2376/2376 2381/2381 2382/2382
f 2383/2383 2382/2382 2381/2381
f 2383/2383 2381/2381 2384/2384
f 2383/2383 2384/2384 2385/2385
f 2386/2386 2385/2385 2384/2384
f 2380/2380 2387/2387 2379/2379
f 2386/2386 2388/2388 2385/2385
f 2388/2388 2386/2386 2389/2389
f 2388/2388 2389/2389 2390/2390
f 2389/2389 2386/2386 2391/2391
f 2391/2391 2386/2386 2392/2392
f 2391/2391 2392/2392 2393/2393
f 2390/2390 2389/2389 2394/2394
f 2390/2390 2394/2394 2395/2395
f 2394/2394 2396/2396 2395/2395
f 2394/2394 2397/2397 2396/2396
f 2391/2391 2393/2393 2398/2398
f 2391/2391 2398/2398 2399/2399
f 2398/2398 2400/2400 2399/2399
f 2398/2398 2401/2401 2400/2400
f 2402/2402 2400/2400 2401/2401
f 2402/2402 2403/2403 2400/2400
f 2393/2393 2392/2392 2404/2404
f 2405/2405 2404/2404 2392/2392
f 2404/2404 2405/2405 2406/2406
f 2403/2403 2402/2402 2407/2407
f 2407/2407 2408/2408 2403/2403
f 2392/2392 2409/2409 2405/2405
f 2409/2409 2392/2392 2410/2410
f 2411/2411 2406/2406 2405/2405
f 2411/2411 2408/2408 2407/2407
f 2412/2412 2410/2410 2392/2392
f 2412/2412 2392/2392 2413/2413
f 2413/2413 2392/2392 2414/2414
f 2413/2413 2414/2414 2415/2415
f 2415/2415 2414/2414 2416/2416
f 2415/2415 2416/2416 2417/2417
f 2417/2417 2416/2416 2418/2418
f 2387/2387 2418/2418 2416/2416
f 2410/2410 2419/2419 2409/2409
f 2419/2419 2420/2420 2409/2409
f 2421/2421 2420/2420 2419/2419
f 2387/2387 2422/2422 2418/2418
f 2423/2423 2420/2420 2421/2421
f 2422/2422 2387/2387 2424/2424
f 2424/2424 2425/2425 2422/2422
f 2424/2424 2387/2387 2426/2426
f 2427/2427 2424/2424 2426/2426
f 2426/2426 2387/2387 2380/2380
f 2428/2428 2426/2426 2380/2380
f 2423/2423 2429/2429 2420/2420
f 2430/2430 2429/2429 2423/2423
f 2425/2425 2431/2431 2430/2430
f 2430/2430 2431/2431 2429/2429
f 2424/2424 2431/2431 2425/2425
f 2432/2432 2429/2429 2431/2431
f 2432/2432 2431/2431 2433/2433
f 2424/2424 2433/2433 2431/2431
f 2434/2434 2420/2420 2429/2429
f 2435/2435 2420/2420 2434/2434
f 2420/2420 2435/2435 2436/2436
f 2424/2424 2437/2437 2433/2433
f 2420/2420 2436/2436 2409/2409
f 2437/2437 2424/2424 2438/2438
f 2438/2438 2439/2439 2437/2437
f 2438/2438 2440/2440 2439/2439
f 2439/2439 2440/2440 2441/2441
f 2439/2439 2441/2441 2442/2442
f 2442/2442 2441/2441 2443/2443
f 2442/2442 2443/2443 2444/2444
f 2444/2444 2443/2443 2445/2445
f 2444/2444 2445/2445 2446/2446
f 2446/2446 2445/2445 2447/2447
f 2446/2446 2447/2447 2448/2448
f 2448/2448 2447/2447 2449/2449
f 2436/2436 2448/2448 2449/2449
f 2449/2449 2409/2409 2436/2436
f 2438/2438 2424/2424 2450/2450
f 2450/2450 2451/2451 2438/2438
f 2427/2427 2450/2450 2424/2424
f 2450/2450 2452/2452 2451/2451
f 2453/2453 2452/2452 2450/2450
f 2452/2452 2454/2454 2451/2451
f 2455/2455 2451/2451 2454/2454
f 2455/2455 2456/2456 2451/2451
f 2457/2457 2456/2456 2455/2455
f 2457/2457 2458/2458 2456/2456
f 2459/2459 2458/2458 2457/2457
f 2459/2459 2460/2460 2458/2458
f 2461/2461 2460/2460 2459/2459
f 2461/2461 2462/2462 2460/2460
f 2462/2462 2461/2461 2463/2463
f 2462/2462 2463/2463 2464/2464
f 2464/2464 2449/2449 2462/2462
f 2464/2464 2463/2463 2465/2465
f 2464/2464 2409/2409 2449/2449
f 2465/2465 2466/2466 2464/2464
f 2466/2466 2467/2467 2464/2464
f 2468/2468 2466/2466 2465/2465
f 2468/2468 2469/2469 2466/2466
f 2470/2470 2469/2469 2468/2468
f 2470/2470 2471/2471 2469/2469
f 2472/2472 2471/2471 2470/2470
f 2472/2472 2473/2473 2471/2471
f 2453/2453 2473/2473 2472/2472
f 2453/2453 2474/2474 2473/2473
f 2450/2450 2474/2474 2453/2453
f 2450/2450 2475/2475 2474/2474
f 2476/2476 2464/2464 2467/2467
f 2450/2450 2477/2477 2475/2475
f 2476/2476 2478/2478 2464/2464
f 2479/2479 2478/2478 2476/2476
f 2480/2480 2478/2478 2479/2479
f 2450/2450 2481/2481 2477/2477
f 2480/2480 2481/2481 2478/2478
f 2477/2477 2481/2481 2482/2482
f 2482/2482 2481/2481 2480/2480
f 2450/2450 2483/2483 2481/2481
f 2483/2483 2478/2478 2481/2481
f 2450/2450 2484/2484 2483/2483
f 2483/2483 2485/2485 2478/2478
f 2485/2485 2464/2464 2478/2478
f 2427/2427 2484/2484 2450/2450
f 2485/2485 2486/2486 2464/2464
f 2427/2427 2487/2487 2484/2484
f 2464/2464 2486/2486 2488/2488
f 2489/2489 2487/2487 2427/2427
f 2464/2464 2488/2488 2490/2490
f 2409/2409 2464/2464 2490/2490
f 2409/2409 2490/2490 2405/2405
f 2488/2488 2491/2491 2490/2490
f 2405/2405 2490/2490 2491/2491
f 2488/2488 2492/2492 2491/2491
f 2492/2492 2493/2493 2491/2491
f 2405/2405 2491/2491 2494/2494
f 2411/2411 2405/2405 2494/2494
f 2408/2408 2411/2411 2494/2494
f 2494/2494 2491/2491 2495/2495
f 2493/2493 2495/2495 2491/2491
f 2494/2494 2495/2495 2408/2408
f 2493/2493 2496/2496 2495/2495
f 2497/2497 2496/2496 2493/2493
f 2495/2495 2496/2496 2498/2498
f 2408/2408 2495/2495 2498/2498
f 2496/2496 2497/2497 2499/2499
f 2497/2497 2500/2500 2499/2499
f 2499/2499 2500/2500 2501/2501
f 2499/2499 2501/2501 2502/2502
f 2501/2501 2503/2503 2502/2502
f 2501/2501 2504/2504 2503/2503
f 2504/2504 2505/2505 2503/2503
f 2504/2504 2506/2506 2505/2505
f 2506/2506 2507/2507 2505/2505
f 2506/2506 2508/2508 2507/2507
f 2508/2508 2509/2509 2507/2507
f 2509/2509 2510/2510 2507/2507
f 2489/2489 2510/2510 2509/2509
f 2489/2489 2511/2511 2510/2510
f 2511/2511 2489/2489 2427/2427
f 2512/2512 2510/2510 2511/2511
f 2510/2510 2512/2512 2513/2513
f 2514/2514 2511/2511 2427/2427
f 2514/2514 2427/2427 2426/2426
f 2515/2515 2511/2511 2514/2514
f 2515/2515 2512/2512 2511/2511
f 2426/2426 2516/2516 2514/2514
f 2514/2514 2516/2516 2515/2515
f 2516/2516 2426/2426 2428/2428
f 2516/2516 2428/2428 2517/2517
f 2428/2428 2518/2518 2517/2517
f 2517/2517 2518/2518 2519/2519
f 2518/2518 2520/2520 2519/2519
f 2512/2512 2521/2521 2513/2513
f 2521/2521 2522/2522 2513/2513
f 2523/2523 2522/2522 2521/2521
f 2523/2523 2521/2521 2512/2512
f 2524/2524 2523/2523 2512/2512
f 2524/2524 2512/2512 2515/2515
f 2525/2525 2524/2524 2515/2515
f 2526/2526 2515/2515 2516/2516
f 2525/2525 2515/2515 2526/2526
f 2526/2526 2516/2516 2527/2527
f 2526/2526 2528/2528 2525/2525
f 2527/2527 2529/2529 2526/2526
f 2528/2528 2526/2526 2529/2529
f 2530/2530 2531/2531 2532/2532
f 2530/2530 2533/2533 2531/2531
f 2533/2533 2530/2530 2534/2534
f 2534/2534 2535/2535 2533/2533
f 2534/2534 2536/2536 2535/2535
f 2535/2535 2536/2536 2537/2537
f 2535/2535 2537/2537 2538/2538
f 2538/2538 2537/2537 2539/2539
f 2540/2540 2541/2541 2542/2542
f 2541/2541 2540/2540 2543/2543
f 2544/2544 2545/2545 2546/2546
f 2544/2544 2546/2546 2547/2547
f 2547/2547 2546/2546 2548/2548
f 2547/2547 2548/2548 2549/2549
f 2549/2549 2548/2548 2550/2550
f 2549/2549 2550/2550 2551/2551
f 2552/2552 2553/2553 2554/2554
f 2552/2552 2554/2554 2555/2555
f 2556/2556 2557/2557 2558/2558
f 2556/2556 2559/2559 2557/2557
f 2560/2560 2559/2559 2556/2556
f 2560/2560 2561/2561 2559/2559
f 2562/2562 2561/2561 2560/2560
f 2562/2562 2563/2563 2561/2561
f 2564/2564 2565/2565 2566/2566
f 2564/2564 2566/2566 2567/2567
f 2568/2568 2569/2569 2570/2570
f 2568/2568 2571/2571 2569/2569
f 2571/2571 2572/2572 2569/2569
f 2571/2571 2573/2573 2572/2572
f 2574/2574 2575/2575 2576/2576
f 2574/2574 2577/2577 2575/2575
f 2577/2577 2578/2578 2575/2575
f 2577/2577 2579/2579 2578/2578
f 2580/2580 2581/2581 2582/2582
f 2580/2580 2582/2582 2583/2583
f 2582/2582 2584/2584 2583/2583
f 2582/2582 2585/2585 2584/2584
f 2585/2585 2586/2586 2584/2584
f 2585/2585 2587/2587 2586/2586
f 2588/2588 2589/2589 2590/2590
f 2588/2588 2591/2591 2589/2589
f 2592/2592 2589/2589 2591/2591
f 2592/2592 2593/2593 2589/2589
f 2594/2594 2595/2595 2596/2596
f 2594/2594 2596/2596 2597/2597
f 2597/2597 2596/2596 2598/2598
f 2599/2599 2594/2594 2597/2597
f 2600/2600 2599/2599 2597/2597
f 2601/2601 2602/2602 2603/2603
f 2603/2603 2604/2604 2601/2601
f 2603/2603 2605/2605 2604/2604
f 2606/2606 2604/2604 2605/2605
f 2604/2604 2606/2606 2607/2607
f 2607/2607 2608/2608 2604/2604
f 2601/2601 2604/2604 2609/2609
f 2610/2610 2604/2604 2608/2608
f 2610/2610 2609/2609 2604/2604
f 2609/2609 2610/2610 2611/2611
f 2612/2612 2613/2613 2614/2614
f 2612/2612 2615/2615 2613/2613
f 2612/2612 2616/2616 2615/2615
f 2617/2617 2616/2616 2612/2612
f 2612/2612 2618/2618 2617/2617
f 2612/2612 2619/2619 2618/2618
f 2620/2620 2621/2621 2622/2622
f 2620/2620 2622/2622 2623/2623
f 2623/2623 2622/2622 2624/2624
f 2623/2623 2624/2624 2625/2625
f 2625/2625 2626/2626 2627/2627
f 2625/2625 2627/2627 2628/2628
f 2629/2629 2628/2628 2627/2627
f 2628/2628 2629/2629 2630/2630
f 2629/2629 2627/2627 2631/2631
f 2629/2629 2632/2632 2630/2630
f 2631/2631 2633/2633 2629/2629
f 2629/2629 2633/2633 2632/2632
f 2634/2634 2632/2632 2633/2633
f 2633/2633 2635/2635 2634/2634
f 2631/2631 2636/2636 2633/2633
f 2633/2633 2637/2637 2635/2635
f 2636/2636 2637/2637 2633/2633
f 2636/2636 2638/2638 2637/2637
f 2639/2639 2640/2640 2641/2641
f 2640/2640 2639/2639 2642/2642
f 2643/2643 2640/2640 2642/2642
f 2639/2639 2644/2644 2642/2642
f 2639/2639 2645/2645 2644/2644
f 2644/2644 2645/2645 2646/2646
f 2646/2646 2647/2647 2644/2644
f 2647/2647 2648/2648 2644/2644
f 2647/2647 2649/2649 2648/2648
f 2650/2650 2648/2648 2649/2649
f 2643/2643 2642/2642 2651/2651
f 2650/2650 2649/2649 2652/2652
f 2651/2651 2653/2653 2643/2643
f 2654/2654 2643/2643 2653/2653
f 2652/2652 2655/2655 2650/2650
f 2652/2652 2656/2656 2655/2655
f 2655/2655 2657/2657 2650/2650
f 2656/2656 2658/2658 2655/2655
f 2656/2656 2659/2659 2658/2658
f 2658/2658 2659/2659 2660/2660
f 2658/2658 2660/2660 2661/2661
f 2657/2657 2662/2662 2650/2650
f 2653/2653 2651/2651 2663/2663
f 2663/2663 2651/2651 2664/2664
f 2665/2665 2663/2663 2664/2664
f 2665/2665 2666/2666 2663/2663
f 2662/2662 2666/2666 2665/2665
f 2667/2667 2653/2653 2663/2663
f 2667/2667 2663/2663 2668/2668
f 2669/2669 2653/2653 2667/2667
f 2670/2670 2653/2653 2669/2669
f 2657/2657 2671/2671 2662/2662
f 2657/2657 2672/2672 2671/2671
f 2657/2657 2673/2673 2672/2672
f 2671/2671 2674/2674 2662/2662
f 2674/2674 2666/2666 2662/2662
f 2672/2672 2673/2673 2675/2675
f 2672/2672 2675/2675 2676/2676
f 2677/2677 2676/2676 2675/2675
f 2677/2677 2675/2675 2678/2678
f 2674/2674 2679/2679 2666/2666
f 2674/2674 2680/2680 2679/2679
f 2681/2681 2679/2679 2680/2680
f 2678/2678 1686/1686 2677/2677
f 2677/2677 1686/1686 2682/2682
f 2681/2681 2682/2682 2683/2683
f 2683/2683 2682/2682 1686/1686
f 2681/2681 2683/2683 2679/2679
f 2683/2683 1686/1686 1684/1684
f 1684/1684 2684/2684 2683/2683
f 2679/2679 2683/2683 2684/2684
f 2679/2679 2684/2684 2685/2685
f 2666/2666 2679/2679 2685/2685
f 2666/2666 2685/2685 2686/2686
f 2678/2678 1680/1680 1686/1686
f 1680/1680 2678/2678 2687/2687
f 2687/2687 2688/2688 1680/1680
f 2688/2688 2689/2689 1680/1680
f 2688/2688 2690/2690 2689/2689
f 2690/2690 2661/2661 2689/2689
f 2691/2691 2692/2692 2693/2693
f 2693/2693 2694/2694 2691/2691
f 2691/2691 2694/2694 2695/2695
f 2695/2695 2694/2694 2696/2696
f 2695/2695 2696/2696 2697/2697
f 2696/2696 2698/2698 2697/2697
f 2696/2696 2699/2699 2698/2698
f 2699/2699 2700/2700 2698/2698
f 2701/2701 2702/2702 2703/2703
f 2702/2702 2704/2704 2703/2703
f 2705/2705 2703/2703 2704/2704
f 2706/2706 2707/2707 2708/2708
f 2706/2706 2709/2709 2707/2707
f 2709/2709 2710/2710 2707/2707
f 2709/2709 2711/2711 2710/2710
f 2711/2711 2712/2712 2710/2710
f 2711/2711 2713/2713 2712/2712
f 2714/2714 2715/2715 2716/2716
f 2714/2714 2716/2716 2717/2717
f 2718/2718 2719/2719 2720/2720
f 2718/2718 2720/2720 2721/2721
f 2722/2722 2718/2718 2721/2721
f 2722/2722 2721/2721 2723/2723
f 2724/2724 2722/2722 2723/2723
f 2724/2724 2723/2723 2725/2725
f 2726/2726 2727/2727 2728/2728
f 2726/2726 2728/2728 2729/2729
f 2730/2730 2731/2731 2732/2732
f 2730/2730 2732/2732 2733/2733
f 2733/2733 2732/2732 2734/2734
f 2733/2733 2734/2734 2735/2735
f 2736/2736 2737/2737 2738/2738
f 2736/2736 2738/2738 2739/2739
f 2739/2739 2738/2738 2740/2740
f 2739/2739 2740/2740 2741/2741
f 2742/2742 2743/2743 2744/2744
f 2742/2742 2744/2744 2745/2745
f 2745/2745 2744/2744 2746/2746
f 2745/2745 2746/2746 2747/2747
f 2747/2747 2746/2746 2748/2748
f 2747/2747 2748/2748 2749/2749
f 2750/2750 2751/2751 2752/2752
f 2750/2750 2752/2752 2753/2753
f 2754/2754 2753/2753 2752/2752
f 2754/2754 2752/2752 2755/2755
f 2756/2756 2757/2757 2758/2758
f 2756/2756 2759/2759 2757/2757
f 2760/2760 2759/2759 2756/2756
f 2759/2759 2761/2761 2757/2757
f 2759/2759 2498/2498 2761/2761
f 2408/2408 2498/2498 2759/2759
f 2762/2762 2759/2759 2760/2760
f 2762/2762 2408/2408 2759/2759
f 2408/2408 2762/2762 2403/2403
f 2762/2762 2763/2763 2403/2403
f 2763/2763 2762/2762 2764/2764
f 2764/2764 2762/2762 2765/2765
f 2764/2764 2765/2765 2766/2766
f 2766/2766 2765/2765 2397/2397
f 2767/2767 2768/2768 2769/2769
f 2767/2767 2769/2769 2770/2770
f 2771/2771 2772/2772 2773/2773
f 2773/2773 2772/2772 2774/2774
f 2774/2774 2772/2772 2775/2775
f 2776/2776 2775/2775 2772/2772
f 2776/2776 2772/2772 2777/2777
f 2778/2778 2777/2777 2772/2772
f 2779/2779 2778/2778 2772/2772
f 2780/2780 2777/2777 2778/2778
f 2780/2780 2781/2781 2777/2777
f 2782/2782 2781/2781 2780/2780
f 2782/2782 2783/2783 2781/2781
f 2783/2783 2782/2782 2784/2784
f 2781/2781 2783/2783 2785/2785
f 2783/2783 2786/2786 2785/2785
f 2786/2786 2783/2783 2787/2787
f 2787/2787 2783/2783 2788/2788
f 2789/2789 2790/2790 2791/2791
f 2792/2792 2790/2790 2789/2789
f 2793/2793 2790/2790 2792/2792
f 2793/2793 2794/2794 2790/2790
f 2790/2790 2794/2794 2795/2795
f 2795/2795 2796/2796 2790/2790
f 2796/2796 2797/2797 2790/2790
f 2796/2796 2795/2795 2798/2798
f 2798/2798 2795/2795 2799/2799
f 2798/2798 2799/2799 2800/2800
f 2800/2800 2799/2799 2801/2801
f 2800/2800 2801/2801 2802/2802
f 2803/2803 2801/2801 2799/2799
f 2804/2804 2801/2801 2803/2803
f 2804/2804 2805/2805 2801/2801
f 2806/2806 2801/2801 2805/2805
f 2807/2807 2808/2808 2809/2809
f 2807/2807 2810/2810 2808/2808
f 2811/2811 2810/2810 2807/2807
f 2812/2812 2808/2808 2810/2810
f 2813/2813 2810/2810 2811/2811
f 2813/2813 2814/2814 2810/2810
f 2812/2812 2810/2810 2815/2815
f 2815/2815 2810/2810 2816/2816
f 2816/2816 2810/2810 2817/2817
f 2818/2818 2819/2819 2820/2820
f 2818/2818 2820/2820 2821/2821
f 2821/2821 2820/2820 2822/2822
f 2821/2821 2822/2822 2823/2823
f 2824/2824 2825/2825 2826/2826
f 2825/2825 2824/2824 2827/2827
f 2825/2825 2827/2827 2828/2828
f 2829/2829 2825/2825 2828/2828
f 2829/2829 2830/2830 2825/2825
f 2825/2825 2830/2830 2831/2831
f 2832/2832 2833/2833 2834/2834
f 2832/2832 2834/2834 2835/2835
f 2835/2835 2834/2834 2836/2836
f 2835/2835 2836/2836 2837/2837
f 2838/2838 2839/2839 2840/2840
f 2838/2838 2840/2840 2841/2841
f 2841/2841 2840/2840 2842/2842
f 2841/2841 2842/2842 2843/2843
f 2844/2844 2845/2845 2846/2846
f 2845/2845 2844/2844 2847/2847
f 2845/2845 2847/2847 2848/2848
f 2849/2849 2850/2850 2851/2851
f 2850/2850 2849/2849 2852/2852
f 2852/2852 2849/2849 2853/2853
f 2853/2853 2849/2849 2854/2854
f 2855/2855 2854/2854 2849/2849
f 2855/2855 2849/2849 2856/2856
f 2856/2856 2849/2849 2857/2857
f 2849/2849 2858/2858 2857/2857
f 2858/2858 2849/2849 2859/2859
f 2860/2860 2861/2861 2862/2862
f 2861/2861 2860/2860 2863/2863
f 2864/2864 2865/2865 2866/2866
f 2866/2866 2865/2865 2867/2867
f 2866/2866 2867/2867 2868/2868
f 2869/2869 2870/2870 2871/2871
f 2869/2869 2872/2872 2870/2870
f 2873/2873 2872/2872 2869/2869
f 2873/2873 2874/2874 2872/2872
f 2875/2875 2874/2874 2873/2873
f 2873/2873 2876/2876 2875/2875
f 2875/2875 2876/2876 2877/2877
f 2878/2878 2879/2879 2877/2877
f 2878/2878 2877/2877 2880/2880
f 2881/2881 2882/2882 2883/2883
f 2881/2881 2884/2884 2882/2882
f 2885/2885 2882/2882 2884/2884
f 2885/2885 2884/2884 2886/2886
f 2887/2887 2888/2888 2889/2889
f 2887/2887 2889/2889 2890/2890
f 2890/2890 2889/2889 2891/2891
f 2890/2890 2891/2891 2892/2892
f 2893/2893 2894/2894 2895/2895
f 2893/2893 2895/2895 2896/2896
f 2897/2897 2898/2898 2899/2899
f 2897/2897 2899/2899 2900/2900
f 2900/2900 2899/2899 2901/2901
f 2900/2900 2901/2901 2902/2902
f 2903/2903 2904/2904 2905/2905
f 2903/2903 2905/2905 2906/2906
f 2907/2907 2908/2908 2909/2909
f 2907/2907 2910/2910 2908/2908
f 2907/2907 2911/2911 2910/2910
f 2912/2912 2910/2910 2913/2913
f 2912/2912 2913/2913 2914/2914
f 2914/2914 2913/2913 2915/2915
f 2914/2914 2915/2915 2916/2916
f 2916/2916 2915/2915 2917/2917
f 2916/2916 2917/2917 2918/2918
f 2915/2915 2919/2919 2917/2917
f 2920/2920 2917/2917 2919/2919
f 2920/2920 2919/2919 2921/2921
f 2915/2915 2922/2922 2919/2919
f 2923/2923 2922/2922 2924/2924
f 2923/2923 2924/2924 2925/2925
f 2925/2925 2924/2924 2926/2926
f 2925/2925 2926/2926 2927/2927
f 2927/2927 2926/2926 2928/2928
f 2927/2927 2928/2928 2929/2929
f 2929/2929 2928/2928 2930/2930
f 2929/2929 2930/2930 2931/2931
f 2922/2922 2932/2932 2933/2933
f 2934/2934 2935/2935 2932/2932
f 2934/2934 2932/2932 2936/2936
f 2937/2937 2933/2933 2938/2938
f 2937/2937 2939/2939 2933/2933
f 2940/2940 2939/2939 2937/2937
f 2940/2940 2941/2941 2939/2939
f 2941/2941 2940/2940 2942/2942
f 2941/2941 2942/2942 2943/2943
f 2944/2944 2943/2943 2942/2942
f 2944/2944 2945/2945 2943/2943
f 2945/2945 2944/2944 2946/2946
f 2945/2945 2946/2946 2947/2947
f 2939/2939 2948/2948 2949/2949
f 2950/2950 2949/2949 2948/2948
f 2950/2950 2948/2948 2951/2951
f 2951/2951 2948/2948 2952/2952
f 2951/2951 2952/2952 2953/2953
f 2954/2954 2955/2955 2952/2952
f 2954/2954 2952/2952 2956/2956
f 2956/2956 2952/2952 2957/2957
f 2956/2956 2957/2957 2958/2958
f 2959/2959 2960/2960 2957/2957
f 2959/2959 2957/2957 2961/2961
f 2957/2957 2962/2962 2961/2961
f 2963/2963 2964/2964 2965/2965
f 2965/2965 2964/2964 2966/2966
f 2965/2965 2966/2966 2967/2967
f 2967/2967 2966/2966 2968/2968
f 2967/2967 2968/2968 2969/2969
f 2970/2970 2971/2971 2972/2972
f 2970/2970 2972/2972 2973/2973
f 2974/2974 2972/2972 2975/2975
f 2975/2975 2976/2976 2974/2974
f 2976/2976 2975/2975 2977/2977
f 2978/2978 2979/2979 2980/2980
f 2981/2981 2979/2979 2978/2978
f 2981/2981 2982/2982 2979/2979
f 2983/2983 2984/2984 2985/2985
f 2983/2983 2985/2985 2986/2986
f 2987/2987 2988/2988 2989/2989
f 2987/2987 2989/2989 2990/2990
f 2990/2990 2989/2989 2991/2991
f 2990/2990 2991/2991 2992/2992
f 2993/2993 2994/2994 2995/2995
f 2993/2993 2995/2995 2996/2996
f 2996/2996 2995/2995 2997/2997
f 2996/2996 2997/2997 2998/2998
f 2998/2998 2997/2997 2999/2999
f 2998/2998 2999/2999 3000/3000
f 3000/3000 2999/2999 3001/3001
f 3000/3000 3001/3001 3002/3002
f 3002/3002 3001/3001 3003/3003
f 3002/3002 3003/3003 3004/3004
f 3005/3005 3006/3006 3007/3007
f 3005/3005 3008/3008 3006/3006
f 3009/3009 3008/3008 3005/3005
f 3009/3009 3010/3010 3008/3008
f 3011/3011 3010/3010 3009/3009
f 3011/3011 3012/3012 3010/3010
f 3013/3013 3012/3012 3011/3011
f 3013/3013 3014/3014 3012/3012
f 3015/3015 3016/3016 3017/3017
f 3015/3015 3017/3017 3018/3018
f 3019/3019 3020/3020 3021/3021
f 3019/3019 3022/3022 3020/3020
f 3023/3023 3022/3022 3019/3019
f 3024/3024 3020/3020 3022/3022
f 3023/3023 3025/3025 3022/3022
f 3024/3024 3022/3022 3026/3026
f 3026/3026 3022/3022 3025/3025
f 3026/3026 3025/3025 3027/3027
f 3028/3028 3029/3029 3030/3030
f 3028/3028 3030/3030 3031/3031
f 3032/3032 3033/3033 3034/3034
f 3032/3032 3035/3035 3033/3033
f 3036/3036 3035/3035 3032/3032
f 3036/3036 3037/3037 3035/3035
f 3038/3038 3037/3037 3036/3036
f 3038/3038 3039/3039 3037/3037
f 3040/3040 3041/3041 3042/3042
f 3040/3040 3043/3043 3041/3041
f 3044/3044 3043/3043 3040/3040
f 3044/3044 3045/3045 3043/3043
f 3046/3046 3045/3045 3044/3044
f 3046/3046 3047/3047 3045/3045
f 3048/3048 3049/3049 3050/3050
f 3048/3048 3050/3050 3051/3051
f 3052/3052 3053/3053 3054/3054
f 3052/3052 3054/3054 3055/3055
f 3056/3056 3057/3057 3058/3058
f 3056/3056 3058/3058 3059/3059
f 3059/3059 3058/3058 3060/3060
f 3059/3059 3060/3060 3061/3061
f 3062/3062 3061/3061 3060/3060
f 3063/3063 3064/3064 3065/3065
f 3063/3063 3066/3066 3064/3064
f 3067/3067 3064/3064 3066/3066
f 3067/3067 3066/3066 3068/3068
f 3068/3068 3066/3066 3069/3069
f 3070/3070 3071/3071 3072/3072
f 3070/3070 3073/3073 3071/3071
f 3074/3074 3073/3073 3070/3070
f 3074/3074 3075/3075 3073/3073
f 3076/3076 3075/3075 3074/3074
f 3076/3076 3077/3077 3075/3075
f 3078/3078 3079/3079 3080/3080
f 3078/3078 3081/3081 3079/3079
f 3082/3082 3081/3081 3078/3078
f 3082/3082 3083/3083 3081/3081
f 3084/3084 3083/3083 3082/3082
f 3084/3084 3085/3085 3083/3083
f 3086/3086 3085/3085 3084/3084
f 3086/3086 3087/3087 3085/3085
f 3088/3088 3087/3087 3086/3086
f 3088/3088 3089/3089 3087/3087
f 3090/3090 3091/3091 3092/3092
f 3090/3090 3092/3092 3093/3093
f 3094/3094 3095/3095 3096/3096
f 3094/3094 3096/3096 3097/3097
f 3098/3098 3099/3099 3100/3100
f 3098/3098 3100/3100 3101/3101
f 3102/3102 3103/3103 3104/3104
f 3102/3102 3104/3104 3105/3105
f 3106/3106 3107/3107 3108/3108
f 3106/3106 3108/3108 3109/3109
f 3110/3110 3111/3111 3112/3112
f 3110/3110 3112/3112 3113/3113
f 3114/3114 3115/3115 3116/3116
f 3114/3114 3116/3116 3117/3117
f 3118/3118 3119/3119 3120/3120
f 3121/3121 3119/3119 3118/3118
f 3119/3119 3121/3121 3122/3122
f 3123/3123 3124/3124 3125/3125
f 3123/3123 3125/3125 3126/3126
f 3127/3127 3128/3128 3129/3129
f 3127/3127 3129/3129 3130/3130
f 3131/3131 3132/3132 3133/3133
f 3131/3131 3133/3133 3134/3134
f 3135/3135 3136/3136 3137/3137
f 3135/3135 3137/3137 3138/3138
f 3139/3139 3140/3140 3141/3141
f 3139/3139 3141/3141 3142/3142
f 3143/3143 3144/3144 3145/3145
f 3143/3143 3145/3145 3146/3146
f 3147/3147 3148/3148 3149/3149
f 3147/3147 3150/3150 3148/3148
f 3151/3151 3150/3150 3147/3147
f 3151/3151 3152/3152 3150/3150
f 3153/3153 3154/3154 3155/3155
f 3153/3153 3155/3155 3156/3156
f 3157/3157 3158/3158 3159/3159
f 3157/3157 3159/3159 3160/3160
f 3161/3161 3162/3162 3163/3163
f 3161/3161 3163/3163 3164/3164
f 3165/3165 3166/3166 3167/3167
f 3165/3165 3167/3167 3168/3168
f 3168/3168 3167/3167 3169/3169
f 3168/3168 3169/3169 3170/3170
f 3171/3171 3172/3172 3173/3173
f 3171/3171 3173/3173 3174/3174
f 3175/3175 3176/3176 3177/3177
f 3175/3175 3177/3177 3178/3178
f 3179/3179 3180/3180 3181/3181
f 3179/3179 3181/3181 3182/3182
f 3183/3183 3184/3184 3185/3185
f 3183/3183 3185/3185 3186/3186
f 3187/3187 3188/3188 3189/3189
f 3187/3187 3189/3189 3190/3190
f 3191/3191 3192/3192 3193/3193
f 3191/3191 3193/3193 3194/3194
f 3195/3195 3196/3196 3197/3197
f 3197/3197 3198/3198 3195/3195
f 3197/3197 3199/3199 3198/3198
f 3197/3197 3200/3200 3199/3199
f 3201/3201 3202/3202 3203/3203
f 3203/3203 3204/3204 3201/3201
f 3204/3204 3205/3205 3201/3201
f 3205/3205 3206/3206 3201/3201
f 3207/3207 3208/3208 3209/3209
f 3207/3207 3209/3209 3210/3210
f 3211/3211 3212/3212 3213/3213
f 3211/3211 3213/3213 3214/3214
f 3215/3215 3216/3216 3217/3217
f 3215/3215 3217/3217 3218/3218
f 3219/3219 3220/3220 3221/3221
f 3219/3219 3221/3221 3222/3222
f 3223/3223 3224/3224 3225/3225
f 3223/3223 3225/3225 3226/3226
f 3227/3227 3228/3228 3229/3229
f 3230/3230 3227/3227 3229/3229
f 3230/3230 3229/3229 3231/3231
f 3232/3232 3230/3230 3231/3231
f 3232/3232 3231/3231 3233/3233
f 3233/3233 3234/3234 3232/3232
f 3235/3235 3232/3232 3234/3234
f 3236/3236 3235/3235 3234/3234
f 3236/3236 3234/3234 3233/3233
f 3236/3236 3237/3237 3235/3235
f 3238/3238 3236/3236 3233/3233
f 3239/3239 3238/3238 3233/3233
f 3233/3233 3240/3240 3239/3239
f 3241/3241 3242/3242 3243/3243
f 3241/3241 3243/3243 3244/3244
f 3244/3244 3243/3243 3245/3245
f 3245/3245 3243/3243 3246/3246
f 3245/3245 3246/3246 3247/3247
f 3248/3248 3249/3249 3250/3250
f 3248/3248 3251/3251 3249/3249
f 3252/3252 3251/3251 3248/3248
f 3253/3253 3251/3251 3252/3252
f 3253/3253 3254/3254 3251/3251
f 3255/3255 3256/3256 3257/3257
f 3255/3255 3258/3258 3256/3256
f 3259/3259 3258/3258 3255/3255
f 3259/3259 3260/3260 3258/3258
f 3261/3261 3260/3260 3259/3259
f 3261/3261 3262/3262 3260/3260
f 3263/3263 3264/3264 3265/3265
f 3263/3263 3266/3266 3264/3264
f 3267/3267 3266/3266 3263/3263
f 3267/3267 3268/3268 3266/3266
f 3264/3264 3266/3266 3268/3268
f 3269/3269 3268/3268 3267/3267
f 3269/3269 3270/3270 3268/3268
f 3264/3264 3268/3268 3270/3270
f 3264/3264 3270/3270 3271/3271
f 3264/3264 3271/3271 3272/3272
f 3273/3273 3274/3274 3275/3275
f 3275/3275 3276/3276 3273/3273
f 3275/3275 3277/3277 3276/3276
f 3275/3275 3278/3278 3277/3277
f 3279/3279 3280/3280 3281/3281
f 3279/3279 3281/3281 3282/3282
f 3283/3283 3284/3284 3285/3285
f 3283/3283 3285/3285 3286/3286
f 3287/3287 3288/3288 3289/3289
f 3287/3287 3289/3289 3290/3290
f 3291/3291 3292/3292 3293/3293
f 3291/3291 3293/3293 3294/3294
f 3295/3295 3296/3296 3297/3297
f 3298/3298 3295/3295 3297/3297
f 3298/3298 3297/3297 3299/3299
f 3300/3300 3298/3298 3299/3299
f 3300/3300 3299/3299 3301/3301
f 3301/3301 3302/3302 3300/3300
f 3303/3303 3300/3300 3302/3302
f 3304/3304 3303/3303 3302/3302
f 3304/3304 3302/3302 3301/3301
f 3304/3304 3305/3305 3303/3303
f 3306/3306 3304/3304 3301/3301
f 3307/3307 3306/3306 3301/3301
f 3301/3301 3308/3308 3307/3307
f 3309/3309 3310/3310 3311/3311
f 3309/3309 3311/3311 3312/3312
f 3312/3312 3311/3311 3313/3313
f 3313/3313 3311/3311 3314/3314
f 3313/3313 3314/3314 3315/3315
f 3316/3316 3317/3317 3318/3318
f 3316/3316 3319/3319 3317/3317
f 3320/3320 3319/3319 3316/3316
f 3321/3321 3319/3319 3320/3320
f 3321/3321 3322/3322 3319/3319
f 3323/3323 3324/3324 3325/3325
f 3323/3323 3326/3326 3324/3324
f 3327/3327 3326/3326 3323/3323
f 3327/3327 3328/3328 3326/3326
f 3329/3329 3328/3328 3327/3327
f 3329/3329 3330/3330 3328/3328
f 3331/3331 3332/3332 3333/3333
f 3331/3331 3334/3334 3332/3332
f 3335/3335 3334/3334 3331/3331
f 3335/3335 3336/3336 3334/3334
f 3332/3332 3334/3334 3336/3336
f 3337/3337 3336/3336 3335/3335
f 3337/3337 3338/3338 3336/3336
f 3332/3332 3336/3336 3338/3338
f 3332/3332 3338/3338 3339/3339
f 3332/3332 3339/3339 3340/3340
f 3341/3341 3342/3342 3343/3343
f 3343/3343 3344/3344 3341/3341
f 3343/3343 3345/3345 3344/3344
f 3343/3343 3346/3346 3345/3345
f 3347/3347 3348/3348 3349/3349
f 3347/3347 3349/3349 3350/3350
f 3351/3351 3352/3352 3353/3353
f 3351/3351 3353/3353 3354/3354
f 3355/3355 3356/3356 3357/3357
f 3355/3355 3357/3357 3358/3358
f 3359/3359 3360/3360 3361/3361
f 3359/3359 3361/3361 3362/3362
f 3363/3363 3364/3364 3365/3365
f 3363/3363 3366/3366 3364/3364
f 3366/3366 3367/3367 3364/3364
f 3366/3366 3368/3368 3367/3367
f 3369/3369 3367/3367 3368/3368
f 3369/3369 3370/3370 3367/3367
f 3371/3371 3372/3372 3373/3373
f 3371/3371 3373/3373 3374/3374
f 3373/3373 3375/3375 3374/3374
f 3376/3376 3377/3377 3378/3378
f 3376/3376 3379/3379 3377/3377
f 3376/3376 3380/3380 3379/3379
f 3381/3381 3382/3382 3383/3383
f 3381/3381 3383/3383 3384/3384
f 3385/3385 3386/3386 3387/3387
f 3385/3385 3388/3388 3386/3386
f 3389/3389 3386/3386 3388/3388
f 3389/3389 3388/3388 3390/3390
f 3391/3391 3392/3392 3393/3393
f 3391/3391 3394/3394 3392/3392
f 3394/3394 3395/3395 3392/3392
f 3394/3394 3396/3396 3395/3395
f 3397/3397 3398/3398 3399/3399
f 3397/3397 3399/3399 3400/3400
f 3401/3401 3402/3402 3403/3403
f 3401/3401 3404/3404 3402/3402
f 3405/3405 3402/3402 3404/3404
f 3405/3405 3406/3406 3407/3407
f 3408/3408 3405/3405 3407/3407
f 3408/3408 3407/3407 3409/3409
f 3410/3410 3411/3411 3412/3412
f 3410/3410 3413/3413 3411/3411
f 3413/3413 3414/3414 3411/3411
f 3413/3413 3415/3415 3414/3414
f 3416/3416 3417/3417 3418/3418
f 3416/3416 3418/3418 3419/3419
f 3420/3420 3421/3421 3422/3422
f 3420/3420 3422/3422 3423/3423
f 3424/3424 3425/3425 3426/3426
f 3424/3424 3426/3426 3427/3427
f 3428/3428 3429/3429 3430/3430
f 3428/3428 3430/3430 3431/3431
f 3432/3432 3433/3433 3434/3434
f 3432/3432 3434/3434 3435/3435
f 3436/3436 3437/3437 3438/3438
f 3436/3436 3438/3438 3439/3439
f 3440/3440 3441/3441 3442/3442
f 3440/3440 3442/3442 3443/3443
f 3444/3444 3445/3445 3446/3446
f 3444/3444 3447/3447 3445/3445
f 3448/3448 3444/3444 3449/3449
f 3447/3447 3449/3449 3450/3450
f 3451/3451 3452/3452 3453/3453
f 3451/3451 3453/3453 3454/3454
f 3455/3455 3456/3456 3457/3457
f 3455/3455 3457/3457 3458/3458
f 3459/3459 3460/3460 3461/3461
f 3459/3459 3461/3461 3462/3462
f 3463/3463 3464/3464 3465/3465
f 3463/3463 3465/3465 3466/3466
f 3467/3467 3468/3468 3469/3469
f 3467/3467 3469/3469 3470/3470
f 3471/3471 3472/3472 3473/3473
f 3471/3471 3473/3473 3474/3474
f 3475/3475 3476/3476 3477/3477
f 3475/3475 3477/3477 3478/3478
f 3479/3479 3480/3480 3481/3481
f 3479/3479 3481/3481 3482/3482
f 3483/3483 3484/3484 3485/3485
f 3483/3483 3485/3485 3486/3486
f 3487/3487 3488/3488 3489/3489
f 3487/3487 3489/3489 3490/3490
f 3491/3491 3492/3492 3493/3493
f 3491/3491 3493/3493 3494/3494
f 3495/3495 3496/3496 3497/3497
f 3495/3495 3497/3497 3498/3498
f 3499/3499 3500/3500 3501/3501
f 3499/3499 3501/3501 3502/3502
f 3503/3503 3504/3504 3505/3505
f 3503/3503 3505/3505 3506/3506
f 3507/3507 3508/3508 3509/3509
f 3507/3507 3509/3509 3510/3510
f 3511/3511 3512/3512 3513/3513
f 3511/3511 3514/3514 3512/3512
f 3514/3514 3511/3511 3515/3515
f 3514/3514 3515/3515 3516/3516
f 3517/3517 3518/3518 3519/3519
f 3517/3517 3519/3519 3520/3520
f 3521/3521 3522/3522 3523/3523
f 3521/3521 3523/3523 3524/3524
f 3525/3525 3526/3526 3527/3527
f 3525/3525 3527/3527 3528/3528
f 3529/3529 3530/3530 3531/3531
f 3529/3529 3532/3532 3530/3530
f 3530/3530 3532/3532 3533/3533
f 3530/3530 3533/3533 3534/3534
f 3535/3535 3536/3536 3537/3537
f 3535/3535 3537/3537 3538/3538
f 3539/3539 3540/3540 3541/3541
f 3539/3539 3541/3541 3542/3542
f 3543/3543 3544/3544 3545/3545
f 3543/3543 3545/3545 3546/3546
f 3547/3547 3548/3548 3549/3549
f 3547/3547 3549/3549 3550/3550
f 3551/3551 3552/3552 3553/3553
f 3551/3551 3553/3553 3554/3554
f 3555/3555 3556/3556 3557/3557
f 3555/3555 3557/3557 3558/3558
f 3559/3559 3560/3560 3561/3561
f 3559/3559 3561/3561 3562/3562
f 3563/3563 3564/3564 3565/3565
f 3563/3563 3565/3565 3566/3566
f 3567/3567 3568/3568 3569/3569
f 3567/3567 3569/3569 3570/3570
f 3571/3571 3572/3572 3573/3573
f 3571/3571 3573/3573 3574/3574
f 3575/3575 3576/3576 3577/3577
f 3575/3575 3577/3577 3578/3578
f 3579/3579 3580/3580 3581/3581
f 3579/3579 3581/3581 3582/3582
f 3583/3583 3584/3584 3585/3585
f 3583/3583 3585/3585 3586/3586
f 3587/3587 3588/3588 3589/3589
f 3587/3587 3590/3590 3588/3588
f 3591/3591 3587/3587 3592/3592
f 3590/3590 3592/3592 3593/3593
f 3594/3594 3595/3595 3596/3596
f 3594/3594 3596/3596 3597/3597
f 3598/3598 3599/3599 3600/3600
f 3598/3598 3600/3600 3601/3601
f 3602/3602 3603/3603 3604/3604
f 3602/3602 3604/3604 3605/3605
f 3606/3606 3607/3607 3608/3608
f 3606/3606 3608/3608 3609/3609
f 3610/3610 3611/3611 3612/3612
f 3610/3610 3612/3612 3613/3613
f 3614/3614 3615/3615 3616/3616
f 3614/3614 3616/3616 3617/3617
f 3618/3618 3619/3619 3620/3620
f 3618/3618 3620/3620 3621/3621
f 3622/3622 3623/3623 3624/3624
f 3622/3622 3624/3624 3625/3625
f 3626/3626 3627/3627 3628/3628
f 3626/3626 3628/3628 3629/3629
f 3630/3630 3631/3631 3632/3632
f 3630/3630 3632/3632 3633/3633
f 3634/3634 3635/3635 3636/3636
f 3634/3634 3636/3636 3637/3637
f 3638/3638 3639/3639 3640/3640
f 3638/3638 3640/3640 3641/3641
f 3642/3642 3643/3643 3644/3644
f 3642/3642 3644/3644 3645/3645
f 3646/3646 3647/3647 3648/3648
f 3646/3646 3648/3648 3649/3649
f 3650/3650 3651/3651 3652/3652
f 3650/3650 3652/3652 3653/3653
f 3654/3654 3655/3655 3656/3656
f 3654/3654 3657/3657 3655/3655
f 3657/3657 3654/3654 3658/3658
f 3657/3657 3658/3658 3659/3659
f 3660/3660 3661/3661 3662/3662
f 3660/3660 3662/3662 3663/3663
f 3664/3664 3665/3665 3666/3666
f 3664/3664 3666/3666 3667/3667
f 3668/3668 3669/3669 3670/3670
f 3668/3668 3670/3670 3671/3671
f 3672/3672 3673/3673 3674/3674
f 3672/3672 3675/3675 3673/3673
f 3673/3673 3675/3675 3676/3676
f 3673/3673 3676/3676 3677/3677
f 3678/3678 3679/3679 3680/3680
f 3678/3678 3680/3680 3681/3681
f 3682/3682 3683/3683 3684/3684
f 3682/3682 3684/3684 3685/3685
f 3686/3686 3687/3687 3688/3688
f 3686/3686 3688/3688 3689/3689
f 3690/3690 3691/3691 3692/3692
f 3690/3690 3692/3692 3693/3693
f 3694/3694 3695/3695 3696/3696
f 3694/3694 3696/3696 3697/3697
f 3698/3698 3699/3699 3700/3700
f 3698/3698 3701/3701 3699/3699
f 3701/3701 3702/3702 3699/3699
f 3701/3701 3703/3703 3702/3702
f 3704/3704 3702/3702 3703/3703
f 3704/3704 3705/3705 3702/3702
f 3706/3706 3707/3707 3708/3708
f 3706/3706 3708/3708 3709/3709
f 3708/3708 3710/3710 3709/3709
f 3711/3711 3712/3712 3713/3713
f 3711/3711 3714/3714 3712/3712
f 3711/3711 3715/3715 3714/3714
f 3716/3716 3717/3717 3718/3718
f 3716/3716 3718/3718 3719/3719
f 3720/3720 3721/3721 3722/3722
f 3720/3720 3723/3723 3721/3721
f 3724/3724 3721/3721 3723/3723
f 3724/3724 3723/3723 3725/3725
f 3726/3726 3727/3727 3728/3728
f 3726/3726 3729/3729 3727/3727
f 3729/3729 3730/3730 3727/3727
f 3729/3729 3731/3731 3730/3730
f 3732/3732 3733/3733 3734/3734
f 3732/3732 3734/3734 3735/3735
f 3736/3736 3737/3737 3738/3738
f 3736/3736 3739/3739 3737/3737
f 3740/3740 3737/3737 3739/3739
f 3740/3740 3741/3741 3742/3742
f 3743/3743 3740/3740 3742/3742
f 3743/3743 3742/3742 3744/3744
f 3745/3745 3746/3746 3747/3747
f 3745/3745 3747/3747 3748/3748
f 3749/3749 3750/3750 3751/3751
f 3749/3749 3751/3751 3752/3752
f 3753/3753 3754/3754 3755/3755
f 3753/3753 3755/3755 3756/3756
f 3757/3757 3758/3758 3759/3759
f 3757/3757 3759/3759 3760/3760
f 3761/3761 3762/3762 3763/3763
f 3761/3761 3763/3763 3764/3764
f 3765/3765 3766/3766 3767/3767
f 3765/3765 3767/3767 3768/3768
f 3769/3769 3770/3770 3771/3771
f 3769/3769 3771/3771 3772/3772
f 3773/3773 3774/3774 3775/3775
f 3773/3773 3775/3775 3776/3776
f 3777/3777 3778/3778 3779/3779
f 3777/3777 3779/3779 3780/3780
f 3781/3781 3782/3782 3783/3783
f 3781/3781 3783/3783 3784/3784
f 3785/3785 3786/3786 3787/3787
f 3785/3785 3787/3787 3788/3788
f 3789/3789 3790/3790 3791/3791
f 3791/3791 3792/3792 3789/3789
f 3792/3792 3793/3793 3789/3789
f 3792/3792 3794/3794 3793/3793
f 3794/3794 3795/3795 3793/3793
f 3794/3794 3796/3796 3795/3795
f 3797/3797 3798/3798 3799/3799
f 3799/3799 3800/3800 3797/3797
f 3799/3799 3801/3801 3800/3800
f 3801/3801 3802/3802 3800/3800
f 3801/3801 3803/3803 3802/3802
f 3803/3803 3804/3804 3802/3802
f 3805/3805 3806/3806 3807/3807
f 3805/3805 3807/3807 3808/3808
f 3809/3809 3810/3810 3811/3811
f 3809/3809 3811/3811 3812/3812
f 3811/3811 3813/3813 3812/3812
f 3814/3814 3815/3815 3816/3816
f 3814/3814 3816/3816 3817/3817
f 3818/3818 3819/3819 3820/3820
f 3818/3818 3821/3821 3819/3819
f 3818/3818 3822/3822 3821/3821
f 3823/3823 3824/3824 3825/3825
f 3823/3823 3825/3825 3826/3826
f 3827/3827 3828/3828 3829/3829
f 3827/3827 3829/3829 3830/3830
f 3831/3831 3832/3832 3833/3833
f 3831/3831 3833/3833 3834/3834
f 3835/3835 3836/3836 3837/3837
f 3835/3835 3837/3837 3838/3838
f 3837/3837 3839/3839 3838/3838
f 3840/3840 3841/3841 3842/3842
f 3840/3840 3842/3842 3843/3843
f 3844/3844 3845/3845 3846/3846
f 3844/3844 3847/3847 3845/3845
f 3844/3844 3848/3848 3847/3847
f 3849/3849 3850/3850 3851/3851
f 3849/3849 3851/3851 3852/3852
f 3853/3853 3854/3854 3855/3855
f 3853/3853 3855/3855 3856/3856
f 3857/3857 3858/3858 3859/3859
f 3857/3857 3859/3859 3860/3860
f 3861/3861 3862/3862 3863/3863
f 3861/3861 3863/3863 3864/3864
f 3865/3865 3866/3866 3867/3867
f 3865/3865 3867/3867 3868/3868
f 3869/3869 3870/3870 3871/3871
f 3869/3869 3871/3871 3872/3872
f 3873/3873 3874/3874 3875/3875
f 3873/3873 3875/3875 3876/3876
f 3877/3877 3878/3878 3879/3879
f 3877/3877 3879/3879 3880/3880
f 3881/3881 3882/3882 3883/3883
f 3881/3881 3883/3883 3884/3884
f 3885/3885 3886/3886 3887/3887
f 3885/3885 3887/3887 3888/3888
f 3889/3889 3890/3890 3891/3891
f 3891/3891 3892/3892 3889/3889
f 3892/3892 3893/3893 3889/3889
f 3892/3892 3894/3894 3893/3893
f 3894/3894 3895/3895 3893/3893
f 3894/3894 3896/3896 3895/3895
f 3897/3897 3898/3898 3899/3899
f 3899/3899 3900/3900 3897/3897
f 3899/3899 3901/3901 3900/3900
f 3901/3901 3902/3902 3900/3900
f 3901/3901 3903/3903 3902/3902
f 3903/3903 3904/3904 3902/3902
f 3905/3905 3906/3906 3907/3907
f 3905/3905 3907/3907 3908/3908
f 3909/3909 3910/3910 3911/3911
f 3909/3909 3911/3911 3912/3912
f 3911/3911 3913/3913 3912/3912
f 3914/3914 3915/3915 3916/3916
f 3914/3914 3916/3916 3917/3917
f 3918/3918 3919/3919 3920/3920
f 3918/3918 3921/3921 3919/3919
f 3918/3918 3922/3922 3921/3921
f 3923/3923 3924/3924 3925/3925
f 3923/3923 3925/3925 3926/3926
f 3927/3927 3928/3928 3929/3929
f 3927/3927 3929/3929 3930/3930
f 3931/3931 3932/3932 3933/3933
f 3931/3931 3933/3933 3934/3934
f 3935/3935 3936/3936 3937/3937
f 3935/3935 3937/3937 3938/3938
f 3937/3937 3939/3939 3938/3938
f 3940/3940 3941/3941 3942/3942
f 3940/3940 3942/3942 3943/3943
f 3944/3944 3945/3945 3946/3946
f 3944/3944 3947/3947 3945/3945
f 3944/3944 3948/3948 3947/3947
f 3949/3949 3950/3950 3951/3951
f 3949/3949 3951/3951 3952/3952
f 3953/3953 3954/3954 3955/3955
f 3953/3953 3955/3955 3956/3956
f 3957/3957 3958/3958 3959/3959
f 3957/3957 3959/3959 3960/3960
f 3961/3961 3962/3962 3963/3963
f 3961/3961 3963/3963 3964/3964
f 3965/3965 3966/3966 3967/3967
f 3965/3965 3967/3967 3968/3968
f 3969/3969 3970/3970 3971/3971
f 3969/3969 3971/3971 3972/3972
f 3973/3973 3974/3974 3975/3975
f 3973/3973 3975/3975 3976/3976
f 3977/3977 3978/3978 3979/3979
f 3977/3977 3979/3979 3980/3980
f 3981/3981 3982/3982 3983/3983
f 3981/3981 3983/3983 3984/3984
f 3985/3985 3986/3986 3987/3987
f 3985/3985 3987/3987 3988/3988
f 3989/3989 3990/3990 3991/3991
f 3989/3989 3991/3991 3992/3992
f 3993/3993 3994/3994 3995/3995
f 3993/3993 3995/3995 3996/3996
f 3997/3997 3998/3998 3999/3999
f 3997/3997 3999/3999 4000/4000
f 4001/4001 4002/4002 4003/4003
f 4001/4001 4003/4003 4004/4004
f 4005/4005 4006/4006 4007/4007
f 4005/4005 4007/4007 4008/4008
f 4009/4009 4010/4010 4011/4011
f 4009/4009 4011/4011 4012/4012
f 4013/4013 4014/4014 4015/4015
f 4013/4013 4015/4015 4016/4016
f 4017/4017 4018/4018 4019/4019
f 4017/4017 4019/4019 4020/4020
f 4021/4021 4022/4022 4023/4023
f 4021/4021 4023/4023 4024/4024
f 4025/4025 4026/4026 4027/4027
f 4025/4025 4027/4027 4028/4028
f 4029/4029 4030/4030 4031/4031
f 4029/4029 4031/4031 4032/4032
f 4033/4033 4034/4034 4035/4035
f 4033/4033 4035/4035 4036/4036
f 4037/4037 4038/4038 4039/4039
f 4037/4037 4039/4039 4040/4040
f 4041/4041 4042/4042 4043/4043
f 4041/4041 4043/4043 4044/4044
f 4045/4045 4046/4046 4047/4047
f 4045/4045 4047/4047 4048/4048
f 4049/4049 4050/4050 4051/4051
f 4049/4049 4051/4051 4052/4052
f 4053/4053 4054/4054 4055/4055
f 4053/4053 4055/4055 4056/4056
f 4057/4057 4058/4058 4059/4059
f 4057/4057 4059/4059 4060/4060
f 4061/4061 4062/4062 4063/4063
f 4061/4061 4063/4063 4064/4064
f 4065/4065 4066/4066 4067/4067
f 4065/4065 4067/4067 4068/4068
f 4069/4069 4070/4070 4071/4071
f 4069/4069 4071/4071 4072/4072
f 4073/4073 4074/4074 4075/4075
f 4073/4073 4075/4075 4076/4076
f 4077/4077 4078/4078 4079/4079
f 4077/4077 4079/4079 4080/4080
f 4081/4081 4082/4082 4083/4083
f 4081/4081 4083/4083 4084/4084
f 4085/4085 4086/4086 4087/4087
f 4085/4085 4087/4087 4088/4088
f 4085/4085 4088/4088 4089/4089
f 4090/4090 4091/4091 4092/4092
f 4090/4090 4092/4092 4093/4093
f 4094/4094 4095/4095 4096/4096
f 4094/4094 4096/4096 4097/4097
f 4098/4098 4099/4099 4100/4100
f 4098/4098 4101/4101 4099/4099
f 4102/4102 4101/4101 4098/4098
f 4103/4103 4104/4104 4105/4105
f 4103/4103 4105/4105 4106/4106
f 4103/4103 4106/4106 4107/4107
f 4108/4108 4109/4109 4110/4110
f 4108/4108 4110/4110 4111/4111
f 4112/4112 4113/4113 4114/4114
f 4112/4112 4114/4114 4115/4115
f 4116/4116 4117/4117 4118/4118
f 4116/4116 4119/4119 4117/4117
f 4120/4120 4119/4119 4116/4116
f 4121/4121 4122/4122 4123/4123
f 4121/4121 4123/4123 4124/4124
f 4121/4121 4124/4124 4125/4125
f 4121/4121 4125/4125 4126/4126
f 4126/4126 4125/4125 4127/4127
f 4126/4126 4127/4127 4128/4128
f 4129/4129 4130/4130 4131/4131
f 4129/4129 4131/4131 4132/4132
f 4133/4133 4134/4134 4135/4135
f 4133/4133 4135/4135 4136/4136
f 4137/4137 4138/4138 4139/4139
f 4137/4137 4139/4139 4140/4140
f 4141/4141 4142/4142 4143/4143
f 4141/4141 4144/4144 4142/4142
f 4145/4145 4141/4141 4146/4146
f 4144/4144 4146/4146 4147/4147
f 4148/4148 4149/4149 4150/4150
f 4148/4148 4150/4150 4151/4151
f 4152/4152 4153/4153 4154/4154
f 4152/4152 4154/4154 4155/4155
f 4156/4156 4157/4157 4158/4158
f 4156/4156 4158/4158 4159/4159
f 4160/4160 4161/4161 4162/4162
f 4160/4160 4162/4162 4163/4163
f 4164/4164 4165/4165 4166/4166
f 4164/4164 4166/4166 4167/4167
f 4168/4168 4169/4169 4170/4170
f 4168/4168 4170/4170 4171/4171
f 4172/4172 4173/4173 4174/4174
f 4172/4172 4174/4174 4175/4175
f 4176/4176 4177/4177 4178/4178
f 4176/4176 4178/4178 4179/4179
f 4180/4180 4181/4181 4182/4182
f 4180/4180 4182/4182 4183/4183
f 4184/4184 4185/4185 4186/4186
f 4184/4184 4186/4186 4187/4187
f 4188/4188 4189/4189 4190/4190
f 4188/4188 4191/4191 4189/4189
f 4192/4192 4189/4189 4191/4191
f 4192/4192 4191/4191 4193/4193
f 4194/4194 4195/4195 4196/4196
f 4194/4194 4196/4196 4197/4197
f 4198/4198 4199/4199 4200/4200
f 4198/4198 4201/4201 4199/4199
f 4202/4202 4199/4199 4201/4201
f 4202/4202 4201/4201 4203/4203
f 4204/4204 4205/4205 4206/4206
f 4204/4204 4206/4206 4207/4207
f 4208/4208 4209/4209 4210/4210
f 4208/4208 4210/4210 4211/4211
f 4212/4212 4213/4213 4214/4214
f 4212/4212 4214/4214 4215/4215
f 4216/4216 4217/4217 4218/4218
f 4216/4216 4218/4218 4219/4219
f 4220/4220 4221/4221 4222/4222
f 4220/4220 4222/4222 4223/4223
f 4224/4224 4225/4225 4226/4226
f 4226/4226 4227/4227 4224/4224
f 4226/4226 4228/4228 4227/4227
f 4229/4229 4230/4230 4231/4231
f 4229/4229 4231/4231 4232/4232
f 4233/4233 4234/4234 4235/4235
f 4233/4233 4235/4235 4236/4236
f 4237/4237 4238/4238 4239/4239
f 4237/4237 4239/4239 4240/4240
f 4241/4241 4242/4242 4243/4243
f 4241/4241 4243/4243 4244/4244
f 4245/4245 4246/4246 4247/4247
f 4245/4245 4247/4247 4248/4248
f 4249/4249 4250/4250 4251/4251
f 4251/4251 4252/4252 4249/4249
f 4252/4252 4253/4253 4249/4249
f 4252/4252 4254/4254 4253/4253
f 4254/4254 4255/4255 4253/4253
f 4254/4254 4256/4256 4255/4255
f 4256/4256 4257/4257 4255/4255
f 4256/4256 4258/4258 4257/4257
f 4259/4259 4260/4260 4261/4261
f 4259/4259 4261/4261 4262/4262
f 4263/4263 4264/4264 4265/4265
f 4263/4263 4265/4265 4266/4266
f 4266/4266 4265/4265 4267/4267
f 4266/4266 4267/4267 4268/4268
f 4268/4268 4267/4267 4269/4269
f 4268/4268 4269/4269 4270/4270
f 4270/4270 4269/4269 4271/4271
f 4270/4270 4271/4271 4272/4272
f 4272/4272 4271/4271 4273/4273
f 4272/4272 4273/4273 4274/4274
f 4274/4274 4273/4273 4275/4275
f 4274/4274 4275/4275 4276/4276
f 4276/4276 4275/4275 4277/4277
f 4276/4276 4277/4277 4278/4278
f 4278/4278 4277/4277 4279/4279
f 4278/4278 4279/4279 4280/4280
f 4280/4280 4279/4279 4281/4281
f 4280/4280 4281/4281 4282/4282
f 4283/4283 4284/4284 4285/4285
f 4283/4283 4285/4285 4286/4286
f 4287/4287 4288/4288 4289/4289
f 4287/4287 4289/4289 4290/4290
f 4289/4289 4291/4291 4290/4290
f 4289/4289 4292/4292 4291/4291
f 4293/4293 4294/4294 4295/4295
f 4293/4293 4296/4296 4294/4294
f 4293/4293 4297/4297 4296/4296
f 4293/4293 4298/4298 4297/4297
f 4299/4299 4300/4300 4301/4301
f 4299/4299 4301/4301 4302/4302
f 4303/4303 4304/4304 4305/4305
f 4303/4303 4305/4305 4306/4306
f 4307/4307 4308/4308 4309/4309
f 4307/4307 4309/4309 4310/4310
f 4311/4311 4312/4312 4313/4313
f 4311/4311 4313/4313 4314/4314
f 4315/4315 4316/4316 4317/4317
f 4315/4315 4317/4317 4318/4318
f 4319/4319 4320/4320 4321/4321
f 4319/4319 4321/4321 4322/4322
f 4323/4323 4324/4324 4325/4325
f 4323/4323 4325/4325 4326/4326
f 4326/4326 4327/4327 4323/4323
f 4326/4326 4328/4328 4327/4327
f 4328/4328 4329/4329 4327/4327
f 4328/4328 4330/4330 4329/4329
f 4331/4331 4332/4332 4333/4333
f 4331/4331 4333/4333 4334/4334
f 4335/4335 4336/4336 4337/4337
f 4335/4335 4337/4337 4338/4338
f 4339/4339 4340/4340 4341/4341
f 4339/4339 4341/4341 4342/4342
f 4343/4343 4342/4342 4341/4341
f 4343/4343 4344/4344 4342/4342
f 4345/4345 4346/4346 4347/4347
f 4345/4345 4348/4348 4346/4346
f 4349/4349 4348/4348 4345/4345
f 4349/4349 4350/4350 4348/4348
f 4351/4351 4352/4352 4353/4353
f 4352/4352 4354/4354 4353/4353
f 4355/4355 4356/4356 4357/4357
f 4355/4355 4358/4358 4356/4356
f 4358/4358 4359/4359 4356/4356
f 4358/4358 4360/4360 4359/4359
f 4361/4361 4362/4362 4363/4363
f 4361/4361 4363/4363 4364/4364
f 4365/4365 4366/4366 4367/4367
f 4365/4365 4367/4367 4368/4368
f 4369/4369 4370/4370 4371/4371
f 4369/4369 4372/4372 4370/4370
f 4372/4372 4369/4369 4373/4373
f 4372/4372 4373/4373 4374/4374
f 4374/4374 4375/4375 4372/4372
f 4374/4374 4376/4376 4375/4375
f 4374/4374 4373/4373 4377/4377
f 4374/4374 4377/4377 4378/4378
f 4379/4379 4380/4380 4381/4381
f 4379/4379 4381/4381 4382/4382
f 4383/4383 4384/4384 4385/4385
f 4384/4384 4386/4386 4385/4385
f 4387/4387 4388/4388 4389/4389
f 4387/4387 4389/4389 4390/4390
f 4391/4391 4392/4392 4393/4393
f 4393/4393 4394/4394 4391/4391
f 4393/4393 4395/4395 4394/4394
f 4396/4396 4397/4397 4398/4398
f 4396/4396 4398/4398 4399/4399
f 4400/4400 4401/4401 4402/4402
f 4400/4400 4402/4402 4403/4403
f 4404/4404 4405/4405 4406/4406
f 4404/4404 4406/4406 4407/4407
f 4408/4408 4409/4409 4410/4410
f 4410/4410 4411/4411 4408/4408
f 4411/4411 4412/4412 4408/4408
f 4413/4413 4414/4414 4415/4415
f 4413/4413 4415/4415 4416/4416
f 4417/4417 4418/4418 4419/4419
f 4417/4417 4419/4419 4420/4420
f 4421/4421 4422/4422 4423/4423
f 4421/4421 4423/4423 4424/4424
f 4425/4425 4426/4426 4427/4427
f 4425/4425 4428/4428 4426/4426
f 4425/4425 4429/4429 4428/4428
f 4430/4430 4431/4431 4432/4432
f 4430/4430 4432/4432 4433/4433
f 4434/4434 4430/4430 4433/4433
f 4434/4434 4435/4435 4430/4430
f 4436/4436 4435/4435 4434/4434
f 4436/4436 4437/4437 4435/4435
f 4434/4434 4438/4438 4436/4436
f 4438/4438 4434/4434 4439/4439
f 4436/4436 4438/4438 4440/4440
f 4438/4438 4439/4439 4440/4440
f 4440/4440 4441/4441 4436/4436
f 4436/4436 4441/4441 4437/4437
f 4439/4439 4442/4442 4440/4440
f 4443/4443 4437/4437 4441/4441
f 4443/4443 4444/4444 4437/4437
f 4443/4443 4445/4445 4444/4444
f 4442/4442 4439/4439 4446/4446
f 4442/4442 4446/4446 4447/4447
f 4445/4445 4448/4448 4444/4444
f 4445/4445 4449/4449 4448/4448
f 4450/4450 4448/4448 4449/4449
f 4450/4450 4451/4451 4448/4448
f 4451/4451 4450/4450 4452/4452
f 4453/4453 4447/4447 4446/4446
f 4453/4453 4446/4446 4454/4454
f 4452/4452 4455/4455 4451/4451
f 4456/4456 4453/4453 4454/4454
f 4456/4456 4457/4457 4453/4453
f 4457/4457 4456/4456 4458/4458
f 4458/4458 4455/4455 4452/4452
f 4458/4458 4456/4456 4459/4459
f 4458/4458 4459/4459 4455/4455
f 4460/4460 4455/4455 4459/4459
f 4460/4460 4461/4461 4455/4455
f 4462/4462 4461/4461 4460/4460
f 4460/4460 4463/4463 4462/4462
f 4460/4460 4464/4464 4463/4463
f 4465/4465 4466/4466 4467/4467
f 4465/4465 4468/4468 4466/4466
f 4468/4468 4465/4465 4469/4469
f 4470/4470 4468/4468 4469/4469
f 4469/4469 4471/4471 4470/4470
f 4472/4472 4470/4470 4471/4471
f 4472/4472 4473/4473 4470/4470
f 4474/4474 4475/4475 4476/4476
f 4474/4474 4476/4476 4477/4477
f 4478/4478 4477/4477 4476/4476
f 4478/4478 4476/4476 4479/4479
f 4479/4479 4480/4480 4478/4478
f 4480/4480 4479/4479 4481/4481
f 4480/4480 4481/4481 4482/4482
f 4483/4483 4484/4484 4485/4485
f 4483/4483 4485/4485 4486/4486
f 4487/4487 4488/4488 4489/4489
f 4487/4487 4490/4490 4488/4488
f 4491/4491 4490/4490 4487/4487
f 4491/4491 4492/4492 4490/4490
f 4493/4493 4492/4492 4491/4491
f 4493/4493 4494/4494 4492/4492
f 4495/4495 4494/4494 4493/4493
f 4495/4495 4496/4496 4494/4494
f 4497/4497 4498/4498 4499/4499
f 4497/4497 4500/4500 4498/4498
f 4501/4501 4500/4500 4497/4497
f 4501/4501 4502/4502 4500/4500
f 4503/4503 4502/4502 4501/4501
f 4503/4503 4504/4504 4502/4502
f 4505/4505 4504/4504 4503/4503
f 4505/4505 4506/4506 4504/4504
f 4507/4507 4508/4508 4509/4509
f 4507/4507 4509/4509 4510/4510
f 4510/4510 4509/4509 4511/4511
f 4510/4510 4511/4511 4512/4512
f 4512/4512 4511/4511 4513/4513
f 4512/4512 4513/4513 4514/4514
f 4514/4514 4513/4513 4515/4515
f 4514/4514 4515/4515 4516/4516
f 4517/4517 4518/4518 4519/4519
f 4517/4517 4519/4519 4520/4520
f 4520/4520 4521/4521 4517/4517
f 4521/4521 4520/4520 4522/4522
f 4521/4521 4522/4522 4523/4523
f 4523/4523 4522/4522 4524/4524
f 4523/4523 4524/4524 4525/4525
f 4526/4526 4527/4527 4528/4528
f 4526/4526 4529/4529 4527/4527
f 4530/4530 4529/4529 4526/4526
f 4530/4530 4531/4531 4529/4529
f 4532/4532 4531/4531 4530/4530
f 4532/4532 4533/4533 4531/4531
f 4534/4534 4535/4535 4536/4536
f 4534/4534 4536/4536 4537/4537
f 4538/4538 4539/4539 4540/4540
f 4538/4538 4541/4541 4539/4539
f 4542/4542 4541/4541 4538/4538
f 4542/4542 4543/4543 4541/4541
f 4544/4544 4543/4543 4542/4542
f 4544/4544 4545/4545 4543/4543
f 4546/4546 4545/4545 4544/4544
f 4546/4546 4547/4547 4545/4545
f 4548/4548 4549/4549 4550/4550
f 4548/4548 4550/4550 4551/4551
f 4551/4551 4550/4550 4552/4552
f 4551/4551 4552/4552 4553/4553
f 4553/4553 4552/4552 4554/4554
f 4553/4553 4554/4554 4555/4555
f 4555/4555 4554/4554 4556/4556
f 4555/4555 4556/4556 4557/4557
f 4558/4558 4559/4559 4560/4560
f 4558/4558 4561/4561 4559/4559
f 4562/4562 4561/4561 4558/4558
f 4562/4562 4563/4563 4561/4561
f 4564/4564 4563/4563 4562/4562
f 4564/4564 4565/4565 4563/4563
f 4566/4566 4565/4565 4564/4564
f 4566/4566 4567/4567 4565/4565
f 4568/4568 4569/4569 4570/4570
f 4571/4571 4569/4569 4568/4568
f 4568/4568 4572/4572 4571/4571
f 4568/4568 4573/4573 4572/4572
f 4573/4573 4574/4574 4572/4572
f 4573/4573 4575/4575 4574/4574
f 4575/4575 4573/4573 4576/4576
f 4576/4576 4577/4577 4575/4575
f 4576/4576 4578/4578 4577/4577
f 4579/4579 4578/4578 4576/4576
f 4579/4579 4580/4580 4578/4578
f 4581/4581 4582/4582 4583/4583
f 4581/4581 4583/4583 4584/4584
f 4584/4584 4585/4585 4581/4581
f 4585/4585 4586/4586 4581/4581
f 4585/4585 4587/4587 4586/4586
f 4587/4587 4588/4588 4586/4586
f 4589/4589 4586/4586 4588/4588
f 4588/4588 4590/4590 4589/4589
f 4590/4590 4591/4591 4589/4589
f 4589/4589 4591/4591 4592/4592
f 4589/4589 4592/4592 4593/4593
f 4594/4594 4595/4595 4596/4596
f 4594/4594 4596/4596 4597/4597
f 4598/4598 4594/4594 4597/4597
f 4598/4598 4599/4599 4594/4594
f 4599/4599 4598/4598 4600/4600
f 4598/4598 4601/4601 4600/4600
f 4599/4599 4600/4600 4602/4602
f 4601/4601 4603/4603 4600/4600
f 4599/4599 4602/4602 4604/4604
f 4605/4605 4604/4604 4602/4602
f 4604/4604 4605/4605 4606/4606
f 4604/4604 4606/4606 4607/4607
f 4608/4608 4607/4607 4606/4606
f 4608/4608 4609/4609 4607/4607
f 4609/4609 4608/4608 4610/4610
f 4603/4603 4601/4601 4611/4611
f 4603/4603 4611/4611 4612/4612
f 4611/4611 4613/4613 4612/4612
f 4611/4611 4614/4614 4613/4613
f 4610/4610 4615/4615 4609/4609
f 4613/4613 4614/4614 4616/4616
f 4616/4616 4615/4615 4610/4610
f 4614/4614 4617/4617 4616/4616
f 4616/4616 4617/4617 4615/4615
f 4615/4615 4617/4617 4618/4618
f 4615/4615 4618/4618 4619/4619
f 4618/4618 4620/4620 4619/4619
f 4618/4618 4621/4621 4620/4620
f 4622/4622 4623/4623 4624/4624
f 4622/4622 4624/4624 4625/4625
f 4625/4625 4624/4624 4626/4626
f 4626/4626 4627/4627 4625/4625
f 4626/4626 4628/4628 4627/4627
f 4628/4628 4626/4626 4629/4629
f 4628/4628 4629/4629 4630/4630
f 4631/4631 4632/4632 4633/4633
f 4631/4631 4634/4634 4632/4632
f 4635/4635 4634/4634 4631/4631
f 4631/4631 4636/4636 4635/4635
f 4636/4636 4637/4637 4635/4635
f 4638/4638 4635/4635 4637/4637
f 4638/4638 4639/4639 4635/4635
f 4640/4640 4641/4641 4642/4642
f 4640/4640 4643/4643 4641/4641
f 4643/4643 4640/4640 4644/4644
f 4645/4645 4643/4643 4644/4644
f 4644/4644 4646/4646 4645/4645
f 4647/4647 4645/4645 4646/4646
f 4647/4647 4648/4648 4645/4645
f 4649/4649 4650/4650 4651/4651
f 4649/4649 4651/4651 4652/4652
f 4653/4653 4652/4652 4651/4651
f 4653/4653 4651/4651 4654/4654
f 4654/4654 4655/4655 4653/4653
f 4655/4655 4654/4654 4656/4656
f 4655/4655 4656/4656 4657/4657
f 4658/4658 4659/4659 4660/4660
f 4658/4658 4660/4660 4661/4661
f 4662/4662 4663/4663 4664/4664
f 4662/4662 4664/4664 4665/4665
f 4666/4666 4667/4667 4668/4668
f 4666/4666 4669/4669 4667/4667
f 4670/4670 4669/4669 4666/4666
f 4666/4666 4671/4671 4670/4670
f 4671/4671 4672/4672 4670/4670
f 4670/4670 4672/4672 4673/4673
f 4670/4670 4673/4673 4674/4674
f 4675/4675 4676/4676 4677/4677
f 4675/4675 4677/4677 4678/4678
f 4678/4678 4679/4679 4675/4675
f 4679/4679 4678/4678 4680/4680
f 4679/4679 4680/4680 4681/4681
f 4681/4681 4680/4680 4682/4682
f 4681/4681 4682/4682 4683/4683
f 4684/4684 4685/4685 4686/4686
f 4684/4684 4686/4686 4687/4687
f 4687/4687 4686/4686 4688/4688
f 4687/4687 4688/4688 4689/4689
f 4689/4689 4688/4688 4690/4690
f 4689/4689 4690/4690 4691/4691
f 4692/4692 4693/4693 4694/4694
f 4692/4692 4695/4695 4693/4693
f 4696/4696 4695/4695 4692/4692
f 4696/4696 4697/4697 4695/4695
f 4698/4698 4699/4699 4700/4700
f 4698/4698 4700/4700 4701/4701
f 4702/4702 4703/4703 4704/4704
f 4702/4702 4704/4704 4705/4705
f 4706/4706 4707/4707 4708/4708
f 4706/4706 4708/4708 4709/4709
f 4710/4710 4711/4711 4712/4712
f 4710/4710 4712/4712 4713/4713
f 4714/4714 4715/4715 4716/4716
f 4714/4714 4716/4716 4717/4717
f 4718/4718 4719/4719 4720/4720
f 4718/4718 4720/4720 4721/4721
f 4722/4722 4718/4718 4721/4721
f 4722/4722 4721/4721 4723/4723
f 4723/4723 4724/4724 4722/4722
f 4724/4724 4723/4723 4725/4725
f 4718/4718 4722/4722 4726/4726
f 4726/4726 4727/4727 4718/4718
f 4724/4724 4725/4725 4728/4728
f 4728/4728 4729/4729 4724/4724
f 4728/4728 4730/4730 4729/4729
f 4730/4730 4728/4728 4731/4731
f 4730/4730 4731/4731 4732/4732
f 4732/4732 4731/4731 4733/4733
f 4732/4732 4733/4733 4734/4734
f 4734/4734 4733/4733 4735/4735
f 4734/4734 4735/4735 4736/4736
f 4736/4736 4735/4735 4737/4737
f 4736/4736 4737/4737 4738/4738
f 4739/4739 4738/4738 4737/4737
f 4724/4724 4729/4729 4740/4740
f 4741/4741 4739/4739 4737/4737
f 4742/4742 4739/4739 4741/4741
f 4737/4737 4743/4743 4741/4741
f 4741/4741 4744/4744 4742/4742
f 4745/4745 4742/4742 4744/4744
f 4745/4745 4746/4746 4742/4742
f 4746/4746 4745/4745 4747/4747
f 4746/4746 4747/4747 4748/4748
f 4749/4749 4748/4748 4747/4747
f 4749/4749 4750/4750 4748/4748
f 4751/4751 4750/4750 4749/4749
f 4751/4751 4740/4740 4750/4750
f 4740/4740 4751/4751 4724/4724
f 4751/4751 4752/4752 4724/4724
f 4753/4753 4724/4724 4752/4752
f 4753/4753 4754/4754 4724/4724
f 4755/4755 4754/4754 4753/4753
f 4754/4754 4755/4755 4756/4756
f 4756/4756 4757/4757 4754/4754
f 4758/4758 4757/4757 4756/4756
f 4759/4759 4757/4757 4758/4758
f 4741/4741 4757/4757 4759/4759
f 4760/4760 4741/4741 4759/4759
f 4759/4759 4761/4761 4760/4760
f 4741/4741 4760/4760 4761/4761
f 4741/4741 4761/4761 4744/4744
f 4762/4762 4763/4763 4741/4741
f 4763/4763 4762/4762 4764/4764
f 4765/4765 4763/4763 4764/4764
f 4762/4762 4741/4741 4766/4766
f 4743/4743 4766/4766 4741/4741
f 4767/4767 4766/4766 4743/4743
f 4743/4743 4768/4768 4767/4767
f 4743/4743 4769/4769 4768/4768
f 4770/4770 4768/4768 4769/4769
f 4770/4770 4771/4771 4768/4768
f 4771/4771 4770/4770 4772/4772
f 4771/4771 4772/4772 4773/4773
f 4774/4774 4773/4773 4772/4772
f 4774/4774 4775/4775 4773/4773
f 4776/4776 4775/4775 4774/4774
f 4776/4776 4777/4777 4775/4775
f 4777/4777 4776/4776 4725/4725
f 4778/4778 4777/4777 4725/4725
f 4725/4725 4723/4723 4778/4778
f 4778/4778 4723/4723 4779/4779
f 4779/4779 4780/4780 4778/4778
f 4723/4723 4781/4781 4779/4779
f 4780/4780 4782/4782 4778/4778
f 4783/4783 4782/4782 4780/4780
f 4783/4783 4784/4784 4782/4782
f 4784/4784 4783/4783 4785/4785
f 4784/4784 4785/4785 4786/4786
f 4787/4787 4786/4786 4785/4785
f 4787/4787 4788/4788 4786/4786
f 4781/4781 4723/4723 4789/4789
f 4790/4790 4788/4788 4787/4787
f 4790/4790 4791/4791 4788/4788
f 4767/4767 4791/4791 4790/4790
f 4767/4767 4790/4790 4792/4792
f 4792/4792 4766/4766 4767/4767
f 4766/4766 4792/4792 4793/4793
f 4766/4766 4793/4793 4794/4794
f 4794/4794 4795/4795 4766/4766
f 4796/4796 4795/4795 4794/4794
f 4796/4796 4789/4789 4795/4795
f 4781/4781 4789/4789 4797/4797
f 4796/4796 4798/4798 4789/4789
f 4797/4797 4789/4789 4798/4798
f 4797/4797 4798/4798 4796/4796
f 4799/4799 4800/4800 4801/4801
f 4799/4799 4801/4801 4802/4802
f 4803/4803 4804/4804 4805/4805
f 4806/4806 4803/4803 4805/4805
f 4807/4807 4803/4803 4806/4806
f 4803/4803 4807/4807 4808/4808
f 4803/4803 4808/4808 4809/4809
f 4803/4803 4809/4809 4810/4810
f 4810/4810 4809/4809 4811/4811
f 4811/4811 4809/4809 4812/4812
f 4812/4812 4809/4809 4813/4813
f 4814/4814 4815/4815 4816/4816
f 4814/4814 4817/4817 4815/4815
f 4817/4817 4814/4814 4818/4818
f 4819/4819 4820/4820 4821/4821
f 4819/4819 4821/4821 4822/4822
f 4823/4823 4824/4824 4825/4825
f 4823/4823 4825/4825 4826/4826
f 4827/4827 4828/4828 4829/4829
f 4828/4828 4827/4827 4830/4830
f 4828/4828 4830/4830 4831/4831
f 4832/4832 4833/4833 4834/4834
f 4832/4832 4834/4834 4835/4835
f 4836/4836 4832/4832 4835/4835
f 4836/4836 4835/4835 4837/4837
f 4838/4838 4836/4836 4837/4837
f 4838/4838 4837/4837 4839/4839
f 4840/4840 4838/4838 4839/4839
f 4840/4840 4839/4839 4841/4841
f 4842/4842 4840/4840 4841/4841
f 4842/4842 4841/4841 4843/4843
f 4844/4844 4842/4842 4843/4843
f 4844/4844 4843/4843 4845/4845
f 4846/4846 4844/4844 4845/4845
f 4846/4846 4845/4845 4847/4847
f 4848/4848 4846/4846 4847/4847
f 4848/4848 4847/4847 4849/4849
f 4850/4850 4848/4848 4849/4849
f 4850/4850 4849/4849 4851/4851
f 4852/4852 4850/4850 4851/4851
f 4852/4852 4851/4851 4853/4853
f 4854/4854 4852/4852 4853/4853
f 4854/4854 4853/4853 4855/4855
f 4856/4856 4857/4857 4858/4858
f 4856/4856 4858/4858 4859/4859
f 4860/4860 4856/4856 4859/4859
f 4860/4860 4859/4859 4861/4861
f 4862/4862 4860/4860 4861/4861
f 4862/4862 4861/4861 4863/4863
f 4864/4864 4862/4862 4863/4863
f 4864/4864 4863/4863 4865/4865
f 4866/4866 4864/4864 4865/4865
f 4866/4866 4865/4865 4867/4867
f 4868/4868 4866/4866 4867/4867
f 4868/4868 4867/4867 4869/4869
f 4870/4870 4868/4868 4869/4869
f 4870/4870 4869/4869 4871/4871
f 4872/4872 4870/4870 4871/4871
f 4872/4872 4871/4871 4873/4873
f 4874/4874 4872/4872 4873/4873
f 4874/4874 4873/4873 4875/4875
f 4876/4876 4874/4874 4875/4875
f 4876/4876 4875/4875 4877/4877
f 4878/4878 4876/4876 4877/4877
f 4878/4878 4877/4877 4879/4879
f 4880/4880 4881/4881 4882/4882
f 4880/4880 4883/4883 4881/4881
f 4884/4884 4883/4883 4880/4880
f 4884/4884 4885/4885 4883/4883
f 4886/4886 4885/4885 4884/4884
f 4886/4886 4887/4887 4885/4885
f 4888/4888 4889/4889 4890/4890
f 4888/4888 4890/4890 4891/4891
f 4891/4891 4890/4890 4892/4892
f 4891/4891 4892/4892 4893/4893
f 4893/4893 4892/4892 4894/4894
f 4893/4893 4894/4894 4895/4895
f 4895/4895 4894/4894 4896/4896
f 4895/4895 4896/4896 4897/4897
f 4898/4898 4899/4899 4900/4900
f 4898/4898 4900/4900 4901/4901
f 4901/4901 4900/4900 4902/4902
f 4901/4901 4902/4902 4903/4903
f 4903/4903 4902/4902 4904/4904
f 4903/4903 4904/4904 4905/4905
f 4905/4905 4904/4904 4906/4906
f 4905/4905 4906/4906 4907/4907
f 4908/4908 4909/4909 4910/4910
f 4908/4908 4911/4911 4909/4909
f 4912/4912 4911/4911 4908/4908
f 4912/4912 4913/4913 4911/4911
f 4914/4914 4913/4913 4912/4912
f 4914/4914 4915/4915 4913/4913
f 4916/4916 4915/4915 4914/4914
f 4916/4916 4917/4917 4915/4915
f 4918/4918 4919/4919 4920/4920
f 4918/4918 4920/4920 4921/4921
f 4921/4921 4920/4920 4922/4922
f 4921/4921 4922/4922 4923/4923
f 4924/4924 4925/4925 4926/4926
f 4924/4924 4926/4926 4927/4927
f 4927/4927 4926/4926 4928/4928
f 4927/4927 4928/4928 4929/4929
f 4929/4929 4928/4928 4930/4930
f 4929/4929 4930/4930 4931/4931
f 4931/4931 4930/4930 4932/4932
f 4931/4931 4932/4932 4933/4933
f 4934/4934 4935/4935 4936/4936
f 4934/4934 4936/4936 4937/4937
f 4937/4937 4936/4936 4938/4938
f 4937/4937 4938/4938 4939/4939
f 4940/4940 4941/4941 4942/4942
f 4940/4940 4943/4943 4941/4941
f 4944/4944 4943/4943 4940/4940
f 4944/4944 4945/4945 4943/4943
f 4946/4946 4945/4945 4944/4944
f 4946/4946 4947/4947 4945/4945
f 4948/4948 4947/4947 4946/4946
f 4948/4948 4949/4949 4947/4947
f 4950/4950 4951/4951 4952/4952
f 4950/4950 4952/4952 4953/4953
f 4953/4953 4952/4952 4954/4954
f 4953/4953 4954/4954 4955/4955
f 4956/4956 4957/4957 4958/4958
f 4956/4956 4958/4958 4959/4959
f 4959/4959 4958/4958 4960/4960
f 4959/4959 4960/4960 4961/4961
f 4961/4961 4960/4960 4962/4962
f 4961/4961 4962/4962 4963/4963
f 4963/4963 4962/4962 4964/4964
f 4963/4963 4964/4964 4965/4965
f 4966/4966 4967/4967 4968/4968
f 4966/4966 4968/4968 4969/4969
f 4969/4969 4968/4968 4970/4970
f 4969/4969 4970/4970 4971/4971
f 4972/4972 4973/4973 4974/4974
f 4972/4972 4975/4975 4973/4973
f 4976/4976 4975/4975 4972/4972
f 4976/4976 4977/4977 4975/4975
f 4978/4978 4977/4977 4976/4976
f 4978/4978 4979/4979 4977/4977
f 4980/4980 4979/4979 4978/4978
f 4980/4980 4981/4981 4979/4979
f 4982/4982 4983/4983 4984/4984
f 4982/4982 4984/4984 4985/4985
f 4985/4985 4984/4984 4986/4986
f 4985/4985 4986/4986 4987/4987
f 4988/4988 4989/4989 4990/4990
f 4988/4988 4990/4990 4991/4991
f 4991/4991 4990/4990 4992/4992
f 4991/4991 4992/4992 4993/4993
f 4993/4993 4992/4992 4994/4994
f 4993/4993 4994/4994 4995/4995
f 4995/4995 4994/4994 4996/4996
f 4995/4995 4996/4996 4997/4997
f 4998/4998 4999/4999 5000/5000
f 4998/4998 5000/5000 5001/5001
f 5001/5001 5000/5000 5002/5002
f 5001/5001 5002/5002 5003/5003
f 5004/5004 5005/5005 5006/5006
f 5004/5004 5007/5007 5005/5005
f 5008/5008 5007/5007 5004/5004
f 5008/5008 5009/5009 5007/5007
f 5010/5010 5009/5009 5008/5008
f 5010/5010 5011/5011 5009/5009
f 5012/5012 5011/5011 5010/5010
f 5012/5012 5013/5013 5011/5011
f 5014/5014 5015/5015 5016/5016
f 5014/5014 5016/5016 5017/5017
f 5017/5017 5016/5016 5018/5018
f 5017/5017 5018/5018 5019/5019
f 5020/5020 5021/5021 5022/5022
f 5020/5020 5022/5022 5023/5023
f 5023/5023 5022/5022 5024/5024
f 5023/5023 5024/5024 5025/5025
f 5025/5025 5024/5024 5026/5026
f 5025/5025 5026/5026 5027/5027
f 5027/5027 5026/5026 5028/5028
f 5027/5027 5028/5028 5029/5029
f 5030/5030 5031/5031 5032/5032
f 5030/5030 5032/5032 5033/5033
f 5033/5033 5032/5032 5034/5034
f 5033/5033 5034/5034 5035/5035
f 5036/5036 5037/5037 5038/5038
f 5036/5036 5038/5038 5039/5039
f 5039/5039 5038/5038 5040/5040
f 5039/5039 5040/5040 5041/5041
f 5041/5041 5040/5040 5042/5042
f 5041/5041 5042/5042 5043/5043
f 5043/5043 5042/5042 5044/5044
f 5043/5043 5044/5044 5045/5045
f 5046/5046 5047/5047 5048/5048
f 5046/5046 5049/5049 5047/5047
f 5050/5050 5049/5049 5046/5046
f 5050/5050 5051/5051 5049/5049
f 5052/5052 5053/5053 5054/5054
f 5052/5052 5055/5055 5053/5053
f 5056/5056 5055/5055 5052/5052
f 5056/5056 5057/5057 5055/5055
f 5058/5058 5057/5057 5056/5056
f 5058/5058 5059/5059 5057/5057
f 5060/5060 5059/5059 5058/5058
f 5060/5060 5061/5061 5059/5059
f 5062/5062 5063/5063 5064/5064
f 5062/5062 5065/5065 5063/5063
f 5066/5066 5065/5065 5062/5062
f 5066/5066 5067/5067 5065/5065
f 5068/5068 5069/5069 5070/5070
f 5068/5068 5070/5070 5071/5071
f 5071/5071 5070/5070 5072/5072
f 5071/5071 5072/5072 5073/5073
f 5073/5073 5072/5072 5074/5074
f 5073/5073 5074/5074 5075/5075
f 5075/5075 5074/5074 5076/5076
f 5075/5075 5076/5076 5077/5077
f 5078/5078 5079/5079 5080/5080
f 5078/5078 5081/5081 5079/5079
f 5082/5082 5081/5081 5078/5078
f 5082/5082 5083/5083 5081/5081
f 5084/5084 5085/5085 5086/5086
f 5084/5084 5087/5087 5085/5085
f 5088/5088 5087/5087 5084/5084
f 5088/5088 5089/5089 5087/5087
f 5090/5090 5089/5089 5088/5088
f 5090/5090 5091/5091 5089/5089
f 5092/5092 5091/5091 5090/5090
f 5092/5092 5093/5093 5091/5091
f 5094/5094 5095/5095 5096/5096
f 5094/5094 5097/5097 5095/5095
f 5098/5098 5097/5097 5094/5094
f 5098/5098 5099/5099 5097/5097
f 5100/5100 5101/5101 5102/5102
f 5100/5100 5103/5103 5101/5101
f 5104/5104 5103/5103 5100/5100
f 5104/5104 5105/5105 5103/5103
f 5106/5106 5105/5105 5104/5104
f 5106/5106 5107/5107 5105/5105
f 5108/5108 5107/5107 5106/5106
f 5108/5108 5109/5109 5107/5107
f 5110/5110 5111/5111 5112/5112
f 5110/5110 5112/5112 5113/5113
f 5113/5113 5112/5112 5114/5114
f 5113/5113 5114/5114 5115/5115
f 5116/5116 5117/5117 5118/5118
f 5116/5116 5118/5118 5119/5119
f 5119/5119 5118/5118 5120/5120
f 5119/5119 5120/5120 5121/5121
f 5121/5121 5120/5120 5122/5122
f 5121/5121 5122/5122 5123/5123
f 5123/5123 5122/5122 5124/5124
f 5123/5123 5124/5124 5125/5125
f 5126/5126 5127/5127 5128/5128
f 5126/5126 5128/5128 5129/5129
f 5129/5129 5128/5128 5130/5130
f 5129/5129 5130/5130 5131/5131
f 5132/5132 5133/5133 5134/5134
f 5132/5132 5135/5135 5133/5133
f 5136/5136 5135/5135 5132/5132
f 5136/5136 5137/5137 5135/5135
f 5138/5138 5137/5137 5136/5136
f 5138/5138 5139/5139 5137/5137
f 5140/5140 5139/5139 5138/5138
f 5140/5140 5141/5141 5139/5139
f 5142/5142 5143/5143 5144/5144
f 5142/5142 5144/5144 5145/5145
f 5145/5145 5144/5144 5146/5146
f 5145/5145 5146/5146 5147/5147
f 5148/5148 5149/5149 5150/5150
f 5148/5148 5150/5150 5151/5151
f 5151/5151 5150/5150 5152/5152
f 5151/5151 5152/5152 5153/5153
f 5153/5153 5152/5152 5154/5154
f 5153/5153 5154/5154 5155/5155
f 5155/5155 5154/5154 5156/5156
f 5155/5155 5156/5156 5157/5157
f 5158/5158 5159/5159 5160/5160
f 5158/5158 5160/5160 5161/5161
f 5161/5161 5160/5160 5162/5162
f 5161/5161 5162/5162 5163/5163
f 5164/5164 5165/5165 5166/5166
f 5164/5164 5167/5167 5165/5165
f 5168/5168 5167/5167 5164/5164
f 5168/5168 5169/5169 5167/5167
f 5170/5170 5169/5169 5168/5168
f 5170/5170 5171/5171 5169/5169
f 5172/5172 5171/5171 5170/5170
f 5172/5172 5173/5173 5171/5171
f 5174/5174 5175/5175 5176/5176
f 5174/5174 5176/5176 5177/5177
f 5177/5177 5176/5176 5178/5178
f 5177/5177 5178/5178 5179/5179
f 5180/5180 5181/5181 5182/5182
f 5180/5180 5182/5182 5183/5183
f 5183/5183 5182/5182 5184/5184
f 5183/5183 5184/5184 5185/5185
f 5185/5185 5184/5184 5186/5186
f 5185/5185 5186/5186 5187/5187
f 5187/5187 5186/5186 5188/5188
f 5187/5187 5188/5188 5189/5189
f 5190/5190 5191/5191 5192/5192
f 5190/5190 5192/5192 5193/5193
f 5193/5193 5192/5192 5194/5194
f 5193/5193 5194/5194 5195/5195
f 5196/5196 5197/5197 5198/5198
f 5196/5196 5198/5198 5199/5199
f 5199/5199 5198/5198 5200/5200
f 5199/5199 5200/5200 5201/5201
f 5201/5201 5200/5200 5202/5202
f 5201/5201 5202/5202 5203/5203
f 5204/5204 5205/5205 5206/5206
f 5204/5204 5206/5206 5207/5207
f 5207/5207 5206/5206 5208/5208
f 5207/5207 5208/5208 5209/5209
f 5210/5210 5211/5211 5212/5212
f 5210/5210 5212/5212 5213/5213
f 5213/5213 5212/5212 5214/5214
f 5213/5213 5214/5214 5215/5215
f 5216/5216 5217/5217 5218/5218
f 5216/5216 5219/5219 5217/5217
f 5220/5220 5219/5219 5216/5216
f 5220/5220 5221/5221 5219/5219
f 5222/5222 5221/5221 5220/5220
f 5222/5222 5223/5223 5221/5221
f 5224/5224 5225/5225 5226/5226
f 5224/5224 5227/5227 5225/5225
f 5228/5228 5227/5227 5224/5224
f 5228/5228 5229/5229 5227/5227
f 5230/5230 5231/5231 5232/5232
f 5230/5230 5232/5232 5233/5233
f 5233/5233 5232/5232 5234/5234
f 5233/5233 5234/5234 5235/5235
f 5235/5235 5234/5234 5236/5236
f 5235/5235 5236/5236 5237/5237
f 5238/5238 5239/5239 5240/5240
f 5238/5238 5240/5240 5241/5241
f 5241/5241 5240/5240 5242/5242
f 5241/5241 5242/5242 5243/5243
f 5243/5243 5242/5242 5244/5244
f 5243/5243 5244/5244 5245/5245
f 5246/5246 5247/5247 5248/5248
f 5246/5246 5248/5248 5249/5249
f 5249/5249 5248/5248 5250/5250
f 5249/5249 5250/5250 5251/5251
f 5251/5251 5250/5250 5252/5252
f 5251/5251 5252/5252 5253/5253
f 5253/5253 5252/5252 5254/5254
f 5253/5253 5254/5254 5255/5255
f 5256/5256 5257/5257 5258/5258
f 5256/5256 5259/5259 5257/5257
f 5256/5256 5260/5260 5259/5259
f 5256/5256 5261/5261 5260/5260
f 5262/5262 5260/5260 5261/5261
f 5262/5262 5263/5263 5260/5260
f 5264/5264 5265/5265 5266/5266
f 5264/5264 5266/5266 5267/5267
f 5268/5268 5269/5269 5270/5270
f 5268/5268 5270/5270 5271/5271
f 5272/5272 5273/5273 5274/5274
f 5272/5272 5274/5274 5275/5275
f 5276/5276 5277/5277 5278/5278
f 5276/5276 5278/5278 5279/5279
f 5280/5280 5281/5281 5282/5282
f 5280/5280 5282/5282 5283/5283
f 5284/5284 5285/5285 5286/5286
f 5284/5284 5286/5286 5287/5287
f 5288/5288 5289/5289 5290/5290
f 5288/5288 5290/5290 5291/5291
f 5292/5292 5293/5293 5294/5294
f 5292/5292 5294/5294 5295/5295
f 5296/5296 5297/5297 5298/5298
f 5296/5296 5298/5298 5299/5299
f 5300/5300 5301/5301 5302/5302
f 5300/5300 5302/5302 5303/5303
f 5304/5304 5305/5305 5306/5306
f 5304/5304 5306/5306 5307/5307
f 5308/5308 5309/5309 5310/5310
f 5308/5308 5310/5310 5311/5311
f 5311/5311 5310/5310 5312/5312
f 5311/5311 5312/5312 5313/5313
f 5314/5314 5315/5315 5316/5316
f 5314/5314 5317/5317 5315/5315
f 5317/5317 5314/5314 5318/5318
f 5317/5317 5318/5318 5319/5319
f 5319/5319 5318/5318 5320/5320
f 5319/5319 5320/5320 5321/5321
f 5322/5322 5323/5323 5324/5324
f 5322/5322 5324/5324 5325/5325
f 5326/5326 5327/5327 5328/5328
f 5326/5326 5328/5328 5329/5329
f 5330/5330 5331/5331 5332/5332
f 5330/5330 5333/5333 5331/5331
f 5333/5333 5330/5330 5334/5334
f 5333/5333 5334/5334 5335/5335
f 5335/5335 5334/5334 5336/5336
f 5335/5335 5336/5336 5337/5337
f 5338/5338 5339/5339 5340/5340
f 5338/5338 5340/5340 5341/5341
f 5342/5342 5343/5343 5344/5344
f 5342/5342 5344/5344 5345/5345
f 5346/5346 5347/5347 5348/5348
f 5346/5346 5348/5348 5349/5349
f 5349/5349 5348/5348 5350/5350
f 5349/5349 5350/5350 5351/5351
f 5352/5352 5353/5353 5354/5354
f 5352/5352 5354/5354 5355/5355
f 5356/5356 5357/5357 5358/5358
f 5356/5356 5358/5358 5359/5359
f 5360/5360 5361/5361 5362/5362
f 5360/5360 5362/5362 5363/5363
f 5364/5364 5365/5365 5366/5366
f 5364/5364 5366/5366 5367/5367
f 5364/5364 5367/5367 5368/5368
f 5368/5368 5367/5367 5369/5369
f 5368/5368 5369/5369 5370/5370
f 5370/5370 5369/5369 5371/5371
f 5370/5370 5371/5371 5372/5372
f 5372/5372 5371/5371 5373/5373
f 5372/5372 5373/5373 5374/5374
f 5374/5374 5373/5373 5375/5375
f 5374/5374 5375/5375 5376/5376
f 5376/5376 5375/5375 5377/5377
f 5376/5376 5377/5377 5378/5378
f 5378/5378 5377/5377 5379/5379
f 5378/5378 5379/5379 5380/5380
f 5380/5380 5379/5379 5381/5381
f 5380/5380 5381/5381 5382/5382
f 5382/5382 5381/5381 5383/5383
f 5382/5382 5383/5383 5384/5384
f 5384/5384 5383/5383 5385/5385
f 5384/5384 5385/5385 5386/5386
f 5384/5384 5386/5386 5387/5387
f 5388/5388 5389/5389 5390/5390
f 5388/5388 5390/5390 5391/5391
f 5391/5391 5390/5390 5392/5392
f 5391/5391 5392/5392 5393/5393
f 5391/5391 5393/5393 5394/5394
f 5394/5394 5393/5393 5395/5395
f 5394/5394 5395/5395 5396/5396
f 5396/5396 5395/5395 5397/5397
f 5396/5396 5397/5397 5398/5398
f 5398/5398 5397/5397 5399/5399
f 5398/5398 5399/5399 5400/5400
f 5400/5400 5399/5399 5401/5401
f 5400/5400 5401/5401 5402/5402
f 5402/5402 5401/5401 5403/5403
f 5402/5402 5403/5403 5404/5404
f 5404/5404 5403/5403 5405/5405
f 5404/5404 5405/5405 5406/5406
f 5406/5406 5405/5405 5407/5407
f 5406/5406 5407/5407 5408/5408
f 5408/5408 5407/5407 5409/5409
f 5410/5410 5411/5411 5412/5412
f 5410/5410 5413/5413 5411/5411
f 5413/5413 5410/5410 5414/5414
f 5413/5413 5414/5414 5415/5415
f 5416/5416 5417/5417 5418/5418
f 5416/5416 5418/5418 5419/5419
f 5420/5420 5421/5421 5422/5422
f 5420/5420 5423/5423 5421/5421
f 5423/5423 5420/5420 5424/5424
f 5423/5423 5424/5424 5425/5425
f 5425/5425 5424/5424 5426/5426
f 5425/5425 5426/5426 5427/5427
f 5428/5428 5429/5429 5430/5430
f 5428/5428 5430/5430 5431/5431
f 5432/5432 5433/5433 5434/5434
f 5432/5432 5434/5434 5435/5435
f 5436/5436 5437/5437 5438/5438
f 5436/5436 5439/5439 5437/5437
f 5439/5439 5436/5436 5440/5440
f 5439/5439 5440/5440 5441/5441
f 5441/5441 5440/5440 5442/5442
f 5441/5441 5442/5442 5443/5443
f 5444/5444 5445/5445 5446/5446
f 5444/5444 5446/5446 5447/5447
f 5448/5448 5449/5449 5450/5450
f 5448/5448 5450/5450 5451/5451
f 5452/5452 5453/5453 5454/5454
f 5452/5452 5454/5454 5455/5455
f 5455/5455 5454/5454 5456/5456
f 5455/5455 5456/5456 5457/5457
f 5458/5458 5459/5459 5460/5460
f 5458/5458 5460/5460 5461/5461
f 5462/5462 5463/5463 5464/5464
f 5462/5462 5464/5464 5465/5465
f 5466/5466 5467/5467 5468/5468
f 5466/5466 5468/5468 5469/5469
f 5469/5469 5468/5468 5470/5470
f 5469/5469 5470/5470 5471/5471
f 5472/5472 5473/5473 5474/5474
f 5472/5472 5474/5474 5475/5475
f 5476/5476 5477/5477 5478/5478
f 5476/5476 5478/5478 5479/5479
f 5480/5480 5481/5481 5482/5482
f 5482/5482 5483/5483 5480/5480
f 5483/5483 5484/5484 5480/5480
f 5483/5483 5485/5485 5484/5484
f 5486/5486 5487/5487 5488/5488
f 5488/5488 5489/5489 5486/5486
f 5489/5489 5490/5490 5486/5486
f 5489/5489 5491/5491 5490/5490
f 5492/5492 5493/5493 5494/5494
f 5494/5494 5495/5495 5492/5492
f 5495/5495 5496/5496 5492/5492
f 5495/5495 5497/5497 5496/5496
f 5498/5498 5499/5499 5500/5500
f 5500/5500 5501/5501 5498/5498
f 5501/5501 5502/5502 5498/5498
f 5501/5501 5503/5503 5502/5502
f 5504/5504 5505/5505 5506/5506
f 5506/5506 5507/5507 5504/5504
f 5506/5506 5508/5508 5507/5507
f 5508/5508 5509/5509 5507/5507
f 5510/5510 5511/5511 5512/5512
f 5512/5512 5513/5513 5510/5510
f 5512/5512 5514/5514 5513/5513
f 5514/5514 5515/5515 5513/5513
f 5516/5516 5517/5517 5518/5518
f 5518/5518 5519/5519 5516/5516
f 5518/5518 5520/5520 5519/5519
f 5520/5520 5521/5521 5519/5519
f 5522/5522 5523/5523 5524/5524
f 5524/5524 5525/5525 5522/5522
f 5524/5524 5526/5526 5525/5525
f 5526/5526 5527/5527 5525/5525
f 5528/5528 5529/5529 5530/5530
f 5530/5530 5531/5531 5528/5528
f 5530/5530 5532/5532 5531/5531
f 5532/5532 5533/5533 5531/5531
f 5534/5534 5535/5535 5536/5536
f 5534/5534 5536/5536 5537/5537
f 5538/5538 5539/5539 5540/5540
f 5538/5538 5540/5540 5541/5541
f 5542/5542 5543/5543 5544/5544
f 5542/5542 5544/5544 5545/5545
f 5546/5546 5547/5547 5548/5548
f 5546/5546 5548/5548 5549/5549
f 5550/5550 5551/5551 5552/5552
f 5550/5550 5552/5552 5553/5553
f 5554/5554 5555/5555 5556/5556
f 5554/5554 5556/5556 5557/5557
f 5558/5558 5557/5557 5556/5556
f 5556/5556 5559/5559 5560/5560
f 5556/5556 5561/5561 5559/5559
f 5562/5562 5559/5559 5561/5561
f 5562/5562 5561/5561 5563/5563
f 5564/5564 5562/5562 5563/5563
f 5556/5556 5565/5565 5561/5561
f 5556/5556 5566/5566 5565/5565
f 5556/5556 5567/5567 5566/5566
f 5556/5556 5568/5568 5567/5567
f 5567/5567 5568/5568 5569/5569
f 5568/5568 5570/5570 5569/5569
f 5571/5571 5572/5572 5573/5573
f 5573/5573 5572/5572 5574/5574
f 5572/5572 5575/5575 5574/5574
f 5576/5576 5577/5577 5578/5578
f 5576/5576 5578/5578 5579/5579
f 5580/5580 5581/5581 5582/5582
f 5580/5580 5582/5582 5583/5583
f 5584/5584 5585/5585 5586/5586
f 5584/5584 5586/5586 5587/5587
f 5588/5588 5589/5589 5590/5590
f 5588/5588 5590/5590 5591/5591
f 5592/5592 5593/5593 5594/5594
f 5592/5592 5594/5594 5595/5595
f 5596/5596 5597/5597 5598/5598
f 5596/5596 5598/5598 5599/5599
f 5600/5600 5601/5601 5602/5602
f 5600/5600 5602/5602 5603/5603
f 5604/5604 5605/5605 5606/5606
f 5604/5604 5606/5606 5607/5607
f 5608/5608 5609/5609 5610/5610
f 5608/5608 5610/5610 5611/5611
f 5612/5612 5613/5613 5614/5614
f 5612/5612 5614/5614 5615/5615
f 5616/5616 5617/5617 5618/5618
f 5616/5616 5618/5618 5619/5619
f 5620/5620 5621/5621 5622/5622
f 5620/5620 5622/5622 5623/5623
f 5624/5624 5625/5625 5626/5626
f 5624/5624 5626/5626 5627/5627
f 5628/5628 5629/5629 5630/5630
f 5628/5628 5630/5630 5631/5631
f 5632/5632 5633/5633 5634/5634
f 5632/5632 5634/5634 5635/5635
f 5636/5636 5637/5637 5638/5638
f 5636/5636 5638/5638 5639/5639
f 5639/5639 5638/5638 5640/5640
f 5641/5641 5639/5639 5640/5640
f 5639/5639 5642/5642 5636/5636
f 5639/5639 5641/5641 5643/5643
f 5643/5643 5642/5642 5639/5639
f 5643/5643 5641/5641 5644/5644
f 5643/5643 5644/5644 5645/5645
f 5643/5643 5645/5645 5646/5646
f 5646/5646 5642/5642 5643/5643
f 5646/5646 5645/5645 5647/5647
f 5648/5648 5642/5642 5646/5646
f 5646/5646 5647/5647 5648/5648
f 5649/5649 5642/5642 5648/5648
f 5648/5648 5647/5647 5650/5650
f 5648/5648 5650/5650 5649/5649
f 5651/5651 5652/5652 5653/5653
f 5653/5653 5652/5652 5654/5654
f 5654/5654 5652/5652 5655/5655
f 5656/5656 5657/5657 5658/5658
f 5656/5656 5659/5659 5657/5657
f 5659/5659 5660/5660 5657/5657
f 5661/5661 5660/5660 5659/5659
f 5659/5659 5656/5656 5662/5662
f 5659/5659 5663/5663 5661/5661
f 5663/5663 5659/5659 5662/5662
f 5663/5663 5664/5664 5661/5661
f 5663/5663 5665/5665 5664/5664
f 5663/5663 5666/5666 5665/5665
f 5666/5666 5663/5663 5662/5662
f 5666/5666 5667/5667 5665/5665
f 5668/5668 5666/5666 5662/5662
f 5666/5666 5668/5668 5667/5667
f 5669/5669 5668/5668 5662/5662
f 5668/5668 5670/5670 5667/5667
f 5668/5668 5669/5669 5670/5670
f 5671/5671 5672/5672 5673/5673
f 5671/5671 5673/5673 5674/5674
f 5675/5675 5676/5676 5677/5677
f 5675/5675 5677/5677 5678/5678
f 5679/5679 5680/5680 5681/5681
f 5679/5679 5681/5681 5682/5682
f 5683/5683 5684/5684 5685/5685
f 5683/5683 5685/5685 5686/5686
f 5687/5687 5688/5688 5689/5689
f 5687/5687 5689/5689 5690/5690
f 5691/5691 5692/5692 5693/5693
f 5693/5693 5694/5694 5691/5691
f 5693/5693 5695/5695 5694/5694
f 5696/5696 5697/5697 5698/5698
f 5696/5696 5698/5698 5699/5699
f 5700/5700 5701/5701 5702/5702
f 5700/5700 5702/5702 5703/5703
f 5704/5704 5705/5705 5706/5706
f 5704/5704 5706/5706 5707/5707
f 5708/5708 5709/5709 5710/5710
f 5708/5708 5710/5710 5711/5711
f 5712/5712 5713/5713 5714/5714
f 5714/5714 5715/5715 5712/5712
f 5715/5715 5716/5716 5712/5712
f 5717/5717 5718/5718 5719/5719
f 5717/5717 5719/5719 5720/5720
f 5721/5721 5722/5722 5723/5723
f 5721/5721 5723/5723 5724/5724
f 5725/5725 5726/5726 5727/5727
f 5725/5725 5727/5727 5728/5728
f 5729/5729 5730/5730 5731/5731
f 5729/5729 5731/5731 5732/5732
f 5733/5733 5734/5734 5735/5735
f 5733/5733 5735/5735 5736/5736
f 5737/5737 5738/5738 5739/5739
f 5737/5737 5739/5739 5740/5740
f 5741/5741 5742/5742 5743/5743
f 5741/5741 5743/5743 5744/5744
f 5745/5745 5746/5746 5747/5747
f 5745/5745 5747/5747 5748/5748
f 5749/5749 5750/5750 5751/5751
f 5749/5749 5751/5751 5752/5752
f 5753/5753 5754/5754 5755/5755
f 5753/5753 5755/5755 5756/5756
f 5757/5757 5758/5758 5759/5759
f 5757/5757 5759/5759 5760/5760
f 5761/5761 5762/5762 5763/5763
f 5761/5761 5763/5763 5764/5764
f 5765/5765 5766/5766 5767/5767
f 5765/5765 5767/5767 5768/5768
f 5769/5769 5770/5770 5771/5771
f 5769/5769 5771/5771 5772/5772
f 5773/5773 5774/5774 5775/5775
f 5773/5773 5775/5775 5776/5776
f 5777/5777 5778/5778 5779/5779
f 5777/5777 5779/5779 5780/5780
f 5781/5781 5782/5782 5783/5783
f 5781/5781 5783/5783 5784/5784
f 5785/5785 5786/5786 5787/5787
f 5785/5785 5787/5787 5788/5788
f 5789/5789 5790/5790 5791/5791
f 5789/5789 5791/5791 5792/5792
f 5793/5793 5794/5794 5795/5795
f 5793/5793 5795/5795 5796/5796
f 5797/5797 5798/5798 5799/5799
f 5797/5797 5799/5799 5800/5800
f 5801/5801 5802/5802 5803/5803
f 5801/5801 5803/5803 5804/5804
f 5805/5805 5806/5806 5807/5807
f 5805/5805 5807/5807 5808/5808
f 5809/5809 5810/5810 5811/5811
f 5809/5809 5812/5812 5810/5810
f 5812/5812 5813/5813 5810/5810
f 5812/5812 5814/5814 5813/5813
f 5815/5815 5816/5816 5817/5817
f 5815/5815 5817/5817 5818/5818
f 5819/5819 5820/5820 5821/5821
f 5822/5822 5819/5819 5821/5821
f 5823/5823 5822/5822 5821/5821
f 5824/5824 5825/5825 5826/5826
f 5824/5824 5827/5827 5825/5825
f 5827/5827 5828/5828 5825/5825
f 5827/5827 5829/5829 5828/5828
f 5830/5830 5831/5831 5832/5832
f 5830/5830 5832/5832 5833/5833
f 5834/5834 5835/5835 5836/5836
f 5837/5837 5834/5834 5836/5836
f 5838/5838 5837/5837 5836/5836
f 5839/5839 5840/5840 5841/5841
f 5839/5839 5842/5842 5840/5840
f 5842/5842 5839/5839 5843/5843
f 5842/5842 5843/5843 5844/5844
f 5845/5845 5846/5846 5847/5847
f 5845/5845 5847/5847 5848/5848
f 5849/5849 5850/5850 5851/5851
f 5851/5851 5852/5852 5849/5849
f 5851/5851 5853/5853 5852/5852
f 5854/5854 5855/5855 5856/5856
f 5854/5854 5856/5856 5857/5857
f 5858/5858 5859/5859 5860/5860
f 5858/5858 5860/5860 5861/5861
f 5861/5861 5860/5860 5862/5862
f 5861/5861 5862/5862 5863/5863
f 5864/5864 5865/5865 5866/5866
f 5866/5866 5867/5867 5864/5864
f 5867/5867 5868/5868 5864/5864
f 5869/5869 5870/5870 5871/5871
f 5871/5871 5872/5872 5869/5869
f 5871/5871 5873/5873 5872/5872
f 5874/5874 5875/5875 5876/5876
f 5874/5874 5876/5876 5877/5877
f 5878/5878 5879/5879 5880/5880
f 5878/5878 5880/5880 5881/5881
f 5881/5881 5880/5880 5882/5882
f 5881/5881 5882/5882 5883/5883
f 5884/5884 5885/5885 5886/5886
f 5886/5886 5887/5887 5884/5884
f 5887/5887 5888/5888 5884/5884
f 5889/5889 5890/5890 5891/5891
f 5891/5891 5892/5892 5889/5889
f 5891/5891 5893/5893 5892/5892
f 5894/5894 5895/5895 5896/5896
f 5894/5894 5896/5896 5897/5897
f 5898/5898 5899/5899 5900/5900
f 5898/5898 5900/5900 5901/5901
f 5901/5901 5900/5900 5902/5902
f 5901/5901 5902/5902 5903/5903
f 5904/5904 5905/5905 5906/5906
f 5906/5906 5907/5907 5904/5904
f 5907/5907 5908/5908 5904/5904
f 5909/5909 5910/5910 5911/5911
f 5909/5909 5911/5911 5912/5912
f 5913/5913 5914/5914 5915/5915
f 5913/5913 5915/5915 5916/5916
f 5917/5917 5918/5918 5919/5919
f 5917/5917 5919/5919 5920/5920
f 5921/5921 5922/5922 5923/5923
f 5921/5921 5923/5923 5924/5924
f 5925/5925 5926/5926 5927/5927
f 5925/5925 5927/5927 5928/5928
f 5929/5929 5930/5930 5931/5931
f 5929/5929 5931/5931 5932/5932
f 5933/5933 5934/5934 5935/5935
f 5933/5933 5935/5935 5936/5936
f 5937/5937 5938/5938 5939/5939
f 5937/5937 5939/5939 5940/5940
f 5941/5941 5942/5942 5943/5943
f 5941/5941 5943/5943 5944/5944
f 5945/5945 5946/5946 5947/5947
f 5945/5945 5947/5947 5948/5948
f 5949/5949 5950/5950 5951/5951
f 5949/5949 5951/5951 5952/5952
f 5953/5953 5954/5954 5955/5955
f 5953/5953 5955/5955 5956/5956
f 5957/5957 5958/5958 5959/5959
f 5957/5957 5959/5959 5960/5960
f 5961/5961 5962/5962 5963/5963
f 5961/5961 5964/5964 5962/5962
f 5964/5964 5965/5965 5962/5962
f 5964/5964 5966/5966 5965/5965
f 5967/5967 5968/5968 5969/5969
f 5967/5967 5969/5969 5970/5970
f 5970/5970 5971/5971 5967/5967
f 5970/5970 5972/5972 5971/5971
f 5972/5972 5973/5973 5971/5971
f 5972/5972 5974/5974 5973/5973
f 5975/5975 5976/5976 5977/5977
f 5975/5975 5977/5977 5978/5978
f 5979/5979 5980/5980 5981/5981
f 5979/5979 5981/5981 5982/5982
f 5983/5983 5984/5984 5985/5985
f 5983/5983 5985/5985 5986/5986
f 5986/5986 5987/5987 5983/5983
f 5986/5986 5988/5988 5987/5987
f 5988/5988 5989/5989 5987/5987
f 5988/5988 5990/5990 5989/5989
f 5991/5991 5992/5992 5993/5993
f 5991/5991 5993/5993 5994/5994
f 5995/5995 5996/5996 5997/5997
f 5995/5995 5997/5997 5998/5998
f 5999/5999 6000/6000 6001/6001
f 5999/5999 6002/6002 6000/6000
f 6002/6002 6003/6003 6000/6000
f 6002/6002 6004/6004 6003/6003
f 6005/6005 6006/6006 6007/6007
f 6005/6005 6007/6007 6008/6008
f 6009/6009 6010/6010 6011/6011
f 6009/6009 6011/6011 6012/6012
f 6013/6013 6014/6014 6015/6015
f 6013/6013 6015/6015 6016/6016
f 6016/6016 6017/6017 6013/6013
f 6016/6016 6018/6018 6017/6017
f 6019/6019 6020/6020 6021/6021
f 6019/6019 6021/6021 6022/6022
f 6023/6023 6024/6024 6025/6025
f 6023/6023 6025/6025 6026/6026
f 6026/6026 6027/6027 6023/6023
f 6026/6026 6028/6028 6027/6027
f 6028/6028 6029/6029 6027/6027
f 6028/6028 6030/6030 6029/6029
f 6031/6031 6032/6032 6033/6033
f 6031/6031 6033/6033 6034/6034
f 6035/6035 6036/6036 6037/6037
f 6035/6035 6037/6037 6038/6038
f 6039/6039 6040/6040 6041/6041
f 6039/6039 6041/6041 6042/6042
f 6042/6042 6043/6043 6039/6039
f 6042/6042 6044/6044 6043/6043
f 6044/6044 6045/6045 6043/6043
f 6044/6044 6046/6046 6045/6045
f 6047/6047 6048/6048 6049/6049
f 6047/6047 6049/6049 6050/6050
f 6051/6051 6052/6052 6053/6053
f 6051/6051 6053/6053 6054/6054
f 6055/6055 6056/6056 6057/6057
f 6055/6055 6057/6057 6058/6058
f 6059/6059 6060/6060 6061/6061
f 6059/6059 6061/6061 6062/6062
f 6063/6063 6064/6064 6065/6065
f 6063/6063 6065/6065 6066/6066
f 6067/6067 6068/6068 6069/6069
f 6067/6067 6069/6069 6070/6070
f 6071/6071 6072/6072 6073/6073
f 6071/6071 6073/6073 6074/6074
f 6075/6075 6076/6076 6077/6077
f 6075/6075 6077/6077 6078/6078
f 6079/6079 6080/6080 6081/6081
f 6079/6079 6081/6081 6082/6082
f 6083/6083 6084/6084 6085/6085
f 6083/6083 6085/6085 6086/6086
f 6087/6087 6088/6088 6089/6089
f 6087/6087 6090/6090 6088/6088
f 6090/6090 6091/6091 6088/6088
f 6090/6090 6092/6092 6091/6091
f 6093/6093 6094/6094 6095/6095
f 6093/6093 6095/6095 6096/6096
f 6097/6097 6098/6098 6099/6099
f 6097/6097 6099/6099 6100/6100
f 6101/6101 6102/6102 6103/6103
f 6101/6101 6103/6103 6104/6104
f 6105/6105 6106/6106 6107/6107
f 6105/6105 6107/6107 6108/6108
f 6109/6109 6110/6110 6111/6111
f 6109/6109 6111/6111 6112/6112
f 6113/6113 6114/6114 6115/6115
f 6113/6113 6115/6115 6116/6116
f 6117/6117 6118/6118 6119/6119
f 6117/6117 6119/6119 6120/6120
f 6121/6121 6122/6122 6123/6123
f 6122/6122 6121/6121 6124/6124
f 6122/6122 6124/6124 6125/6125
f 6126/6126 6127/6127 6128/6128
f 6127/6127 6126/6126 6129/6129
f 6127/6127 6129/6129 6130/6130
f 6131/6131 6132/6132 6133/6133
f 6132/6132 6131/6131 6134/6134
f 6132/6132 6134/6134 6135/6135
f 6136/6136 6137/6137 6138/6138
f 6136/6136 6138/6138 6139/6139
f 6140/6140 6141/6141 6142/6142
f 6140/6140 6142/6142 6143/6143
f 6144/6144 6145/6145 6146/6146
f 6144/6144 6146/6146 6147/6147
f 6148/6148 6149/6149 6150/6150
f 6148/6148 6151/6151 6149/6149
f 6149/6149 6151/6151 6152/6152
f 6149/6149 6152/6152 6153/6153
f 6152/6152 6154/6154 6153/6153
f 6152/6152 6155/6155 6154/6154
f 6154/6154 6155/6155 6156/6156
f 6151/6151 6157/6157 6152/6152
f 6157/6157 6158/6158 6152/6152
f 6151/6151 6159/6159 6157/6157
f 6160/6160 6159/6159 6151/6151
f 6160/6160 6151/6151 6161/6161
f 6154/6154 6156/6156 6162/6162
f 6156/6156 6163/6163 6162/6162
f 6156/6156 6164/6164 6163/6163
f 6165/6165 6154/6154 6162/6162
f 6157/6157 6165/6165 6158/6158
f 6166/6166 6154/6154 6165/6165
f 6166/6166 6165/6165 6157/6157
f 6167/6167 6166/6166 6157/6157
f 6167/6167 6168/6168 6166/6166
f 6169/6169 6168/6168 6167/6167
f 6169/6169 6167/6167 6170/6170
f 6158/6158 6165/6165 6171/6171
f 6165/6165 6162/6162 6171/6171
f 6158/6158 6171/6171 6172/6172
f 6171/6171 6173/6173 6172/6172
f 6171/6171 6174/6174 6173/6173
f 6162/6162 6175/6175 6171/6171
f 6162/6162 6176/6176 6175/6175
f 6177/6177 6178/6178 6179/6179
f 6178/6178 6177/6177 6180/6180
f 6178/6178 6180/6180 6181/6181
f 6182/6182 6183/6183 6184/6184
f 6183/6183 6182/6182 6185/6185
f 6183/6183 6185/6185 6186/6186
f 6187/6187 6188/6188 6189/6189
f 6188/6188 6187/6187 6190/6190
f 6188/6188 6190/6190 6191/6191
f 6192/6192 6193/6193 6194/6194
f 6192/6192 6194/6194 6195/6195
f 6196/6196 6197/6197 6198/6198
f 6196/6196 6198/6198 6199/6199
f 6200/6200 6201/6201 6202/6202
f 6200/6200 6202/6202 6203/6203
f 6204/6204 6205/6205 6206/6206
f 6204/6204 6206/6206 6207/6207
f 6207/6207 6206/6206 6208/6208
f 6207/6207 6208/6208 6209/6209
f 6209/6209 6208/6208 6210/6210
f 6209/6209 6210/6210 6211/6211
f 6212/6212 6213/6213 6214/6214
f 6212/6212 6214/6214 6215/6215
f 6216/6216 6217/6217 6218/6218
f 6216/6216 6218/6218 6219/6219
f 6220/6220 6221/6221 6222/6222
f 6220/6220 6222/6222 6223/6223
f 6223/6223 6222/6222 6224/6224
f 6223/6223 6224/6224 6225/6225
f 6225/6225 6224/6224 6226/6226
f 6225/6225 6226/6226 6227/6227
f 6228/6228 6229/6229 6230/6230
f 6228/6228 6230/6230 6231/6231
f 6232/6232 6233/6233 6234/6234
f 6232/6232 6234/6234 6235/6235
f 6236/6236 6237/6237 6238/6238
f 6236/6236 6238/6238 6239/6239
f 6239/6239 6238/6238 6240/6240
f 6239/6239 6240/6240 6241/6241
f 6241/6241 6240/6240 6242/6242
f 6241/6241 6242/6242 6243/6243
f 6244/6244 6245/6245 6246/6246
f 6244/6244 6246/6246 6247/6247
f 6248/6248 6249/6249 6250/6250
f 6248/6248 6250/6250 6251/6251
f 6252/6252 6253/6253 6254/6254
f 6252/6252 6255/6255 6253/6253
f 6255/6255 6256/6256 6253/6253
f 6255/6255 6257/6257 6256/6256
f 6257/6257 6258/6258 6256/6256
f 6257/6257 6259/6259 6258/6258
f 6260/6260 6261/6261 6262/6262
f 6260/6260 6262/6262 6263/6263
f 6264/6264 6265/6265 6266/6266
f 6264/6264 6266/6266 6267/6267
f 6268/6268 6269/6269 6270/6270
f 6268/6268 6271/6271 6269/6269
f 6271/6271 6272/6272 6269/6269
f 6271/6271 6273/6273 6272/6272
f 6273/6273 6274/6274 6272/6272
f 6273/6273 6275/6275 6274/6274
f 6276/6276 6277/6277 6278/6278
f 6276/6276 6278/6278 6279/6279
f 6280/6280 6281/6281 6282/6282
f 6280/6280 6282/6282 6283/6283
f 6284/6284 6285/6285 6286/6286
f 6284/6284 6286/6286 6287/6287
f 6287/6287 6286/6286 6288/6288
f 6287/6287 6288/6288 6289/6289
f 6290/6290 6287/6287 6289/6289
f 6291/6291 6284/6284 6287/6287
f 6291/6291 6287/6287 6290/6290
f 6292/6292 6291/6291 6290/6290
f 6293/6293 6291/6291 6292/6292
f 6293/6293 6292/6292 6294/6294
f 6295/6295 6296/6296 6297/6297
f 6295/6295 6298/6298 6296/6296
f 6299/6299 6298/6298 6295/6295
f 6296/6296 6298/6298 6300/6300
f 6296/6296 6300/6300 6301/6301
f 6298/6298 6302/6302 6300/6300
f 6298/6298 6299/6299 6302/6302
f 6299/6299 6303/6303 6302/6302
f 6299/6299 6304/6304 6303/6303
f 6303/6303 6304/6304 6305/6305
f 6303/6303 6305/6305 6306/6306
f 6307/6307 6308/6308 6309/6309
f 6307/6307 6310/6310 6308/6308
f 6310/6310 6311/6311 6308/6308
f 6310/6310 6312/6312 6311/6311
f 6313/6313 6312/6312 6310/6310
f 6314/6314 6310/6310 6307/6307
f 6314/6314 6313/6313 6310/6310
f 6314/6314 6315/6315 6313/6313
f 6316/6316 6315/6315 6314/6314
f 6316/6316 6317/6317 6315/6315
f 6318/6318 6319/6319 6320/6320
f 6318/6318 6320/6320 6321/6321
f 6322/6322 6318/6318 6321/6321
f 6320/6320 6323/6323 6321/6321
f 6320/6320 6324/6324 6323/6323
f 6321/6321 6323/6323 6325/6325
f 6321/6321 6325/6325 6322/6322
f 6322/6322 6325/6325 6326/6326
f 6322/6322 6326/6326 6327/6327
f 6327/6327 6326/6326 6328/6328
f 6327/6327 6328/6328 6329/6329
f 6330/6330 6331/6331 6332/6332
f 6330/6330 6332/6332 6333/6333
f 6334/6334 6335/6335 6336/6336
f 6334/6334 6336/6336 6337/6337
f 6338/6338 6339/6339 6340/6340
f 6338/6338 6340/6340 6341/6341
f 6342/6342 6343/6343 6344/6344
f 6342/6342 6344/6344 6345/6345
f 6346/6346 6347/6347 6348/6348
f 6346/6346 6348/6348 6349/6349
f 6350/6350 6351/6351 6352/6352
f 6350/6350 6352/6352 6353/6353
f 6354/6354 6355/6355 6356/6356
f 6354/6354 6356/6356 6357/6357
f 6358/6358 6359/6359 6360/6360
f 6358/6358 6360/6360 6361/6361
f 6362/6362 6363/6363 6364/6364
f 6362/6362 6364/6364 6365/6365
f 6366/6366 6367/6367 6368/6368
f 6366/6366 6368/6368 6369/6369
f 6370/6370 6371/6371 6372/6372
f 6370/6370 6372/6372 6373/6373
f 6374/6374 6375/6375 6376/6376
f 6374/6374 6376/6376 6377/6377
f 6378/6378 6379/6379 6380/6380
f 6378/6378 6381/6381 6379/6379
f 6381/6381 6382/6382 6379/6379
f 6382/6382 6383/6383 6379/6379
f 6384/6384 6385/6385 6386/6386
f 6384/6384 6387/6387 6385/6385
f 6387/6387 6388/6388 6385/6385
f 6387/6387 6389/6389 6388/6388
f 6389/6389 6390/6390 6388/6388
f 6389/6389 6391/6391 6390/6390
f 6392/6392 6393/6393 6394/6394
f 6394/6394 6395/6395 6392/6392
f 6394/6394 6396/6396 6395/6395
f 6396/6396 6397/6397 6395/6395
f 6397/6397 6398/6398 6395/6395
f 6397/6397 6399/6399 6398/6398
f 6400/6400 6401/6401 6402/6402
f 6400/6400 6402/6402 6403/6403
f 6403/6403 6402/6402 6404/6404
f 6403/6403 6404/6404 6405/6405
f 6405/6405 6404/6404 6406/6406
f 6405/6405 6406/6406 6407/6407
f 6408/6408 6409/6409 6410/6410
f 6408/6408 6410/6410 6411/6411
f 6411/6411 6410/6410 6412/6412
f 6411/6411 6412/6412 6413/6413
f 6414/6414 6415/6415 6416/6416
f 6416/6416 6417/6417 6414/6414
f 6417/6417 6418/6418 6414/6414
f 6419/6419 6420/6420 6421/6421
f 6419/6419 6421/6421 6422/6422
f 6419/6419 6422/6422 6423/6423
f 6419/6419 6423/6423 6424/6424
f 6423/6423 6425/6425 6424/6424
f 6423/6423 6426/6426 6425/6425
f 6426/6426 6427/6427 6425/6425
f 6426/6426 6428/6428 6427/6427
f 6428/6428 6429/6429 6427/6427
f 6428/6428 6430/6430 6429/6429
f 6431/6431 6432/6432 6433/6433
f 6431/6431 6434/6434 6432/6432
f 6434/6434 6435/6435 6432/6432
f 6434/6434 6436/6436 6435/6435
f 6437/6437 6438/6438 6439/6439
f 6437/6437 6439/6439 6440/6440
f 6441/6441 6437/6437 6440/6440
f 6441/6441 6440/6440 6442/6442
f 6442/6442 6443/6443 6441/6441
f 6442/6442 6444/6444 6443/6443
f 6444/6444 6445/6445 6443/6443
f 6444/6444 6446/6446 6445/6445
f 6446/6446 6447/6447 6445/6445
f 6446/6446 6448/6448 6447/6447
f 6449/6449 6450/6450 6451/6451
f 6449/6449 6451/6451 6452/6452
f 6453/6453 6449/6449 6452/6452
f 6453/6453 6452/6452 6454/6454
f 6455/6455 6456/6456 6457/6457
f 6455/6455 6457/6457 6458/6458
f 6458/6458 6459/6459 6460/6460
f 6460/6460 6461/6461 6458/6458
f 6460/6460 6462/6462 6461/6461
f 6462/6462 6460/6460 6463/6463
f 6464/6464 6465/6465 6466/6466
f 6464/6464 6466/6466 6467/6467
f 6468/6468 6464/6464 6467/6467
f 6468/6468 6467/6467 6469/6469
f 6469/6469 6470/6470 6468/6468
f 6469/6469 6471/6471 6470/6470
f 6472/6472 6473/6473 6474/6474
f 6472/6472 6474/6474 6475/6475
f 6476/6476 6472/6472 6475/6475
f 6476/6476 6475/6475 6477/6477
f 6477/6477 6478/6478 6476/6476
f 6477/6477 6479/6479 6478/6478
f 6480/6480 6481/6481 6482/6482
f 6480/6480 6482/6482 6483/6483
f 6484/6484 6480/6480 6483/6483
f 6484/6484 6483/6483 6485/6485
f 6485/6485 6486/6486 6484/6484
f 6485/6485 6487/6487 6486/6486
f 6488/6488 6489/6489 6490/6490
f 6488/6488 6490/6490 6491/6491
f 6492/6492 6488/6488 6491/6491
f 6492/6492 6491/6491 6493/6493
f 6493/6493 6494/6494 6492/6492
f 6493/6493 6495/6495 6494/6494
f 6496/6496 6497/6497 6498/6498
f 6496/6496 6498/6498 6499/6499
f 6500/6500 6496/6496 6499/6499
f 6500/6500 6499/6499 6501/6501
f 6501/6501 6502/6502 6500/6500
f 6501/6501 6503/6503 6502/6502
f 6504/6504 6505/6505 6506/6506
f 6504/6504 6506/6506 6507/6507
f 6508/6508 6504/6504 6507/6507
f 6508/6508 6507/6507 6509/6509
f 6509/6509 6510/6510 6508/6508
f 6509/6509 6511/6511 6510/6510
f 6512/6512 6513/6513 6514/6514
f 6512/6512 6514/6514 6515/6515
f 6516/6516 6512/6512 6515/6515
f 6516/6516 6515/6515 6517/6517
f 6517/6517 6518/6518 6516/6516
f 6517/6517 6519/6519 6518/6518
f 6520/6520 6521/6521 6522/6522
f 6520/6520 6522/6522 6523/6523
f 6524/6524 6520/6520 6523/6523
f 6524/6524 6523/6523 6525/6525
f 6525/6525 6526/6526 6524/6524
f 6525/6525 6527/6527 6526/6526
f 6528/6528 6529/6529 6530/6530
f 6528/6528 6531/6531 6529/6529
f 6531/6531 6532/6532 6529/6529
f 6531/6531 6533/6533 6532/6532
f 6533/6533 6534/6534 6532/6532
f 6533/6533 6535/6535 6534/6534
f 6536/6536 6537/6537 6538/6538
f 6536/6536 6538/6538 6539/6539
f 6540/6540 6541/6541 6542/6542
f 6540/6540 6542/6542 6543/6543
f 6544/6544 6545/6545 6546/6546
f 6544/6544 6546/6546 6547/6547
f 6544/6544 6547/6547 6548/6548
f 6544/6544 6548/6548 6549/6549
f 6550/6550 6551/6551 6552/6552
f 6550/6550 6552/6552 6553/6553
f 6550/6550 6553/6553 6554/6554
f 6550/6550 6554/6554 6555/6555
f 6556/6556 6557/6557 6558/6558
f 6556/6556 6558/6558 6559/6559
f 6556/6556 6559/6559 6560/6560
f 6556/6556 6560/6560 6561/6561
f 6562/6562 6563/6563 6564/6564
f 6562/6562 6565/6565 6563/6563
f 6562/6562 6566/6566 6565/6565
f 6562/6562 6567/6567 6566/6566
f 6566/6566 6567/6567 6568/6568
f 6566/6566 6568/6568 6569/6569
f 6569/6569 6568/6568 6570/6570
f 6569/6569 6570/6570 6571/6571
f 6571/6571 6570/6570 6572/6572
f 6571/6571 6572/6572 6573/6573
f 6574/6574 6575/6575 6576/6576
f 6574/6574 6576/6576 6577/6577
f 6577/6577 6576/6576 6578/6578
f 6577/6577 6578/6578 6579/6579
f 6580/6580 6581/6581 6582/6582
f 6580/6580 6583/6583 6581/6581
f 6584/6584 6583/6583 6580/6580
f 6584/6584 6585/6585 6583/6583
f 6585/6585 6584/6584 6586/6586
f 6585/6585 6586/6586 6587/6587
f 6587/6587 6586/6586 6588/6588
f 6587/6587 6588/6588 6589/6589
f 6589/6589 6588/6588 6590/6590
f 6589/6589 6590/6590 6591/6591
f 6592/6592 6593/6593 6594/6594
f 6592/6592 6594/6594 6595/6595
f 6595/6595 6594/6594 6596/6596
f 6595/6595 6596/6596 6597/6597
f 6597/6597 6596/6596 6598/6598
f 6597/6597 6598/6598 6599/6599
f 6599/6599 6598/6598 6600/6600
f 6599/6599 6600/6600 6601/6601
f 6601/6601 6600/6600 6602/6602
f 6601/6601 6602/6602 6603/6603
f 6604/6604 6605/6605 6606/6606
f 6604/6604 6607/6607 6605/6605
f 6608/6608 6607/6607 6604/6604
f 6608/6608 6609/6609 6607/6607
f 6610/6610 6611/6611 6612/6612
f 6610/6610 6613/6613 6611/6611
f 6614/6614 6613/6613 6610/6610
f 6614/6614 6615/6615 6613/6613
f 6616/6616 6617/6617 6618/6618
f 6616/6616 6619/6619 6617/6617
f 6620/6620 6621/6621 6619/6619
f 6619/6619 6622/6622 6620/6620
f 6622/6622 6623/6623 6620/6620
f 6623/6623 6624/6624 6620/6620
f 6625/6625 6626/6626 6627/6627
f 6625/6625 6627/6627 6628/6628
f 6625/6625 6628/6628 6629/6629
f 6629/6629 6630/6630 6625/6625
f 6629/6629 6631/6631 6630/6630
f 6631/6631 6629/6629 6632/6632
f 6633/6633 6634/6634 6635/6635
f 6633/6633 6636/6636 6634/6634
f 6637/6637 6636/6636 6633/6633
f 6637/6637 6638/6638 6636/6636
f 6638/6638 6637/6637 6639/6639
f 6638/6638 6639/6639 6640/6640
f 6641/6641 6642/6642 6643/6643
f 6641/6641 6644/6644 6642/6642
f 6645/6645 6644/6644 6641/6641
f 6645/6645 6646/6646 6644/6644
f 6646/6646 6645/6645 6647/6647
f 6646/6646 6647/6647 6648/6648
f 6649/6649 6650/6650 6651/6651
f 6649/6649 6652/6652 6650/6650
f 6653/6653 6652/6652 6649/6649
f 6653/6653 6654/6654 6652/6652
f 6654/6654 6653/6653 6655/6655
f 6654/6654 6655/6655 6656/6656
f 6657/6657 6658/6658 6659/6659
f 6657/6657 6660/6660 6658/6658
f 6661/6661 6660/6660 6657/6657
f 6661/6661 6662/6662 6660/6660
f 6662/6662 6661/6661 6663/6663
f 6662/6662 6663/6663 6664/6664
f 6665/6665 6666/6666 6667/6667
f 6665/6665 6668/6668 6666/6666
f 6669/6669 6668/6668 6665/6665
f 6669/6669 6670/6670 6668/6668
f 6670/6670 6669/6669 6671/6671
f 6670/6670 6671/6671 6672/6672
f 6673/6673 6674/6674 6675/6675
f 6673/6673 6676/6676 6674/6674
f 6677/6677 6676/6676 6673/6673
f 6677/6677 6678/6678 6676/6676
f 6678/6678 6677/6677 6679/6679
f 6678/6678 6679/6679 6680/6680
f 6681/6681 6682/6682 6683/6683
f 6681/6681 6684/6684 6682/6682
f 6685/6685 6684/6684 6681/6681
f 6685/6685 6686/6686 6684/6684
f 6686/6686 6685/6685 6687/6687
f 6686/6686 6687/6687 6688/6688
f 6689/6689 6690/6690 6691/6691
f 6689/6689 6692/6692 6690/6690
f 6693/6693 6692/6692 6689/6689
f 6693/6693 6694/6694 6692/6692
f 6694/6694 6693/6693 6695/6695
f 6694/6694 6695/6695 6696/6696
f 6697/6697 6698/6698 6699/6699
f 6697/6697 6700/6700 6698/6698
f 6701/6701 6700/6700 6697/6697
f 6701/6701 6702/6702 6700/6700
f 6702/6702 6701/6701 6703/6703
f 6702/6702 6703/6703 6704/6704
f 6705/6705 6706/6706 6707/6707
f 6705/6705 6708/6708 6706/6706
f 6709/6709 6708/6708 6705/6705
f 6709/6709 6710/6710 6708/6708
f 6710/6710 6709/6709 6711/6711
f 6710/6710 6711/6711 6712/6712
f 6713/6713 6714/6714 6715/6715
f 6713/6713 6716/6716 6714/6714
f 6717/6717 6716/6716 6713/6713
f 6717/6717 6718/6718 6716/6716
f 6718/6718 6717/6717 6719/6719
f 6718/6718 6719/6719 6720/6720
f 6721/6721 6722/6722 6723/6723
f 6721/6721 6724/6724 6722/6722
f 6725/6725 6724/6724 6721/6721
f 6725/6725 6726/6726 6724/6724
f 6726/6726 6725/6725 6727/6727
f 6726/6726 6727/6727 6728/6728
f 6729/6729 6730/6730 6731/6731
f 6729/6729 6731/6731 6732/6732
f 6732/6732 6731/6731 6733/6733
f 6732/6732 6733/6733 6734/6734
f 6734/6734 6733/6733 6735/6735
f 6734/6734 6735/6735 6736/6736
f 6737/6737 6738/6738 6739/6739
f 6737/6737 6739/6739 6740/6740
f 6741/6741 6742/6742 6743/6743
f 6741/6741 6743/6743 6744/6744
f 6745/6745 6746/6746 6747/6747
f 6745/6745 6748/6748 6746/6746
f 6745/6745 6749/6749 6748/6748
f 6745/6745 6750/6750 6749/6749
f 6751/6751 6752/6752 6753/6753
f 6751/6751 6754/6754 6752/6752
f 6751/6751 6755/6755 6754/6754
f 6751/6751 6756/6756 6755/6755
f 6757/6757 6758/6758 6759/6759
f 6757/6757 6760/6760 6758/6758
f 6757/6757 6761/6761 6760/6760
f 6757/6757 6762/6762 6761/6761
f 6763/6763 6764/6764 6765/6765
f 6763/6763 6766/6766 6764/6764
f 6763/6763 6767/6767 6766/6766
f 6763/6763 6768/6768 6767/6767
f 6769/6769 6770/6770 6771/6771
f 6769/6769 6771/6771 6772/6772
f 6773/6773 6774/6774 6775/6775
f 6773/6773 6775/6775 6776/6776
f 6777/6777 6778/6778 6779/6779
f 6777/6777 6779/6779 6780/6780
f 6781/6781 6782/6782 6783/6783
f 6781/6781 6783/6783 6784/6784
f 6785/6785 6786/6786 6787/6787
f 6785/6785 6787/6787 6788/6788
f 6789/6789 6790/6790 6791/6791
f 6789/6789 6791/6791 6792/6792
f 6793/6793 6794/6794 6795/6795
f 6793/6793 6795/6795 6796/6796
f 6797/6797 6798/6798 6799/6799
f 6797/6797 6799/6799 6800/6800
f 6801/6801 6802/6802 6803/6803
f 6801/6801 6803/6803 6804/6804
f 6805/6805 6806/6806 6807/6807
f 6805/6805 6807/6807 6808/6808
f 6809/6809 6810/6810 6811/6811
f 6809/6809 6811/6811 6812/6812
f 6813/6813 6814/6814 6815/6815
f 6813/6813 6815/6815 6816/6816
f 6817/6817 6818/6818 6819/6819
f 6817/6817 6819/6819 6820/6820
f 6821/6821 6822/6822 6823/6823
f 6821/6821 6823/6823 6824/6824
f 6824/6824 6823/6823 6825/6825
f 6824/6824 6825/6825 6826/6826
f 6827/6827 6828/6828 6829/6829
f 6827/6827 6829/6829 6830/6830
f 6831/6831 6832/6832 6833/6833
f 6831/6831 6833/6833 6834/6834
f 6835/6835 6836/6836 6837/6837
f 6835/6835 6837/6837 6838/6838
f 6839/6839 6840/6840 6841/6841
f 6839/6839 6841/6841 6842/6842
f 6843/6843 6844/6844 6845/6845
f 6843/6843 6845/6845 6846/6846
f 6847/6847 6848/6848 6849/6849
f 6847/6847 6849/6849 6850/6850
f 6851/6851 6852/6852 6853/6853
f 6851/6851 6853/6853 6854/6854
f 6855/6855 6856/6856 6857/6857
f 6855/6855 6857/6857 6858/6858
f 6859/6859 6860/6860 6861/6861
f 6859/6859 6861/6861 6862/6862
f 6863/6863 6864/6864 6865/6865
f 6863/6863 6865/6865 6866/6866
f 6867/6867 6868/6868 6869/6869
f 6867/6867 6869/6869 6870/6870
f 6871/6871 6872/6872 6873/6873
f 6871/6871 6873/6873 6874/6874
f 6875/6875 6876/6876 6877/6877
f 6875/6875 6877/6877 6878/6878
f 6879/6879 6880/6880 6881/6881
f 6879/6879 6881/6881 6882/6882
f 6883/6883 6884/6884 6885/6885
f 6883/6883 6885/6885 6886/6886
f 6887/6887 6888/6888 6889/6889
f 6887/6887 6889/6889 6890/6890
f 6891/6891 6892/6892 6893/6893
f 6891/6891 6894/6894 6892/6892
f 6895/6895 6894/6894 6891/6891
f 6891/6891 6896/6896 6895/6895
f 6896/6896 6897/6897 6895/6895
f 6897/6897 6898/6898 6895/6895
f 6899/6899 6900/6900 6901/6901
f 6899/6899 6901/6901 6902/6902
f 6903/6903 6904/6904 6901/6901
f 6903/6903 6905/6905 6904/6904
f 6905/6905 6906/6906 6904/6904
f 6905/6905 6907/6907 6906/6906
f 6908/6908 6909/6909 6905/6905
f 6908/6908 6910/6910 6909/6909
f 6911/6911 6908/6908 6905/6905
f 6911/6911 6905/6905 6912/6912
f 6913/6913 6911/6911 6912/6912
f 6913/6913 6912/6912 6914/6914
f 6915/6915 6916/6916 6913/6913
f 6915/6915 6917/6917 6916/6916
f 6917/6917 6918/6918 6916/6916
f 6917/6917 6919/6919 6918/6918
f 6919/6919 6920/6920 6918/6918
f 6919/6919 6921/6921 6920/6920
f 6922/6922 6923/6923 6924/6924
f 6922/6922 6925/6925 6923/6923
f 6925/6925 6926/6926 6923/6923
f 6925/6925 6927/6927 6926/6926
f 6927/6927 6928/6928 6926/6926
f 6927/6927 6929/6929 6928/6928
f 6930/6930 6927/6927 6925/6925
f 6931/6931 6930/6930 6925/6925
f 6931/6931 6925/6925 6932/6932
f 6930/6930 6933/6933 6927/6927
f 6933/6933 6934/6934 6927/6927
f 6933/6933 6935/6935 6934/6934
f 6936/6936 6933/6933 6930/6930
f 6937/6937 6936/6936 6930/6930
f 6937/6937 6930/6930 6938/6938
f 6936/6936 6939/6939 6933/6933
f 6939/6939 6940/6940 6933/6933
f 6939/6939 6941/6941 6940/6940
f 6942/6942 6943/6943 6944/6944
f 6942/6942 6944/6944 6945/6945
f 6942/6942 6945/6945 6946/6946
f 6942/6942 6946/6946 6947/6947
f 6948/6948 6949/6949 6950/6950
f 6948/6948 6951/6951 6949/6949
f 6952/6952 6951/6951 6948/6948
f 6952/6952 6953/6953 6951/6951
f 6954/6954 6953/6953 6952/6952
f 6954/6954 6955/6955 6953/6953
f 6956/6956 6957/6957 6958/6958
f 6956/6956 6958/6958 6959/6959
f 6960/6960 6956/6956 6959/6959
f 6960/6960 6959/6959 6961/6961
f 6962/6962 6960/6960 6961/6961
f 6962/6962 6961/6961 6963/6963
f 6964/6964 6965/6965 6966/6966
f 6965/6965 6967/6967 6966/6966
f 6965/6965 6968/6968 6967/6967
f 6968/6968 6969/6969 6967/6967
f 6970/6970 6971/6971 6972/6972
f 6970/6970 6972/6972 6973/6973
f 6974/6974 6975/6975 6976/6976
f 6974/6974 6976/6976 6977/6977
f 6978/6978 6979/6979 6980/6980
f 6978/6978 6981/6981 6979/6979
f 6981/6981 6982/6982 6979/6979
f 6981/6981 6983/6983 6982/6982
f 6983/6983 6984/6984 6982/6982
f 6983/6983 6985/6985 6984/6984
f 6986/6986 6987/6987 6988/6988
f 6986/6986 6989/6989 6987/6987
f 6989/6989 6990/6990 6987/6987
f 6989/6989 6991/6991 6990/6990
f 6991/6991 6992/6992 6990/6990
f 6991/6991 6993/6993 6992/6992
f 6994/6994 6995/6995 6996/6996
f 6994/6994 6996/6996 6997/6997
f 6996/6996 6998/6998 6997/6997
f 6996/6996 6999/6999 6998/6998
f 7000/7000 6999/6999 6996/6996
f 7000/7000 7001/7001 6999/6999
f 7002/7002 6998/6998 6999/6999
f 7001/7001 7003/7003 6999/6999
f 6999/6999 7003/7003 7002/7002
f 7003/7003 7004/7004 7002/7002
f 7005/7005 7006/7006 7003/7003
f 7007/7007 7005/7005 7003/7003
f 7007/7007 7008/7008 7005/7005
f 7009/7009 7008/7008 7007/7007
f 7010/7010 7008/7008 7009/7009
f 7010/7010 7009/7009 7011/7011
f 7010/7010 7011/7011 7012/7012
f 7009/7009 7007/7007 7013/7013
f 7009/7009 7013/7013 7014/7014
f 7007/7007 7015/7015 7013/7013
f 7016/7016 7017/7017 7018/7018
f 7016/7016 7018/7018 7019/7019
f 7018/7018 7020/7020 7019/7019
f 7018/7018 7021/7021 7020/7020
f 7022/7022 7021/7021 7018/7018
f 7022/7022 7023/7023 7021/7021
f 7024/7024 7020/7020 7021/7021
f 7023/7023 7025/7025 7021/7021
f 7021/7021 7025/7025 7024/7024
f 7025/7025 7026/7026 7024/7024
f 7027/7027 7028/7028 7025/7025
f 7029/7029 7027/7027 7025/7025
f 7029/7029 7030/7030 7027/7027
f 7031/7031 7030/7030 7029/7029
f 7032/7032 7030/7030 7031/7031
f 7032/7032 7031/7031 7033/7033
f 7032/7032 7033/7033 7034/7034
f 7031/7031 7029/7029 7035/7035
f 7031/7031 7035/7035 7036/7036
f 7029/7029 7037/7037 7035/7035
f 7038/7038 7039/7039 7040/7040
f 7038/7038 7041/7041 7039/7039
f 7041/7041 7042/7042 7039/7039
f 7041/7041 7043/7043 7042/7042
f 7043/7043 7044/7044 7042/7042
f 7043/7043 7045/7045 7044/7044
f 7046/7046 7047/7047 7048/7048
f 7046/7046 7048/7048 7049/7049
f 7050/7050 7051/7051 7052/7052
f 7050/7050 7052/7052 7053/7053
f 7054/7054 7055/7055 7056/7056
f 7054/7054 7056/7056 7057/7057
f 7057/7057 7056/7056 7058/7058
f 7057/7057 7058/7058 7059/7059
f 7059/7059 7058/7058 7060/7060
f 7059/7059 7060/7060 7061/7061
f 7062/7062 7063/7063 7064/7064
f 7062/7062 7064/7064 7065/7065
f 7065/7065 7064/7064 7066/7066
f 7065/7065 7066/7066 7067/7067
f 7067/7067 7066/7066 7068/7068
f 7067/7067 7068/7068 7069/7069
f 7070/7070 7071/7071 7072/7072
f 7070/7070 7073/7073 7071/7071
f 7071/7071 7073/7073 7074/7074
f 7071/7071 7074/7074 7075/7075
f 7076/7076 7071/7071 7075/7075
f 7076/7076 7075/7075 7077/7077
f 7078/7078 7075/7075 7074/7074
f 7077/7077 7075/7075 7079/7079
f 7075/7075 7078/7078 7079/7079
f 7079/7079 7078/7078 7080/7080
f 7081/7081 7079/7079 7082/7082
f 7083/7083 7079/7079 7081/7081
f 7083/7083 7081/7081 7084/7084
f 7085/7085 7083/7083 7084/7084
f 7086/7086 7085/7085 7084/7084
f 7086/7086 7087/7087 7085/7085
f 7086/7086 7088/7088 7087/7087
f 7085/7085 7089/7089 7083/7083
f 7085/7085 7090/7090 7089/7089
f 7083/7083 7089/7089 7091/7091
f 7092/7092 7093/7093 7094/7094
f 7092/7092 7095/7095 7093/7093
f 7093/7093 7095/7095 7096/7096
f 7093/7093 7096/7096 7097/7097
f 7098/7098 7093/7093 7097/7097
f 7098/7098 7097/7097 7099/7099
f 7100/7100 7097/7097 7096/7096
f 7099/7099 7097/7097 7101/7101
f 7097/7097 7100/7100 7101/7101
f 7101/7101 7100/7100 7102/7102
f 7103/7103 7101/7101 7104/7104
f 7105/7105 7101/7101 7103/7103
f 7105/7105 7103/7103 7106/7106
f 7107/7107 7105/7105 7106/7106
f 7108/7108 7107/7107 7106/7106
f 7108/7108 7109/7109 7107/7107
f 7108/7108 7110/7110 7109/7109
f 7107/7107 7111/7111 7105/7105
f 7107/7107 7112/7112 7111/7111
f 7105/7105 7111/7111 7113/7113
f 7114/7114 7115/7115 7116/7116
f 7114/7114 7116/7116 7117/7117
f 7117/7117 7116/7116 7118/7118
f 7117/7117 7118/7118 7119/7119
f 7119/7119 7118/7118 7120/7120
f 7119/7119 7120/7120 7121/7121
f 7122/7122 7123/7123 7124/7124
f 7122/7122 7125/7125 7123/7123
f 7125/7125 7126/7126 7123/7123
f 7127/7127 7125/7125 7122/7122
f 7128/7128 7126/7126 7125/7125
f 7128/7128 7125/7125 7127/7127
f 7129/7129 7128/7128 7127/7127
f 7129/7129 7130/7130 7128/7128
f 7131/7131 7129/7129 7127/7127
f 7130/7130 7129/7129 7132/7132
f 7129/7129 7131/7131 7133/7133
f 7129/7129 7133/7133 7132/7132
f 7134/7134 7135/7135 7136/7136
f 7135/7135 7134/7134 7137/7137
f 7135/7135 7137/7137 7138/7138
f 7139/7139 7140/7140 7141/7141
f 7140/7140 7139/7139 7142/7142
f 7140/7140 7142/7142 7143/7143
f 7144/7144 7145/7145 7146/7146
f 7145/7145 7144/7144 7147/7147
f 7145/7145 7147/7147 7148/7148
f 7149/7149 7150/7150 7151/7151
f 7149/7149 7151/7151 7152/7152
f 7153/7153 7154/7154 7155/7155
f 7153/7153 7155/7155 7156/7156
f 7157/7157 7158/7158 7159/7159
f 7157/7157 7159/7159 7160/7160
f 7161/7161 7162/7162 7163/7163
f 7163/7163 7164/7164 7161/7161
f 7163/7163 7165/7165 7164/7164
f 7166/7166 7167/7167 7168/7168
f 7168/7168 7169/7169 7166/7166
f 7168/7168 7170/7170 7169/7169
f 7171/7171 7172/7172 7173/7173
f 7173/7173 7174/7174 7171/7171
f 7173/7173 7175/7175 7174/7174
f 7176/7176 7177/7177 7178/7178
f 7176/7176 7178/7178 7179/7179
f 7180/7180 7181/7181 7182/7182
f 7180/7180 7182/7182 7183/7183
f 7184/7184 7185/7185 7186/7186
f 7184/7184 7186/7186 7187/7187
f 7188/7188 7189/7189 7190/7190
f 7189/7189 7188/7188 7191/7191
f 7189/7189 7191/7191 7192/7192
f 7193/7193 7194/7194 7195/7195
f 7194/7194 7193/7193 7196/7196
f 7194/7194 7196/7196 7197/7197
f 7198/7198 7199/7199 7200/7200
f 7199/7199 7198/7198 7201/7201
f 7199/7199 7201/7201 7202/7202
f 7203/7203 7204/7204 7205/7205
f 7203/7203 7205/7205 7206/7206
f 7207/7207 7208/7208 7209/7209
f 7207/7207 7209/7209 7210/7210
f 7211/7211 7212/7212 7213/7213
f 7211/7211 7213/7213 7214/7214
f 7215/7215 7216/7216 7217/7217
f 7216/7216 7218/7218 7217/7217
f 7218/7218 7219/7219 7217/7217
f 7218/7218 7220/7220 7219/7219
f 7221/7221 7222/7222 7223/7223
f 7221/7221 7224/7224 7222/7222
f 7221/7221 7225/7225 7224/7224
f 7226/7226 7221/7221 7223/7223
f 7221/7221 7227/7227 7225/7225
f 7226/7226 7223/7223 7228/7228
f 7228/7228 7229/7229 7226/7226
f 7230/7230 7225/7225 7227/7227
f 7230/7230 7227/7227 7231/7231
f 7228/7228 7232/7232 7229/7229
f 7228/7228 7233/7233 7232/7232
f 7230/7230 7231/7231 7234/7234
f 7235/7235 7230/7230 7234/7234
f 7232/7232 7233/7233 7236/7236
f 7236/7236 7235/7235 7234/7234
f 7237/7237 7232/7232 7236/7236
f 7236/7236 7234/7234 7237/7237
f 7238/7238 7239/7239 7240/7240
f 7239/7239 7241/7241 7240/7240
f 7241/7241 7242/7242 7240/7240
f 7238/7238 7240/7240 7243/7243
f 7242/7242 7244/7244 7240/7240
f 7245/7245 7238/7238 7243/7243
f 7243/7243 7246/7246 7245/7245
f 7247/7247 7244/7244 7242/7242
f 7247/7247 7248/7248 7244/7244
f 7245/7245 7246/7246 7249/7249
f 7245/7245 7249/7249 7250/7250
f 7251/7251 7248/7248 7247/7247
f 7251/7251 7247/7247 7252/7252
f 7253/7253 7250/7250 7249/7249
f 7251/7251 7252/7252 7253/7253
f 7253/7253 7249/7249 7254/7254
f 7254/7254 7251/7251 7253/7253
f 7255/7255 7256/7256 7257/7257
f 7258/7258 7255/7255 7257/7257
f 7256/7256 7259/7259 7257/7257
f 7260/7260 7258/7258 7257/7257
f 7259/7259 7261/7261 7257/7257
f 7261/7261 7260/7260 7257/7257
f 7262/7262 7263/7263 7264/7264
f 7265/7265 7262/7262 7264/7264
f 7263/7263 7266/7266 7264/7264
f 7267/7267 7265/7265 7264/7264
f 7266/7266 7268/7268 7264/7264
f 7268/7268 7267/7267 7264/7264
f 7269/7269 7270/7270 7271/7271
f 7272/7272 7269/7269 7271/7271
f 7270/7270 7273/7273 7271/7271
f 7274/7274 7272/7272 7271/7271
f 7273/7273 7275/7275 7271/7271
f 7275/7275 7274/7274 7271/7271
f 7276/7276 7277/7277 7278/7278
f 7279/7279 7276/7276 7278/7278
f 7277/7277 7280/7280 7278/7278
f 7281/7281 7279/7279 7278/7278
f 7280/7280 7282/7282 7278/7278
f 7282/7282 7281/7281 7278/7278
f 7283/7283 7284/7284 7285/7285
f 7286/7286 7284/7284 7283/7283
f 7285/7285 7284/7284 7287/7287
f 7288/7288 7284/7284 7286/7286
f 7287/7287 7284/7284 7289/7289
f 7289/7289 7284/7284 7288/7288
f 7290/7290 7291/7291 7292/7292
f 7293/7293 7291/7291 7290/7290
f 7292/7292 7291/7291 7294/7294
f 7295/7295 7291/7291 7293/7293
f 7294/7294 7291/7291 7296/7296
f 7296/7296 7291/7291 7295/7295
f 7297/7297 7298/7298 7299/7299
f 7300/7300 7298/7298 7297/7297
f 7299/7299 7298/7298 7301/7301
f 7302/7302 7298/7298 7300/7300
f 7301/7301 7298/7298 7303/7303
f 7303/7303 7298/7298 7302/7302
f 7304/7304 7305/7305 7306/7306
f 7307/7307 7305/7305 7304/7304
f 7306/7306 7305/7305 7308/7308
f 7309/7309 7305/7305 7307/7307
f 7308/7308 7305/7305 7310/7310
f 7310/7310 7305/7305 7309/7309
f 7311/7311 7312/7312 7313/7313
f 7314/7314 7312/7312 7311/7311
f 7313/7313 7312/7312 7315/7315
f 7316/7316 7312/7312 7314/7314
f 7315/7315 7312/7312 7317/7317
f 7317/7317 7312/7312 7316/7316
o vehicle#pilot_1_2_3
v 0.548923 2.047481 6.998742
v 0.555989 2.004025 6.972470
v 0.529138 1.985822 7.034740
v 0.529138 1.985822 7.034740
v 0.517327 2.040227 7.031530
v 0.465744 2.026557 7.013508
v 0.472507 1.952446 7.019785
v 0.555989 2.004025 6.972470
v 0.425870 1.983681 6.938736
v 0.429202 2.026793 6.931408
v 0.472507 1.952446 7.019785
v 0.442930 1.955097 6.929189
v 0.429202 2.026793 6.931408
v 0.465542 2.040719 6.975831
v 0.517327 2.040227 7.031530
v 0.449088 2.035919 6.915723
v 0.540545 2.051710 6.981349
v 0.548923 2.047481 6.998742
v 0.527018 2.052648 6.958351
v 0.489870 2.014549 6.897587
v 0.540545 2.051710 6.981349
v 0.523788 2.025509 6.981806
v 0.548923 2.047481 6.998742
v 0.773426 1.870888 6.813549
v 0.737187 1.837162 6.889793
v 0.746575 1.841905 6.803301
v 0.800379 1.871292 6.811050
v 0.794625 1.856501 6.866425
v 0.737187 1.837162 6.889793
v 0.822385 1.841880 6.878901
v 0.765149 1.831118 6.916283
v 0.804820 1.820587 6.934966
v 0.746675 1.806778 6.939943
v 0.744152 1.812977 6.880653
v 0.800379 1.871292 6.811050
v 0.820870 1.835819 6.794891
v 0.821880 1.764527 6.850673
v 0.805325 1.804241 6.781838
v 0.804114 1.757507 6.922561
v 0.804820 1.820587 6.934966
v 0.746675 1.806778 6.939943
v 0.753843 1.768403 6.924979
v 0.821880 1.764527 6.850673
v 0.548923 2.047481 6.998742
v 0.523788 2.025509 6.981806
v 0.555989 2.004025 6.972470
v 0.652796 1.415499 7.409594
v 0.633919 1.563327 7.272039
v 0.553163 1.436777 7.422930
v 0.714777 1.554950 7.559926
v 0.633919 1.563327 7.272039
v 0.671168 1.601548 7.560803
v 0.633919 1.563327 7.272039
v 0.698726 1.579918 7.579168
v 0.553163 1.436777 7.422930
v 0.633919 1.563327 7.272039
v 0.616153 1.571233 7.570153
v 0.633919 1.563327 7.272039
v 0.671168 1.601548 7.560803
v 0.642298 1.589807 7.585584
v 0.441416 1.510168 7.307651
v 0.390842 1.471331 7.389887
v 0.424154 1.606833 7.389312
v 0.342590 1.606833 7.389312
v 0.313821 1.510168 7.307651
v 0.424154 1.606833 7.389312
v 0.342590 1.606833 7.389312
v 0.596569 1.606833 7.389312
v 0.630992 1.471331 7.389887
v 0.578702 1.510168 7.307651
v 0.710840 1.510168 7.307651
v 0.630992 1.471331 7.389887
v 0.680960 1.606833 7.389312
v 0.680960 1.606833 7.389312
v 0.630992 1.471331 7.389887
v 0.596569 1.606833 7.389312
v 0.448179 1.443476 7.423041
v 0.365606 1.563327 7.272039
v 0.363183 1.417494 7.412298
v 0.698726 1.579918 7.579168
v 0.642298 1.589807 7.585584
v 0.671168 1.601548 7.560803
v 0.351877 1.603845 7.562707
v 0.383574 1.592806 7.586089
v 0.328458 1.581513 7.581770
v -0.556027 2.355808 6.440753
v -0.457202 2.375203 6.382985
v -0.532305 2.400749 6.355427
v -0.556027 2.355808 6.440753
v -0.548255 2.380241 6.420593
v -0.556027 2.355808 6.440753
v -0.534526 2.347442 6.480139
v -0.546034 2.368077 6.459273
v -0.529277 2.357531 6.487156
v -0.491725 2.335708 6.500919
v -0.449025 2.347442 6.480139
v -0.498186 2.371222 6.492278
v -0.462047 2.385942 6.480203
v -0.427524 2.355808 6.440753
v -0.407738 2.408907 6.441441
v -0.457202 2.375203 6.382985
v -0.557542 1.940924 7.033065
v -0.604784 1.920026 7.031831
v -0.606096 1.933947 7.079354
v -0.606096 1.933947 7.079354
v -0.557441 1.975474 7.063323
v -0.591661 2.018194 7.051294
v -0.657175 1.977748 7.079327
v -0.673831 2.032971 7.004718
v -0.697856 2.008860 7.011478
v -0.639409 2.037717 6.977526
v -0.606096 1.933947 7.079354
v -0.604784 1.920026 7.031831
v -0.639409 2.037717 6.977526
v -0.597011 2.014360 7.011587
v -0.557441 1.975474 7.063323
v -0.633352 2.017845 6.960593
v -0.564305 1.946454 7.015375
v -0.557542 1.940924 7.033065
v -0.577832 1.955289 6.994189
v -0.648595 1.971149 6.957615
v -0.564305 1.946454 7.015375
v -0.591056 1.956933 7.027592
v -0.557542 1.940924 7.033065
v -0.418136 1.987421 6.914542
v -0.458009 1.926101 6.986941
v -0.394111 1.935898 6.928057
v -0.413593 2.013819 6.915686
v -0.446905 1.985239 6.963939
v -0.458009 1.926101 6.986941
v -0.443978 2.010202 6.986280
v -0.471435 1.952559 7.011985
v -0.474867 1.989718 7.036746
v -0.475574 1.930607 7.043548
v -0.434489 1.929179 6.999946
v -0.413593 2.013819 6.915686
v -0.376142 2.007686 6.935676
v -0.372105 1.997637 7.025560
v -0.347070 1.987564 6.948943
v -0.424293 1.979254 7.075729
v -0.474867 1.989718 7.036746
v -0.475574 1.930607 7.043548
v -0.438325 1.931774 7.063350
v -0.372105 1.997637 7.025560
v -0.557542 1.940924 7.033065
v -0.591056 1.956933 7.027592
v -0.604784 1.920026 7.031831
v -0.369480 1.387581 7.179148
v -0.388357 1.588710 7.161881
v -0.469113 1.396042 7.202762
v -0.307600 1.404742 7.383377
v -0.388357 1.588710 7.161881
v -0.351108 1.440793 7.412836
v -0.388357 1.588710 7.161881
v -0.323550 1.412491 7.413989
v -0.469113 1.396042 7.202762
v -0.388357 1.588710 7.161881
v -0.406123 1.411212 7.401587
v -0.388357 1.588710 7.161881
v -0.351108 1.440793 7.412836
v -0.379978 1.416373 7.425096
v -0.553302 1.524653 7.136075
v -0.623560 1.443285 7.176940
v -0.590248 1.550347 7.260018
v -0.671812 1.550347 7.260018
v -0.680897 1.524653 7.136075
v -0.590248 1.550347 7.260018
v -0.671812 1.550347 7.260018
v -0.425707 1.550347 7.260018
v -0.391284 1.443285 7.176940
v -0.443574 1.524653 7.136075
v -0.311436 1.524653 7.136075
v -0.391284 1.443285 7.176940
v -0.341316 1.550347 7.260018
v -0.341316 1.550347 7.260018
v -0.391284 1.443285 7.176940
v -0.425707 1.550347 7.260018
v -0.552797 1.401335 7.206971
v -0.635270 1.588710 7.161881
v -0.637692 1.387475 7.182448
v -0.323550 1.412491 7.413989
v -0.379978 1.416373 7.425096
v -0.351108 1.440793 7.412836
v -0.648998 1.441589 7.415738
v -0.617402 1.418369 7.427399
v -0.672418 1.412186 7.416989
v 0.446160 2.361587 6.452962
v 0.403864 2.354772 6.401651
v 0.510362 2.387305 6.382005
v 0.392054 2.338258 6.470924
v 0.467662 2.349124 6.491242
v 0.266780 2.297013 6.497955
v 0.276269 2.305294 6.388369
v 0.510463 2.277629 6.548423
v 0.266780 2.297013 6.497955
v 0.510463 2.335292 6.510619
v 0.553264 2.349124 6.491242
v 0.354805 2.228194 6.569241
v 0.510463 1.968582 6.636311
v 0.319272 1.959600 6.565496
v 0.301203 2.105717 6.434838
v 0.329467 1.723881 6.456304
v 0.329568 2.244966 6.345269
v 0.298174 1.873111 6.618952
v 0.421227 1.911256 6.652116
v 0.599699 1.911256 6.652116
v 0.722650 1.873111 6.618952
v 0.701654 1.959600 6.565496
v 0.691458 1.723881 6.456304
v 0.728101 2.103943 6.418935
v 0.691357 2.244966 6.345269
v 0.675004 2.226421 6.553238
v 0.754145 2.297013 6.497955
v 0.628872 2.338258 6.470924
v 0.574765 2.361587 6.452962
v 0.617061 2.354772 6.401651
v 0.510362 2.387305 6.382005
v 0.754145 2.297013 6.497955
v 0.744657 2.305085 6.393868
v 0.446160 2.361587 6.452962
v 0.510362 2.387305 6.382005
v 0.434350 2.414968 6.404551
v 0.457668 2.387768 6.464906
v 0.467662 2.349124 6.491242
v 0.481189 2.371619 6.493979
v 0.510362 2.358299 6.506257
v 0.510463 2.335292 6.510619
v 0.553264 2.349124 6.491242
v 0.539636 2.371619 6.493979
v 0.563055 2.387768 6.464906
v 0.574765 2.361587 6.452962
v 0.586475 2.414968 6.404551
v 0.510362 2.387305 6.382005
v 0.425870 1.983681 6.938736
v 0.442930 1.955097 6.929189
v 0.441315 1.942686 6.935668
v 0.486236 1.931516 6.917550
v 0.489870 2.014549 6.897587
v 0.307259 1.771046 7.019684
v 0.329467 1.723881 6.456304
v 0.298174 1.873111 6.618952
v 0.353795 1.939497 7.049463
v 0.313821 1.510168 7.307651
v 0.342590 1.606833 7.389312
v 0.422539 1.912398 6.626817
v 0.423347 1.948407 7.043678
v 0.512684 1.914667 6.645521
v 0.424154 1.606833 7.389312
v 0.342590 1.606833 7.389312
v 0.470185 1.770946 7.019783
v 0.512684 1.914667 6.645521
v 0.441416 1.510168 7.307651
v 0.512684 1.914667 6.645521
v 0.510463 1.738096 6.628028
v 0.552860 1.770946 7.019783
v 0.512684 1.914667 6.645521
v 0.599699 1.948407 7.043678
v 0.596569 1.606833 7.389312
v 0.578702 1.510168 7.307651
v 0.669250 1.939497 7.049463
v 0.680960 1.606833 7.389312
v 0.710840 1.510168 7.307651
v 0.715887 1.771046 7.019684
v 0.598386 1.912398 6.626817
v 0.512684 1.914667 6.645521
v 0.722650 1.873111 6.618952
v 0.691458 1.723881 6.456304
v 0.523788 2.025509 6.981806
v 0.540545 2.051710 6.981349
v 0.527018 2.052648 6.958351
v 0.489870 2.014549 6.897587
v 0.442930 1.955097 6.929189
v 0.472507 1.952446 7.019785
v 0.555989 2.004025 6.972470
v 0.296054 1.959800 6.685796
v 0.441315 1.942686 6.935668
v 0.486236 1.931516 6.917550
v 0.268395 2.012289 6.692683
v 0.425870 1.983681 6.938736
v 0.299184 2.069768 6.705179
v 0.429202 2.026793 6.931408
v 0.353089 2.076279 6.698689
v 0.449088 2.035919 6.915723
v 0.489870 2.014549 6.897587
v 0.382262 2.040297 6.688030
v 0.354805 1.978382 6.697127
v 0.486236 1.931516 6.917550
v 0.296054 1.959800 6.685796
v 0.354805 1.978382 6.697127
v 0.301203 2.105717 6.434838
v 0.382262 2.040297 6.688030
v 0.354805 2.228194 6.569241
v 0.353089 2.076279 6.698689
v 0.354805 2.228194 6.569241
v 0.266780 2.297013 6.497955
v 0.299184 2.069768 6.705179
v 0.268395 2.012289 6.692683
v 0.276269 2.305294 6.388369
v 0.301203 2.105717 6.434838
v 0.329568 2.244966 6.345269
v 0.510362 2.454484 6.575917
v 0.488255 2.454632 6.546617
v 0.510362 2.512438 6.543413
v 0.510362 2.438218 6.555290
v 0.426880 2.483682 6.516865
v 0.492293 2.380832 6.546894
v 0.449189 2.420782 6.516661
v 0.486942 2.370058 6.530777
v 0.510362 2.364951 6.535068
v 0.510362 2.377732 6.546689
v 0.528532 2.380832 6.546894
v 0.533882 2.370058 6.530777
v 0.571535 2.420782 6.516661
v 0.593945 2.483682 6.516865
v 0.532469 2.454632 6.546617
v 0.510362 2.454484 6.575917
v 0.510362 2.512438 6.543413
v 0.329568 2.244966 6.345269
v 0.329467 1.723881 6.456304
v 0.510463 2.265299 6.325302
v 0.276269 2.305294 6.388369
v 0.509050 2.342540 6.360631
v 0.403864 2.354772 6.401651
v 0.510362 2.387305 6.382005
v 0.617061 2.354772 6.401651
v 0.744657 2.305085 6.393868
v 0.691357 2.244966 6.345269
v 0.691458 1.723881 6.456304
v 0.510362 2.358299 6.506257
v 0.486942 2.370058 6.530777
v 0.510362 2.364951 6.535068
v 0.481189 2.371619 6.493979
v 0.457668 2.387768 6.464906
v 0.449189 2.420782 6.516661
v 0.434350 2.414968 6.404551
v 0.426880 2.483682 6.516865
v 0.744152 1.812977 6.880653
v 0.746675 1.806778 6.939943
v 0.753843 1.768403 6.924979
v 0.821880 1.764527 6.850673
v 0.805325 1.804241 6.781838
v 0.746575 1.841905 6.803301
v 0.737187 1.837162 6.889793
v 0.765149 1.831118 6.916283
v 0.746575 1.841905 6.803301
v 0.820870 1.835819 6.794891
v 0.814612 1.793744 6.780021
v 0.805325 1.804241 6.781838
v 0.775142 1.763837 6.783971
v 0.746575 1.841905 6.803301
v 0.728101 2.103943 6.418935
v 0.799672 1.945158 6.530772
v 0.825009 1.968980 6.577511
v 0.744657 2.305085 6.393868
v 0.691357 2.244966 6.345269
v 0.754145 2.297013 6.497955
v 0.796845 1.997106 6.622058
v 0.747584 2.006301 6.625273
v 0.675004 2.226421 6.553238
v 0.722550 1.977934 6.605326
v 0.728101 2.103943 6.418935
v 0.675004 2.226421 6.553238
v 0.736480 1.944621 6.552571
v 0.799672 1.945158 6.530772
v 0.736480 1.944621 6.552571
v 0.775142 1.763837 6.783971
v 0.746575 1.841905 6.803301
v 0.722550 1.977934 6.605326
v 0.747584 2.006301 6.625273
v 0.773426 1.870888 6.813549
v 0.800379 1.871292 6.811050
v 0.796845 1.997106 6.622058
v 0.820870 1.835819 6.794891
v 0.825009 1.968980 6.577511
v 0.814612 1.793744 6.780021
v 0.775142 1.763837 6.783971
v 0.799672 1.945158 6.530772
v 0.586475 2.414968 6.404551
v 0.571535 2.420782 6.516661
v 0.593945 2.483682 6.516865
v 0.563055 2.387768 6.464906
v 0.539636 2.371619 6.493979
v 0.533882 2.370058 6.530777
v 0.510362 2.358299 6.506257
v 0.510362 2.364951 6.535068
v 0.470185 1.770946 7.019783
v 0.307259 1.771046 7.019684
v 0.313821 1.510168 7.307651
v 0.441416 1.510168 7.307651
v 0.390842 1.471331 7.389887
v 0.698726 1.579918 7.579168
v 0.714777 1.554950 7.559926
v 0.652796 1.415499 7.409594
v 0.642298 1.589807 7.585584
v 0.553163 1.436777 7.422930
v 0.616153 1.571233 7.570153
v 0.578702 1.510168 7.307651
v 0.630992 1.471331 7.389887
v 0.710840 1.510168 7.307651
v 0.715887 1.771046 7.019684
v 0.552860 1.770946 7.019783
v 0.691458 1.723881 6.456304
v 0.510463 1.738096 6.628028
v 0.448179 1.443476 7.423041
v 0.406287 1.575731 7.570961
v 0.365606 1.563327 7.272039
v 0.363183 1.417494 7.412298
v 0.312811 1.555545 7.562727
v 0.351877 1.603845 7.562707
v 0.365606 1.563327 7.272039
v 0.383574 1.592806 7.586089
v 0.365606 1.563327 7.272039
v 0.351877 1.603845 7.562707
v 0.328458 1.581513 7.581770
v 0.406287 1.575731 7.570961
v 0.448179 1.443476 7.423041
v 0.363183 1.417494 7.412298
v 0.383574 1.592806 7.586089
v 0.328458 1.581513 7.581770
v 0.312811 1.555545 7.562727
v 0.307259 1.771046 7.019684
v 0.470185 1.770946 7.019783
v 0.510463 1.738096 6.628028
v 0.329467 1.723881 6.456304
v -0.556027 2.355808 6.440753
v -0.598324 2.343491 6.390432
v -0.457202 2.375203 6.382985
v -0.610134 2.334474 6.461117
v -0.534526 2.347442 6.480139
v -0.735509 2.296322 6.492354
v -0.726020 2.292904 6.382548
v -0.491725 2.282435 6.544631
v -0.735509 2.296322 6.492354
v -0.491725 2.335708 6.500919
v -0.449025 2.347442 6.480139
v -0.647383 2.235492 6.570553
v -0.491725 1.984535 6.664837
v -0.683017 1.968050 6.595410
v -0.700985 2.099392 6.450027
v -0.658891 1.721988 6.511901
v -0.672721 2.228364 6.346041
v -0.704014 1.919235 6.664829
v -0.580961 1.960687 6.693698
v -0.402489 1.960687 6.693698
v -0.279537 1.919235 6.664829
v -0.300534 1.968050 6.595410
v -0.324660 1.721988 6.511901
v -0.274086 2.095918 6.434322
v -0.310831 2.228364 6.346041
v -0.327285 2.232018 6.554848
v -0.248042 2.296322 6.492354
v -0.373417 2.334474 6.461117
v -0.427524 2.355808 6.440753
v -0.385228 2.343491 6.390432
v -0.457202 2.375203 6.382985
v -0.248042 2.296322 6.492354
v -0.257531 2.293295 6.388049
v -0.673831 2.032971 7.004718
v -0.697856 2.008860 7.011478
v -0.705831 2.008941 7.023078
v -0.711383 1.960454 7.015398
v -0.648595 1.971149 6.957615
v -0.730159 1.756899 6.987860
v -0.658891 1.721988 6.511901
v -0.704014 1.919235 6.664829
v -0.728241 1.967659 7.072210
v -0.680897 1.524653 7.136075
v -0.671812 1.550347 7.260018
v -0.579750 1.959129 6.668395
v -0.659295 1.978646 7.080128
v -0.489605 1.963399 6.686702
v -0.590248 1.550347 7.260018
v -0.671812 1.550347 7.260018
v -0.567737 1.758076 7.001762
v -0.489605 1.963399 6.686702
v -0.553302 1.524653 7.136075
v -0.489605 1.963399 6.686702
v -0.491725 1.776909 6.680493
v -0.444584 1.757388 6.994561
v -0.425707 1.550347 7.260018
v -0.443574 1.524653 7.136075
v -0.378464 1.978351 7.077328
v -0.489605 1.963399 6.686702
v -0.403802 1.959129 6.668395
v -0.308913 1.967954 7.075410
v -0.341316 1.550347 7.260018
v -0.311436 1.524653 7.136075
v -0.279537 1.919235 6.664829
v -0.281556 1.757488 6.994561
v -0.324660 1.721988 6.511901
v -0.591056 1.956933 7.027592
v -0.564305 1.946454 7.015375
v -0.577832 1.955289 6.994189
v -0.648595 1.971149 6.957615
v -0.697856 2.008860 7.011478
v -0.657175 1.977748 7.079327
v -0.604784 1.920026 7.031831
v -0.760745 1.980445 6.719430
v -0.705831 2.008941 7.023078
v -0.711383 1.960454 7.015398
v -0.788404 2.030885 6.694914
v -0.673831 2.032971 7.004718
v -0.757616 2.091832 6.727015
v -0.639409 2.037717 6.977526
v -0.703711 2.097644 6.719925
v -0.633352 2.017845 6.960593
v -0.674538 2.060655 6.713164
v -0.648595 1.971149 6.957615
v -0.701995 2.000029 6.728863
v -0.711383 1.960454 7.015398
v -0.760745 1.980445 6.719430
v -0.701995 2.000029 6.728863
v -0.700985 2.099392 6.450027
v -0.674538 2.060655 6.713164
v -0.647383 2.235492 6.570553
v -0.703711 2.097644 6.719925
v -0.647383 2.235492 6.570553
v -0.735509 2.296322 6.492354
v -0.757616 2.091832 6.727015
v -0.788404 2.030885 6.694914
v -0.726020 2.292904 6.382548
v -0.700985 2.099392 6.450027
v -0.672721 2.228364 6.346041
v -0.568948 2.459353 6.533825
v -0.570059 2.455714 6.497419
v -0.549769 2.514107 6.501315
v -0.557138 2.441378 6.518695
v -0.602967 2.478617 6.435456
v -0.567535 2.382497 6.507597
v -0.584999 2.417185 6.454455
v -0.562690 2.370122 6.492577
v -0.545933 2.366693 6.509971
v -0.552595 2.380379 6.517994
v -0.537857 2.384463 6.528100
v -0.524230 2.372678 6.519181
v -0.484760 2.423770 6.523666
v -0.466186 2.487560 6.529971
v -0.533920 2.458072 6.522423
v -0.568948 2.459353 6.533825
v -0.549769 2.514107 6.501315
v -0.672721 2.228364 6.346041
v -0.658891 1.721988 6.511901
v -0.491725 2.246401 6.324071
v -0.726020 2.292904 6.382548
v -0.493138 2.326957 6.350905
v -0.598324 2.343491 6.390432
v -0.457202 2.375203 6.382985
v -0.385228 2.343491 6.390432
v -0.257531 2.293295 6.388049
v -0.310831 2.228364 6.346041
v -0.324660 1.721988 6.511901
v -0.529277 2.357531 6.487156
v -0.562690 2.370122 6.492577
v -0.545933 2.366693 6.509971
v -0.546034 2.368077 6.459273
v -0.548255 2.380241 6.420593
v -0.584999 2.417185 6.454455
v -0.532305 2.400749 6.355427
v -0.602967 2.478617 6.435456
v -0.434489 1.929179 6.999946
v -0.475574 1.930607 7.043548
v -0.438325 1.931774 7.063350
v -0.372105 1.997637 7.025560
v -0.347070 1.987564 6.948943
v -0.394111 1.935898 6.928057
v -0.458009 1.926101 6.986941
v -0.471435 1.952559 7.011985
v -0.394111 1.935898 6.928057
v -0.376142 2.007686 6.935676
v -0.337985 1.995051 6.956655
v -0.347070 1.987564 6.948943
v -0.325569 1.951817 6.977083
v -0.394111 1.935898 6.928057
v -0.274086 2.095918 6.434322
v -0.191917 1.977856 6.712726
v -0.188283 2.043996 6.688236
v -0.257531 2.293295 6.388049
v -0.310831 2.228364 6.346041
v -0.248042 2.296322 6.492354
v -0.233809 2.094942 6.721420
v -0.281657 2.083261 6.709701
v -0.327285 2.232018 6.554848
v -0.294376 2.034446 6.718620
v -0.274086 2.095918 6.434322
v -0.327285 2.232018 6.554848
v -0.258440 1.969547 6.717812
v -0.191917 1.977856 6.712726
v -0.258440 1.969547 6.717812
v -0.325569 1.951817 6.977083
v -0.394111 1.935898 6.928057
v -0.294376 2.034446 6.718620
v -0.281657 2.083261 6.709701
v -0.418136 1.987421 6.914542
v -0.413593 2.013819 6.915686
v -0.233809 2.094942 6.721420
v -0.376142 2.007686 6.935676
v -0.337985 1.995051 6.956655
v -0.188283 2.043996 6.688236
v -0.325569 1.951817 6.977083
v -0.191917 1.977856 6.712726
v -0.407738 2.408907 6.441441
v -0.484760 2.423770 6.523666
v -0.466186 2.487560 6.529971
v -0.462047 2.385942 6.480203
v -0.498186 2.371222 6.492278
v -0.524230 2.372678 6.519181
v -0.529277 2.357531 6.487156
v -0.545933 2.366693 6.509971
v -0.567737 1.758076 7.001762
v -0.730159 1.756899 6.987860
v -0.680897 1.524653 7.136075
v -0.553302 1.524653 7.136075
v -0.623560 1.443285 7.176940
v -0.323550 1.412491 7.413989
v -0.307600 1.404742 7.383377
v -0.369480 1.387581 7.179148
v -0.379978 1.416373 7.425096
v -0.469113 1.396042 7.202762
v -0.406123 1.411212 7.401587
v -0.443574 1.524653 7.136075
v -0.391284 1.443285 7.176940
v -0.311436 1.524653 7.136075
v -0.281556 1.757488 6.994561
v -0.444584 1.757388 6.994561
v -0.324660 1.721988 6.511901
v -0.491725 1.776909 6.680493
v -0.552797 1.401335 7.206971
v -0.594589 1.414306 7.404992
v -0.635270 1.588710 7.161881
v -0.637692 1.387475 7.182448
v -0.688064 1.403438 7.385974
v -0.648998 1.441589 7.415738
v -0.635270 1.588710 7.161881
v -0.617402 1.418369 7.427399
v -0.635270 1.588710 7.161881
v -0.648998 1.441589 7.415738
v -0.672418 1.412186 7.416989
v -0.594589 1.414306 7.404992
v -0.552797 1.401335 7.206971
v -0.637692 1.387475 7.182448
v -0.617402 1.418369 7.427399
v -0.672418 1.412186 7.416989
v -0.688064 1.403438 7.385974
v -0.730159 1.756899 6.987860
v -0.567737 1.758076 7.001762
v -0.491725 1.776909 6.680493
v -0.658891 1.721988 6.511901
vt 0.41890 -0.64940
vt 0.45100 -0.64710
vt 0.46350 -0.61680
vt 0.46400 -0.61720
vt 0.41440 -0.61000
vt 0.41370 -0.56140
vt 0.47810 -0.56120
vt 0.31380 -0.61000
vt 0.44060 -0.50260
vt 0.40650 -0.50390
vt 0.47810 -0.56120
vt 0.46760 -0.50220
vt 0.38940 -0.50660
vt 0.39740 -0.54960
vt 0.40710 -0.60960
vt 0.36850 -0.51160
vt 0.38040 -0.59730
vt 0.36830 -0.62690
vt 0.35470 -0.58100
vt 0.34840 -0.52350
vt 0.38040 -0.59730
vt 0.35820 -0.58700
vt 0.36830 -0.62690
vt 0.36840 -0.51150
vt 0.35470 -0.58090
vt 0.34840 -0.52350
vt 0.38930 -0.50660
vt 0.39740 -0.54960
vt 0.35470 -0.58090
vt 0.41400 -0.56190
vt 0.38040 -0.59720
vt 0.40710 -0.60960
vt 0.36830 -0.62680
vt 0.35820 -0.58700
vt 0.40690 -0.50470
vt 0.44090 -0.50290
vt 0.47820 -0.56080
vt 0.46780 -0.50220
vt 0.46390 -0.61680
vt 0.41410 -0.61000
vt 0.41880 -0.64970
vt 0.45130 -0.64740
vt 0.28280 -0.55420
vt 0.41890 -0.64940
vt 0.41890 -0.64940
vt 0.45100 -0.64710
vt 0.41620 -0.76960
vt 0.42620 -0.80670
vt 0.43540 -0.76880
vt 0.37190 -0.77790
vt 0.42620 -0.80670
vt 0.36820 -0.78860
vt 0.42620 -0.80670
vt 0.36700 -0.78130
vt 0.41620 -0.76950
vt 0.42620 -0.80670
vt 0.37200 -0.77790
vt 0.42620 -0.80670
vt 0.36820 -0.78860
vt 0.36680 -0.78150
vt 0.11110 -0.05390
vt 0.06060 -0.04540
vt 0.07100 -0.02520
vt 0.03630 -0.02520
vt 0.00510 -0.05890
vt 0.07100 -0.02520
vt 0.03630 -0.02520
vt 0.07100 -0.02520
vt 0.05200 -0.04210
vt 0.11120 -0.05390
vt 0.00510 -0.05890
vt 0.05200 -0.04210
vt 0.03630 -0.02520
vt 0.03630 -0.02520
vt 0.05200 -0.04210
vt 0.07100 -0.02520
vt 0.43560 -0.76870
vt 0.42610 -0.80630
vt 0.41620 -0.76980
vt 0.37030 -0.78240
vt 0.36180 -0.78540
vt 0.36750 -0.78800
vt 0.36410 -0.78810
vt 0.37030 -0.78570
vt 0.36180 -0.78240
vt 0.56280 -0.71880
vt 0.52020 -0.74960
vt 0.52760 -0.78400
vt 0.56280 -0.71880
vt 0.58430 -0.74230
vt 0.56280 -0.71880
vt 0.60330 -0.69730
vt 0.61870 -0.71970
vt 0.65000 -0.70390
vt 0.65000 -0.67970
vt 0.69680 -0.69700
vt 0.68140 -0.71950
vt 0.71590 -0.74190
vt 0.73750 -0.71830
vt 0.77280 -0.78330
vt 0.78010 -0.74890
vt 0.41890 -0.64940
vt 0.45100 -0.64710
vt 0.46350 -0.61680
vt 0.46400 -0.61720
vt 0.41440 -0.61000
vt 0.41370 -0.56140
vt 0.47810 -0.56120
vt 0.44060 -0.50260
vt 0.46760 -0.50220
vt 0.40650 -0.50390
vt 0.46350 -0.61680
vt 0.31380 -0.61000
vt 0.38940 -0.50660
vt 0.39740 -0.54960
vt 0.40710 -0.60960
vt 0.36850 -0.51160
vt 0.38040 -0.59730
vt 0.36830 -0.62690
vt 0.35470 -0.58100
vt 0.34840 -0.52350
vt 0.38040 -0.59730
vt 0.35820 -0.58700
vt 0.36830 -0.62690
vt 0.36840 -0.51150
vt 0.35470 -0.58090
vt 0.34840 -0.52350
vt 0.38930 -0.50660
vt 0.39740 -0.54960
vt 0.35470 -0.58090
vt 0.41400 -0.56190
vt 0.38040 -0.59720
vt 0.40710 -0.60960
vt 0.36830 -0.62680
vt 0.35820 -0.58700
vt 0.40690 -0.50470
vt 0.44090 -0.50290
vt 0.47820 -0.56080
vt 0.46780 -0.50220
vt 0.46390 -0.61680
vt 0.41410 -0.61000
vt 0.41880 -0.64970
vt 0.45130 -0.64740
vt 0.28280 -0.55420
vt 0.41890 -0.64940
vt 0.41890 -0.64940
vt 0.45100 -0.64710
vt 0.41620 -0.76960
vt 0.42620 -0.80670
vt 0.43540 -0.76880
vt 0.37190 -0.77790
vt 0.42620 -0.80670
vt 0.36820 -0.78860
vt 0.42620 -0.80670
vt 0.36700 -0.78130
vt 0.41620 -0.76950
vt 0.42620 -0.80670
vt 0.37200 -0.77790
vt 0.42620 -0.80670
vt 0.36820 -0.78860
vt 0.36680 -0.78150
vt 0.11110 -0.05390
vt 0.06060 -0.04540
vt 0.07100 -0.02520
vt 0.03630 -0.02520
vt 0.00510 -0.05890
vt 0.07100 -0.02520
vt 0.03630 -0.02520
vt 0.07100 -0.02520
vt 0.05200 -0.04210
vt 0.11120 -0.05390
vt 0.00510 -0.05890
vt 0.05200 -0.04210
vt 0.03630 -0.02520
vt 0.03630 -0.02520
vt 0.05200 -0.04210
vt 0.07100 -0.02520
vt 0.43560 -0.76870
vt 0.42610 -0.80630
vt 0.41620 -0.76980
vt 0.37030 -0.78240
vt 0.36180 -0.78540
vt 0.36750 -0.78800
vt 0.36410 -0.78810
vt 0.37030 -0.78570
vt 0.36180 -0.78240
vt 0.37050 -0.45720
vt 0.33880 -0.49190
vt 0.36400 -0.49310
vt 0.32990 -0.44040
vt 0.38680 -0.44960
vt 0.24520 -0.42460
vt 0.24520 -0.46720
vt 0.41910 -0.38380
vt 0.25360 -0.40320
vt 0.41910 -0.44010
vt 0.45130 -0.44960
vt 0.29670 -0.34510
vt 0.41910 -0.13240
vt 0.27500 -0.14320
vt 0.18450 -0.27910
vt 0.15590 -0.01250
vt 0.15540 -0.38590
vt 0.25910 -0.05900
vt 0.35180 -0.08960
vt 0.48630 -0.08960
vt 0.57900 -0.05900
vt 0.56320 -0.14320
vt 0.67720 -0.01310
vt 0.64780 -0.27870
vt 0.67640 -0.38530
vt 0.54140 -0.34510
vt 0.58460 -0.40320
vt 0.50840 -0.44020
vt 0.46730 -0.45720
vt 0.49950 -0.49180
vt 0.47370 -0.49310
vt 0.59280 -0.42450
vt 0.59280 -0.46700
vt 0.56280 -0.71880
vt 0.52020 -0.74960
vt 0.52760 -0.78400
vt 0.58430 -0.74230
vt 0.60330 -0.69730
vt 0.61870 -0.71970
vt 0.65000 -0.70390
vt 0.65000 -0.67970
vt 0.69680 -0.69700
vt 0.68140 -0.71950
vt 0.71590 -0.74190
vt 0.73750 -0.71830
vt 0.77280 -0.78330
vt 0.78010 -0.74890
vt 0.54870 -0.63200
vt 0.54670 -0.61180
vt 0.55300 -0.60660
vt 0.53330 -0.58550
vt 0.50700 -0.62790
vt 0.02150 -0.36060
vt 0.05530 -0.67840
vt 0.06030 -0.56680
vt 0.05730 -0.31610
vt 0.00510 -0.05890
vt 0.03630 -0.02520
vt 0.14280 -0.56070
vt 0.08170 -0.32170
vt 0.20470 -0.57320
vt 0.07100 -0.02520
vt 0.03630 -0.02520
vt 0.11910 -0.30320
vt 0.20470 -0.57320
vt 0.11110 -0.05390
vt 0.20470 -0.57320
vt 0.20620 -0.55570
vt 0.11910 -0.30310
vt 0.20470 -0.57320
vt 0.08170 -0.32160
vt 0.07100 -0.02520
vt 0.11120 -0.05390
vt 0.05720 -0.31590
vt 0.03630 -0.02520
vt 0.00510 -0.05890
vt 0.02140 -0.36050
vt 0.14270 -0.56050
vt 0.20470 -0.57320
vt 0.06030 -0.56660
vt 0.05520 -0.67820
vt 0.33730 -0.57640
vt 0.34700 -0.60400
vt 0.35440 -0.58040
vt 0.34840 -0.52380
vt 0.30290 -0.50810
vt 0.28280 -0.55430
vt 0.31380 -0.61000
vt 0.72230 -0.67800
vt 0.54920 -0.63220
vt 0.54140 -0.65880
vt 0.72330 -0.64380
vt 0.55340 -0.60700
vt 0.70620 -0.60910
vt 0.55710 -0.58200
vt 0.70040 -0.58070
vt 0.56170 -0.56750
vt 0.56900 -0.54680
vt 0.70690 -0.55710
vt 0.72820 -0.52300
vt 0.56930 -0.49950
vt 0.74980 -0.51340
vt 0.75590 -0.54210
vt 0.91880 -0.49580
vt 0.78000 -0.57370
vt 0.90360 -0.60290
vt 0.78710 -0.59680
vt 0.90360 -0.60290
vt 0.94050 -0.65200
vt 0.77300 -0.62180
vt 0.74620 -0.64970
vt 0.97430 -0.70540
vt 0.87090 -0.76050
vt 0.96430 -0.75510
vt 0.13720 -0.81130
vt 0.10960 -0.80870
vt 0.13720 -0.86860
vt 0.13720 -0.78530
vt 0.01460 -0.84870
vt 0.11060 -0.69950
vt 0.04740 -0.75560
vt 0.10270 -0.68210
vt 0.13720 -0.67490
vt 0.13720 -0.69490
vt 0.16380 -0.69950
vt 0.17170 -0.68210
vt 0.22700 -0.75560
vt 0.25980 -0.84870
vt 0.16480 -0.80870
vt 0.13720 -0.81130
vt 0.13720 -0.86860
vt 0.95600 -0.38590
vt 0.97600 -0.01220
vt 0.82820 -0.40300
vt 0.98520 -0.43200
vt 0.82920 -0.46090
vt 0.90350 -0.46850
vt 0.82830 -0.48740
vt 0.75300 -0.46850
vt 0.67120 -0.43200
vt 0.70050 -0.38590
vt 0.68050 -0.01220
vt 0.26610 -0.65310
vt 0.25510 -0.69000
vt 0.23220 -0.66390
vt 0.29930 -0.68870
vt 0.34690 -0.71660
vt 0.28780 -0.76200
vt 0.42140 -0.74500
vt 0.29290 -0.84000
vt 0.33720 -0.57630
vt 0.34070 -0.61480
vt 0.31370 -0.60990
vt 0.28280 -0.55420
vt 0.30290 -0.50800
vt 0.34830 -0.52370
vt 0.35430 -0.58020
vt 0.34690 -0.60380
vt 0.34830 -0.52370
vt 0.54880 -0.63190
vt 0.55300 -0.60660
vt 0.54680 -0.61170
vt 0.53340 -0.58540
vt 0.50710 -0.62790
vt 0.87090 -0.76030
vt 0.72240 -0.67770
vt 0.74640 -0.64940
vt 0.97420 -0.70530
vt 0.96420 -0.75490
vt 0.94050 -0.65190
vt 0.77310 -0.62160
vt 0.78720 -0.59660
vt 0.90360 -0.60280
vt 0.78000 -0.57350
vt 0.91860 -0.49570
vt 0.90360 -0.60280
vt 0.75600 -0.54180
vt 0.74940 -0.51360
vt 0.72780 -0.52320
vt 0.56890 -0.49970
vt 0.56860 -0.54690
vt 0.70650 -0.55730
vt 0.70000 -0.58080
vt 0.56130 -0.56760
vt 0.55670 -0.58210
vt 0.70580 -0.60920
vt 0.55300 -0.60710
vt 0.72290 -0.64380
vt 0.54880 -0.63220
vt 0.54090 -0.65880
vt 0.72140 -0.67820
vt 0.42130 -0.74500
vt 0.28790 -0.76210
vt 0.29310 -0.84000
vt 0.34690 -0.71670
vt 0.29930 -0.68890
vt 0.25530 -0.69020
vt 0.26620 -0.65330
vt 0.23230 -0.66410
vt 0.11910 -0.30320
vt 0.11910 -0.30320
vt 0.11110 -0.05390
vt 0.11110 -0.05390
vt 0.06060 -0.04540
vt 0.23500 -0.89430
vt 0.23410 -0.89190
vt 0.22320 -0.89200
vt 0.23520 -0.90050
vt 0.22360 -0.90330
vt 0.23440 -0.90270
vt 0.00510 -0.05890
vt 0.00510 -0.05890
vt 0.00510 -0.05890
vt 0.02140 -0.36050
vt 0.02140 -0.36050
vt 0.05520 -0.67820
vt 0.05520 -0.67820
vt 0.41610 -0.76970
vt 0.37180 -0.77790
vt 0.42610 -0.80630
vt 0.41620 -0.76980
vt 0.37190 -0.77790
vt 0.36830 -0.78850
vt 0.42610 -0.80630
vt 0.36710 -0.78120
vt 0.42610 -0.80630
vt 0.36830 -0.78850
vt 0.36700 -0.78130
vt 0.23410 -0.89200
vt 0.22320 -0.89180
vt 0.22360 -0.90270
vt 0.23490 -0.89430
vt 0.23510 -0.90060
vt 0.23440 -0.90270
vt 0.02150 -0.36060
vt 0.02150 -0.36060
vt 0.05530 -0.67840
vt 0.05530 -0.67840
vt 0.37050 -0.45720
vt 0.33880 -0.49190
vt 0.36400 -0.49310
vt 0.32990 -0.44040
vt 0.38680 -0.44960
vt 0.24520 -0.42460
vt 0.24520 -0.46720
vt 0.41910 -0.38380
vt 0.25360 -0.40320
vt 0.41910 -0.44010
vt 0.45130 -0.44960
vt 0.29670 -0.34510
vt 0.41910 -0.13240
vt 0.27500 -0.14320
vt 0.18450 -0.27910
vt 0.15590 -0.01250
vt 0.15540 -0.38590
vt 0.25910 -0.05900
vt 0.35180 -0.08960
vt 0.48630 -0.08960
vt 0.57900 -0.05900
vt 0.56320 -0.14320
vt 0.67720 -0.01310
vt 0.64780 -0.27870
vt 0.67640 -0.38530
vt 0.54140 -0.34510
vt 0.58460 -0.40320
vt 0.50840 -0.44020
vt 0.46730 -0.45720
vt 0.49950 -0.49180
vt 0.47370 -0.49310
vt 0.59280 -0.42450
vt 0.59280 -0.46700
vt 0.54870 -0.63200
vt 0.54670 -0.61180
vt 0.55300 -0.60660
vt 0.53330 -0.58550
vt 0.50700 -0.62790
vt 0.02150 -0.36060
vt 0.05530 -0.67840
vt 0.06030 -0.56680
vt 0.05730 -0.31610
vt 0.00510 -0.05890
vt 0.03630 -0.02520
vt 0.14280 -0.56070
vt 0.08170 -0.32170
vt 0.20470 -0.57320
vt 0.07100 -0.02520
vt 0.03630 -0.02520
vt 0.11910 -0.30320
vt 0.20470 -0.57320
vt 0.11110 -0.05390
vt 0.20470 -0.57320
vt 0.20620 -0.55570
vt 0.11910 -0.30310
vt 0.07100 -0.02520
vt 0.11120 -0.05390
vt 0.08170 -0.32160
vt 0.20470 -0.57320
vt 0.14270 -0.56050
vt 0.05720 -0.31590
vt 0.03630 -0.02520
vt 0.00510 -0.05890
vt 0.06030 -0.56660
vt 0.02140 -0.36050
vt 0.05520 -0.67820
vt 0.33730 -0.57640
vt 0.34700 -0.60400
vt 0.35440 -0.58040
vt 0.34840 -0.52380
vt 0.30290 -0.50810
vt 0.28280 -0.55430
vt 0.31380 -0.61000
vt 0.72230 -0.67800
vt 0.54920 -0.63220
vt 0.54140 -0.65880
vt 0.72330 -0.64380
vt 0.55340 -0.60700
vt 0.70620 -0.60910
vt 0.55710 -0.58200
vt 0.70040 -0.58070
vt 0.56170 -0.56750
vt 0.70690 -0.55710
vt 0.56900 -0.54680
vt 0.72820 -0.52300
vt 0.56930 -0.49950
vt 0.74980 -0.51340
vt 0.75590 -0.54210
vt 0.91880 -0.49580
vt 0.78000 -0.57370
vt 0.90360 -0.60290
vt 0.78710 -0.59680
vt 0.90360 -0.60290
vt 0.94050 -0.65200
vt 0.77300 -0.62180
vt 0.74620 -0.64970
vt 0.97430 -0.70540
vt 0.87090 -0.76050
vt 0.96430 -0.75510
vt 0.13720 -0.81130
vt 0.10960 -0.80870
vt 0.13720 -0.86860
vt 0.13720 -0.78530
vt 0.01460 -0.84870
vt 0.11060 -0.69950
vt 0.04740 -0.75560
vt 0.10270 -0.68210
vt 0.13720 -0.67490
vt 0.13720 -0.69490
vt 0.16380 -0.69950
vt 0.17170 -0.68210
vt 0.22700 -0.75560
vt 0.25980 -0.84870
vt 0.16480 -0.80870
vt 0.13720 -0.81130
vt 0.13720 -0.86860
vt 0.95600 -0.38590
vt 0.97600 -0.01220
vt 0.82820 -0.40300
vt 0.98520 -0.43200
vt 0.82920 -0.46090
vt 0.90350 -0.46850
vt 0.82830 -0.48740
vt 0.75300 -0.46850
vt 0.67120 -0.43200
vt 0.70050 -0.38590
vt 0.68050 -0.01220
vt 0.26610 -0.65310
vt 0.25510 -0.69000
vt 0.23220 -0.66390
vt 0.29930 -0.68870
vt 0.34690 -0.71660
vt 0.28780 -0.76200
vt 0.42140 -0.74500
vt 0.29290 -0.84000
vt 0.33720 -0.57630
vt 0.34070 -0.61480
vt 0.31370 -0.60990
vt 0.28280 -0.55420
vt 0.30290 -0.50800
vt 0.34830 -0.52370
vt 0.35430 -0.58020
vt 0.34690 -0.60380
vt 0.34830 -0.52370
vt 0.54880 -0.63190
vt 0.55300 -0.60660
vt 0.54680 -0.61170
vt 0.53340 -0.58540
vt 0.50710 -0.62790
vt 0.87090 -0.76030
vt 0.72240 -0.67770
vt 0.74640 -0.64940
vt 0.97420 -0.70530
vt 0.96420 -0.75490
vt 0.94050 -0.65190
vt 0.77310 -0.62160
vt 0.78720 -0.59660
vt 0.90360 -0.60280
vt 0.78000 -0.57350
vt 0.91860 -0.49570
vt 0.90360 -0.60280
vt 0.75600 -0.54180
vt 0.74940 -0.51360
vt 0.72780 -0.52320
vt 0.56890 -0.49970
vt 0.56860 -0.54690
vt 0.70650 -0.55730
vt 0.70000 -0.58080
vt 0.56130 -0.56760
vt 0.55670 -0.58210
vt 0.70580 -0.60920
vt 0.55300 -0.60710
vt 0.54880 -0.63220
vt 0.72290 -0.64380
vt 0.54090 -0.65880
vt 0.72140 -0.67820
vt 0.42130 -0.74500
vt 0.28790 -0.76210
vt 0.29310 -0.84000
vt 0.34690 -0.71670
vt 0.29930 -0.68890
vt 0.25530 -0.69020
vt 0.26620 -0.65330
vt 0.23230 -0.66410
vt 0.11910 -0.30320
vt 0.11910 -0.30320
vt 0.11110 -0.05390
vt 0.11110 -0.05390
vt 0.06060 -0.04540
vt 0.23500 -0.89430
vt 0.23410 -0.89190
vt 0.22320 -0.89200
vt 0.23520 -0.90050
vt 0.22360 -0.90330
vt 0.23440 -0.90270
vt 0.00510 -0.05890
vt 0.00510 -0.05890
vt 0.00510 -0.05890
vt 0.02140 -0.36050
vt 0.02140 -0.36050
vt 0.05520 -0.67820
vt 0.05520 -0.67820
vt 0.41610 -0.76970
vt 0.37180 -0.77790
vt 0.42610 -0.80630
vt 0.41620 -0.76980
vt 0.37190 -0.77790
vt 0.36830 -0.78850
vt 0.42610 -0.80630
vt 0.36710 -0.78120
vt 0.42610 -0.80630
vt 0.36830 -0.78850
vt 0.36700 -0.78130
vt 0.23410 -0.89200
vt 0.22320 -0.89180
vt 0.22360 -0.90270
vt 0.23490 -0.89430
vt 0.23510 -0.90060
vt 0.23440 -0.90270
vt 0.02150 -0.36060
vt 0.02150 -0.36060
vt 0.05530 -0.67840
vt 0.05530 -0.67840
g vehicle#pilot_1_2_4_0
usemtl 614d80eb-ae58-4443-9908-e8c4b3dc3ddd
f 7318/7318 7319/7319 7320/7320
f 7318/7318 7321/7321 7322/7322
f 7322/7322 7321/7321 7323/7323
f 7323/7323 7321/7321 7324/7324
f 7324/7324 7321/7321 7325/7325
f 7323/7323 7324/7324 7326/7326
f 7323/7323 7326/7326 7327/7327
f 7326/7326 7328/7328 7329/7329
f 7323/7323 7330/7330 7331/7331
f 7331/7331 7332/7332 7323/7323
f 7333/7333 7331/7331 7330/7330
f 7332/7332 7331/7331 7334/7334
f 7335/7335 7332/7332 7334/7334
f 7331/7331 7336/7336 7334/7334
f 7333/7333 7336/7336 7331/7331
f 7333/7333 7337/7337 7336/7336
f 7338/7338 7339/7339 7340/7340
f 7341/7341 7342/7342 7343/7343
f 7341/7341 7344/7344 7345/7345
f 7341/7341 7345/7345 7346/7346
f 7347/7347 7345/7345 7344/7344
f 7345/7345 7348/7348 7346/7346
f 7345/7345 7349/7349 7348/7348
f 7349/7349 7345/7345 7347/7347
f 7350/7350 7348/7348 7349/7349
f 7348/7348 7350/7350 7351/7351
f 7347/7347 7352/7352 7353/7353
f 7353/7353 7354/7354 7347/7347
f 7354/7354 7353/7353 7355/7355
f 7356/7356 7347/7347 7354/7354
f 7347/7347 7356/7356 7357/7357
f 7358/7358 7357/7357 7356/7356
f 7358/7358 7356/7356 7359/7359
f 7356/7356 7360/7360 7359/7359
f 7361/7361 7362/7362 7363/7363
f 7364/7364 7365/7365 7366/7366
f 7364/7364 7367/7367 7368/7368
f 7369/7369 7370/7370 7367/7367
f 7369/7369 7367/7367 7371/7371
f 7372/7372 7373/7373 7374/7374
f 7374/7374 7375/7375 7376/7376
f 7374/7374 7376/7376 7377/7377
f 7378/7378 7379/7379 7380/7380
f 7381/7381 7379/7379 7382/7382
f 7383/7383 7379/7379 7384/7384
f 7385/7385 7386/7386 7387/7387
f 7388/7388 7389/7389 7390/7390
f 7391/7391 7392/7392 7393/7393
f 7394/7394 7395/7395 7396/7396
f 7397/7397 7398/7398 7399/7399
f 7400/7400 7401/7401 7402/7402
f 7403/7403 7404/7404 7405/7405
f 7406/7406 7405/7405 7407/7407
f 7408/7408 7407/7407 7409/7409
f 7409/7409 7407/7407 7410/7410
f 7411/7411 7409/7409 7410/7410
f 7411/7411 7412/7412 7409/7409
f 7411/7411 7413/7413 7412/7412
f 7411/7411 7414/7414 7413/7413
f 7413/7413 7414/7414 7415/7415
f 7416/7416 7413/7413 7415/7415
f 7416/7416 7415/7415 7417/7417
f 7416/7416 7417/7417 7418/7418
f 7419/7419 7420/7420 7421/7421
f 7419/7419 7422/7422 7423/7423
f 7423/7423 7422/7422 7424/7424
f 7424/7424 7422/7422 7425/7425
f 7424/7424 7425/7425 7426/7426
f 7426/7426 7425/7425 7427/7427
f 7424/7424 7426/7426 7428/7428
f 7425/7425 7429/7429 7430/7430
f 7424/7424 7431/7431 7432/7432
f 7432/7432 7433/7433 7424/7424
f 7434/7434 7432/7432 7431/7431
f 7433/7433 7432/7432 7435/7435
f 7436/7436 7433/7433 7435/7435
f 7432/7432 7437/7437 7435/7435
f 7434/7434 7437/7437 7432/7432
f 7434/7434 7438/7438 7437/7437
f 7439/7439 7440/7440 7441/7441
f 7442/7442 7443/7443 7444/7444
f 7442/7442 7445/7445 7446/7446
f 7442/7442 7446/7446 7447/7447
f 7448/7448 7446/7446 7445/7445
f 7446/7446 7449/7449 7447/7447
f 7446/7446 7450/7450 7449/7449
f 7450/7450 7446/7446 7448/7448
f 7451/7451 7449/7449 7450/7450
f 7449/7449 7451/7451 7452/7452
f 7448/7448 7453/7453 7454/7454
f 7454/7454 7455/7455 7448/7448
f 7455/7455 7454/7454 7456/7456
f 7457/7457 7448/7448 7455/7455
f 7448/7448 7457/7457 7458/7458
f 7459/7459 7458/7458 7457/7457
f 7459/7459 7457/7457 7460/7460
f 7457/7457 7461/7461 7460/7460
f 7462/7462 7463/7463 7464/7464
f 7465/7465 7466/7466 7467/7467
f 7465/7465 7468/7468 7469/7469
f 7470/7470 7471/7471 7468/7468
f 7470/7470 7468/7468 7472/7472
f 7473/7473 7474/7474 7475/7475
f 7475/7475 7476/7476 7477/7477
f 7475/7475 7477/7477 7478/7478
f 7479/7479 7480/7480 7481/7481
f 7482/7482 7480/7480 7483/7483
f 7484/7484 7480/7480 7485/7485
f 7486/7486 7487/7487 7488/7488
f 7489/7489 7490/7490 7491/7491
f 7492/7492 7493/7493 7494/7494
f 7495/7495 7496/7496 7497/7497
f 7498/7498 7499/7499 7500/7500
f 7501/7501 7502/7502 7503/7503
f 7504/7504 7505/7505 7506/7506
f 7504/7504 7507/7507 7505/7505
f 7507/7507 7504/7504 7508/7508
f 7509/7509 7505/7505 7507/7507
f 7505/7505 7509/7509 7510/7510
f 7507/7507 7508/7508 7511/7511
f 7511/7511 7512/7512 7507/7507
f 7513/7513 7511/7511 7508/7508
f 7511/7511 7513/7513 7514/7514
f 7512/7512 7511/7511 7515/7515
f 7516/7516 7515/7515 7511/7511
f 7516/7516 7517/7517 7515/7515
f 7517/7517 7518/7518 7515/7515
f 7517/7517 7519/7519 7518/7518
f 7518/7518 7519/7519 7520/7520
f 7521/7521 7519/7519 7517/7517
f 7516/7516 7521/7521 7517/7517
f 7522/7522 7521/7521 7516/7516
f 7522/7522 7516/7516 7523/7523
f 7523/7523 7516/7516 7524/7524
f 7524/7524 7516/7516 7525/7525
f 7524/7524 7525/7525 7526/7526
f 7525/7525 7527/7527 7526/7526
f 7527/7527 7528/7528 7526/7526
f 7525/7525 7529/7529 7527/7527
f 7516/7516 7529/7529 7525/7525
f 7516/7516 7511/7511 7529/7529
f 7511/7511 7530/7530 7529/7529
f 7530/7530 7511/7511 7531/7531
f 7531/7531 7511/7511 7514/7514
f 7531/7531 7514/7514 7532/7532
f 7532/7532 7533/7533 7531/7531
f 7532/7532 7534/7534 7533/7533
f 7533/7533 7535/7535 7531/7531
f 7536/7536 7535/7535 7533/7533
f 7537/7537 7538/7538 7539/7539
f 7537/7537 7539/7539 7540/7540
f 7537/7537 7540/7540 7541/7541
f 7541/7541 7540/7540 7542/7542
f 7543/7543 7541/7541 7542/7542
f 7543/7543 7544/7544 7541/7541
f 7543/7543 7545/7545 7544/7544
f 7543/7543 7546/7546 7545/7545
f 7545/7545 7546/7546 7547/7547
f 7548/7548 7545/7545 7547/7547
f 7548/7548 7547/7547 7549/7549
f 7548/7548 7549/7549 7550/7550
f 7551/7551 7552/7552 7553/7553
f 7553/7553 7552/7552 7554/7554
f 7552/7552 7555/7555 7554/7554
f 7556/7556 7557/7557 7558/7558
f 7556/7556 7558/7558 7559/7559
f 7560/7560 7556/7556 7559/7559
f 7560/7560 7559/7559 7561/7561
f 7562/7562 7559/7559 7558/7558
f 7562/7562 7563/7563 7559/7559
f 7562/7562 7564/7564 7563/7563
f 7559/7559 7563/7563 7565/7565
f 7559/7559 7565/7565 7566/7566
f 7567/7567 7565/7565 7563/7563
f 7568/7568 7567/7567 7563/7563
f 7567/7567 7569/7569 7565/7565
f 7567/7567 7570/7570 7571/7571
f 7572/7572 7571/7571 7570/7570
f 7573/7573 7574/7574 7572/7572
f 7572/7572 7574/7574 7575/7575
f 7572/7572 7575/7575 7576/7576
f 7577/7577 7575/7575 7574/7574
f 7577/7577 7578/7578 7575/7575
f 7579/7579 7578/7578 7577/7577
f 7579/7579 7577/7577 7580/7580
f 7581/7581 7577/7577 7574/7574
f 7581/7581 7574/7574 7582/7582
f 7581/7581 7583/7583 7577/7577
f 7580/7580 7577/7577 7583/7583
f 7580/7580 7583/7583 7584/7584
f 7585/7585 7586/7586 7587/7587
f 7588/7588 7585/7585 7587/7587
f 7588/7588 7589/7589 7585/7585
f 7585/7585 7589/7589 7590/7590
f 7591/7591 7585/7585 7590/7590
f 7592/7592 7593/7593 7594/7594
f 7593/7593 7592/7592 7595/7595
f 7596/7596 7593/7593 7595/7595
f 7596/7596 7595/7595 7597/7597
f 7596/7596 7597/7597 7598/7598
f 7599/7599 7598/7598 7597/7597
f 7599/7599 7600/7600 7598/7598
f 7601/7601 7600/7600 7599/7599
f 7601/7601 7599/7599 7602/7602
f 7601/7601 7602/7602 7603/7603
f 7603/7603 7604/7604 7601/7601
f 7603/7603 7605/7605 7604/7604
f 7606/7606 7607/7607 7605/7605
f 7608/7608 7607/7607 7606/7606
f 7608/7608 7609/7609 7607/7607
f 7608/7608 7610/7610 7611/7611
f 7610/7610 7612/7612 7611/7611
f 7613/7613 7612/7612 7610/7610
f 7614/7614 7612/7612 7613/7613
f 7614/7614 7615/7615 7612/7612
f 7614/7614 7616/7616 7615/7615
f 7616/7616 7614/7614 7592/7592
f 7615/7615 7616/7616 7617/7617
f 7618/7618 7619/7619 7620/7620
f 7621/7621 7619/7619 7618/7618
f 7621/7621 7622/7622 7619/7619
f 7621/7621 7623/7623 7622/7622
f 7623/7623 7624/7624 7622/7622
f 7625/7625 7624/7624 7623/7623
f 7625/7625 7623/7623 7626/7626
f 7623/7623 7627/7627 7626/7626
f 7623/7623 7621/7621 7627/7627
f 7628/7628 7626/7626 7627/7627
f 7628/7628 7627/7627 7621/7621
f 7629/7629 7626/7626 7628/7628
f 7629/7629 7628/7628 7630/7630
f 7628/7628 7631/7631 7630/7630
f 7621/7621 7631/7631 7628/7628
f 7621/7621 7632/7632 7631/7631
f 7621/7621 7633/7633 7632/7632
f 7633/7633 7634/7634 7632/7632
f 7635/7635 7636/7636 7637/7637
f 7638/7638 7635/7635 7637/7637
f 7639/7639 7638/7638 7637/7637
f 7638/7638 7639/7639 7640/7640
f 7640/7640 7639/7639 7641/7641
f 7642/7642 7641/7641 7639/7639
f 7639/7639 7643/7643 7642/7642
f 7639/7639 7637/7637 7643/7643
f 7643/7643 7637/7637 7644/7644
f 7644/7644 7637/7637 7645/7645
f 7646/7646 7647/7647 7648/7648
f 7646/7646 7649/7649 7647/7647
f 7647/7647 7649/7649 7650/7650
f 7647/7647 7650/7650 7651/7651
f 7651/7651 7650/7650 7652/7652
f 7651/7651 7652/7652 7653/7653
f 7654/7654 7655/7655 7656/7656
f 7656/7656 7657/7657 7654/7654
f 7654/7654 7657/7657 7658/7658
f 7659/7659 7654/7654 7658/7658
f 7654/7654 7660/7660 7661/7661
f 7662/7662 7660/7660 7654/7654
f 7663/7663 7664/7664 7665/7665
f 7664/7664 7666/7666 7665/7665
f 7665/7665 7666/7666 7667/7667
f 7668/7668 7669/7669 7670/7670
f 7670/7670 7671/7671 7668/7668
f 7671/7671 7672/7672 7668/7668
f 7670/7670 7673/7673 7671/7671
f 7670/7670 7674/7674 7673/7673
f 7674/7674 7675/7675 7673/7673
f 7675/7675 7676/7676 7673/7673
f 7676/7676 7675/7675 7677/7677
f 7677/7677 7678/7678 7679/7679
f 7677/7677 7680/7680 7678/7678
f 7680/7680 7681/7681 7678/7678
f 7682/7682 7683/7683 7681/7681
f 7682/7682 7684/7684 7683/7683
f 7684/7684 7682/7682 7685/7685
f 7684/7684 7685/7685 7686/7686
f 7684/7684 7686/7686 7687/7687
f 7686/7686 7688/7688 7687/7687
f 7686/7686 7689/7689 7688/7688
f 7690/7690 7688/7688 7689/7689
f 7690/7690 7689/7689 7691/7691
f 7690/7690 7691/7691 7692/7692
f 7691/7691 7693/7693 7692/7692
f 7691/7691 7694/7694 7693/7693
f 7695/7695 7696/7696 7697/7697
f 7695/7695 7698/7698 7696/7696
f 7696/7696 7698/7698 7699/7699
f 7696/7696 7699/7699 7700/7700
f 7701/7701 7700/7700 7699/7699
f 7701/7701 7702/7702 7700/7700
f 7703/7703 7704/7704 7705/7705
f 7703/7703 7705/7705 7706/7706
f 7705/7705 7707/7707 7706/7706
f 7708/7708 7709/7709 7710/7710
f 7710/7710 7711/7711 7708/7708
f 7710/7710 7712/7712 7711/7711
f 7712/7712 7713/7713 7711/7711
f 7714/7714 7715/7715 7716/7716
f 7717/7717 7714/7714 7716/7716
f 7717/7717 7718/7718 7714/7714
f 7719/7719 7718/7718 7717/7717
f 7719/7719 7720/7720 7718/7718
f 7721/7721 7722/7722 7723/7723
f 7724/7724 7723/7723 7725/7725
f 7726/7726 7727/7727 7722/7722
f 7726/7726 7722/7722 7728/7728
f 7725/7725 7729/7729 7730/7730
f 7725/7725 7730/7730 7731/7731
f 7732/7732 7733/7733 7734/7734
f 7734/7734 7735/7735 7732/7732
f 7734/7734 7736/7736 7735/7735
f 7734/7734 7737/7737 7736/7736
f 7738/7738 7739/7739 7740/7740
f 7738/7738 7740/7740 7741/7741
f 7742/7742 7743/7743 7744/7744
f 7742/7742 7745/7745 7743/7743
f 7745/7745 7742/7742 7746/7746
f 7747/7747 7743/7743 7745/7745
f 7743/7743 7747/7747 7748/7748
f 7745/7745 7746/7746 7749/7749
f 7749/7749 7750/7750 7745/7745
f 7751/7751 7749/7749 7746/7746
f 7749/7749 7751/7751 7752/7752
f 7750/7750 7749/7749 7753/7753
f 7754/7754 7753/7753 7749/7749
f 7754/7754 7755/7755 7753/7753
f 7755/7755 7756/7756 7753/7753
f 7755/7755 7757/7757 7756/7756
f 7756/7756 7757/7757 7758/7758
f 7759/7759 7757/7757 7755/7755
f 7754/7754 7759/7759 7755/7755
f 7760/7760 7759/7759 7754/7754
f 7760/7760 7754/7754 7761/7761
f 7761/7761 7754/7754 7762/7762
f 7762/7762 7754/7754 7763/7763
f 7762/7762 7763/7763 7764/7764
f 7763/7763 7765/7765 7764/7764
f 7765/7765 7766/7766 7764/7764
f 7763/7763 7767/7767 7765/7765
f 7754/7754 7767/7767 7763/7763
f 7754/7754 7749/7749 7767/7767
f 7749/7749 7768/7768 7767/7767
f 7768/7768 7749/7749 7769/7769
f 7769/7769 7749/7749 7752/7752
f 7769/7769 7752/7752 7770/7770
f 7770/7770 7771/7771 7769/7769
f 7770/7770 7772/7772 7771/7771
f 7771/7771 7773/7773 7769/7769
f 7774/7774 7773/7773 7771/7771
f 7775/7775 7776/7776 7777/7777
f 7777/7777 7776/7776 7778/7778
f 7776/7776 7779/7779 7778/7778
f 7780/7780 7781/7781 7782/7782
f 7780/7780 7782/7782 7783/7783
f 7784/7784 7780/7780 7783/7783
f 7784/7784 7783/7783 7785/7785
f 7786/7786 7783/7783 7782/7782
f 7786/7786 7787/7787 7783/7783
f 7786/7786 7788/7788 7787/7787
f 7783/7783 7787/7787 7789/7789
f 7783/7783 7789/7789 7790/7790
f 7791/7791 7789/7789 7787/7787
f 7792/7792 7791/7791 7787/7787
f 7791/7791 7793/7793 7789/7789
f 7791/7791 7794/7794 7795/7795
f 7796/7796 7795/7795 7794/7794
f 7796/7796 7797/7797 7798/7798
f 7796/7796 7799/7799 7797/7797
f 7800/7800 7799/7799 7796/7796
f 7801/7801 7799/7799 7800/7800
f 7802/7802 7797/7797 7799/7799
f 7801/7801 7802/7802 7799/7799
f 7802/7802 7803/7803 7797/7797
f 7804/7804 7803/7803 7802/7802
f 7801/7801 7805/7805 7802/7802
f 7804/7804 7802/7802 7806/7806
f 7806/7806 7802/7802 7805/7805
f 7806/7806 7805/7805 7807/7807
f 7808/7808 7809/7809 7810/7810
f 7811/7811 7808/7808 7810/7810
f 7811/7811 7812/7812 7808/7808
f 7808/7808 7812/7812 7813/7813
f 7814/7814 7808/7808 7813/7813
f 7815/7815 7816/7816 7817/7817
f 7816/7816 7815/7815 7818/7818
f 7819/7819 7816/7816 7818/7818
f 7820/7820 7819/7819 7818/7818
f 7819/7819 7820/7820 7821/7821
f 7822/7822 7821/7821 7820/7820
f 7822/7822 7823/7823 7821/7821
f 7824/7824 7823/7823 7822/7822
f 7823/7823 7824/7824 7825/7825
f 7825/7825 7824/7824 7826/7826
f 7826/7826 7827/7827 7825/7825
f 7826/7826 7828/7828 7827/7827
f 7829/7829 7830/7830 7828/7828
f 7831/7831 7830/7830 7829/7829
f 7831/7831 7832/7832 7830/7830
f 7831/7831 7833/7833 7834/7834
f 7833/7833 7835/7835 7834/7834
f 7836/7836 7835/7835 7833/7833
f 7837/7837 7835/7835 7836/7836
f 7837/7837 7838/7838 7835/7835
f 7837/7837 7839/7839 7838/7838
f 7839/7839 7837/7837 7815/7815
f 7838/7838 7839/7839 7840/7840
f 7841/7841 7842/7842 7843/7843
f 7844/7844 7842/7842 7841/7841
f 7844/7844 7845/7845 7842/7842
f 7844/7844 7846/7846 7845/7845
f 7846/7846 7847/7847 7845/7845
f 7848/7848 7847/7847 7846/7846
f 7848/7848 7846/7846 7849/7849
f 7846/7846 7850/7850 7849/7849
f 7846/7846 7844/7844 7850/7850
f 7851/7851 7849/7849 7850/7850
f 7851/7851 7850/7850 7844/7844
f 7852/7852 7849/7849 7851/7851
f 7852/7852 7851/7851 7853/7853
f 7851/7851 7854/7854 7853/7853
f 7844/7844 7854/7854 7851/7851
f 7844/7844 7855/7855 7854/7854
f 7844/7844 7856/7856 7855/7855
f 7856/7856 7857/7857 7855/7855
f 7858/7858 7859/7859 7860/7860
f 7861/7861 7858/7858 7860/7860
f 7862/7862 7861/7861 7860/7860
f 7861/7861 7862/7862 7863/7863
f 7863/7863 7862/7862 7864/7864
f 7865/7865 7864/7864 7862/7862
f 7862/7862 7866/7866 7865/7865
f 7862/7862 7860/7860 7866/7866
f 7866/7866 7860/7860 7867/7867
f 7867/7867 7860/7860 7868/7868
f 7869/7869 7870/7870 7871/7871
f 7869/7869 7872/7872 7870/7870
f 7870/7870 7872/7872 7873/7873
f 7870/7870 7873/7873 7874/7874
f 7874/7874 7873/7873 7875/7875
f 7874/7874 7875/7875 7876/7876
f 7877/7877 7878/7878 7879/7879
f 7879/7879 7880/7880 7877/7877
f 7877/7877 7880/7880 7881/7881
f 7882/7882 7877/7877 7881/7881
f 7877/7877 7883/7883 7884/7884
f 7885/7885 7883/7883 7877/7877
f 7886/7886 7887/7887 7888/7888
f 7887/7887 7889/7889 7888/7888
f 7888/7888 7889/7889 7890/7890
f 7891/7891 7892/7892 7893/7893
f 7893/7893 7894/7894 7891/7891
f 7894/7894 7895/7895 7891/7891
f 7893/7893 7896/7896 7894/7894
f 7893/7893 7897/7897 7896/7896
f 7897/7897 7898/7898 7896/7896
f 7898/7898 7899/7899 7896/7896
f 7899/7899 7898/7898 7900/7900
f 7900/7900 7901/7901 7902/7902
f 7900/7900 7903/7903 7901/7901
f 7903/7903 7904/7904 7901/7901
f 7905/7905 7906/7906 7904/7904
f 7905/7905 7907/7907 7906/7906
f 7907/7907 7905/7905 7908/7908
f 7907/7907 7908/7908 7909/7909
f 7907/7907 7909/7909 7910/7910
f 7909/7909 7911/7911 7910/7910
f 7911/7911 7909/7909 7912/7912
f 7913/7913 7911/7911 7912/7912
f 7913/7913 7912/7912 7914/7914
f 7914/7914 7912/7912 7915/7915
f 7915/7915 7916/7916 7914/7914
f 7915/7915 7917/7917 7916/7916
f 7918/7918 7919/7919 7920/7920
f 7918/7918 7921/7921 7919/7919
f 7919/7919 7921/7921 7922/7922
f 7919/7919 7922/7922 7923/7923
f 7924/7924 7923/7923 7922/7922
f 7924/7924 7925/7925 7923/7923
f 7926/7926 7927/7927 7928/7928
f 7926/7926 7928/7928 7929/7929
f 7928/7928 7930/7930 7929/7929
f 7931/7931 7932/7932 7933/7933
f 7933/7933 7934/7934 7931/7931
f 7933/7933 7935/7935 7934/7934
f 7935/7935 7936/7936 7934/7934
f 7937/7937 7938/7938 7939/7939
f 7940/7940 7937/7937 7939/7939
f 7940/7940 7941/7941 7937/7937
f 7942/7942 7941/7941 7940/7940
f 7942/7942 7943/7943 7941/7941
f 7944/7944 7945/7945 7946/7946
f 7947/7947 7946/7946 7948/7948
f 7949/7949 7950/7950 7945/7945
f 7949/7949 7945/7945 7951/7951
f 7948/7948 7952/7952 7953/7953
f 7948/7948 7953/7953 7954/7954
f 7955/7955 7956/7956 7957/7957
f 7957/7957 7958/7958 7955/7955
f 7957/7957 7959/7959 7958/7958
f 7957/7957 7960/7960 7959/7959
f 7961/7961 7962/7962 7963/7963
f 7961/7961 7963/7963 7964/7964
o vehicle#letni_shlem_4
v 0.402148 2.507556 6.519132
v 0.398211 2.574254 6.460142
v 0.437277 2.570740 6.528936
v 0.371764 2.497801 6.431515
v 0.392962 2.555275 6.386911
v 0.392356 2.440326 6.476520
v 0.408912 2.461368 6.511955
v 0.416987 2.391202 6.431138
v 0.398817 2.421448 6.403389
v 0.454034 2.372996 6.374508
v 0.399221 2.489035 6.350801
v 0.442526 2.559971 6.329418
v 0.438993 2.425354 6.339095
v 0.469580 2.483617 6.301292
v 0.512785 2.546115 6.302795
v 0.512684 2.412680 6.323374
v 0.570626 2.373094 6.375308
v 0.556090 2.483716 6.302092
v 0.586172 2.425552 6.340395
v 0.625642 2.489232 6.352701
v 0.582538 2.560169 6.330619
v 0.625238 2.421644 6.405389
v 0.605755 2.391400 6.432339
v 0.625642 2.489232 6.352701
v 0.631093 2.555572 6.388911
v 0.651585 2.498097 6.433916
v 0.624531 2.574451 6.462042
v 0.630386 2.440523 6.478520
v 0.619787 2.507753 6.521132
v 0.584355 2.570938 6.530237
v 0.612721 2.461566 6.513155
v 0.630386 2.440523 6.478520
v 0.512381 2.607241 6.347497
v 0.582538 2.560169 6.330619
v 0.442526 2.559971 6.329418
v 0.581831 2.612757 6.398206
v 0.631093 2.555572 6.388911
v 0.624531 2.574451 6.462042
v 0.441921 2.612659 6.397006
v 0.392962 2.555275 6.386911
v 0.398211 2.574254 6.460142
v 0.511674 2.635724 6.417744
v 0.554374 2.622114 6.484122
v 0.584355 2.570938 6.530237
v 0.467965 2.622015 6.483421
v 0.437277 2.570740 6.528936
v 0.510665 2.583511 6.545958
v 0.553768 2.512675 6.568040
v 0.619787 2.507753 6.521132
v 0.612721 2.461566 6.513155
v 0.510564 2.451494 6.556439
v 0.467258 2.512576 6.567240
v 0.437277 2.570740 6.528936
v 0.408912 2.461368 6.511955
v 0.402148 2.507556 6.519132
v 0.511371 2.419236 6.410285
v 0.408912 2.461368 6.511955
v 0.510564 2.451494 6.556439
v 0.612721 2.461566 6.513155
v 0.605755 2.391400 6.432339
v 0.570626 2.373094 6.375308
v 0.454034 2.372996 6.374508
v 0.416987 2.391202 6.431138
v 0.408912 2.461368 6.511955
v -0.625377 2.502918 6.421124
v -0.593983 2.563714 6.363825
v -0.601857 2.568483 6.442333
v -0.599535 2.483764 6.333592
v -0.555927 2.538014 6.303282
v -0.609226 2.431674 6.387805
v -0.615888 2.456714 6.423847
v -0.562993 2.380103 6.369920
v -0.561680 2.406663 6.333964
v -0.500104 2.358942 6.346685
v -0.530387 2.469245 6.284268
v -0.482034 2.540246 6.283985
v -0.491523 2.407013 6.303864
v -0.444180 2.463245 6.284358
v -0.409152 2.527814 6.303465
v -0.422073 2.396963 6.334148
v -0.405013 2.365331 6.413295
v -0.373720 2.467963 6.333866
v -0.371701 2.415173 6.388078
v -0.346061 2.481730 6.413889
v -0.368067 2.547913 6.364098
v -0.377354 2.419248 6.463585
v -0.409152 2.390424 6.477637
v -0.346061 2.481730 6.413889
v -0.362111 2.551188 6.439604
v -0.371701 2.499198 6.493818
v -0.409656 2.576199 6.493445
v -0.415410 2.444847 6.524128
v -0.448218 2.514912 6.545744
v -0.482034 2.576644 6.526546
v -0.449732 2.467821 6.540166
v -0.415410 2.444847 6.524128
v -0.434994 2.592564 6.333272
v -0.368067 2.547913 6.364098
v -0.482034 2.540246 6.283985
v -0.407335 2.606332 6.413295
v -0.362111 2.551188 6.439604
v -0.409656 2.576199 6.493445
v -0.521302 2.598564 6.333182
v -0.555927 2.538014 6.303282
v -0.593983 2.563714 6.363825
v -0.475978 2.627175 6.387130
v -0.479511 2.621843 6.466821
v -0.482034 2.576644 6.526546
v -0.549971 2.617125 6.417313
v -0.601857 2.568483 6.442333
v -0.551384 2.586694 6.496363
v -0.529378 2.520411 6.546153
v -0.448218 2.514912 6.545744
v -0.449732 2.467821 6.540166
v -0.558450 2.456257 6.518646
v -0.599838 2.515693 6.496645
v -0.601857 2.568483 6.442333
v -0.615888 2.456714 6.423847
v -0.625377 2.502918 6.421124
v -0.473454 2.411148 6.403371
v -0.615888 2.456714 6.423847
v -0.558450 2.456257 6.518646
v -0.449732 2.467821 6.540166
v -0.409152 2.390424 6.477637
v -0.405013 2.365331 6.413295
v -0.500104 2.358942 6.346685
v -0.562993 2.380103 6.369920
v -0.615888 2.456714 6.423847
v -0.518375 2.475821 4.792176
v -0.570160 2.524049 4.774956
v -0.499700 2.558368 4.764013
v -0.434388 2.502971 4.762121
v -0.437114 2.567337 4.722328
v -0.456091 2.430659 4.769301
v -0.499195 2.434642 4.779208
v -0.418842 2.396742 4.719045
v -0.400268 2.437543 4.718512
v -0.392697 2.392849 4.654338
v -0.389164 2.517789 4.690945
v -0.426413 2.582459 4.648853
v -0.379070 2.456060 4.648243
v -0.392294 2.517031 4.605344
v -0.442464 2.565979 4.576625
v -0.405417 2.436273 4.580010
v -0.460432 2.371100 4.563402
v -0.442666 2.500843 4.537917
v -0.464773 2.428550 4.533697
v -0.521100 2.475481 4.514575
v -0.507977 2.556339 4.539909
v -0.532305 2.395235 4.542242
v -0.528570 2.361586 4.571786
v -0.521100 2.475481 4.514575
v -0.575914 2.522844 4.536853
v -0.597617 2.450632 4.544134
v -0.631737 2.516060 4.587642
v -0.594892 2.386166 4.583927
v -0.645263 2.435202 4.622708
v -0.655863 2.496540 4.660310
v -0.617604 2.396706 4.620144
v -0.594892 2.386166 4.583927
v -0.497984 2.606726 4.608393
v -0.507977 2.556339 4.539909
v -0.426413 2.582459 4.648853
v -0.576318 2.581365 4.585051
v -0.575914 2.522844 4.536853
v -0.631737 2.516060 4.587642
v -0.494753 2.607484 4.693994
v -0.437114 2.567337 4.722328
v -0.499700 2.558368 4.764013
v -0.558753 2.608651 4.653496
v -0.625579 2.565141 4.659424
v -0.655863 2.496540 4.660310
v -0.575207 2.581330 4.726751
v -0.570160 2.524049 4.774956
v -0.629516 2.516326 4.728543
v -0.642639 2.435568 4.703309
v -0.645263 2.435202 4.622708
v -0.617604 2.396706 4.620144
v -0.585705 2.391331 4.725836
v -0.592267 2.451756 4.770636
v -0.570160 2.524049 4.774956
v -0.499195 2.434642 4.779208
v -0.518375 2.475821 4.792176
v -0.469214 2.412283 4.634270
v -0.585705 2.391331 4.725836
v -0.499195 2.434642 4.779208
v -0.617604 2.396706 4.620144
v -0.528570 2.361586 4.571786
v -0.460432 2.371100 4.563402
v -0.392697 2.392849 4.654338
v -0.418842 2.396742 4.719045
v -0.499195 2.434642 4.779208
v 0.674802 2.371693 -0.314606
v 0.653604 2.433941 -0.283602
v 0.649061 2.442572 -0.362088
v 0.652392 2.368443 -0.405012
v 0.613024 2.429180 -0.427411
v 0.657137 2.307768 -0.359812
v 0.663395 2.326101 -0.319881
v 0.609995 2.262314 -0.387687
v 0.611509 2.294466 -0.418834
v 0.547813 2.248461 -0.416411
v 0.585566 2.365831 -0.458516
v 0.540847 2.438315 -0.448696
v 0.543371 2.303319 -0.450919
v 0.499964 2.364338 -0.462418
v 0.467460 2.426591 -0.434115
v 0.473012 2.291976 -0.425238
v 0.451208 2.248657 -0.353210
v 0.428394 2.364460 -0.415418
v 0.421631 2.303586 -0.370819
v 0.398110 2.366227 -0.335315
v 0.425063 2.438589 -0.372495
v 0.424053 2.294861 -0.295633
v 0.453529 2.262644 -0.285387
v 0.398110 2.366227 -0.335315
v 0.415978 2.429665 -0.297810
v 0.420722 2.368990 -0.252710
v 0.461605 2.442967 -0.238887
v 0.460091 2.308253 -0.230311
v 0.494715 2.371996 -0.196105
v 0.531863 2.434209 -0.203502
v 0.494311 2.326518 -0.209481
v 0.460091 2.308253 -0.230311
v 0.494614 2.484223 -0.393019
v 0.425063 2.438589 -0.372495
v 0.540847 2.438315 -0.448696
v 0.464331 2.485990 -0.312916
v 0.415978 2.429665 -0.297810
v 0.461605 2.442967 -0.238887
v 0.580115 2.485716 -0.389017
v 0.613024 2.429180 -0.427411
v 0.649061 2.442572 -0.362088
v 0.534286 2.507223 -0.332781
v 0.533983 2.488694 -0.255011
v 0.531863 2.434209 -0.203502
v 0.605654 2.488572 -0.302112
v 0.653604 2.433941 -0.283602
v 0.602222 2.445551 -0.229183
v 0.575270 2.373189 -0.192003
v 0.494715 2.371996 -0.196105
v 0.494311 2.326518 -0.209481
v 0.602323 2.313050 -0.228703
v 0.646840 2.373067 -0.239003
v 0.653604 2.433941 -0.283602
v 0.663395 2.326101 -0.319881
v 0.674802 2.371693 -0.314606
v 0.521365 2.291956 -0.352738
v 0.602323 2.313050 -0.228703
v 0.663395 2.326101 -0.319881
v 0.494311 2.326518 -0.209481
v 0.453529 2.262644 -0.285387
v 0.451208 2.248657 -0.353210
v 0.547813 2.248461 -0.416411
v 0.609995 2.262314 -0.387687
v 0.663395 2.326101 -0.319881
vt 0.95730 -0.20940
vt 0.88210 -0.32970
vt 0.99290 -0.31450
vt 0.82490 -0.20580
vt 0.76120 -0.30820
vt 0.88910 -0.10350
vt 0.97140 -0.13530
vt 0.83630 -0.00810
vt 0.76830 -0.08190
vt 0.66000 -0.00460
vt 0.69310 -0.20220
vt 0.64300 -0.32390
vt 0.64250 -0.09720
vt 0.57340 -0.19130
vt 0.49940 -0.29890
vt 0.49990 -0.07050
vt 0.34450 -0.00460
vt 0.42610 -0.19150
vt 0.35540 -0.09340
vt 0.30770 -0.20340
vt 0.35680 -0.32420
vt 0.23210 -0.08200
vt 0.16580 -0.00790
vt 0.30710 -0.20250
vt 0.23870 -0.30830
vt 0.17460 -0.20590
vt 0.11790 -0.32960
vt 0.11120 -0.10340
vt 0.04290 -0.20920
vt 0.00830 -0.31420
vt 0.03020 -0.13500
vt 0.11000 -0.10380
vt 0.49960 -0.37830
vt 0.36680 -0.34850
vt 0.63220 -0.34830
vt 0.36710 -0.47060
vt 0.27390 -0.45580
vt 0.28520 -0.58140
vt 0.63240 -0.47040
vt 0.72530 -0.45550
vt 0.71450 -0.58110
vt 0.49990 -0.50650
vt 0.41790 -0.62920
vt 0.34660 -0.71650
vt 0.58190 -0.62910
vt 0.65630 -0.71620
vt 0.50000 -0.74590
vt 0.41890 -0.82570
vt 0.28510 -0.83950
vt 0.32970 -0.92200
vt 0.50070 -0.94210
vt 0.58310 -0.82610
vt 0.65730 -0.71670
vt 0.67080 -0.92270
vt 0.71520 -0.84050
vt 0.85730 -0.76670
vt 0.97270 -0.65380
vt 0.86130 -0.60820
vt 0.74760 -0.64810
vt 0.73930 -0.75830
vt 0.79260 -0.82900
vt 0.91920 -0.83040
vt 0.97520 -0.76120
vt 0.96960 -0.65070
vt 0.95730 -0.20940
vt 0.88210 -0.32970
vt 0.99290 -0.31450
vt 0.82490 -0.20580
vt 0.76120 -0.30820
vt 0.88910 -0.10350
vt 0.97140 -0.13530
vt 0.83630 -0.00810
vt 0.76830 -0.08190
vt 0.66000 -0.00460
vt 0.69310 -0.20220
vt 0.64300 -0.32390
vt 0.64250 -0.09720
vt 0.57340 -0.19130
vt 0.49940 -0.29890
vt 0.49990 -0.07050
vt 0.34450 -0.00460
vt 0.42610 -0.19150
vt 0.35540 -0.09340
vt 0.30770 -0.20340
vt 0.35680 -0.32420
vt 0.23210 -0.08200
vt 0.16580 -0.00790
vt 0.30710 -0.20250
vt 0.23870 -0.30830
vt 0.17460 -0.20590
vt 0.11790 -0.32960
vt 0.11120 -0.10340
vt 0.04290 -0.20920
vt 0.00830 -0.31420
vt 0.03020 -0.13500
vt 0.11000 -0.10380
vt 0.49960 -0.37830
vt 0.36680 -0.34850
vt 0.63220 -0.34830
vt 0.36710 -0.47060
vt 0.27390 -0.45580
vt 0.28520 -0.58140
vt 0.63240 -0.47040
vt 0.72530 -0.45550
vt 0.71450 -0.58110
vt 0.49990 -0.50650
vt 0.41790 -0.62920
vt 0.34660 -0.71650
vt 0.58190 -0.62910
vt 0.65630 -0.71620
vt 0.50000 -0.74590
vt 0.41890 -0.82570
vt 0.28510 -0.83950
vt 0.32970 -0.92200
vt 0.50070 -0.94210
vt 0.58310 -0.82610
vt 0.65730 -0.71670
vt 0.67080 -0.92270
vt 0.71520 -0.84050
vt 0.85730 -0.76670
vt 0.97270 -0.65380
vt 0.86130 -0.60820
vt 0.74760 -0.64810
vt 0.73930 -0.75830
vt 0.79260 -0.82900
vt 0.91920 -0.83040
vt 0.97520 -0.76120
vt 0.96960 -0.65070
vt 0.95730 -0.20940
vt 0.99290 -0.31450
vt 0.88210 -0.32970
vt 0.82490 -0.20580
vt 0.76120 -0.30820
vt 0.88910 -0.10350
vt 0.97140 -0.13530
vt 0.83630 -0.00810
vt 0.76830 -0.08190
vt 0.66000 -0.00460
vt 0.69310 -0.20220
vt 0.64300 -0.32390
vt 0.64250 -0.09720
vt 0.57340 -0.19130
vt 0.49940 -0.29890
vt 0.49990 -0.07050
vt 0.34450 -0.00460
vt 0.42610 -0.19150
vt 0.35540 -0.09340
vt 0.30770 -0.20340
vt 0.35680 -0.32420
vt 0.23210 -0.08200
vt 0.16580 -0.00790
vt 0.30710 -0.20250
vt 0.23870 -0.30830
vt 0.17460 -0.20590
vt 0.11790 -0.32960
vt 0.11120 -0.10340
vt 0.04290 -0.20920
vt 0.00830 -0.31420
vt 0.03020 -0.13500
vt 0.11000 -0.10380
vt 0.49960 -0.37830
vt 0.36680 -0.34850
vt 0.63220 -0.34830
vt 0.36710 -0.47060
vt 0.27390 -0.45580
vt 0.28520 -0.58140
vt 0.63240 -0.47040
vt 0.72530 -0.45550
vt 0.71450 -0.58110
vt 0.49990 -0.50650
vt 0.41790 -0.62920
vt 0.34660 -0.71650
vt 0.58190 -0.62910
vt 0.65630 -0.71620
vt 0.50000 -0.74590
vt 0.41890 -0.82570
vt 0.28510 -0.83950
vt 0.32970 -0.92200
vt 0.50070 -0.94210
vt 0.58310 -0.82610
vt 0.65730 -0.71670
vt 0.67080 -0.92270
vt 0.71520 -0.84050
vt 0.85730 -0.76670
vt 0.86130 -0.60820
vt 0.97270 -0.65380
vt 0.74760 -0.64810
vt 0.73930 -0.75830
vt 0.79260 -0.82900
vt 0.91920 -0.83040
vt 0.97520 -0.76120
vt 0.96960 -0.65070
vt 0.95730 -0.20940
vt 0.99290 -0.31450
vt 0.88210 -0.32970
vt 0.82490 -0.20580
vt 0.76120 -0.30820
vt 0.88910 -0.10350
vt 0.97140 -0.13530
vt 0.83630 -0.00810
vt 0.76830 -0.08190
vt 0.66000 -0.00460
vt 0.69310 -0.20220
vt 0.64300 -0.32390
vt 0.64250 -0.09720
vt 0.57340 -0.19130
vt 0.49940 -0.29890
vt 0.49990 -0.07050
vt 0.34450 -0.00460
vt 0.42610 -0.19150
vt 0.35540 -0.09340
vt 0.30770 -0.20340
vt 0.35680 -0.32420
vt 0.23210 -0.08200
vt 0.16580 -0.00790
vt 0.30710 -0.20250
vt 0.23870 -0.30830
vt 0.17460 -0.20590
vt 0.11790 -0.32960
vt 0.11120 -0.10340
vt 0.04290 -0.20920
vt 0.00830 -0.31420
vt 0.03020 -0.13500
vt 0.11000 -0.10380
vt 0.49960 -0.37830
vt 0.36680 -0.34850
vt 0.63220 -0.34830
vt 0.36710 -0.47060
vt 0.27390 -0.45580
vt 0.28520 -0.58140
vt 0.63240 -0.47040
vt 0.72530 -0.45550
vt 0.71450 -0.58110
vt 0.49990 -0.50650
vt 0.41790 -0.62920
vt 0.34660 -0.71650
vt 0.58190 -0.62910
vt 0.65630 -0.71620
vt 0.50000 -0.74590
vt 0.41890 -0.82570
vt 0.28510 -0.83950
vt 0.32970 -0.92200
vt 0.50070 -0.94210
vt 0.58310 -0.82610
vt 0.65730 -0.71670
vt 0.67080 -0.92270
vt 0.71520 -0.84050
vt 0.85730 -0.76670
vt 0.86130 -0.60820
vt 0.97270 -0.65380
vt 0.74760 -0.64810
vt 0.73930 -0.75830
vt 0.79260 -0.82900
vt 0.91920 -0.83040
vt 0.97520 -0.76120
vt 0.96960 -0.65070
g vehicle#letni_shlem_5_0
usemtl 8813b463-f546-44f0-85d0-3cd043c14581
f 7965/7965 7966/7966 7967/7967
f 7965/7965 7968/7968 7966/7966
f 7968/7968 7969/7969 7966/7966
f 7970/7970 7968/7968 7965/7965
f 7965/7965 7971/7971 7970/7970
f 7972/7972 7970/7970 7971/7971
f 7972/7972 7973/7973 7970/7970
f 7968/7968 7970/7970 7973/7973
f 7972/7972 7974/7974 7973/7973
f 7969/7969 7968/7968 7975/7975
f 7975/7975 7968/7968 7973/7973
f 7975/7975 7976/7976 7969/7969
f 7974/7974 7977/7977 7973/7973
f 7975/7975 7973/7973 7977/7977
f 7975/7975 7978/7978 7976/7976
f 7977/7977 7978/7978 7975/7975
f 7978/7978 7979/7979 7976/7976
f 7974/7974 7980/7980 7977/7977
f 7978/7978 7977/7977 7980/7980
f 7974/7974 7981/7981 7980/7980
f 7982/7982 7978/7978 7980/7980
f 7979/7979 7978/7978 7982/7982
f 7981/7981 7983/7983 7980/7980
f 7982/7982 7980/7980 7983/7983
f 7983/7983 7984/7984 7982/7982
f 7982/7982 7984/7984 7985/7985
f 7982/7982 7985/7985 7979/7979
f 7981/7981 7986/7986 7983/7983
f 7981/7981 7987/7987 7986/7986
f 7988/7988 7983/7983 7986/7986
f 7988/7988 7989/7989 7985/7985
f 7989/7989 7988/7988 7990/7990
f 7990/7990 7988/7988 7986/7986
f 7990/7990 7991/7991 7989/7989
f 7987/7987 7992/7992 7986/7986
f 7990/7990 7986/7986 7992/7992
f 7990/7990 7993/7993 7991/7991
f 7992/7992 7993/7993 7990/7990
f 7993/7993 7994/7994 7991/7991
f 7993/7993 7992/7992 7995/7995
f 7987/7987 7995/7995 7996/7996
f 7997/7997 7979/7979 7998/7998
f 7997/7997 7999/7999 7979/7979
f 8000/8000 7997/7997 7998/7998
f 8000/8000 7998/7998 8001/8001
f 8000/8000 8001/8001 8002/8002
f 7997/7997 8003/8003 7999/7999
f 8003/8003 8004/8004 7999/7999
f 8003/8003 8005/8005 8004/8004
f 8006/8006 7997/7997 8000/8000
f 8006/8006 8003/8003 7997/7997
f 8007/8007 8000/8000 8002/8002
f 8006/8006 8000/8000 8007/8007
f 8007/8007 8002/8002 8008/8008
f 8003/8003 8009/8009 8005/8005
f 8006/8006 8009/8009 8003/8003
f 8006/8006 8007/8007 8009/8009
f 8009/8009 8010/8010 8005/8005
f 8009/8009 8011/8011 8010/8010
f 8009/8009 8007/8007 8011/8011
f 8007/8007 8008/8008 8011/8011
f 8012/8012 8011/8011 8008/8008
f 8008/8008 8013/8013 8012/8012
f 8012/8012 8013/8013 8014/8014
f 8012/8012 8014/8014 8015/8015
f 8012/8012 8016/8016 8011/8011
f 8015/8015 8016/8016 8012/8012
f 8016/8016 8017/8017 8011/8011
f 8016/8016 8015/8015 8018/8018
f 8017/8017 8016/8016 8019/8019
f 8019/8019 8016/8016 8018/8018
f 8020/8020 8021/8021 8022/8022
f 8020/8020 8022/8022 8023/8023
f 8024/8024 8020/8020 8023/8023
f 8020/8020 8024/8024 8025/8025
f 8020/8020 8025/8025 8026/8026
f 8020/8020 8026/8026 8027/8027
f 8020/8020 8027/8027 8028/8028
f 8029/8029 8030/8030 8031/8031
f 8029/8029 8032/8032 8030/8030
f 8032/8032 8033/8033 8030/8030
f 8034/8034 8032/8032 8029/8029
f 8029/8029 8035/8035 8034/8034
f 8036/8036 8034/8034 8035/8035
f 8036/8036 8037/8037 8034/8034
f 8032/8032 8034/8034 8037/8037
f 8036/8036 8038/8038 8037/8037
f 8033/8033 8032/8032 8039/8039
f 8039/8039 8032/8032 8037/8037
f 8039/8039 8040/8040 8033/8033
f 8038/8038 8041/8041 8037/8037
f 8039/8039 8037/8037 8041/8041
f 8039/8039 8042/8042 8040/8040
f 8041/8041 8042/8042 8039/8039
f 8042/8042 8043/8043 8040/8040
f 8038/8038 8044/8044 8041/8041
f 8042/8042 8041/8041 8044/8044
f 8038/8038 8045/8045 8044/8044
f 8046/8046 8042/8042 8044/8044
f 8043/8043 8042/8042 8046/8046
f 8045/8045 8047/8047 8044/8044
f 8046/8046 8044/8044 8047/8047
f 8047/8047 8048/8048 8046/8046
f 8046/8046 8048/8048 8049/8049
f 8046/8046 8049/8049 8043/8043
f 8045/8045 8050/8050 8047/8047
f 8045/8045 8051/8051 8050/8050
f 8052/8052 8047/8047 8050/8050
f 8052/8052 8053/8053 8049/8049
f 8053/8053 8052/8052 8054/8054
f 8054/8054 8052/8052 8050/8050
f 8054/8054 8055/8055 8053/8053
f 8051/8051 8056/8056 8050/8050
f 8054/8054 8050/8050 8056/8056
f 8054/8054 8057/8057 8055/8055
f 8056/8056 8057/8057 8054/8054
f 8057/8057 8058/8058 8055/8055
f 8057/8057 8056/8056 8059/8059
f 8051/8051 8059/8059 8060/8060
f 8061/8061 8043/8043 8062/8062
f 8061/8061 8063/8063 8043/8043
f 8064/8064 8061/8061 8062/8062
f 8064/8064 8062/8062 8065/8065
f 8064/8064 8065/8065 8066/8066
f 8061/8061 8067/8067 8063/8063
f 8067/8067 8068/8068 8063/8063
f 8067/8067 8069/8069 8068/8068
f 8070/8070 8061/8061 8064/8064
f 8070/8070 8067/8067 8061/8061
f 8071/8071 8064/8064 8066/8066
f 8070/8070 8064/8064 8071/8071
f 8071/8071 8066/8066 8072/8072
f 8067/8067 8073/8073 8069/8069
f 8070/8070 8073/8073 8067/8067
f 8070/8070 8071/8071 8073/8073
f 8073/8073 8074/8074 8069/8069
f 8073/8073 8075/8075 8074/8074
f 8073/8073 8071/8071 8075/8075
f 8071/8071 8072/8072 8075/8075
f 8076/8076 8075/8075 8072/8072
f 8072/8072 8077/8077 8076/8076
f 8076/8076 8077/8077 8078/8078
f 8076/8076 8078/8078 8079/8079
f 8076/8076 8080/8080 8075/8075
f 8079/8079 8080/8080 8076/8076
f 8080/8080 8081/8081 8075/8075
f 8080/8080 8079/8079 8082/8082
f 8081/8081 8080/8080 8083/8083
f 8083/8083 8080/8080 8082/8082
f 8084/8084 8085/8085 8086/8086
f 8084/8084 8086/8086 8087/8087
f 8088/8088 8084/8084 8087/8087
f 8084/8084 8088/8088 8089/8089
f 8084/8084 8089/8089 8090/8090
f 8084/8084 8090/8090 8091/8091
f 8084/8084 8091/8091 8092/8092
f 8093/8093 8094/8094 8095/8095
f 8093/8093 8095/8095 8096/8096
f 8096/8096 8095/8095 8097/8097
f 8098/8098 8093/8093 8096/8096
f 8093/8093 8098/8098 8099/8099
f 8100/8100 8099/8099 8098/8098
f 8100/8100 8098/8098 8101/8101
f 8096/8096 8101/8101 8098/8098
f 8100/8100 8101/8101 8102/8102
f 8097/8097 8103/8103 8096/8096
f 8103/8103 8101/8101 8096/8096
f 8103/8103 8097/8097 8104/8104
f 8102/8102 8101/8101 8105/8105
f 8103/8103 8105/8105 8101/8101
f 8103/8103 8104/8104 8106/8106
f 8105/8105 8103/8103 8106/8106
f 8106/8106 8104/8104 8107/8107
f 8102/8102 8105/8105 8108/8108
f 8106/8106 8108/8108 8105/8105
f 8102/8102 8108/8108 8109/8109
f 8110/8110 8108/8108 8106/8106
f 8107/8107 8110/8110 8106/8106
f 8109/8109 8108/8108 8111/8111
f 8110/8110 8111/8111 8108/8108
f 8111/8111 8110/8110 8112/8112
f 8110/8110 8113/8113 8112/8112
f 8110/8110 8107/8107 8113/8113
f 8109/8109 8111/8111 8114/8114
f 8109/8109 8114/8114 8115/8115
f 8116/8116 8114/8114 8111/8111
f 8116/8116 8113/8113 8117/8117
f 8117/8117 8118/8118 8116/8116
f 8118/8118 8114/8114 8116/8116
f 8118/8118 8117/8117 8119/8119
f 8115/8115 8114/8114 8120/8120
f 8118/8118 8120/8120 8114/8114
f 8118/8118 8119/8119 8121/8121
f 8120/8120 8118/8118 8121/8121
f 8121/8121 8119/8119 8122/8122
f 8121/8121 8123/8123 8120/8120
f 8115/8115 8124/8124 8123/8123
f 8125/8125 8126/8126 8107/8107
f 8125/8125 8107/8107 8127/8127
f 8128/8128 8126/8126 8125/8125
f 8128/8128 8129/8129 8126/8126
f 8128/8128 8130/8130 8129/8129
f 8125/8125 8127/8127 8131/8131
f 8131/8131 8127/8127 8132/8132
f 8131/8131 8132/8132 8133/8133
f 8134/8134 8128/8128 8125/8125
f 8134/8134 8125/8125 8131/8131
f 8135/8135 8130/8130 8128/8128
f 8134/8134 8135/8135 8128/8128
f 8135/8135 8136/8136 8130/8130
f 8131/8131 8133/8133 8137/8137
f 8134/8134 8131/8131 8137/8137
f 8134/8134 8137/8137 8135/8135
f 8137/8137 8133/8133 8138/8138
f 8137/8137 8138/8138 8139/8139
f 8137/8137 8139/8139 8135/8135
f 8135/8135 8139/8139 8136/8136
f 8140/8140 8136/8136 8139/8139
f 8136/8136 8140/8140 8141/8141
f 8140/8140 8142/8142 8141/8141
f 8140/8140 8143/8143 8142/8142
f 8140/8140 8139/8139 8144/8144
f 8143/8143 8140/8140 8144/8144
f 8144/8144 8139/8139 8145/8145
f 8144/8144 8146/8146 8143/8143
f 8145/8145 8147/8147 8144/8144
f 8147/8147 8146/8146 8144/8144
f 8148/8148 8149/8149 8150/8150
f 8148/8148 8151/8151 8149/8149
f 8152/8152 8151/8151 8148/8148
f 8148/8148 8153/8153 8152/8152
f 8148/8148 8154/8154 8153/8153
f 8148/8148 8155/8155 8154/8154
f 8148/8148 8156/8156 8155/8155
f 8157/8157 8158/8158 8159/8159
f 8157/8157 8159/8159 8160/8160
f 8160/8160 8159/8159 8161/8161
f 8162/8162 8157/8157 8160/8160
f 8157/8157 8162/8162 8163/8163
f 8164/8164 8163/8163 8162/8162
f 8164/8164 8162/8162 8165/8165
f 8160/8160 8165/8165 8162/8162
f 8164/8164 8165/8165 8166/8166
f 8161/8161 8167/8167 8160/8160
f 8167/8167 8165/8165 8160/8160
f 8167/8167 8161/8161 8168/8168
f 8166/8166 8165/8165 8169/8169
f 8167/8167 8169/8169 8165/8165
f 8167/8167 8168/8168 8170/8170
f 8169/8169 8167/8167 8170/8170
f 8170/8170 8168/8168 8171/8171
f 8166/8166 8169/8169 8172/8172
f 8170/8170 8172/8172 8169/8169
f 8166/8166 8172/8172 8173/8173
f 8174/8174 8172/8172 8170/8170
f 8171/8171 8174/8174 8170/8170
f 8173/8173 8172/8172 8175/8175
f 8174/8174 8175/8175 8172/8172
f 8175/8175 8174/8174 8176/8176
f 8174/8174 8177/8177 8176/8176
f 8174/8174 8171/8171 8177/8177
f 8173/8173 8175/8175 8178/8178
f 8173/8173 8178/8178 8179/8179
f 8180/8180 8178/8178 8175/8175
f 8180/8180 8177/8177 8181/8181
f 8181/8181 8182/8182 8180/8180
f 8182/8182 8178/8178 8180/8180
f 8182/8182 8181/8181 8183/8183
f 8179/8179 8178/8178 8184/8184
f 8182/8182 8184/8184 8178/8178
f 8182/8182 8183/8183 8185/8185
f 8184/8184 8182/8182 8185/8185
f 8185/8185 8183/8183 8186/8186
f 8185/8185 8187/8187 8184/8184
f 8179/8179 8188/8188 8187/8187
f 8189/8189 8190/8190 8171/8171
f 8189/8189 8171/8171 8191/8191
f 8192/8192 8190/8190 8189/8189
f 8192/8192 8193/8193 8190/8190
f 8192/8192 8194/8194 8193/8193
f 8189/8189 8191/8191 8195/8195
f 8195/8195 8191/8191 8196/8196
f 8195/8195 8196/8196 8197/8197
f 8198/8198 8192/8192 8189/8189
f 8198/8198 8189/8189 8195/8195
f 8199/8199 8194/8194 8192/8192
f 8198/8198 8199/8199 8192/8192
f 8199/8199 8200/8200 8194/8194
f 8195/8195 8197/8197 8201/8201
f 8198/8198 8195/8195 8201/8201
f 8198/8198 8201/8201 8199/8199
f 8201/8201 8197/8197 8202/8202
f 8201/8201 8202/8202 8203/8203
f 8201/8201 8203/8203 8199/8199
f 8199/8199 8203/8203 8200/8200
f 8204/8204 8200/8200 8203/8203
f 8200/8200 8204/8204 8205/8205
f 8204/8204 8206/8206 8205/8205
f 8204/8204 8207/8207 8206/8206
f 8204/8204 8203/8203 8208/8208
f 8207/8207 8204/8204 8208/8208
f 8208/8208 8203/8203 8209/8209
f 8208/8208 8210/8210 8207/8207
f 8209/8209 8211/8211 8208/8208
f 8211/8211 8210/8210 8208/8208
f 8212/8212 8213/8213 8214/8214
f 8212/8212 8215/8215 8213/8213
f 8216/8216 8215/8215 8212/8212
f 8212/8212 8217/8217 8216/8216
f 8212/8212 8218/8218 8217/8217
f 8212/8212 8219/8219 8218/8218
f 8212/8212 8220/8220 8219/8219
o vehicle#rotor_stop_01_5
v -0.186381 4.224825 6.187127
v -0.264181 4.219021 6.234748
v -0.183767 4.147974 6.269874
v -0.181056 4.202708 6.368578
v -0.103337 4.208524 6.320862
v -0.183767 4.147974 6.269874
v 0.375055 4.185487 6.509872
v 0.372344 4.196540 6.419187
v 0.294625 4.124937 6.458885
v 0.214114 4.195973 6.423838
v 0.216825 4.184920 6.514523
v 0.294625 4.124937 6.458885
v -0.187255 4.146315 6.831252
v -0.106744 4.141066 6.874317
v -0.109455 4.086332 6.775613
v -0.031737 4.157935 6.735916
v -0.112166 4.163172 6.692947
v -0.109455 4.086332 6.775613
v -0.207868 4.037608 6.304587
v -0.128748 4.043127 6.259309
v -0.348021 4.100511 5.975625
v -0.128779 4.155952 6.273420
v -0.207431 4.150461 6.318471
v -0.347858 4.168284 5.984081
v -0.302302 4.088099 5.957241
v -0.393905 4.144105 5.902295
v -0.386722 4.082202 6.005624
v -0.294940 4.123368 6.072430
v -0.302302 4.088099 5.957241
v -0.055946 3.982130 6.759748
v -0.135007 3.987646 6.714492
v -0.275300 3.969696 7.048878
v -0.134635 4.100532 6.728103
v -0.056012 4.095031 6.773232
v -0.275188 4.037524 7.056884
v -0.312611 3.959041 7.016083
v -0.319888 3.994302 7.131341
v -0.228259 3.953143 7.064471
v -0.220900 4.015045 6.961154
v -0.312611 3.959041 7.016083
v 0.265233 4.025781 6.401619
v 0.265175 4.014746 6.492153
v 0.624740 4.042732 6.449668
v 0.264915 4.127628 6.505799
v 0.264943 4.138620 6.415618
v 0.624465 4.110520 6.457997
v 0.616331 4.022485 6.495568
v 0.715294 4.076968 6.453119
v 0.616399 4.034280 6.398797
v 0.517340 4.076961 6.453171
v 0.616331 4.022485 6.495568
v -0.459427 3.996845 7.448124
v -0.432083 3.953747 7.458840
v -3.079349 3.386992 12.021936
v -3.079349 3.386992 12.021936
v -3.120852 3.412827 12.034731
v -0.548323 4.002789 7.397262
v -3.227887 3.415536 12.018778
v -3.429041 3.384740 11.822979
v -1.037023 3.884992 7.684238
v -0.432083 3.953747 7.458840
v -3.121480 3.357462 12.029012
v -0.459605 3.917877 7.438483
v -0.548241 3.923933 7.387748
v -0.548323 4.002789 7.397262
v -1.037023 3.884992 7.684238
v -0.571626 4.215803 5.638117
v -0.598952 4.172582 5.648805
v -3.257373 4.710183 1.088644
v -3.257373 4.710183 1.088644
v -3.245116 4.742222 1.051573
v -0.482940 4.222014 5.587162
v -3.177571 4.753358 0.967527
v -2.911694 4.709669 0.882747
v -0.497417 4.209455 5.008636
v -0.598952 4.172582 5.648805
v -3.245476 4.687104 1.043829
v -0.571448 4.136832 5.628507
v -0.482761 4.143168 5.577568
v -0.482940 4.222014 5.587162
v -0.497417 4.209455 5.008636
v 1.063356 4.119785 6.446792
v 1.063404 4.082407 6.410587
v 6.369091 4.078290 6.403597
v 6.369091 4.078290 6.403597
v 6.398174 4.101669 6.437582
v 1.063468 4.107495 6.548673
v 6.437760 4.090470 6.537821
v 6.373281 4.004595 6.799147
v 1.566890 3.993750 6.810764
v 1.063404 4.082407 6.410587
v 6.399406 4.046393 6.431133
v 1.063503 4.040896 6.437551
v 1.063631 4.028627 6.539255
v 1.063468 4.107495 6.548673
v 1.566890 3.993750 6.810764
v 0.041188 3.537582 6.359408
v 0.081896 3.529049 6.429413
v 0.063402 4.237266 6.515737
v 0.031886 4.243855 6.461678
v -0.040235 3.537583 6.359395
v 0.041188 3.537582 6.359408
v 0.031886 4.243855 6.461678
v -0.030946 4.243867 6.461582
v -0.080950 3.529052 6.429387
v -0.062456 4.237270 6.515707
v -0.040339 3.520510 6.499472
v -0.080950 3.529052 6.429387
v -0.062456 4.237270 6.515707
v -0.030940 4.230681 6.569766
v 0.041181 3.520518 6.499404
v -0.040339 3.520510 6.499472
v -0.030940 4.230681 6.569766
v 0.031892 4.230669 6.569862
v 0.081896 3.529049 6.429413
v 0.063402 4.237266 6.515737
v 0.057587 3.919051 6.377230
v 0.114753 3.907075 6.475483
v 0.128486 3.923769 6.477550
v 0.064555 3.937196 6.367393
v -0.056612 3.919040 6.377319
v 0.057587 3.919051 6.377230
v 0.064555 3.937196 6.367393
v -0.063554 3.937191 6.367435
v -0.113807 3.907077 6.475468
v -0.127540 3.923779 6.477473
v -0.056641 3.895101 6.573722
v -0.113807 3.907077 6.475468
v -0.127540 3.923779 6.477473
v -0.063610 3.910352 6.587629
v 0.057558 3.895112 6.573633
v -0.056641 3.895101 6.573722
v -0.063610 3.910352 6.587629
v 0.064500 3.910357 6.587587
v 0.114753 3.907075 6.475483
v 0.128486 3.923769 6.477550
v 0.114753 3.907075 6.475483
v 0.057587 3.919051 6.377230
v -0.056612 3.919040 6.377319
v 0.057558 3.895112 6.573633
v -0.113807 3.907077 6.475468
v -0.056641 3.895101 6.573722
v -0.006414 3.841243 6.389432
v 0.133229 3.911821 6.353968
v -0.006349 3.915785 6.398795
v 0.134004 3.855905 6.346497
v 0.171235 3.842535 6.318206
v 0.202782 3.880102 6.300597
v 0.171235 3.799848 6.313003
v 0.202782 3.802890 6.291186
v -0.152310 3.852878 6.371332
v -0.006414 3.841243 6.389432
v -0.006349 3.915785 6.398795
v -0.151450 3.908820 6.378588
v -0.228535 3.875554 6.337913
v -0.192235 3.838704 6.349636
v -0.228458 3.798449 6.327618
v -0.192235 3.796017 6.344433
v -0.063493 3.826455 6.510761
v -0.171119 3.903705 6.420550
v -0.063121 3.901048 6.519705
v -0.171979 3.847763 6.413294
v -0.212884 3.833350 6.393562
v -0.248428 3.870376 6.380390
v -0.212884 3.790663 6.388359
v -0.248428 3.793164 6.370979
v -0.007229 3.819282 6.646962
v -0.063493 3.826455 6.510761
v -0.063121 3.901048 6.519705
v -0.007232 3.875396 6.652806
v -0.000188 3.827458 6.732503
v -0.003678 3.797176 6.690341
v -0.000188 3.750246 6.723092
v -0.003678 3.754490 6.685138
v 0.071020 3.827869 6.499154
v 0.039084 3.875885 6.648798
v 0.070679 3.902470 6.508036
v 0.039184 3.819781 6.642873
v 0.044985 3.797684 6.686180
v 0.046856 3.827961 6.728380
v 0.044985 3.754997 6.680977
v 0.046856 3.750749 6.718969
v 0.160652 3.851279 6.384451
v 0.071020 3.827869 6.499154
v 0.070679 3.902470 6.508036
v 0.159892 3.907216 6.391744
v 0.229933 3.875427 6.338951
v 0.199265 3.837709 6.357794
v 0.229933 3.798215 6.329540
v 0.199265 3.795023 6.352591
v 0.159892 3.907216 6.391744
v 0.202782 3.880102 6.300597
v 0.229933 3.875427 6.338951
v 0.133229 3.911821 6.353968
v -0.006349 3.915785 6.398795
v 0.070679 3.902470 6.508036
v -0.151450 3.908820 6.378588
v 0.039084 3.875885 6.648798
v -0.063121 3.901048 6.519705
v -0.007232 3.875396 6.652806
v 0.046856 3.827961 6.728380
v -0.000188 3.827458 6.732503
v -0.171119 3.903705 6.420550
v -0.248428 3.870376 6.380390
v -0.228535 3.875554 6.337913
v 0.171235 3.842535 6.318206
v 0.199265 3.837709 6.357794
v 0.199265 3.795023 6.352591
v 0.171235 3.799848 6.313003
v 0.229933 3.875427 6.338951
v 0.202782 3.880102 6.300597
v 0.202782 3.802890 6.291186
v 0.229933 3.798215 6.329540
v -0.212884 3.833350 6.393562
v -0.192235 3.838704 6.349636
v -0.192235 3.796017 6.344433
v -0.212884 3.790663 6.388359
v -0.228535 3.875554 6.337913
v -0.248428 3.870376 6.380390
v -0.248428 3.793164 6.370979
v -0.228458 3.798449 6.327618
v 0.044985 3.797684 6.686180
v -0.003678 3.797176 6.690341
v -0.003678 3.754490 6.685138
v 0.044985 3.754997 6.680977
v -0.000188 3.827458 6.732503
v 0.046856 3.827961 6.728380
v 0.046856 3.750749 6.718969
v -0.000188 3.750246 6.723092
v 0.120499 4.025721 6.371796
v 0.120466 4.007876 6.518206
v 0.119962 4.127949 6.532436
v 0.119933 4.145708 6.386733
v -0.033398 4.025934 6.370050
v 0.120499 4.025721 6.371796
v 0.119933 4.145708 6.386733
v -0.033363 4.145882 6.385306
v -0.161112 4.017018 6.443200
v -0.033398 4.025934 6.370050
v -0.033363 4.145882 6.385306
v -0.160511 4.137003 6.458148
v -0.085648 4.000787 6.576366
v -0.161112 4.017018 6.443200
v -0.160511 4.137003 6.458148
v -0.085083 4.120849 6.590688
v 0.042032 3.991857 6.649627
v -0.085648 4.000787 6.576366
v -0.085083 4.120849 6.590688
v 0.041997 4.111958 6.663630
v 0.120466 4.007876 6.518206
v 0.042032 3.991857 6.649627
v 0.041997 4.111958 6.663630
v 0.119962 4.127949 6.532436
v -0.033363 4.145882 6.385306
v 0.119933 4.145708 6.386733
v 0.119962 4.127949 6.532436
v 0.041997 4.111958 6.663630
v -0.160511 4.137003 6.458148
v -0.085083 4.120849 6.590688
v 0.120466 4.007876 6.518206
v 0.120499 4.025721 6.371796
v -0.033398 4.025934 6.370050
v 0.042032 3.991857 6.649627
v -0.161112 4.017018 6.443200
v -0.085648 4.000787 6.576366
v 0.021142 4.078681 6.448469
v -0.023933 3.998487 6.360031
v -0.173010 3.988081 6.445410
v -0.128032 4.068265 6.533928
v -0.023933 4.177896 6.381898
v 0.021142 4.078681 6.448469
v -0.128032 4.068265 6.533928
v -0.173010 4.167489 6.467277
v -0.068926 4.097565 6.293541
v -0.023933 4.177896 6.381898
v -0.173010 4.167489 6.467277
v -0.218003 4.087158 6.378920
v -0.023933 3.998487 6.360031
v -0.068926 4.097565 6.293541
v -0.218003 4.087158 6.378920
v -0.173010 3.988081 6.445410
v 0.021142 4.078681 6.448469
v -0.023933 4.177896 6.381898
v -0.068926 4.097565 6.293541
v -0.023933 3.998487 6.360031
v -0.173010 3.988081 6.445410
v -0.218003 4.087158 6.378920
v -0.173010 4.167489 6.467277
v -0.128032 4.068265 6.533928
v -0.140001 4.003489 6.331536
v -0.263259 4.007474 6.298848
v -0.263259 4.178345 6.319675
v -0.140001 4.174360 6.352362
v -0.106716 4.018399 6.209215
v -0.140001 4.003489 6.331536
v -0.140001 4.174360 6.352362
v -0.106716 4.189270 6.230042
v -0.230070 4.022373 6.176608
v -0.106716 4.018399 6.209215
v -0.106716 4.189270 6.230042
v -0.230070 4.193244 6.197435
v -0.263259 4.007474 6.298848
v -0.230070 4.022373 6.176608
v -0.230070 4.193244 6.197435
v -0.263259 4.178345 6.319675
v -0.140001 4.003489 6.331536
v -0.106716 4.018399 6.209215
v -0.230070 4.022373 6.176608
v -0.263259 4.007474 6.298848
v -0.242898 3.842155 6.329686
v -0.197934 3.818055 6.347613
v -0.215303 3.813513 6.384872
v -0.260446 3.837615 6.366930
v -0.277432 3.822467 6.311408
v -0.294980 3.817928 6.348652
v -0.197934 3.818055 6.347613
v -0.242898 3.842155 6.329686
v -0.277432 3.822467 6.311408
v -0.242898 3.799092 6.324437
v -0.260446 3.794552 6.361681
v -0.294980 3.817928 6.348652
v -0.260446 3.837615 6.366930
v -0.215303 3.813513 6.384872
v -0.283609 4.095706 6.365241
v -0.263919 3.817686 6.357955
v -0.283609 3.820881 6.331744
v -0.263919 4.092511 6.391453
v -0.249224 3.821256 6.328662
v -0.249224 4.096081 6.362160
v -0.283609 4.095706 6.365241
v -0.283609 3.820881 6.331744
v -0.239327 4.063256 6.151656
v -0.312775 4.058008 6.193667
v -0.280543 4.065627 6.394583
v -0.242253 4.066565 6.387934
v -0.239327 4.165201 6.164082
v -0.239327 4.063256 6.151656
v -0.242253 4.066565 6.387934
v -0.242253 4.105108 6.392632
v -0.312775 4.159953 6.206093
v -0.239327 4.165201 6.164082
v -0.242253 4.105108 6.392632
v -0.280543 4.104296 6.399296
v -0.312775 4.058008 6.193667
v -0.280543 4.104296 6.399296
v -0.280543 4.065627 6.394583
v -0.312775 4.159953 6.206093
v -0.239327 4.063256 6.151656
v -0.239327 4.165201 6.164082
v -0.280543 4.065627 6.394583
v -0.280543 4.104296 6.399296
v -0.242253 4.105108 6.392632
v -0.242253 4.066565 6.387934
v 0.031392 4.067874 6.537133
v 0.121431 3.978227 6.526253
v 0.121471 3.999070 6.355248
v 0.031336 4.088707 6.366209
v 0.121431 4.157635 6.548121
v 0.031392 4.067874 6.537133
v 0.031336 4.088707 6.366209
v 0.121471 4.178479 6.377116
v 0.211565 4.067873 6.537145
v 0.121431 4.157635 6.548121
v 0.121471 4.178479 6.377116
v 0.211606 4.088716 6.366140
v 0.121431 3.978227 6.526253
v 0.211565 4.067873 6.537145
v 0.211606 4.088716 6.366140
v 0.121471 3.999070 6.355248
v 0.031392 4.067874 6.537133
v 0.121431 4.157635 6.548121
v 0.211565 4.067873 6.537145
v 0.121431 3.978227 6.526253
v 0.121471 3.999070 6.355248
v 0.211606 4.088716 6.366140
v 0.121471 4.178479 6.377116
v 0.031336 4.088707 6.366209
v 0.204533 3.990152 6.440958
v 0.294649 4.001084 6.351273
v 0.294649 4.171955 6.372100
v 0.204533 4.161023 6.461784
v 0.294591 3.979220 6.530654
v 0.204533 3.990152 6.440958
v 0.204533 4.161023 6.461784
v 0.294591 4.150091 6.551480
v 0.384707 3.990151 6.440969
v 0.294591 3.979220 6.530654
v 0.294591 4.150091 6.551480
v 0.384707 4.161022 6.461796
v 0.294649 4.001084 6.351273
v 0.384707 3.990151 6.440969
v 0.384707 4.161022 6.461796
v 0.294649 4.171955 6.372100
v 0.204533 3.990152 6.440958
v 0.294591 3.979220 6.530654
v 0.384707 3.990151 6.440969
v 0.294649 4.001084 6.351273
v 0.240647 3.842817 6.324251
v 0.200266 3.817761 6.350024
v 0.176468 3.821857 6.316417
v 0.216946 3.846923 6.290563
v 0.271563 3.823883 6.299791
v 0.247862 3.827989 6.266103
v 0.200266 3.817761 6.350024
v 0.240647 3.842817 6.324251
v 0.271563 3.823883 6.299791
v 0.240647 3.799754 6.319003
v 0.216946 3.803860 6.285314
v 0.247862 3.827989 6.266103
v 0.216946 3.846923 6.290563
v 0.176468 3.821857 6.316417
v 0.257029 4.101468 6.317968
v 0.224380 3.826184 6.288237
v 0.257029 3.826643 6.284470
v 0.224380 4.101009 6.321734
v 0.242454 3.822865 6.315467
v 0.242454 4.097690 6.348964
v 0.257029 4.101468 6.317968
v 0.257029 3.826643 6.284470
v 0.415176 4.026617 6.452253
v 0.415128 4.036757 6.368021
v 0.227085 4.077028 6.301052
v 0.213841 4.072731 6.337348
v 0.415079 4.128553 6.464759
v 0.415176 4.026617 6.452253
v 0.213841 4.072731 6.337348
v 0.213841 4.111274 6.342045
v 0.415209 4.138690 6.380543
v 0.415079 4.128553 6.464759
v 0.213841 4.111274 6.342045
v 0.227167 4.115685 6.305861
v 0.415128 4.036757 6.368021
v 0.227167 4.115685 6.305861
v 0.227085 4.077028 6.301052
v 0.415209 4.138690 6.380543
v 0.415176 4.026617 6.452253
v 0.415079 4.128553 6.464759
v 0.227085 4.077028 6.301052
v 0.227167 4.115685 6.305861
v 0.213841 4.111274 6.342045
v 0.213841 4.072731 6.337348
v -0.051116 4.072221 6.501470
v -0.096176 3.973128 6.568090
v 0.052876 3.962713 6.653540
v 0.098018 4.061794 6.587015
v -0.096176 4.152536 6.589958
v -0.051116 4.072221 6.501470
v 0.098018 4.061794 6.587015
v 0.052876 4.142121 6.675407
v -0.141220 4.053339 6.656386
v -0.096176 4.152536 6.589958
v 0.052876 4.142121 6.675407
v 0.007913 4.042912 6.741931
v -0.096176 3.973128 6.568090
v -0.141220 4.053339 6.656386
v 0.007913 4.042912 6.741931
v 0.052876 3.962713 6.653540
v -0.051116 4.072221 6.501470
v -0.096176 4.152536 6.589958
v -0.141220 4.053339 6.656386
v -0.096176 3.973128 6.568090
v 0.052876 3.962713 6.653540
v 0.007913 4.042912 6.741931
v 0.052876 4.142121 6.675407
v 0.098018 4.061794 6.587015
v -0.063210 3.960720 6.682432
v -0.029972 3.945814 6.804723
v -0.029972 4.116685 6.825550
v -0.063210 4.131591 6.703259
v -0.186456 3.956753 6.714976
v -0.063210 3.960720 6.682432
v -0.063210 4.131591 6.703259
v -0.186456 4.127624 6.735803
v -0.153315 3.941838 6.837348
v -0.186456 3.956753 6.714976
v -0.186456 4.127624 6.735803
v -0.153315 4.112709 6.858175
v -0.029972 3.945814 6.804723
v -0.153315 3.941838 6.837348
v -0.153315 4.112709 6.858175
v -0.029972 4.116685 6.825550
v -0.063210 3.960720 6.682432
v -0.186456 3.956753 6.714976
v -0.153315 3.941838 6.837348
v -0.029972 3.945814 6.804723
v 0.003670 3.791814 6.742697
v -0.000914 3.776188 6.691101
v 0.040335 3.776621 6.687545
v 0.044919 3.792248 6.739140
v 0.007191 3.765643 6.777619
v 0.048440 3.766076 6.774063
v -0.000914 3.776188 6.691101
v 0.003670 3.791814 6.742697
v 0.007191 3.765643 6.777619
v 0.003670 3.748751 6.737448
v 0.044919 3.749185 6.733892
v 0.048440 3.766076 6.774063
v 0.044919 3.792248 6.739140
v 0.040335 3.776621 6.687545
v 0.027902 4.041932 6.806423
v 0.041055 3.770780 6.742786
v 0.027902 3.767107 6.772926
v 0.041055 4.045605 6.776284
v 0.008108 3.770531 6.744833
v 0.008108 4.045356 6.778331
v 0.027902 4.041932 6.806423
v 0.027902 3.767107 6.772926
v -0.174430 3.976362 6.864570
v -0.101015 3.971105 6.906649
v 0.054877 4.018118 6.784368
v 0.029830 4.021853 6.754766
v -0.174430 4.078307 6.876996
v -0.174430 3.976362 6.864570
v 0.029830 4.021853 6.754766
v 0.029830 4.060397 6.759464
v -0.101015 4.073051 6.919074
v -0.174430 4.078307 6.876996
v 0.029830 4.060397 6.759464
v 0.054795 4.056798 6.788985
v -0.101015 3.971105 6.906649
v -0.101015 4.073051 6.919074
v 0.054795 4.056798 6.788985
v 0.054877 4.018118 6.784368
v -0.174430 3.976362 6.864570
v -0.174430 4.078307 6.876996
v -0.101015 4.073051 6.919074
v -0.101015 3.971105 6.906649
v 0.054877 4.018118 6.784368
v 0.054795 4.056798 6.788985
v 0.029830 4.060397 6.759464
v 0.029830 4.021853 6.754766
v -0.105951 4.219587 6.230096
v -0.186381 4.224825 6.187127
v -0.183767 4.147974 6.269874
v -0.103337 4.208524 6.320862
v -0.264181 4.219021 6.234748
v -0.261567 4.207957 6.325513
v -0.183767 4.147974 6.269874
v -0.181056 4.202708 6.368578
v 0.297336 4.179671 6.557588
v 0.375055 4.185487 6.509872
v 0.294625 4.124937 6.458885
v 0.216825 4.184920 6.514523
v 0.372344 4.196540 6.419187
v 0.291914 4.201777 6.376218
v 0.294625 4.124937 6.458885
v 0.214114 4.195973 6.423838
v -0.189966 4.157368 6.740567
v -0.187255 4.146315 6.831252
v -0.109455 4.086332 6.775613
v -0.112166 4.163172 6.692947
v -0.106744 4.141066 6.874317
v -0.029026 4.146882 6.826601
v -0.109455 4.086332 6.775613
v -0.031737 4.157935 6.735916
v -0.128779 4.155952 6.273420
v -0.128748 4.043127 6.259309
v -0.030912 4.029288 6.372848
v -0.030959 4.142091 6.387136
v -0.128779 4.155952 6.273420
v -0.030959 4.142091 6.387136
v -0.157250 4.133280 6.459428
v -0.207431 4.150461 6.318471
v -0.207868 4.037608 6.304587
v -0.207431 4.150461 6.318471
v -0.157250 4.133280 6.459428
v -0.157769 4.020439 6.445448
v -0.207868 4.037608 6.304587
v -0.157769 4.020439 6.445448
v -0.030912 4.029288 6.372848
v -0.128748 4.043127 6.259309
v -0.319676 4.136369 5.963677
v -0.128779 4.155952 6.273420
v -0.347858 4.168284 5.984081
v -0.128748 4.043127 6.259309
v -0.348021 4.100511 5.975625
v -0.376204 4.132426 5.996030
v -0.207868 4.037608 6.304587
v -0.348021 4.100511 5.975625
v -0.207431 4.150461 6.318471
v -0.347858 4.168284 5.984081
v -0.319676 4.136369 5.963677
v -0.562705 4.213314 5.614632
v -0.534523 4.181400 5.594228
v -0.347858 4.168284 5.984081
v -0.591051 4.177456 5.626580
v -0.376204 4.132426 5.996030
v -0.376204 4.132426 5.996030
v -0.562868 4.145542 5.606176
v -0.591051 4.177456 5.626580
v -0.348021 4.100511 5.975625
v -0.534523 4.181400 5.594228
v -0.319676 4.136369 5.963677
v -0.393905 4.144105 5.902295
v -0.386722 4.179376 6.017468
v -0.386722 4.082202 6.005624
v -0.294940 4.123368 6.072430
v -0.302302 4.185274 5.969085
v -0.302302 4.088099 5.957241
v -0.393905 4.144105 5.902295
v -0.294940 4.123368 6.072430
v -0.386722 4.179376 6.017468
v -0.302302 4.185274 5.969085
v -0.393905 4.144105 5.902295
v -0.134635 4.100532 6.728103
v -0.135007 3.987646 6.714492
v -0.084915 4.004822 6.573576
v -0.084447 4.117717 6.587107
v -0.134635 4.100532 6.728103
v -0.084447 4.117717 6.587107
v 0.041871 4.108889 6.659537
v -0.056012 4.095031 6.773232
v -0.055946 3.982130 6.759748
v -0.056012 4.095031 6.773232
v 0.041871 4.108889 6.659537
v 0.041921 3.995967 6.646230
v -0.055946 3.982130 6.759748
v 0.041921 3.995967 6.646230
v -0.084915 4.004822 6.573576
v -0.135007 3.987646 6.714492
v -0.303489 4.005586 7.036667
v -0.134635 4.100532 6.728103
v -0.275188 4.037524 7.056884
v -0.135007 3.987646 6.714492
v -0.275300 3.969696 7.048878
v -0.247000 4.001634 7.069096
v -0.055946 3.982130 6.759748
v -0.275300 3.969696 7.048878
v -0.056012 4.095031 6.773232
v -0.275188 4.037524 7.056884
v -0.303489 4.005586 7.036667
v -0.490078 3.992501 7.426270
v -0.518297 3.960551 7.406148
v -0.275188 4.037524 7.056884
v -0.461889 3.956610 7.438481
v -0.247000 4.001634 7.069096
v -0.247000 4.001634 7.069096
v -0.490190 3.924673 7.418264
v -0.461889 3.956610 7.438481
v -0.275300 3.969696 7.048878
v -0.518297 3.960551 7.406148
v -0.303489 4.005586 7.036667
v -0.319888 3.994302 7.131341
v -0.228162 4.050327 7.076235
v -0.228259 3.953143 7.064471
v -0.220900 4.015045 6.961154
v -0.312611 4.056215 7.027928
v -0.312611 3.959041 7.016083
v -0.319888 3.994302 7.131341
v -0.220900 4.015045 6.961154
v -0.228162 4.050327 7.076235
v -0.312611 4.056215 7.027928
v -0.319888 3.994302 7.131341
v 0.264915 4.127628 6.505799
v 0.265175 4.014746 6.492153
v 0.117149 4.011400 6.519611
v 0.116824 4.124314 6.532983
v 0.264915 4.127628 6.505799
v 0.116824 4.124314 6.532983
v 0.116798 4.141954 6.388261
v 0.264943 4.138620 6.415618
v 0.265233 4.025781 6.401619
v 0.264943 4.138620 6.415618
v 0.116798 4.141954 6.388261
v 0.117186 4.029126 6.374181
v 0.265233 4.025781 6.401619
v 0.117186 4.029126 6.374181
v 0.117149 4.011400 6.519611
v 0.265175 4.014746 6.492153
v 0.624583 4.072678 6.486223
v 0.264915 4.127628 6.505799
v 0.624465 4.110520 6.457997
v 0.265175 4.014746 6.492153
v 0.624740 4.042732 6.449668
v 0.624525 4.080564 6.421522
v 0.265233 4.025781 6.401619
v 0.624740 4.042732 6.449668
v 0.264943 4.138620 6.415618
v 0.624465 4.110520 6.457997
v 0.624583 4.072678 6.486223
v 1.054121 4.110524 6.457964
v 1.054320 4.072670 6.486287
v 0.624465 4.110520 6.457997
v 1.054359 4.080566 6.421505
v 0.624525 4.080564 6.421522
v 0.624525 4.080564 6.421522
v 1.054477 4.042724 6.449732
v 1.054359 4.080566 6.421505
v 0.624740 4.042732 6.449668
v 1.054320 4.072670 6.486287
v 0.624583 4.072678 6.486223
v 0.517340 4.076961 6.453171
v 0.616331 4.119659 6.507413
v 0.616331 4.022485 6.495568
v 0.715294 4.076968 6.453119
v 0.616221 4.131456 6.410626
v 0.616399 4.034280 6.398797
v 0.517340 4.076961 6.453171
v 0.517340 4.076961 6.453171
v 0.616221 4.131456 6.410626
v 0.616331 4.119659 6.507413
v 0.715294 4.076968 6.453119
v -0.459605 3.917877 7.438483
v -0.432083 3.953747 7.458840
v -0.459427 3.996845 7.448124
v -0.548323 4.002789 7.397262
v -0.548241 3.923933 7.387748
v -3.121480 3.357462 12.029012
v -0.459605 3.917877 7.438483
v -0.548241 3.923933 7.387748
v -1.037023 3.884992 7.684238
v -3.429041 3.384740 11.822979
v -3.228531 3.356508 12.012793
v -3.429041 3.384740 11.822979
v -3.227887 3.415536 12.018778
v -3.228531 3.356508 12.012793
v -3.121480 3.357462 12.029012
v -3.120852 3.412827 12.034731
v -3.079349 3.386992 12.021936
v -0.482761 4.143168 5.577568
v -0.571448 4.136832 5.628507
v -0.598952 4.172582 5.648805
v -0.482940 4.222014 5.587162
v -0.571626 4.215803 5.638117
v -0.497417 4.209455 5.008636
v -2.911694 4.709669 0.882747
v -3.178109 4.694601 0.959323
v -3.245476 4.687104 1.043829
v -0.571448 4.136832 5.628507
v -0.482761 4.143168 5.577568
v -2.911694 4.709669 0.882747
v -3.177571 4.753358 0.967527
v -3.178109 4.694601 0.959323
v -3.245476 4.687104 1.043829
v -3.245116 4.742222 1.051573
v -3.257373 4.710183 1.088644
v 1.063468 4.107495 6.548673
v 1.063631 4.028627 6.539255
v 1.063503 4.040896 6.437551
v 1.063356 4.119785 6.446792
v 1.063404 4.082407 6.410587
v 6.439089 4.031563 6.530848
v 6.399406 4.046393 6.431133
v 1.063503 4.040896 6.437551
v 6.373281 4.004595 6.799147
v 1.566890 3.993750 6.810764
v 1.063631 4.028627 6.539255
v 6.373281 4.004595 6.799147
v 6.437760 4.090470 6.537821
v 6.439089 4.031563 6.530848
v 6.399406 4.046393 6.431133
v 6.398174 4.101669 6.437582
v 6.369091 4.078290 6.403597
v -0.186381 4.224825 6.187127
v -0.105951 4.219587 6.230096
v -0.183767 4.229330 6.279791
v -0.264181 4.219021 6.234748
v -0.103337 4.208524 6.320862
v -0.261567 4.207957 6.325513
v -0.181056 4.202708 6.368578
v 0.375055 4.185487 6.509872
v 0.297336 4.179671 6.557588
v 0.294625 4.206292 6.468801
v 0.372344 4.196540 6.419187
v 0.216825 4.184920 6.514523
v 0.291914 4.201777 6.376218
v 0.214114 4.195973 6.423838
v -0.187255 4.146315 6.831252
v -0.189966 4.157368 6.740567
v -0.109455 4.167687 6.785529
v -0.106744 4.141066 6.874317
v -0.112166 4.163172 6.692947
v -0.029026 4.146882 6.826601
v -0.031737 4.157935 6.735916
v 0.031886 4.243855 6.461678
v 0.063402 4.237266 6.515737
v 0.000473 4.260620 6.518568
v -0.030946 4.243867 6.461582
v 0.031892 4.230669 6.569862
v -0.062456 4.237270 6.515707
v -0.030940 4.230681 6.569766
v 0.064555 3.937196 6.367393
v 0.128486 3.923769 6.477550
v 0.000473 4.073930 6.495813
v -0.063554 3.937191 6.367435
v 0.064500 3.910357 6.587587
v -0.127540 3.923779 6.477473
v -0.063610 3.910352 6.587629
v -0.140001 4.174360 6.352362
v -0.263259 4.178345 6.319675
v -0.185076 4.226118 6.280007
v -0.106716 4.189270 6.230042
v -0.230070 4.193244 6.197435
v 0.204533 4.161023 6.461784
v 0.294649 4.171955 6.372100
v 0.294668 4.203337 6.466907
v 0.294591 4.150091 6.551480
v 0.384707 4.161022 6.461796
v -0.063210 4.131591 6.703259
v -0.029972 4.116685 6.825550
v -0.108255 4.164470 6.785786
v -0.186456 4.127624 6.735803
v -0.153315 4.112709 6.858175
vt 0.03370 -0.77750
vt 0.03370 -0.75410
vt 0.03960 -0.76590
vt 0.03370 -0.77760
vt 0.03370 -0.75410
vt 0.03960 -0.76590
vt 0.03370 -0.77750
vt 0.03370 -0.75410
vt 0.03960 -0.76590
vt 0.03370 -0.77760
vt 0.03370 -0.75410
vt 0.03960 -0.76590
vt 0.03370 -0.77750
vt 0.03370 -0.75410
vt 0.03960 -0.76590
vt 0.03370 -0.77760
vt 0.03370 -0.75410
vt 0.03960 -0.76590
vt 0.11370 -0.82940
vt 0.10180 -0.82940
vt 0.10780 -0.87150
vt 0.11370 -0.82940
vt 0.10180 -0.82940
vt 0.10770 -0.87150
vt 0.14650 -0.76480
vt 0.16060 -0.74850
vt 0.17450 -0.76480
vt 0.16060 -0.78100
vt 0.14650 -0.76480
vt 0.11370 -0.82940
vt 0.10180 -0.82940
vt 0.10780 -0.87150
vt 0.11370 -0.82940
vt 0.10180 -0.82940
vt 0.10770 -0.87150
vt 0.14650 -0.76480
vt 0.16060 -0.74850
vt 0.17450 -0.76480
vt 0.16060 -0.78100
vt 0.14650 -0.76480
vt 0.11370 -0.82940
vt 0.10180 -0.82940
vt 0.10780 -0.87150
vt 0.11370 -0.82940
vt 0.10180 -0.82940
vt 0.10770 -0.87150
vt 0.14650 -0.76480
vt 0.16060 -0.74850
vt 0.17450 -0.76480
vt 0.16060 -0.78100
vt 0.14650 -0.76480
vt 0.00720 -0.22140
vt 0.00290 -0.22140
vt 0.00290 -0.72410
vt 0.00290 -0.72410
vt 0.00720 -0.72630
vt 0.01510 -0.22140
vt 0.01510 -0.72920
vt 0.03620 -0.72430
vt 0.03620 -0.26490
vt 0.00290 -0.22140
vt 0.00720 -0.72630
vt 0.00720 -0.22140
vt 0.01510 -0.22140
vt 0.01510 -0.21410
vt 0.03620 -0.22580
vt 0.00720 -0.22140
vt 0.00290 -0.22140
vt 0.00290 -0.72410
vt 0.00290 -0.72410
vt 0.00720 -0.72630
vt 0.01510 -0.22140
vt 0.01510 -0.72920
vt 0.03620 -0.72430
vt 0.03620 -0.26490
vt 0.00290 -0.22140
vt 0.00720 -0.72630
vt 0.00720 -0.22140
vt 0.01510 -0.22140
vt 0.01510 -0.21410
vt 0.03620 -0.22580
vt 0.00720 -0.22140
vt 0.00290 -0.22140
vt 0.00290 -0.72410
vt 0.00290 -0.72410
vt 0.00720 -0.72630
vt 0.01510 -0.22140
vt 0.01510 -0.72920
vt 0.03620 -0.72430
vt 0.03620 -0.26490
vt 0.00290 -0.22140
vt 0.00720 -0.72630
vt 0.00720 -0.22140
vt 0.01510 -0.22140
vt 0.01510 -0.21410
vt 0.03620 -0.22580
vt 0.04480 -0.80410
vt 0.05350 -0.80410
vt 0.05250 -0.88490
vt 0.04580 -0.88490
vt 0.04920 -0.80400
vt 0.05680 -0.80400
vt 0.05510 -0.88490
vt 0.04920 -0.88490
vt 0.04170 -0.80400
vt 0.04340 -0.88490
vt 0.04480 -0.80390
vt 0.05350 -0.80390
vt 0.05250 -0.88470
vt 0.04580 -0.88470
vt 0.04930 -0.80400
vt 0.05680 -0.80400
vt 0.05510 -0.88480
vt 0.04930 -0.88480
vt 0.04170 -0.80400
vt 0.04340 -0.88480
vt 0.04210 -0.75640
vt 0.04210 -0.74360
vt 0.05680 -0.74290
vt 0.05680 -0.75720
vt 0.04210 -0.74960
vt 0.04210 -0.73850
vt 0.05680 -0.73720
vt 0.05680 -0.74960
vt 0.04210 -0.76070
vt 0.05680 -0.76210
vt 0.04200 -0.75650
vt 0.04200 -0.74370
vt 0.05660 -0.74290
vt 0.05660 -0.75720
vt 0.04220 -0.74960
vt 0.04220 -0.73850
vt 0.05690 -0.73720
vt 0.05690 -0.74960
vt 0.04220 -0.76070
vt 0.05690 -0.76200
vt 0.04730 -0.72730
vt 0.04710 -0.71220
vt 0.06020 -0.70450
vt 0.06040 -0.73480
vt 0.07330 -0.71200
vt 0.07350 -0.72710
vt 0.08790 -0.68770
vt 0.07760 -0.70860
vt 0.07610 -0.68770
vt 0.08650 -0.70850
vt 0.08920 -0.71700
vt 0.08360 -0.72340
vt 0.10330 -0.71690
vt 0.10330 -0.72340
vt 0.08650 -0.70850
vt 0.08790 -0.68770
vt 0.07610 -0.68770
vt 0.07760 -0.70850
vt 0.08360 -0.72340
vt 0.08910 -0.71690
vt 0.10330 -0.72340
vt 0.10330 -0.71690
vt 0.08800 -0.68770
vt 0.07770 -0.70850
vt 0.07620 -0.68770
vt 0.08660 -0.70850
vt 0.08910 -0.71690
vt 0.08350 -0.72340
vt 0.10330 -0.71690
vt 0.10330 -0.72340
vt 0.08660 -0.70850
vt 0.08800 -0.68770
vt 0.07620 -0.68770
vt 0.07770 -0.70850
vt 0.08350 -0.72340
vt 0.08910 -0.71690
vt 0.10330 -0.72340
vt 0.10330 -0.71690
vt 0.08800 -0.68760
vt 0.07770 -0.70860
vt 0.07620 -0.68760
vt 0.08660 -0.70860
vt 0.08910 -0.71700
vt 0.08350 -0.72340
vt 0.10330 -0.71690
vt 0.10330 -0.72340
vt 0.08660 -0.70860
vt 0.08800 -0.68770
vt 0.07620 -0.68780
vt 0.07770 -0.70860
vt 0.08350 -0.72340
vt 0.08910 -0.71700
vt 0.10330 -0.72340
vt 0.10330 -0.71690
vt 0.03410 -0.73040
vt 0.02630 -0.74360
vt 0.02260 -0.73720
vt 0.03780 -0.73680
vt 0.06030 -0.73160
vt 0.04960 -0.71340
vt 0.08280 -0.73650
vt 0.05640 -0.69140
vt 0.07080 -0.71330
vt 0.06370 -0.69140
vt 0.05630 -0.67800
vt 0.06370 -0.67800
vt 0.08640 -0.73020
vt 0.09810 -0.73670
vt 0.09440 -0.74320
vt 0.09860 -0.71030
vt 0.09100 -0.71040
vt 0.09080 -0.69630
vt 0.09850 -0.69620
vt 0.09860 -0.71570
vt 0.09120 -0.71580
vt 0.09100 -0.69620
vt 0.09840 -0.69610
vt 0.09800 -0.71020
vt 0.09170 -0.71030
vt 0.09160 -0.69610
vt 0.09790 -0.69610
vt 0.09780 -0.71570
vt 0.09180 -0.71580
vt 0.09150 -0.69610
vt 0.09770 -0.69610
vt 0.09850 -0.71040
vt 0.09150 -0.71040
vt 0.09140 -0.69630
vt 0.09830 -0.69620
vt 0.09790 -0.71570
vt 0.09120 -0.71580
vt 0.09100 -0.69620
vt 0.09770 -0.69610
vt 0.08110 -0.87410
vt 0.10030 -0.87410
vt 0.10030 -0.89130
vt 0.08110 -0.89130
vt 0.08110 -0.87410
vt 0.10030 -0.87410
vt 0.10030 -0.89130
vt 0.08110 -0.89130
vt 0.10020 -0.87410
vt 0.08110 -0.87410
vt 0.08110 -0.89130
vt 0.10030 -0.89130
vt 0.08110 -0.87410
vt 0.10020 -0.87410
vt 0.10030 -0.89130
vt 0.08110 -0.89130
vt 0.10020 -0.87410
vt 0.08110 -0.87410
vt 0.08110 -0.89130
vt 0.10030 -0.89130
vt 0.08110 -0.87400
vt 0.10030 -0.87400
vt 0.10030 -0.89130
vt 0.08110 -0.89130
vt 0.06940 -0.77640
vt 0.07400 -0.79530
vt 0.05600 -0.79990
vt 0.03730 -0.79440
vt 0.05640 -0.76300
vt 0.04240 -0.77650
vt 0.06980 -0.77700
vt 0.07410 -0.79520
vt 0.05520 -0.79990
vt 0.05630 -0.76290
vt 0.03730 -0.79450
vt 0.04270 -0.77580
vt 0.07420 -0.73800
vt 0.07420 -0.76120
vt 0.04210 -0.76120
vt 0.04210 -0.73800
vt 0.07420 -0.76120
vt 0.07420 -0.73800
vt 0.04210 -0.73800
vt 0.04210 -0.76120
vt 0.04210 -0.73800
vt 0.04210 -0.76120
vt 0.07420 -0.76120
vt 0.07420 -0.73800
vt 0.04210 -0.76120
vt 0.04210 -0.73800
vt 0.07420 -0.73800
vt 0.07420 -0.76120
vt 0.01710 -0.76270
vt 0.03160 -0.77680
vt 0.01710 -0.79070
vt 0.00250 -0.77680
vt 0.00250 -0.77680
vt 0.01710 -0.76270
vt 0.03160 -0.77680
vt 0.01710 -0.79070
vt 0.04210 -0.73800
vt 0.04210 -0.76120
vt 0.07420 -0.76120
vt 0.07420 -0.73800
vt 0.04210 -0.76120
vt 0.04210 -0.73800
vt 0.07420 -0.73800
vt 0.07420 -0.76120
vt 0.04210 -0.76120
vt 0.04210 -0.73800
vt 0.07420 -0.73800
vt 0.07420 -0.76120
vt 0.04210 -0.73800
vt 0.04210 -0.76120
vt 0.07420 -0.76120
vt 0.07420 -0.73800
vt 0.03160 -0.77680
vt 0.01710 -0.79070
vt 0.00250 -0.77680
vt 0.01710 -0.76270
vt 0.04210 -0.74950
vt 0.04210 -0.73790
vt 0.07420 -0.73800
vt 0.07420 -0.74950
vt 0.04210 -0.76120
vt 0.07420 -0.76120
vt 0.01680 -0.75520
vt 0.02880 -0.77650
vt 0.01680 -0.79920
vt 0.00460 -0.77650
vt 0.00450 -0.77640
vt 0.01680 -0.75520
vt 0.02880 -0.77640
vt 0.01680 -0.79920
vt 0.06640 -0.89870
vt 0.05760 -0.80380
vt 0.06640 -0.80380
vt 0.05760 -0.89870
vt 0.06680 -0.80380
vt 0.06680 -0.89870
vt 0.05770 -0.89870
vt 0.05770 -0.80380
vt 0.04540 -0.67310
vt 0.05510 -0.67850
vt 0.05050 -0.70430
vt 0.04540 -0.70350
vt 0.03850 -0.70760
vt 0.04370 -0.70760
vt 0.04370 -0.68150
vt 0.03850 -0.68150
vt 0.05530 -0.67860
vt 0.04550 -0.67300
vt 0.04550 -0.70330
vt 0.05060 -0.70420
vt 0.04360 -0.68450
vt 0.03840 -0.70890
vt 0.04360 -0.70890
vt 0.03840 -0.68450
vt 0.04360 -0.67360
vt 0.03840 -0.67360
vt 0.04370 -0.69060
vt 0.03850 -0.69060
vt 0.03850 -0.69530
vt 0.04370 -0.69530
vt 0.07420 -0.76120
vt 0.07420 -0.73800
vt 0.04210 -0.73800
vt 0.04210 -0.76120
vt 0.04210 -0.73800
vt 0.04210 -0.76120
vt 0.07420 -0.76120
vt 0.07420 -0.73800
vt 0.04210 -0.76120
vt 0.04210 -0.73800
vt 0.07420 -0.73800
vt 0.07420 -0.76120
vt 0.07420 -0.73800
vt 0.07420 -0.76120
vt 0.04210 -0.76120
vt 0.04210 -0.73800
vt 0.01710 -0.76270
vt 0.03160 -0.77680
vt 0.01710 -0.79070
vt 0.00250 -0.77680
vt 0.00250 -0.77680
vt 0.01710 -0.76270
vt 0.03160 -0.77680
vt 0.01710 -0.79070
vt 0.04210 -0.76120
vt 0.04210 -0.73800
vt 0.07420 -0.73800
vt 0.07420 -0.76120
vt 0.04210 -0.76120
vt 0.04210 -0.73800
vt 0.07420 -0.73800
vt 0.07420 -0.76120
vt 0.04210 -0.76120
vt 0.04210 -0.73800
vt 0.07420 -0.73800
vt 0.07420 -0.76120
vt 0.04210 -0.76120
vt 0.04210 -0.73800
vt 0.07420 -0.73800
vt 0.07420 -0.76120
vt 0.01710 -0.76270
vt 0.03160 -0.77680
vt 0.01710 -0.79070
vt 0.00250 -0.77680
vt 0.07420 -0.74960
vt 0.07420 -0.76120
vt 0.04210 -0.76120
vt 0.04210 -0.74960
vt 0.07420 -0.73800
vt 0.04210 -0.73800
vt 0.01680 -0.75510
vt 0.02880 -0.77640
vt 0.01680 -0.79920
vt 0.00460 -0.77640
vt 0.00460 -0.77640
vt 0.01680 -0.75520
vt 0.02880 -0.77640
vt 0.01680 -0.79920
vt 0.05770 -0.80380
vt 0.06640 -0.89870
vt 0.05770 -0.89870
vt 0.06640 -0.80380
vt 0.05810 -0.89870
vt 0.05810 -0.80380
vt 0.06640 -0.80380
vt 0.06640 -0.89870
vt 0.04540 -0.67300
vt 0.05510 -0.67840
vt 0.05060 -0.70410
vt 0.04550 -0.70330
vt 0.03850 -0.69990
vt 0.04370 -0.69990
vt 0.04370 -0.67340
vt 0.03850 -0.67340
vt 0.05530 -0.67870
vt 0.04550 -0.67310
vt 0.04550 -0.70340
vt 0.05060 -0.70440
vt 0.04380 -0.68830
vt 0.03850 -0.70850
vt 0.04380 -0.70850
vt 0.03850 -0.68830
vt 0.04380 -0.67870
vt 0.03850 -0.67870
vt 0.04370 -0.68320
vt 0.03840 -0.68320
vt 0.03840 -0.68700
vt 0.04370 -0.68700
vt 0.04210 -0.76120
vt 0.04210 -0.73800
vt 0.07420 -0.73800
vt 0.07420 -0.76120
vt 0.07420 -0.73800
vt 0.07420 -0.76120
vt 0.04210 -0.76120
vt 0.04210 -0.73800
vt 0.07420 -0.76120
vt 0.07420 -0.73800
vt 0.04210 -0.73800
vt 0.04210 -0.76120
vt 0.04210 -0.73800
vt 0.04210 -0.76120
vt 0.07420 -0.76120
vt 0.07420 -0.73800
vt 0.01710 -0.76270
vt 0.03160 -0.77680
vt 0.01710 -0.79070
vt 0.00250 -0.77680
vt 0.00250 -0.77680
vt 0.01710 -0.76270
vt 0.03160 -0.77680
vt 0.01710 -0.79070
vt 0.04210 -0.76120
vt 0.04210 -0.73800
vt 0.07420 -0.73800
vt 0.07420 -0.76120
vt 0.04210 -0.76120
vt 0.04210 -0.73800
vt 0.07420 -0.73800
vt 0.07420 -0.76120
vt 0.04210 -0.76120
vt 0.04210 -0.73800
vt 0.07420 -0.73800
vt 0.07420 -0.76120
vt 0.04210 -0.76120
vt 0.04210 -0.73800
vt 0.07420 -0.73800
vt 0.07420 -0.76120
vt 0.01710 -0.79070
vt 0.00260 -0.77680
vt 0.01710 -0.76270
vt 0.03160 -0.77680
vt 0.04210 -0.74950
vt 0.04210 -0.73800
vt 0.07420 -0.73800
vt 0.07420 -0.74950
vt 0.04220 -0.76120
vt 0.07420 -0.76120
vt 0.01680 -0.75520
vt 0.02880 -0.77640
vt 0.01680 -0.79920
vt 0.00460 -0.77640
vt 0.00460 -0.77640
vt 0.01680 -0.75520
vt 0.02880 -0.77640
vt 0.01680 -0.79920
vt 0.06640 -0.89870
vt 0.05760 -0.80380
vt 0.06640 -0.80380
vt 0.05760 -0.89870
vt 0.06680 -0.80380
vt 0.06680 -0.89870
vt 0.05770 -0.89870
vt 0.05770 -0.80380
vt 0.04550 -0.67300
vt 0.05520 -0.67840
vt 0.05070 -0.70420
vt 0.04560 -0.70340
vt 0.03840 -0.71280
vt 0.04360 -0.71280
vt 0.04360 -0.68250
vt 0.03840 -0.68250
vt 0.05520 -0.67870
vt 0.04540 -0.67300
vt 0.04540 -0.70340
vt 0.05060 -0.70430
vt 0.04370 -0.68120
vt 0.03850 -0.68120
vt 0.03850 -0.70690
vt 0.04370 -0.70690
vt 0.04360 -0.69300
vt 0.03840 -0.69300
vt 0.03840 -0.70250
vt 0.04360 -0.70250
vt 0.04370 -0.69320
vt 0.03850 -0.69320
vt 0.03850 -0.69820
vt 0.04370 -0.69820
vt 0.03370 -0.76590
vt 0.03370 -0.74590
vt 0.03960 -0.76620
vt 0.03370 -0.78650
vt 0.03370 -0.78640
vt 0.03370 -0.76580
vt 0.03960 -0.76610
vt 0.03370 -0.74580
vt 0.03370 -0.76590
vt 0.03370 -0.74590
vt 0.03960 -0.76620
vt 0.03370 -0.78650
vt 0.03370 -0.78640
vt 0.03370 -0.76580
vt 0.03960 -0.76610
vt 0.03370 -0.74580
vt 0.03370 -0.76590
vt 0.03370 -0.74590
vt 0.03960 -0.76620
vt 0.03370 -0.78650
vt 0.03370 -0.78640
vt 0.03370 -0.76580
vt 0.03960 -0.76610
vt 0.03370 -0.74580
vt 0.08100 -0.82940
vt 0.09790 -0.82940
vt 0.09790 -0.81050
vt 0.08100 -0.81050
vt 0.11370 -0.82940
vt 0.11730 -0.81050
vt 0.09810 -0.81050
vt 0.10180 -0.82940
vt 0.08100 -0.82940
vt 0.09790 -0.82940
vt 0.09790 -0.81050
vt 0.08100 -0.81050
vt 0.11370 -0.82940
vt 0.11740 -0.81050
vt 0.09820 -0.81050
vt 0.10180 -0.82940
vt 0.08950 -0.87150
vt 0.08100 -0.82940
vt 0.08140 -0.87150
vt 0.09790 -0.82940
vt 0.09760 -0.87150
vt 0.08940 -0.87150
vt 0.08100 -0.82940
vt 0.08140 -0.87150
vt 0.09790 -0.82940
vt 0.09750 -0.87150
vt 0.07880 -0.80420
vt 0.06980 -0.89210
vt 0.07880 -0.89220
vt 0.06980 -0.80410
vt 0.07870 -0.89220
vt 0.07870 -0.80420
vt 0.07870 -0.80420
vt 0.06930 -0.89220
vt 0.07870 -0.89220
vt 0.06930 -0.80420
vt 0.07880 -0.89220
vt 0.07880 -0.80420
vt 0.01670 -0.74720
vt 0.02950 -0.77590
vt 0.00400 -0.77590
vt 0.01680 -0.80460
vt 0.00400 -0.77590
vt 0.02950 -0.77590
vt 0.01680 -0.74720
vt 0.16060 -0.74850
vt 0.17450 -0.76480
vt 0.14650 -0.76480
vt 0.16060 -0.78090
vt 0.08100 -0.82940
vt 0.09790 -0.82940
vt 0.09790 -0.81050
vt 0.08100 -0.81050
vt 0.11370 -0.82940
vt 0.11730 -0.81050
vt 0.09810 -0.81050
vt 0.10180 -0.82940
vt 0.08100 -0.82940
vt 0.09790 -0.82940
vt 0.09790 -0.81050
vt 0.08100 -0.81050
vt 0.11370 -0.82940
vt 0.11740 -0.81050
vt 0.09820 -0.81050
vt 0.10180 -0.82940
vt 0.08950 -0.87150
vt 0.08100 -0.82940
vt 0.08140 -0.87150
vt 0.09790 -0.82940
vt 0.09760 -0.87150
vt 0.08940 -0.87150
vt 0.08100 -0.82940
vt 0.08140 -0.87150
vt 0.09790 -0.82940
vt 0.09750 -0.87150
vt 0.07890 -0.80430
vt 0.06970 -0.89240
vt 0.07880 -0.89240
vt 0.06960 -0.80430
vt 0.07890 -0.89240
vt 0.07880 -0.80430
vt 0.07880 -0.80430
vt 0.06920 -0.89240
vt 0.07890 -0.89240
vt 0.06940 -0.80430
vt 0.07880 -0.89240
vt 0.07890 -0.80430
vt 0.01660 -0.80460
vt 0.00400 -0.77590
vt 0.02950 -0.77590
vt 0.01680 -0.74720
vt 0.02960 -0.77590
vt 0.00410 -0.77600
vt 0.01690 -0.80460
vt 0.16060 -0.74850
vt 0.17450 -0.76480
vt 0.14650 -0.76480
vt 0.16060 -0.78090
vt 0.08100 -0.82940
vt 0.09790 -0.82940
vt 0.09790 -0.81050
vt 0.08100 -0.81050
vt 0.11370 -0.82940
vt 0.11730 -0.81050
vt 0.09810 -0.81050
vt 0.10180 -0.82940
vt 0.08100 -0.82940
vt 0.09790 -0.82940
vt 0.09790 -0.81050
vt 0.08100 -0.81050
vt 0.11370 -0.82940
vt 0.11740 -0.81050
vt 0.09820 -0.81050
vt 0.10180 -0.82940
vt 0.08950 -0.87150
vt 0.08100 -0.82940
vt 0.08140 -0.87150
vt 0.09790 -0.82940
vt 0.09760 -0.87150
vt 0.08940 -0.87150
vt 0.08100 -0.82940
vt 0.08140 -0.87150
vt 0.09790 -0.82940
vt 0.09750 -0.87150
vt 0.07880 -0.80420
vt 0.06950 -0.89220
vt 0.07900 -0.89220
vt 0.06970 -0.80410
vt 0.07870 -0.89230
vt 0.07890 -0.80420
vt 0.07890 -0.80420
vt 0.06950 -0.89230
vt 0.07870 -0.89230
vt 0.06930 -0.80420
vt 0.07900 -0.89220
vt 0.07880 -0.80420
vt 0.01680 -0.74720
vt 0.02960 -0.77590
vt 0.00410 -0.77590
vt 0.01670 -0.80460
vt 0.00400 -0.77590
vt 0.02950 -0.77600
vt 0.01680 -0.74720
vt 0.16060 -0.74850
vt 0.17450 -0.76480
vt 0.14650 -0.76480
vt 0.16060 -0.78090
vt 0.00720 -0.22140
vt 0.00290 -0.21730
vt 0.00720 -0.21410
vt 0.01510 -0.21410
vt 0.01510 -0.22140
vt 0.00720 -0.72630
vt 0.00720 -0.22140
vt 0.01510 -0.22140
vt 0.03620 -0.26490
vt 0.03620 -0.72430
vt 0.01510 -0.72920
vt 0.03630 -0.72430
vt 0.01510 -0.73280
vt 0.01510 -0.72930
vt 0.00720 -0.72630
vt 0.00720 -0.72960
vt 0.00300 -0.72410
vt 0.01510 -0.22140
vt 0.00720 -0.22140
vt 0.00290 -0.21730
vt 0.01510 -0.21410
vt 0.00720 -0.21410
vt 0.03620 -0.26490
vt 0.03620 -0.72430
vt 0.01510 -0.72920
vt 0.00720 -0.72630
vt 0.00720 -0.22140
vt 0.01510 -0.22140
vt 0.03630 -0.72430
vt 0.01510 -0.73280
vt 0.01510 -0.72930
vt 0.00720 -0.72630
vt 0.00720 -0.72960
vt 0.00300 -0.72410
vt 0.01510 -0.21410
vt 0.01510 -0.22140
vt 0.00720 -0.22140
vt 0.00720 -0.21410
vt 0.00290 -0.21730
vt 0.01510 -0.72920
vt 0.00720 -0.72630
vt 0.00720 -0.22140
vt 0.03620 -0.72430
vt 0.03620 -0.26490
vt 0.01510 -0.22140
vt 0.03630 -0.72430
vt 0.01510 -0.73280
vt 0.01510 -0.72930
vt 0.00720 -0.72630
vt 0.00720 -0.72960
vt 0.00300 -0.72410
vt 0.12840 -0.81500
vt 0.11670 -0.80810
vt 0.12850 -0.80140
vt 0.14030 -0.80830
vt 0.11670 -0.79450
vt 0.14030 -0.79470
vt 0.12860 -0.78780
vt 0.12840 -0.81500
vt 0.11670 -0.80810
vt 0.12850 -0.80140
vt 0.14030 -0.80830
vt 0.11670 -0.79450
vt 0.14030 -0.79470
vt 0.12860 -0.78780
vt 0.12840 -0.81500
vt 0.11670 -0.80810
vt 0.12850 -0.80140
vt 0.14030 -0.80830
vt 0.11670 -0.79450
vt 0.14030 -0.79470
vt 0.12860 -0.78780
vt 0.05240 -0.88490
vt 0.05590 -0.89070
vt 0.04910 -0.89080
vt 0.04570 -0.88500
vt 0.05260 -0.89650
vt 0.04240 -0.89080
vt 0.04590 -0.89660
vt 0.04720 -0.71220
vt 0.06010 -0.70460
vt 0.06030 -0.71960
vt 0.04730 -0.72720
vt 0.07330 -0.71200
vt 0.06040 -0.73460
vt 0.07340 -0.72700
vt 0.01710 -0.76270
vt 0.03160 -0.77680
vt 0.01710 -0.77680
vt 0.00250 -0.77680
vt 0.01720 -0.79070
vt 0.01710 -0.76270
vt 0.03160 -0.77680
vt 0.01710 -0.77680
vt 0.00260 -0.77680
vt 0.01710 -0.79070
vt 0.01710 -0.79070
vt 0.00250 -0.77680
vt 0.01710 -0.77680
vt 0.03160 -0.77680
vt 0.01710 -0.76270
g vehicle#rotor_stop_01_6_0
usemtl 2b684d67-c690-4b3c-bf76-da0401ce3238
f 8221/8221 8222/8222 8223/8223
f 8224/8224 8225/8225 8226/8226
f 8227/8227 8228/8228 8229/8229
f 8230/8230 8231/8231 8232/8232
f 8233/8233 8234/8234 8235/8235
f 8236/8236 8237/8237 8238/8238
f 8239/8239 8240/8240 8241/8241
f 8242/8242 8243/8243 8244/8244
f 8245/8245 8246/8246 8247/8247
f 8247/8247 8248/8248 8249/8249
f 8250/8250 8251/8251 8252/8252
f 8253/8253 8254/8254 8255/8255
f 8256/8256 8257/8257 8258/8258
f 8258/8258 8259/8259 8260/8260
f 8261/8261 8262/8262 8263/8263
f 8264/8264 8265/8265 8266/8266
f 8267/8267 8268/8268 8269/8269
f 8269/8269 8270/8270 8271/8271
f 8272/8272 8273/8273 8274/8274
f 8272/8272 8275/8275 8276/8276
f 8277/8277 8272/8272 8276/8276
f 8277/8277 8276/8276 8278/8278
f 8277/8277 8278/8278 8279/8279
f 8277/8277 8279/8279 8280/8280
f 8281/8281 8282/8282 8275/8275
f 8281/8281 8283/8283 8282/8282
f 8284/8284 8285/8285 8286/8286
f 8287/8287 8288/8288 8289/8289
f 8287/8287 8290/8290 8291/8291
f 8292/8292 8287/8287 8291/8291
f 8292/8292 8291/8291 8293/8293
f 8292/8292 8293/8293 8294/8294
f 8292/8292 8294/8294 8295/8295
f 8296/8296 8297/8297 8290/8290
f 8296/8296 8298/8298 8297/8297
f 8299/8299 8300/8300 8301/8301
f 8302/8302 8303/8303 8304/8304
f 8302/8302 8305/8305 8306/8306
f 8307/8307 8302/8302 8306/8306
f 8307/8307 8306/8306 8308/8308
f 8307/8307 8308/8308 8309/8309
f 8307/8307 8309/8309 8310/8310
f 8311/8311 8312/8312 8305/8305
f 8311/8311 8313/8313 8312/8312
f 8314/8314 8315/8315 8316/8316
f 8317/8317 8318/8318 8319/8319
f 8317/8317 8319/8319 8320/8320
f 8321/8321 8322/8322 8323/8323
f 8321/8321 8323/8323 8324/8324
f 8325/8325 8321/8321 8324/8324
f 8325/8325 8324/8324 8326/8326
f 8327/8327 8328/8328 8329/8329
f 8327/8327 8329/8329 8330/8330
f 8331/8331 8332/8332 8333/8333
f 8331/8331 8333/8333 8334/8334
f 8335/8335 8331/8331 8334/8334
f 8335/8335 8334/8334 8336/8336
f 8337/8337 8338/8338 8339/8339
f 8337/8337 8339/8339 8340/8340
f 8341/8341 8342/8342 8343/8343
f 8341/8341 8343/8343 8344/8344
f 8345/8345 8341/8341 8344/8344
f 8345/8345 8344/8344 8346/8346
f 8347/8347 8348/8348 8349/8349
f 8347/8347 8349/8349 8350/8350
f 8351/8351 8352/8352 8353/8353
f 8351/8351 8353/8353 8354/8354
f 8355/8355 8351/8351 8354/8354
f 8355/8355 8354/8354 8356/8356
f 8357/8357 8358/8358 8359/8359
f 8359/8359 8360/8360 8357/8357
f 8359/8359 8361/8361 8360/8360
f 8361/8361 8362/8362 8360/8360
f 8363/8363 8364/8364 8365/8365
f 8363/8363 8366/8366 8364/8364
f 8364/8364 8366/8366 8367/8367
f 8364/8364 8367/8367 8368/8368
f 8368/8368 8367/8367 8369/8369
f 8368/8368 8369/8369 8370/8370
f 8371/8371 8372/8372 8373/8373
f 8371/8371 8373/8373 8374/8374
f 8371/8371 8374/8374 8375/8375
f 8371/8371 8375/8375 8376/8376
f 8376/8376 8375/8375 8377/8377
f 8376/8376 8377/8377 8378/8378
f 8379/8379 8380/8380 8381/8381
f 8379/8379 8382/8382 8380/8380
f 8380/8380 8382/8382 8383/8383
f 8380/8380 8383/8383 8384/8384
f 8384/8384 8383/8383 8385/8385
f 8384/8384 8385/8385 8386/8386
f 8387/8387 8388/8388 8389/8389
f 8387/8387 8389/8389 8390/8390
f 8387/8387 8390/8390 8391/8391
f 8387/8387 8391/8391 8392/8392
f 8392/8392 8391/8391 8393/8393
f 8392/8392 8393/8393 8394/8394
f 8395/8395 8396/8396 8397/8397
f 8395/8395 8398/8398 8396/8396
f 8396/8396 8398/8398 8399/8399
f 8396/8396 8399/8399 8400/8400
f 8400/8400 8399/8399 8401/8401
f 8400/8400 8401/8401 8402/8402
f 8403/8403 8404/8404 8405/8405
f 8403/8403 8405/8405 8406/8406
f 8403/8403 8406/8406 8407/8407
f 8403/8403 8407/8407 8408/8408
f 8408/8408 8407/8407 8409/8409
f 8408/8408 8409/8409 8410/8410
f 8411/8411 8412/8412 8413/8413
f 8411/8411 8414/8414 8412/8412
f 8415/8415 8414/8414 8411/8411
f 8411/8411 8416/8416 8415/8415
f 8416/8416 8417/8417 8415/8415
f 8416/8416 8418/8418 8417/8417
f 8418/8418 8419/8419 8417/8417
f 8418/8418 8420/8420 8419/8419
f 8420/8420 8418/8418 8421/8421
f 8420/8420 8421/8421 8422/8422
f 8423/8423 8417/8417 8419/8419
f 8417/8417 8423/8423 8424/8424
f 8417/8417 8424/8424 8425/8425
f 8426/8426 8427/8427 8428/8428
f 8426/8426 8428/8428 8429/8429
f 8430/8430 8431/8431 8432/8432
f 8430/8430 8432/8432 8433/8433
f 8434/8434 8435/8435 8436/8436
f 8434/8434 8436/8436 8437/8437
f 8438/8438 8439/8439 8440/8440
f 8438/8438 8440/8440 8441/8441
f 8442/8442 8443/8443 8444/8444
f 8442/8442 8444/8444 8445/8445
f 8446/8446 8447/8447 8448/8448
f 8446/8446 8448/8448 8449/8449
f 8450/8450 8451/8451 8452/8452
f 8450/8450 8452/8452 8453/8453
f 8454/8454 8455/8455 8456/8456
f 8454/8454 8456/8456 8457/8457
f 8458/8458 8459/8459 8460/8460
f 8458/8458 8460/8460 8461/8461
f 8462/8462 8463/8463 8464/8464
f 8462/8462 8464/8464 8465/8465
f 8466/8466 8467/8467 8468/8468
f 8466/8466 8468/8468 8469/8469
f 8470/8470 8471/8471 8472/8472
f 8470/8470 8472/8472 8473/8473
f 8474/8474 8475/8475 8476/8476
f 8476/8476 8477/8477 8474/8474
f 8477/8477 8478/8478 8474/8474
f 8477/8477 8479/8479 8478/8478
f 8480/8480 8481/8481 8482/8482
f 8482/8482 8483/8483 8480/8480
f 8482/8482 8484/8484 8483/8483
f 8484/8484 8485/8485 8483/8483
f 8486/8486 8487/8487 8488/8488
f 8486/8486 8488/8488 8489/8489
f 8490/8490 8491/8491 8492/8492
f 8490/8490 8492/8492 8493/8493
f 8494/8494 8495/8495 8496/8496
f 8494/8494 8496/8496 8497/8497
f 8498/8498 8499/8499 8500/8500
f 8498/8498 8500/8500 8501/8501
f 8502/8502 8503/8503 8504/8504
f 8502/8502 8504/8504 8505/8505
f 8506/8506 8507/8507 8508/8508
f 8506/8506 8508/8508 8509/8509
f 8510/8510 8511/8511 8512/8512
f 8510/8510 8512/8512 8513/8513
f 8514/8514 8515/8515 8516/8516
f 8514/8514 8516/8516 8517/8517
f 8518/8518 8519/8519 8520/8520
f 8518/8518 8520/8520 8521/8521
f 8522/8522 8523/8523 8524/8524
f 8522/8522 8524/8524 8525/8525
f 8526/8526 8527/8527 8528/8528
f 8526/8526 8528/8528 8529/8529
f 8530/8530 8531/8531 8532/8532
f 8530/8530 8532/8532 8533/8533
f 8534/8534 8530/8530 8533/8533
f 8534/8534 8533/8533 8535/8535
f 8536/8536 8537/8537 8538/8538
f 8536/8536 8538/8538 8539/8539
f 8540/8540 8541/8541 8542/8542
f 8540/8540 8542/8542 8543/8543
f 8544/8544 8545/8545 8546/8546
f 8544/8544 8547/8547 8545/8545
f 8547/8547 8548/8548 8545/8545
f 8547/8547 8549/8549 8548/8548
f 8550/8550 8548/8548 8549/8549
f 8550/8550 8551/8551 8548/8548
f 8552/8552 8553/8553 8554/8554
f 8552/8552 8554/8554 8555/8555
f 8556/8556 8557/8557 8558/8558
f 8556/8556 8558/8558 8559/8559
f 8560/8560 8561/8561 8562/8562
f 8560/8560 8562/8562 8563/8563
f 8564/8564 8565/8565 8566/8566
f 8564/8564 8567/8567 8565/8565
f 8568/8568 8567/8567 8564/8564
f 8568/8568 8569/8569 8567/8567
f 8570/8570 8571/8571 8572/8572
f 8570/8570 8572/8572 8573/8573
f 8574/8574 8575/8575 8576/8576
f 8574/8574 8576/8576 8577/8577
f 8578/8578 8579/8579 8580/8580
f 8578/8578 8580/8580 8581/8581
f 8582/8582 8583/8583 8584/8584
f 8582/8582 8584/8584 8585/8585
f 8586/8586 8587/8587 8588/8588
f 8586/8586 8588/8588 8589/8589
f 8590/8590 8591/8591 8592/8592
f 8590/8590 8592/8592 8593/8593
f 8594/8594 8595/8595 8596/8596
f 8594/8594 8596/8596 8597/8597
f 8598/8598 8599/8599 8600/8600
f 8598/8598 8600/8600 8601/8601
f 8602/8602 8603/8603 8604/8604
f 8602/8602 8604/8604 8605/8605
f 8606/8606 8607/8607 8608/8608
f 8606/8606 8608/8608 8609/8609
f 8610/8610 8611/8611 8612/8612
f 8610/8610 8612/8612 8613/8613
f 8614/8614 8615/8615 8616/8616
f 8614/8614 8616/8616 8617/8617
f 8618/8618 8619/8619 8620/8620
f 8618/8618 8620/8620 8621/8621
f 8622/8622 8618/8618 8621/8621
f 8622/8622 8621/8621 8623/8623
f 8624/8624 8625/8625 8626/8626
f 8624/8624 8626/8626 8627/8627
f 8628/8628 8629/8629 8630/8630
f 8628/8628 8630/8630 8631/8631
f 8632/8632 8633/8633 8634/8634
f 8632/8632 8635/8635 8633/8633
f 8635/8635 8636/8636 8633/8633
f 8635/8635 8637/8637 8636/8636
f 8638/8638 8636/8636 8637/8637
f 8638/8638 8639/8639 8636/8636
f 8640/8640 8641/8641 8642/8642
f 8640/8640 8642/8642 8643/8643
f 8644/8644 8645/8645 8646/8646
f 8644/8644 8646/8646 8647/8647
f 8648/8648 8649/8649 8650/8650
f 8648/8648 8650/8650 8651/8651
f 8652/8652 8653/8653 8654/8654
f 8652/8652 8655/8655 8653/8653
f 8656/8656 8655/8655 8652/8652
f 8656/8656 8657/8657 8655/8655
f 8658/8658 8659/8659 8660/8660
f 8658/8658 8660/8660 8661/8661
f 8662/8662 8663/8663 8664/8664
f 8662/8662 8664/8664 8665/8665
f 8666/8666 8667/8667 8668/8668
f 8666/8666 8668/8668 8669/8669
f 8670/8670 8671/8671 8672/8672
f 8670/8670 8672/8672 8673/8673
f 8674/8674 8675/8675 8676/8676
f 8674/8674 8676/8676 8677/8677
f 8678/8678 8679/8679 8680/8680
f 8678/8678 8680/8680 8681/8681
f 8682/8682 8683/8683 8684/8684
f 8682/8682 8684/8684 8685/8685
f 8686/8686 8687/8687 8688/8688
f 8686/8686 8688/8688 8689/8689
f 8690/8690 8691/8691 8692/8692
f 8690/8690 8692/8692 8693/8693
f 8694/8694 8695/8695 8696/8696
f 8694/8694 8696/8696 8697/8697
f 8698/8698 8699/8699 8700/8700
f 8698/8698 8700/8700 8701/8701
f 8702/8702 8703/8703 8704/8704
f 8702/8702 8704/8704 8705/8705
f 8706/8706 8707/8707 8708/8708
f 8706/8706 8708/8708 8709/8709
f 8710/8710 8706/8706 8709/8709
f 8710/8710 8709/8709 8711/8711
f 8712/8712 8713/8713 8714/8714
f 8712/8712 8714/8714 8715/8715
f 8716/8716 8717/8717 8718/8718
f 8716/8716 8718/8718 8719/8719
f 8720/8720 8721/8721 8722/8722
f 8720/8720 8723/8723 8721/8721
f 8723/8723 8724/8724 8721/8721
f 8723/8723 8725/8725 8724/8724
f 8726/8726 8724/8724 8725/8725
f 8726/8726 8727/8727 8724/8724
f 8728/8728 8729/8729 8730/8730
f 8728/8728 8730/8730 8731/8731
f 8732/8732 8733/8733 8734/8734
f 8732/8732 8734/8734 8735/8735
f 8736/8736 8737/8737 8738/8738
f 8736/8736 8738/8738 8739/8739
f 8740/8740 8741/8741 8742/8742
f 8740/8740 8742/8742 8743/8743
f 8744/8744 8745/8745 8746/8746
f 8744/8744 8746/8746 8747/8747
f 8748/8748 8749/8749 8750/8750
f 8748/8748 8750/8750 8751/8751
f 8752/8752 8753/8753 8754/8754
f 8755/8755 8752/8752 8754/8754
f 8756/8756 8757/8757 8758/8758
f 8757/8757 8759/8759 8758/8758
f 8760/8760 8761/8761 8762/8762
f 8763/8763 8760/8760 8762/8762
f 8764/8764 8765/8765 8766/8766
f 8765/8765 8767/8767 8766/8766
f 8768/8768 8769/8769 8770/8770
f 8771/8771 8768/8768 8770/8770
f 8772/8772 8773/8773 8774/8774
f 8773/8773 8775/8775 8774/8774
f 8776/8776 8777/8777 8778/8778
f 8776/8776 8778/8778 8779/8779
f 8780/8780 8781/8781 8782/8782
f 8780/8780 8782/8782 8783/8783
f 8784/8784 8785/8785 8786/8786
f 8784/8784 8786/8786 8787/8787
f 8788/8788 8789/8789 8790/8790
f 8788/8788 8790/8790 8791/8791
f 8792/8792 8793/8793 8794/8794
f 8795/8795 8793/8793 8792/8792
f 8796/8796 8795/8795 8792/8792
f 8797/8797 8798/8798 8799/8799
f 8800/8800 8798/8798 8797/8797
f 8801/8801 8800/8800 8797/8797
f 8802/8802 8803/8803 8804/8804
f 8802/8802 8805/8805 8803/8803
f 8805/8805 8806/8806 8803/8803
f 8805/8805 8807/8807 8806/8806
f 8808/8808 8809/8809 8810/8810
f 8808/8808 8811/8811 8809/8809
f 8811/8811 8812/8812 8809/8809
f 8811/8811 8813/8813 8812/8812
f 8814/8814 8815/8815 8816/8816
f 8815/8815 8817/8817 8816/8816
f 8817/8817 8818/8818 8819/8819
f 8818/8818 8820/8820 8819/8819
f 8821/8821 8822/8822 8823/8823
f 8822/8822 8824/8824 8823/8823
f 8825/8825 8826/8826 8827/8827
f 8825/8825 8827/8827 8828/8828
f 8829/8829 8830/8830 8831/8831
f 8829/8829 8831/8831 8832/8832
f 8833/8833 8834/8834 8835/8835
f 8833/8833 8835/8835 8836/8836
f 8837/8837 8838/8838 8839/8839
f 8837/8837 8839/8839 8840/8840
f 8841/8841 8842/8842 8843/8843
f 8844/8844 8842/8842 8841/8841
f 8845/8845 8844/8844 8841/8841
f 8846/8846 8847/8847 8848/8848
f 8849/8849 8847/8847 8846/8846
f 8850/8850 8849/8849 8846/8846
f 8851/8851 8852/8852 8853/8853
f 8851/8851 8854/8854 8852/8852
f 8854/8854 8855/8855 8852/8852
f 8854/8854 8856/8856 8855/8855
f 8857/8857 8858/8858 8859/8859
f 8857/8857 8860/8860 8858/8858
f 8860/8860 8861/8861 8858/8858
f 8860/8860 8862/8862 8861/8861
f 8863/8863 8864/8864 8865/8865
f 8864/8864 8866/8866 8865/8865
f 8866/8866 8867/8867 8868/8868
f 8867/8867 8869/8869 8868/8868
f 8870/8870 8871/8871 8872/8872
f 8871/8871 8873/8873 8872/8872
f 8874/8874 8875/8875 8876/8876
f 8874/8874 8876/8876 8877/8877
f 8878/8878 8879/8879 8880/8880
f 8878/8878 8880/8880 8881/8881
f 8882/8882 8883/8883 8884/8884
f 8882/8882 8884/8884 8885/8885
f 8886/8886 8887/8887 8888/8888
f 8886/8886 8888/8888 8889/8889
f 8890/8890 8891/8891 8892/8892
f 8893/8893 8891/8891 8890/8890
f 8894/8894 8893/8893 8890/8890
f 8895/8895 8896/8896 8897/8897
f 8898/8898 8896/8896 8895/8895
f 8899/8899 8898/8898 8895/8895
f 8900/8900 8901/8901 8902/8902
f 8900/8900 8903/8903 8901/8901
f 8903/8903 8904/8904 8901/8901
f 8903/8903 8905/8905 8904/8904
f 8906/8906 8907/8907 8908/8908
f 8906/8906 8909/8909 8907/8907
f 8909/8909 8910/8910 8907/8907
f 8909/8909 8911/8911 8910/8910
f 8912/8912 8913/8913 8914/8914
f 8913/8913 8915/8915 8914/8914
f 8915/8915 8916/8916 8917/8917
f 8916/8916 8918/8918 8917/8917
f 8919/8919 8920/8920 8921/8921
f 8920/8920 8922/8922 8921/8921
f 8923/8923 8924/8924 8925/8925
f 8925/8925 8926/8926 8923/8923
f 8926/8926 8927/8927 8923/8923
f 8928/8928 8929/8929 8930/8930
f 8930/8930 8931/8931 8928/8928
f 8931/8931 8932/8932 8928/8928
f 8932/8932 8933/8933 8928/8928
f 8934/8934 8935/8935 8936/8936
f 8935/8935 8937/8937 8936/8936
f 8935/8935 8938/8938 8937/8937
f 8938/8938 8939/8939 8937/8937
f 8940/8940 8941/8941 8942/8942
f 8942/8942 8943/8943 8940/8940
f 8942/8942 8944/8944 8943/8943
f 8945/8945 8946/8946 8947/8947
f 8947/8947 8948/8948 8945/8945
f 8948/8948 8949/8949 8945/8945
f 8949/8949 8950/8950 8945/8945
f 8951/8951 8952/8952 8953/8953
f 8952/8952 8954/8954 8953/8953
f 8952/8952 8955/8955 8954/8954
f 8955/8955 8956/8956 8954/8954
f 8957/8957 8958/8958 8959/8959
f 8959/8959 8960/8960 8957/8957
f 8959/8959 8961/8961 8960/8960
f 8962/8962 8963/8963 8964/8964
f 8964/8964 8965/8965 8962/8962
f 8964/8964 8966/8966 8965/8965
f 8964/8964 8967/8967 8966/8966
f 8968/8968 8969/8969 8970/8970
f 8969/8969 8971/8971 8970/8970
f 8969/8969 8972/8972 8971/8971
f 8972/8972 8973/8973 8971/8971
f 8974/8974 8975/8975 8976/8976
f 8977/8977 8974/8974 8976/8976
f 8975/8975 8978/8978 8976/8976
f 8979/8979 8977/8977 8976/8976
f 8978/8978 8980/8980 8976/8976
f 8980/8980 8979/8979 8976/8976
f 8981/8981 8982/8982 8983/8983
f 8984/8984 8981/8981 8983/8983
f 8982/8982 8985/8985 8983/8983
f 8986/8986 8984/8984 8983/8983
f 8985/8985 8987/8987 8983/8983
f 8987/8987 8986/8986 8983/8983
f 8988/8988 8989/8989 8990/8990
f 8991/8991 8988/8988 8990/8990
f 8989/8989 8992/8992 8990/8990
f 8993/8993 8991/8991 8990/8990
f 8992/8992 8994/8994 8990/8990
f 8994/8994 8993/8993 8990/8990
f 8995/8995 8996/8996 8997/8997
f 8998/8998 8995/8995 8997/8997
f 8996/8996 8999/8999 8997/8997
f 9000/9000 8998/8998 8997/8997
f 8999/8999 9001/9001 8997/8997
f 9001/9001 9000/9000 8997/8997
f 9002/9002 9003/9003 9004/9004
f 9005/9005 9002/9002 9004/9004
f 9003/9003 9006/9006 9004/9004
f 9007/9007 9005/9005 9004/9004
f 9006/9006 9008/9008 9004/9004
f 9008/9008 9007/9007 9004/9004
f 9009/9009 9010/9010 9011/9011
f 9012/9012 9009/9009 9011/9011
f 9010/9010 9013/9013 9011/9011
f 9013/9013 9012/9012 9011/9011
f 9014/9014 9015/9015 9016/9016
f 9017/9017 9014/9014 9016/9016
f 9015/9015 9018/9018 9016/9016
f 9018/9018 9017/9017 9016/9016
f 9019/9019 9020/9020 9021/9021
f 9022/9022 9019/9019 9021/9021
f 9020/9020 9023/9023 9021/9021
f 9023/9023 9022/9022 9021/9021
o vehicle#rotor_stop_02_6
v 0.265032 6.116339 -6.582423
v 0.238869 6.039963 -6.503556
v 0.327779 6.108305 -6.516524
v 0.212583 6.095160 -6.408652
v 0.238869 6.039963 -6.503556
v 0.149835 6.103210 -6.474676
v -0.361499 6.095956 -6.415051
v -0.272465 6.032709 -6.443931
v -0.335211 6.106546 -6.501936
v -0.183555 6.101037 -6.456773
v -0.272465 6.032709 -6.443931
v -0.209842 6.090447 -6.369888
v 0.097969 6.040500 -5.960168
v 0.035220 5.982762 -6.034211
v 0.008934 6.037959 -5.939307
v -0.027526 6.056598 -6.092216
v 0.035220 5.982762 -6.034211
v 0.061509 6.059138 -6.113078
v 0.249628 5.929046 -6.464329
v 0.471532 5.986179 -6.746006
v 0.185110 5.936850 -6.528344
v 0.185114 6.049672 -6.514210
v 0.471408 6.053944 -6.737492
v 0.249378 6.041898 -6.450446
v 0.431812 5.975123 -6.775503
v 0.500631 5.966783 -6.707095
v 0.536149 6.027995 -6.804758
v 0.431812 5.975123 -6.775503
v 0.396170 6.011070 -6.665870
v -0.015631 5.880215 -6.063644
v 0.121547 5.862090 -5.727857
v 0.072519 5.883061 -6.087016
v 0.072269 5.995960 -6.073510
v 0.121422 5.929932 -5.719970
v -0.015501 5.993114 -6.050138
v 0.165682 5.850147 -5.750091
v 0.071462 5.847086 -5.724960
v 0.144207 5.885635 -5.636695
v 0.165682 5.850147 -5.750091
v 0.092940 5.908772 -5.826512
v -0.232510 5.932443 -6.492091
v -0.591589 5.960838 -6.537858
v -0.256141 5.921777 -6.404579
v -0.255758 6.034660 -6.390948
v -0.591334 6.028619 -6.529469
v -0.232253 6.045280 -6.478083
v -0.595879 5.940539 -6.491532
v -0.570731 5.951925 -6.584946
v -0.678863 5.997926 -6.557781
v -0.595879 5.940539 -6.491532
v -0.487618 5.991713 -6.506852
v 0.197657 5.885099 -5.294667
v 1.534155 5.212198 -0.203876
v 0.167177 5.842925 -5.291519
v 1.571597 5.236757 -0.180632
v 1.534155 5.212198 -0.203876
v 0.296683 5.888046 -5.320960
v 1.679232 5.236041 -0.168512
v 1.923049 5.198157 -0.306204
v 0.691383 5.756171 -4.918570
v 0.167177 5.842925 -5.291519
v 1.571975 5.181378 -0.186235
v 0.197782 5.806114 -5.304167
v 0.296681 5.809187 -5.330444
v 0.691383 5.756171 -4.918570
v 0.296683 5.888046 -5.320960
v 0.777926 6.093005 -7.014129
v 4.556484 6.484315 -10.718847
v 0.800190 6.048992 -6.996946
v 4.555084 6.516575 -10.757725
v 4.556484 6.484315 -10.718847
v 0.705565 6.101789 -7.086177
v 4.511807 6.529466 -10.856164
v 4.275387 6.493786 -11.006602
v 0.867710 6.086406 -7.641572
v 0.800190 6.048992 -6.996946
v 4.555715 6.461441 -10.765338
v 0.777798 6.014051 -7.023880
v 0.705310 6.022945 -7.095787
v 0.867710 6.086406 -7.641572
v 0.705565 6.101789 -7.086177
v -1.012152 6.051583 -6.652969
v -6.127338 6.176241 -8.058171
v -1.004065 6.014092 -6.688248
v -6.163378 6.200651 -8.032635
v -6.127338 6.176241 -8.058171
v -1.038816 6.039742 -6.554769
v -6.227736 6.191112 -7.945996
v -6.235264 6.104336 -7.677281
v -1.595921 5.942905 -6.431261
v -1.004065 6.014092 -6.688248
v -6.164645 6.145425 -8.039494
v -1.012407 5.972724 -6.662454
v -1.038945 5.960883 -6.564254
v -1.595921 5.942905 -6.431261
v -1.038816 6.039742 -6.554769
v -0.020657 5.437292 -6.477317
v -0.015827 6.143336 -6.373169
v -0.060211 6.137965 -6.329091
v -0.078191 5.430329 -6.420180
v 0.058143 5.434751 -6.456494
v -0.015827 6.143336 -6.373169
v -0.020657 5.437292 -6.477317
v 0.045012 6.141377 -6.357112
v 0.079156 5.425218 -6.378282
v 0.061215 6.134017 -6.296727
v 0.021622 5.418255 -6.321145
v 0.016831 6.128646 -6.252650
v 0.061215 6.134017 -6.296727
v 0.079156 5.425218 -6.378282
v -0.057178 5.420796 -6.341968
v 0.016831 6.128646 -6.252650
v 0.021622 5.418255 -6.321145
v -0.044008 6.130604 -6.268706
v -0.078191 5.430329 -6.420180
v -0.060211 6.137965 -6.329091
v -0.029127 5.819143 -6.462626
v -0.032671 5.837463 -6.473899
v -0.123209 5.826506 -6.383986
v -0.109802 5.809380 -6.382508
v 0.081294 5.815577 -6.433399
v -0.032671 5.837463 -6.473899
v -0.029127 5.819143 -6.462626
v 0.091031 5.833454 -6.441033
v 0.110788 5.802218 -6.323802
v 0.124196 5.818488 -6.318254
v 0.030113 5.792455 -6.243684
v 0.033658 5.807531 -6.228341
v 0.124196 5.818488 -6.318254
v 0.110788 5.802218 -6.323802
v -0.080308 5.796021 -6.272912
v 0.033658 5.807531 -6.228341
v 0.030113 5.792455 -6.243684
v -0.090044 5.811540 -6.261207
v -0.109802 5.809380 -6.382508
v -0.123209 5.826506 -6.383986
v 0.030113 5.792455 -6.243684
v 0.110788 5.802218 -6.323802
v 0.081294 5.815577 -6.433399
v -0.029127 5.819143 -6.462626
v -0.080308 5.796021 -6.272912
v -0.109802 5.809380 -6.382508
v 0.027161 5.739441 -6.434894
v 0.027037 5.813970 -6.425428
v -0.096296 5.814213 -6.504749
v -0.096931 5.758311 -6.512327
v -0.126029 5.746008 -6.549368
v -0.150824 5.784460 -6.574236
v -0.126030 5.703321 -6.554571
v -0.150826 5.707248 -6.583647
v 0.173121 5.746405 -6.414712
v 0.027037 5.813970 -6.425428
v 0.027161 5.739441 -6.434894
v 0.172110 5.802384 -6.407761
v 0.255960 5.766556 -6.427436
v 0.216879 5.730904 -6.425530
v 0.256211 5.689451 -6.437726
v 0.216878 5.688218 -6.430733
v 0.050589 5.723358 -6.302948
v 0.050465 5.797964 -6.294110
v 0.180215 5.796830 -6.362189
v 0.181225 5.740866 -6.369265
v 0.225364 5.725089 -6.377823
v 0.264192 5.760925 -6.381236
v 0.225363 5.682403 -6.383026
v 0.264190 5.683713 -6.390648
v -0.038930 5.718509 -6.185789
v 0.050465 5.797964 -6.294110
v 0.050589 5.723358 -6.302948
v -0.038549 5.774610 -6.179843
v -0.067369 5.727259 -6.104955
v -0.054098 5.696703 -6.144868
v -0.067371 5.650047 -6.114367
v -0.054099 5.654016 -6.150071
v -0.076151 5.728943 -6.348745
v -0.075896 5.803519 -6.339655
v -0.082314 5.776538 -6.195652
v -0.082695 5.720437 -6.201598
v -0.100013 5.698723 -6.161430
v -0.111766 5.729203 -6.120890
v -0.100014 5.656036 -6.166633
v -0.111769 5.651991 -6.130301
v -0.132590 5.754684 -6.482564
v -0.075896 5.803519 -6.339655
v -0.076151 5.728943 -6.348745
v -0.131956 5.810587 -6.474986
v -0.186990 5.780788 -6.544096
v -0.163459 5.742213 -6.518224
v -0.186992 5.703576 -6.553507
v -0.163460 5.699526 -6.523427
v -0.131956 5.810587 -6.474986
v -0.186990 5.780788 -6.544096
v -0.150824 5.784460 -6.574236
v -0.096296 5.814213 -6.504749
v -0.075896 5.803519 -6.339655
v -0.038549 5.774610 -6.179843
v -0.082314 5.776538 -6.195652
v -0.111766 5.729203 -6.120890
v -0.067369 5.727259 -6.104955
v 0.027037 5.813970 -6.425428
v 0.050465 5.797964 -6.294110
v 0.172110 5.802384 -6.407761
v 0.180215 5.796830 -6.362189
v 0.264192 5.760925 -6.381236
v 0.255960 5.766556 -6.427436
v -0.126029 5.746008 -6.549368
v -0.126030 5.703321 -6.554571
v -0.163460 5.699526 -6.523427
v -0.163459 5.742213 -6.518224
v -0.186990 5.780788 -6.544096
v -0.186992 5.703576 -6.553507
v -0.150826 5.707248 -6.583647
v -0.150824 5.784460 -6.574236
v 0.225364 5.725089 -6.377823
v 0.225363 5.682403 -6.383026
v 0.216878 5.688218 -6.430733
v 0.216879 5.730904 -6.425530
v 0.255960 5.766556 -6.427436
v 0.256211 5.689451 -6.437726
v 0.264190 5.683713 -6.390648
v 0.264192 5.760925 -6.381236
v -0.100013 5.698723 -6.161430
v -0.100014 5.656036 -6.166633
v -0.054099 5.654016 -6.150071
v -0.054098 5.696703 -6.144868
v -0.067369 5.727259 -6.104955
v -0.067371 5.650047 -6.114367
v -0.111769 5.651991 -6.130301
v -0.111766 5.729203 -6.120890
v -0.085035 5.927716 -6.483655
v -0.084652 6.047694 -6.468649
v -0.122564 6.030540 -6.327901
v -0.123199 5.910485 -6.342279
v 0.063964 5.923094 -6.445773
v 0.063841 6.043057 -6.430641
v -0.084652 6.047694 -6.468649
v -0.085035 5.927716 -6.483655
v 0.168331 5.910485 -6.342345
v 0.167702 6.030493 -6.327590
v 0.063841 6.043057 -6.430641
v 0.063964 5.923094 -6.445773
v 0.060723 5.897171 -6.233093
v 0.060221 6.017257 -6.218966
v 0.167702 6.030493 -6.327590
v 0.168331 5.910485 -6.342345
v -0.081682 5.892565 -6.195271
v -0.081552 6.012651 -6.181144
v 0.060221 6.017257 -6.218966
v 0.060723 5.897171 -6.233093
v -0.123199 5.910485 -6.342279
v -0.122564 6.030540 -6.327901
v -0.081552 6.012651 -6.181144
v -0.081682 5.892565 -6.195271
v 0.063841 6.043057 -6.430641
v 0.167702 6.030493 -6.327590
v 0.060221 6.017257 -6.218966
v -0.084652 6.047694 -6.468649
v -0.081552 6.012651 -6.181144
v -0.122564 6.030540 -6.327901
v 0.060723 5.897171 -6.233093
v 0.168331 5.910485 -6.342345
v 0.063964 5.923094 -6.445773
v -0.085035 5.927716 -6.483655
v -0.081682 5.892565 -6.195271
v -0.123199 5.910485 -6.342279
v -0.007229 5.977861 -6.383911
v 0.114596 5.963125 -6.263036
v 0.178324 5.881196 -6.337253
v 0.056499 5.895932 -6.458128
v 0.056504 6.075341 -6.436261
v 0.178329 6.060604 -6.315385
v 0.114596 5.963125 -6.263036
v -0.007229 5.977861 -6.383911
v 0.120232 5.993271 -6.510367
v 0.242056 5.978550 -6.389617
v 0.178329 6.060604 -6.315385
v 0.056504 6.075341 -6.436261
v 0.056499 5.895932 -6.458128
v 0.178324 5.881196 -6.337253
v 0.242056 5.978550 -6.389617
v 0.120232 5.993271 -6.510367
v -0.007229 5.977861 -6.383911
v 0.056499 5.895932 -6.458128
v 0.120232 5.993271 -6.510367
v 0.056504 6.075341 -6.436261
v 0.178324 5.881196 -6.337253
v 0.114596 5.963125 -6.263036
v 0.178329 6.060604 -6.315385
v 0.242056 5.978550 -6.389617
v 0.176147 5.897179 -6.455837
v 0.176152 6.068050 -6.435010
v 0.303767 6.068019 -6.434788
v 0.303762 5.897148 -6.455615
v 0.175992 5.912619 -6.582515
v 0.175996 6.083490 -6.561688
v 0.176152 6.068050 -6.435010
v 0.176147 5.897179 -6.455837
v 0.303607 5.912588 -6.582293
v 0.303612 6.083459 -6.561466
v 0.175996 6.083490 -6.561688
v 0.175992 5.912619 -6.582515
v 0.303762 5.897148 -6.455615
v 0.303767 6.068019 -6.434788
v 0.303612 6.083459 -6.561466
v 0.303607 5.912588 -6.582293
v 0.176147 5.897179 -6.455837
v 0.303762 5.897148 -6.455615
v 0.303607 5.912588 -6.582293
v 0.175992 5.912619 -6.582515
v 0.271010 5.732689 -6.431823
v 0.229283 5.705142 -6.385607
v 0.222191 5.710084 -6.426157
v 0.278228 5.727761 -6.391398
v 0.308445 5.711844 -6.440615
v 0.315664 5.706917 -6.400190
v 0.222191 5.710084 -6.426157
v 0.271009 5.689626 -6.437071
v 0.308445 5.711844 -6.440615
v 0.271010 5.732689 -6.431823
v 0.278227 5.684698 -6.396646
v 0.229283 5.705142 -6.385607
v 0.278228 5.727761 -6.391398
v 0.315664 5.706917 -6.400190
v 0.309090 5.984977 -6.385918
v 0.309083 5.710152 -6.419416
v 0.283286 5.707673 -6.399071
v 0.283294 5.982498 -6.365574
v 0.276702 5.711591 -6.431210
v 0.276709 5.986416 -6.397713
v 0.309090 5.984977 -6.385918
v 0.309083 5.710152 -6.419416
v 0.320171 5.953059 -6.603866
v 0.262549 5.957244 -6.374763
v 0.297714 5.955129 -6.358465
v 0.380261 5.945680 -6.544385
v 0.320174 6.055004 -6.591440
v 0.262424 5.995788 -6.370065
v 0.262549 5.957244 -6.374763
v 0.320171 5.953059 -6.603866
v 0.380138 6.047625 -6.531959
v 0.297715 5.993798 -6.353752
v 0.262424 5.995788 -6.370065
v 0.320174 6.055004 -6.591440
v 0.380261 5.945680 -6.544385
v 0.297714 5.955129 -6.358465
v 0.297715 5.993798 -6.353752
v 0.380138 6.047625 -6.531959
v 0.320171 5.953059 -6.603866
v 0.320174 6.055004 -6.591440
v 0.297714 5.955129 -6.358465
v 0.262549 5.957244 -6.374763
v 0.262424 5.995788 -6.370065
v 0.297715 5.993798 -6.353752
v -0.040094 5.967746 -6.300916
v 0.004388 5.987869 -6.466022
v -0.082636 5.901043 -6.500030
v -0.127118 5.880921 -6.334924
v -0.127113 6.060329 -6.313056
v -0.082631 6.080452 -6.478162
v 0.004388 5.987869 -6.466022
v -0.040094 5.967746 -6.300916
v -0.214264 5.973378 -6.347079
v -0.169655 5.993516 -6.512310
v -0.082631 6.080452 -6.478162
v -0.127113 6.060329 -6.313056
v -0.127118 5.880921 -6.334924
v -0.082636 5.901043 -6.500030
v -0.169655 5.993516 -6.512310
v -0.214264 5.973378 -6.347079
v -0.040094 5.967746 -6.300916
v -0.127118 5.880921 -6.334924
v -0.214264 5.973378 -6.347079
v -0.127113 6.060329 -6.313056
v -0.082636 5.901043 -6.500030
v 0.004388 5.987869 -6.466022
v -0.082631 6.080452 -6.478162
v -0.169655 5.993516 -6.512310
v -0.185195 5.895098 -6.438681
v -0.185190 6.065969 -6.417854
v -0.248833 6.079343 -6.527569
v -0.248838 5.908472 -6.548396
v -0.295595 5.887355 -6.375129
v -0.295591 6.058226 -6.354302
v -0.185190 6.065969 -6.417854
v -0.185195 5.895098 -6.438681
v -0.359238 5.900729 -6.484843
v -0.359233 6.071600 -6.464016
v -0.295591 6.058226 -6.354302
v -0.295595 5.887355 -6.375129
v -0.248838 5.908472 -6.548396
v -0.248833 6.079343 -6.527569
v -0.359233 6.071600 -6.464016
v -0.359238 5.900729 -6.484843
v -0.185195 5.895098 -6.438681
v -0.248838 5.908472 -6.548396
v -0.359238 5.900729 -6.484843
v -0.295595 5.887355 -6.375129
v -0.194709 5.748481 -6.561283
v -0.131341 5.725494 -6.552505
v -0.163081 5.722281 -6.526132
v -0.162969 5.751695 -6.587655
v -0.218873 5.730422 -6.592911
v -0.187133 5.733651 -6.619409
v -0.163081 5.722281 -6.526132
v -0.194710 5.705418 -6.566532
v -0.218873 5.730422 -6.592911
v -0.194709 5.748481 -6.561283
v -0.162970 5.708632 -6.592904
v -0.131341 5.725494 -6.552505
v -0.162969 5.751695 -6.587655
v -0.187133 5.733651 -6.619409
v -0.200781 6.007488 -6.570485
v -0.200789 5.732663 -6.603982
v -0.170179 5.731194 -6.591936
v -0.170171 6.006019 -6.558439
v -0.194837 5.728546 -6.570211
v -0.194829 6.003371 -6.536714
v -0.200781 6.007488 -6.570485
v -0.200789 5.732663 -6.603982
v -0.390351 5.938185 -6.481672
v -0.164982 5.977490 -6.540767
v -0.168279 5.982047 -6.579199
v -0.368362 5.947960 -6.562922
v -0.390348 6.040115 -6.469121
v -0.164854 6.016033 -6.536069
v -0.164982 5.977490 -6.540767
v -0.390351 5.938185 -6.481672
v -0.368359 6.049906 -6.550497
v -0.168278 6.020716 -6.574486
v -0.164854 6.016033 -6.536069
v -0.390348 6.040115 -6.469121
v -0.368362 5.947960 -6.562922
v -0.168279 5.982047 -6.579199
v -0.168278 6.020716 -6.574486
v -0.368359 6.049906 -6.550497
v -0.390351 5.938185 -6.481672
v -0.390348 6.040115 -6.469121
v -0.168279 5.982047 -6.579199
v -0.164982 5.977490 -6.540767
v -0.164854 6.016033 -6.536069
v -0.168278 6.020716 -6.574486
v 0.048816 5.969353 -6.314119
v -0.117491 5.963951 -6.269763
v -0.094203 5.863782 -6.194317
v 0.072105 5.869168 -6.238548
v 0.072110 6.048576 -6.216680
v -0.094198 6.043190 -6.172450
v -0.117491 5.963951 -6.269763
v 0.048816 5.969353 -6.314119
v 0.095525 5.948281 -6.141250
v -0.070909 5.942895 -6.097019
v -0.094198 6.043190 -6.172450
v 0.072110 6.048576 -6.216680
v 0.072105 5.869168 -6.238548
v -0.094203 5.863782 -6.194317
v -0.070909 5.942895 -6.097019
v 0.095525 5.948281 -6.141250
v 0.048816 5.969353 -6.314119
v 0.072105 5.869168 -6.238548
v 0.095525 5.948281 -6.141250
v 0.072110 6.048576 -6.216680
v -0.094203 5.863782 -6.194317
v -0.117491 5.963951 -6.269763
v -0.094198 6.043190 -6.172450
v -0.070909 5.942895 -6.097019
v 0.010534 5.858279 -6.136656
v 0.010538 6.029151 -6.115829
v -0.053434 6.015776 -6.006086
v -0.053439 5.844905 -6.026913
v 0.121089 5.850567 -6.073405
v 0.121094 6.021438 -6.052578
v 0.010538 6.029151 -6.115829
v 0.010534 5.858279 -6.136656
v 0.057116 5.837208 -5.963787
v 0.057121 6.008079 -5.942960
v 0.121094 6.021438 -6.052578
v 0.121089 5.850567 -6.073405
v -0.053439 5.844905 -6.026913
v -0.053434 6.015776 -6.006086
v 0.057121 6.008079 -5.942960
v 0.057116 5.837208 -5.963787
v 0.010534 5.858279 -6.136656
v -0.053439 5.844905 -6.026913
v 0.057116 5.837208 -5.963787
v 0.121089 5.850567 -6.073405
v -0.074829 5.691785 -6.096154
v -0.096598 5.677536 -6.159044
v -0.057640 5.675822 -6.144992
v -0.113661 5.693499 -6.110207
v -0.088102 5.665891 -6.063504
v -0.126934 5.667605 -6.077557
v -0.057640 5.675822 -6.144992
v -0.074831 5.648722 -6.101403
v -0.088102 5.665891 -6.063504
v -0.074829 5.691785 -6.096154
v -0.113662 5.650436 -6.115455
v -0.096598 5.677536 -6.159044
v -0.113661 5.693499 -6.110207
v -0.126934 5.667605 -6.077557
v -0.106815 5.942819 -6.039939
v -0.106823 5.667994 -6.073437
v -0.111637 5.671927 -6.105701
v -0.111629 5.946752 -6.072204
v -0.080394 5.670672 -6.095413
v -0.080387 5.945497 -6.061916
v -0.106815 5.942819 -6.039939
v -0.106823 5.667994 -6.073437
v 0.071542 5.871160 -5.931876
v -0.096076 5.922584 -6.090315
v -0.127944 5.919765 -6.068227
v -0.010284 5.868387 -5.910153
v 0.071671 5.973105 -5.919450
v -0.096075 5.961127 -6.085617
v -0.096076 5.922584 -6.090315
v 0.071542 5.871160 -5.931876
v -0.010281 5.970332 -5.897727
v -0.127816 5.958434 -6.063514
v -0.096075 5.961127 -6.085617
v 0.071671 5.973105 -5.919450
v -0.010284 5.868387 -5.910153
v -0.127944 5.919765 -6.068227
v -0.127816 5.958434 -6.063514
v -0.010281 5.970332 -5.897727
v 0.071542 5.871160 -5.931876
v -0.010284 5.868387 -5.910153
v -0.010281 5.970332 -5.897727
v 0.071671 5.973105 -5.919450
v -0.127944 5.919765 -6.068227
v -0.096076 5.922584 -6.090315
v -0.096075 5.961127 -6.085617
v -0.127816 5.958434 -6.063514
v 0.176123 6.113799 -6.561562
v 0.238869 6.039963 -6.503556
v 0.265032 6.116339 -6.582423
v 0.149835 6.103210 -6.474676
v 0.327779 6.108305 -6.516524
v 0.238869 6.039963 -6.503556
v 0.301492 6.097701 -6.429513
v 0.212583 6.095160 -6.408652
v -0.298751 6.087907 -6.349027
v -0.272465 6.032709 -6.443931
v -0.361499 6.095956 -6.415051
v -0.209842 6.090447 -6.369888
v -0.335211 6.106546 -6.501936
v -0.272465 6.032709 -6.443931
v -0.246302 6.109086 -6.522797
v -0.183555 6.101037 -6.456773
v 0.124131 6.051089 -6.047053
v 0.035220 5.982762 -6.034211
v 0.097969 6.040500 -5.960168
v 0.061509 6.059138 -6.113078
v 0.008934 6.037959 -5.939307
v 0.035220 5.982762 -6.034211
v -0.053687 6.046009 -6.005331
v -0.027526 6.056598 -6.092216
v 0.185114 6.049672 -6.514210
v 0.060932 6.039358 -6.429562
v 0.061055 5.926551 -6.443822
v 0.185110 5.936850 -6.528344
v 0.185114 6.049672 -6.514210
v 0.249378 6.041898 -6.450446
v 0.164161 6.026871 -6.327138
v 0.060932 6.039358 -6.429562
v 0.249628 5.929046 -6.464329
v 0.164537 5.914018 -6.341021
v 0.164161 6.026871 -6.327138
v 0.249378 6.041898 -6.450446
v 0.249628 5.929046 -6.464329
v 0.185110 5.936850 -6.528344
v 0.061055 5.926551 -6.443822
v 0.164537 5.914018 -6.341021
v 0.448383 6.022847 -6.764594
v 0.471408 6.053944 -6.737492
v 0.185114 6.049672 -6.514210
v 0.185110 5.936850 -6.528344
v 0.471532 5.986179 -6.746006
v 0.494557 6.017261 -6.718779
v 0.471532 5.986179 -6.746006
v 0.249628 5.929046 -6.464329
v 0.249378 6.041898 -6.450446
v 0.471408 6.053944 -6.737492
v 0.448383 6.022847 -6.764594
v 0.752240 6.059603 -7.066229
v 0.775265 6.090701 -7.039127
v 0.471408 6.053944 -6.737492
v 0.798414 6.054033 -7.020540
v 0.494557 6.017261 -6.718779
v 0.494557 6.017261 -6.718779
v 0.798414 6.054033 -7.020540
v 0.775516 6.022936 -7.047642
v 0.471532 5.986179 -6.746006
v 0.752240 6.059603 -7.066229
v 0.448383 6.022847 -6.764594
v 0.536149 6.027995 -6.804758
v 0.500631 5.966783 -6.707095
v 0.500634 6.063942 -6.695125
v 0.396170 6.011070 -6.665870
v 0.431812 5.975123 -6.775503
v 0.431688 6.072297 -6.763659
v 0.536149 6.027995 -6.804758
v 0.396170 6.011070 -6.665870
v 0.431688 6.072297 -6.763659
v 0.500634 6.063942 -6.695125
v 0.536149 6.027995 -6.804758
v 0.072269 5.995960 -6.073510
v 0.060473 6.014139 -6.222659
v 0.060849 5.901226 -6.236039
v 0.072519 5.883061 -6.087016
v 0.072269 5.995960 -6.073510
v -0.015501 5.993114 -6.050138
v -0.080414 6.009564 -6.185088
v 0.060473 6.014139 -6.222659
v -0.015631 5.880215 -6.063644
v -0.080670 5.896635 -6.198343
v -0.080414 6.009564 -6.185088
v -0.015501 5.993114 -6.050138
v -0.015631 5.880215 -6.063644
v 0.072519 5.883061 -6.087016
v 0.060849 5.901226 -6.236039
v -0.080670 5.896635 -6.198343
v 0.153038 5.897029 -5.732269
v 0.121422 5.929932 -5.719970
v 0.072269 5.995960 -6.073510
v 0.072519 5.883061 -6.087016
v 0.121547 5.862090 -5.727857
v 0.090057 5.894994 -5.715557
v 0.121547 5.862090 -5.727857
v -0.015631 5.880215 -6.063644
v -0.015501 5.993114 -6.050138
v 0.121422 5.929932 -5.719970
v 0.153038 5.897029 -5.732269
v 0.264179 5.846806 -5.320245
v 0.232689 5.879709 -5.307946
v 0.121422 5.929932 -5.719970
v 0.201197 5.844755 -5.303408
v 0.090057 5.894994 -5.715557
v 0.090057 5.894994 -5.715557
v 0.201197 5.844755 -5.303408
v 0.232813 5.811867 -5.315833
v 0.121547 5.862090 -5.727857
v 0.264179 5.846806 -5.320245
v 0.153038 5.897029 -5.732269
v 0.144207 5.885635 -5.636695
v 0.071462 5.847086 -5.724960
v 0.071465 5.944276 -5.713241
v 0.092940 5.908772 -5.826512
v 0.165682 5.850147 -5.750091
v 0.165685 5.947321 -5.738247
v 0.144207 5.885635 -5.636695
v 0.092940 5.908772 -5.826512
v 0.165685 5.947321 -5.738247
v 0.071465 5.944276 -5.713241
v 0.144207 5.885635 -5.636695
v -0.255758 6.034660 -6.390948
v -0.119907 6.026810 -6.326572
v -0.120290 5.913912 -6.340078
v -0.256141 5.921777 -6.404579
v -0.255758 6.034660 -6.390948
v -0.232253 6.045280 -6.478083
v -0.082122 6.043857 -6.466441
v -0.119907 6.026810 -6.326572
v -0.232510 5.932443 -6.492091
v -0.082505 5.931035 -6.480575
v -0.082122 6.043857 -6.466441
v -0.232253 6.045280 -6.478083
v -0.232510 5.932443 -6.492091
v -0.256141 5.921777 -6.404579
v -0.120290 5.913912 -6.340078
v -0.082505 5.931035 -6.480575
v -0.599928 5.990926 -6.502463
v -0.591334 6.028619 -6.529469
v -0.255758 6.034660 -6.390948
v -0.256141 5.921777 -6.404579
v -0.591589 5.960838 -6.537858
v -0.582995 5.998547 -6.564990
v -0.591589 5.960838 -6.537858
v -0.232510 5.932443 -6.492091
v -0.232253 6.045280 -6.478083
v -0.591334 6.028619 -6.529469
v -0.599928 5.990926 -6.502463
v -1.015052 6.004393 -6.612852
v -1.006458 6.042101 -6.639983
v -0.591334 6.028619 -6.529469
v -0.998118 6.012013 -6.675379
v -0.582995 5.998547 -6.564990
v -0.582995 5.998547 -6.564990
v -0.998118 6.012013 -6.675379
v -1.006712 5.974305 -6.648247
v -0.591589 5.960838 -6.537858
v -1.015052 6.004393 -6.612852
v -0.599928 5.990926 -6.502463
v -0.487618 5.991713 -6.506852
v -0.595876 6.037714 -6.479688
v -0.570602 6.049099 -6.573101
v -0.678863 5.997926 -6.557781
v 0.197782 5.806114 -5.304167
v 0.296681 5.809187 -5.330444
v 0.296683 5.888046 -5.320960
v 0.167177 5.842925 -5.291519
v 0.197657 5.885099 -5.294667
v 1.679610 5.177006 -0.174433
v 1.923049 5.198157 -0.306204
v 0.691383 5.756171 -4.918570
v 1.571975 5.181378 -0.186235
v 0.197782 5.806114 -5.304167
v 0.296681 5.809187 -5.330444
v 1.923049 5.198157 -0.306204
v 1.679610 5.177006 -0.174433
v 1.679232 5.236041 -0.168512
v 1.571975 5.181378 -0.186235
v 1.571597 5.236757 -0.180632
v 1.534155 5.212198 -0.203876
v 0.777926 6.093005 -7.014129
v 0.800190 6.048992 -6.996946
v 0.777798 6.014051 -7.023880
v 0.705565 6.101789 -7.086177
v 0.705310 6.022945 -7.095787
v 0.777798 6.014051 -7.023880
v 4.555715 6.461441 -10.765338
v 4.512564 6.470691 -10.864220
v 4.275387 6.493786 -11.006602
v 0.867710 6.086406 -7.641572
v 0.705310 6.022945 -7.095787
v 4.275387 6.493786 -11.006602
v 4.512564 6.470691 -10.864220
v 4.511807 6.529466 -10.856164
v 4.555715 6.461441 -10.765338
v 4.555084 6.516575 -10.757725
v 4.556484 6.484315 -10.718847
v -1.012407 5.972724 -6.662454
v -1.038945 5.960883 -6.564254
v -1.038816 6.039742 -6.554769
v -1.012152 6.051583 -6.652969
v -1.004065 6.014092 -6.688248
v -1.038945 5.960883 -6.564254
v -1.012407 5.972724 -6.662454
v -6.164645 6.145425 -8.039494
v -1.595921 5.942905 -6.431261
v -6.235264 6.104336 -7.677281
v -6.229129 6.132260 -7.953423
v -6.235264 6.104336 -7.677281
v -6.229129 6.132260 -7.953423
v -6.227736 6.191112 -7.945996
v -6.164645 6.145425 -8.039494
v -6.163378 6.200651 -8.032635
v -6.127338 6.176241 -8.058171
v 0.265032 6.116339 -6.582423
v 0.238871 6.121318 -6.493640
v 0.176123 6.113799 -6.561562
v 0.327779 6.108305 -6.516524
v 0.149835 6.103210 -6.474676
v 0.301492 6.097701 -6.429513
v 0.212583 6.095160 -6.408652
v -0.361499 6.095956 -6.415051
v -0.272463 6.114065 -6.434015
v -0.298751 6.087907 -6.349027
v -0.335211 6.106546 -6.501936
v -0.209842 6.090447 -6.369888
v -0.246302 6.109086 -6.522797
v -0.183555 6.101037 -6.456773
v 0.097969 6.040500 -5.960168
v 0.035222 6.064117 -6.024295
v 0.124131 6.051089 -6.047053
v 0.008934 6.037959 -5.939307
v 0.061509 6.059138 -6.113078
v -0.053687 6.046009 -6.005331
v -0.027526 6.056598 -6.092216
v -0.487618 5.991713 -6.506852
v -0.595879 5.940539 -6.491532
v -0.595876 6.037714 -6.479688
v -0.678863 5.997926 -6.557781
v -0.570602 6.049099 -6.573101
v -0.570731 5.951925 -6.584946
v -0.015827 6.143336 -6.373169
v 0.000503 6.159343 -6.310063
v -0.060211 6.137965 -6.329091
v 0.045012 6.141377 -6.357112
v -0.044008 6.130604 -6.268706
v 0.061215 6.134017 -6.296727
v 0.016831 6.128646 -6.252650
v -0.032671 5.837463 -6.473899
v 0.000498 5.972653 -6.332818
v -0.123209 5.826506 -6.383986
v 0.091031 5.833454 -6.441033
v -0.090044 5.811540 -6.261207
v 0.124196 5.818488 -6.318254
v 0.033658 5.807531 -6.228341
v 0.176152 6.068050 -6.435010
v 0.239883 6.118072 -6.493144
v 0.303767 6.068019 -6.434788
v 0.175996 6.083490 -6.561688
v 0.303612 6.083459 -6.561466
v -0.185190 6.065969 -6.417854
v -0.272211 6.111094 -6.435778
v -0.248833 6.079343 -6.527569
v -0.295591 6.058226 -6.354302
v -0.359233 6.071600 -6.464016
v 0.010538 6.029151 -6.115829
v 0.033831 6.060917 -6.024175
v -0.053434 6.015776 -6.006086
v 0.121094 6.021438 -6.052578
v 0.057121 6.008079 -5.942960
vt 0.03370 -0.77750
vt 0.03960 -0.76590
vt 0.03370 -0.75410
vt 0.03370 -0.77760
vt 0.03960 -0.76590
vt 0.03370 -0.75410
vt 0.03370 -0.77750
vt 0.03960 -0.76590
vt 0.03370 -0.75410
vt 0.03370 -0.77760
vt 0.03960 -0.76590
vt 0.03370 -0.75410
vt 0.03370 -0.77750
vt 0.03960 -0.76590
vt 0.03370 -0.75410
vt 0.03370 -0.77760
vt 0.03960 -0.76590
vt 0.03370 -0.75410
vt 0.11370 -0.82940
vt 0.10780 -0.87150
vt 0.10180 -0.82940
vt 0.11370 -0.82940
vt 0.10770 -0.87150
vt 0.10180 -0.82940
vt 0.14650 -0.76480
vt 0.17450 -0.76480
vt 0.16060 -0.74850
vt 0.14650 -0.76480
vt 0.16060 -0.78100
vt 0.11370 -0.82940
vt 0.10780 -0.87150
vt 0.10180 -0.82940
vt 0.11370 -0.82940
vt 0.10770 -0.87150
vt 0.10180 -0.82940
vt 0.14650 -0.76480
vt 0.17450 -0.76480
vt 0.16060 -0.74850
vt 0.14650 -0.76480
vt 0.16060 -0.78100
vt 0.11370 -0.82940
vt 0.10780 -0.87150
vt 0.10180 -0.82940
vt 0.11370 -0.82940
vt 0.10770 -0.87150
vt 0.10180 -0.82940
vt 0.14650 -0.76480
vt 0.17450 -0.76480
vt 0.16060 -0.74850
vt 0.14650 -0.76480
vt 0.16060 -0.78100
vt 0.00720 -0.22140
vt 0.00290 -0.72410
vt 0.00290 -0.22140
vt 0.00720 -0.72630
vt 0.00290 -0.72410
vt 0.01510 -0.22140
vt 0.01510 -0.72920
vt 0.03620 -0.72430
vt 0.03620 -0.26490
vt 0.00290 -0.22140
vt 0.00720 -0.72630
vt 0.00720 -0.22140
vt 0.01510 -0.22140
vt 0.03620 -0.22580
vt 0.01510 -0.21410
vt 0.00720 -0.22140
vt 0.00290 -0.72410
vt 0.00290 -0.22140
vt 0.00720 -0.72630
vt 0.00290 -0.72410
vt 0.01510 -0.22140
vt 0.01510 -0.72920
vt 0.03620 -0.72430
vt 0.03620 -0.26490
vt 0.00290 -0.22140
vt 0.00720 -0.72630
vt 0.00720 -0.22140
vt 0.01510 -0.22140
vt 0.03620 -0.22580
vt 0.01510 -0.21410
vt 0.00720 -0.22140
vt 0.00290 -0.72410
vt 0.00290 -0.22140
vt 0.00720 -0.72630
vt 0.00290 -0.72410
vt 0.01510 -0.22140
vt 0.01510 -0.72920
vt 0.03620 -0.72430
vt 0.03620 -0.26490
vt 0.00290 -0.22140
vt 0.00720 -0.72630
vt 0.00720 -0.22140
vt 0.01510 -0.22140
vt 0.03620 -0.22580
vt 0.01510 -0.21410
vt 0.04480 -0.80410
vt 0.04580 -0.88490
vt 0.05250 -0.88490
vt 0.05350 -0.80410
vt 0.04920 -0.80400
vt 0.05510 -0.88490
vt 0.05680 -0.80400
vt 0.04920 -0.88490
vt 0.04170 -0.80400
vt 0.04340 -0.88490
vt 0.04480 -0.80390
vt 0.04580 -0.88470
vt 0.05250 -0.88470
vt 0.05350 -0.80390
vt 0.04930 -0.80400
vt 0.05510 -0.88480
vt 0.05680 -0.80400
vt 0.04930 -0.88480
vt 0.04170 -0.80400
vt 0.04340 -0.88480
vt 0.04210 -0.75640
vt 0.05680 -0.75720
vt 0.05680 -0.74290
vt 0.04210 -0.74360
vt 0.04210 -0.74960
vt 0.05680 -0.73720
vt 0.04210 -0.73850
vt 0.05680 -0.74960
vt 0.04210 -0.76070
vt 0.05680 -0.76210
vt 0.04200 -0.75650
vt 0.05660 -0.75720
vt 0.05660 -0.74290
vt 0.04200 -0.74370
vt 0.04220 -0.74960
vt 0.05690 -0.73720
vt 0.04220 -0.73850
vt 0.05690 -0.74960
vt 0.04220 -0.76070
vt 0.05690 -0.76200
vt 0.07350 -0.72710
vt 0.07330 -0.71200
vt 0.06020 -0.70450
vt 0.04710 -0.71220
vt 0.06040 -0.73480
vt 0.04730 -0.72730
vt 0.08790 -0.68770
vt 0.07610 -0.68770
vt 0.07760 -0.70860
vt 0.08650 -0.70850
vt 0.08920 -0.71700
vt 0.08360 -0.72340
vt 0.10330 -0.71690
vt 0.10330 -0.72340
vt 0.08650 -0.70850
vt 0.07610 -0.68770
vt 0.08790 -0.68770
vt 0.07760 -0.70850
vt 0.08360 -0.72340
vt 0.08910 -0.71690
vt 0.10330 -0.72340
vt 0.10330 -0.71690
vt 0.08800 -0.68770
vt 0.07620 -0.68770
vt 0.07770 -0.70850
vt 0.08660 -0.70850
vt 0.08910 -0.71690
vt 0.08350 -0.72340
vt 0.10330 -0.71690
vt 0.10330 -0.72340
vt 0.08660 -0.70850
vt 0.07620 -0.68770
vt 0.08800 -0.68770
vt 0.07770 -0.70850
vt 0.08350 -0.72340
vt 0.08910 -0.71690
vt 0.10330 -0.72340
vt 0.10330 -0.71690
vt 0.08800 -0.68760
vt 0.07620 -0.68760
vt 0.07770 -0.70860
vt 0.08660 -0.70860
vt 0.08910 -0.71700
vt 0.08350 -0.72340
vt 0.10330 -0.71690
vt 0.10330 -0.72340
vt 0.08660 -0.70860
vt 0.07620 -0.68780
vt 0.08800 -0.68770
vt 0.07770 -0.70860
vt 0.08350 -0.72340
vt 0.08910 -0.71700
vt 0.10330 -0.72340
vt 0.10330 -0.71690
vt 0.03410 -0.73040
vt 0.02260 -0.73720
vt 0.02630 -0.74360
vt 0.03780 -0.73680
vt 0.04960 -0.71340
vt 0.06370 -0.69140
vt 0.05640 -0.69140
vt 0.05630 -0.67800
vt 0.06370 -0.67800
vt 0.06030 -0.73160
vt 0.07080 -0.71330
vt 0.08280 -0.73650
vt 0.08640 -0.73020
vt 0.09810 -0.73670
vt 0.09440 -0.74320
vt 0.09860 -0.71030
vt 0.09850 -0.69620
vt 0.09080 -0.69630
vt 0.09100 -0.71040
vt 0.09860 -0.71570
vt 0.09840 -0.69610
vt 0.09100 -0.69620
vt 0.09120 -0.71580
vt 0.09800 -0.71020
vt 0.09790 -0.69610
vt 0.09160 -0.69610
vt 0.09170 -0.71030
vt 0.09780 -0.71570
vt 0.09770 -0.69610
vt 0.09150 -0.69610
vt 0.09180 -0.71580
vt 0.09850 -0.71040
vt 0.09830 -0.69620
vt 0.09140 -0.69630
vt 0.09150 -0.71040
vt 0.09790 -0.71570
vt 0.09770 -0.69610
vt 0.09100 -0.69620
vt 0.09120 -0.71580
vt 0.08110 -0.87410
vt 0.08110 -0.89130
vt 0.10030 -0.89130
vt 0.10030 -0.87410
vt 0.08110 -0.87410
vt 0.08110 -0.89130
vt 0.10030 -0.89130
vt 0.10030 -0.87410
vt 0.10020 -0.87410
vt 0.10030 -0.89130
vt 0.08110 -0.89130
vt 0.08110 -0.87410
vt 0.08110 -0.87410
vt 0.08110 -0.89130
vt 0.10030 -0.89130
vt 0.10020 -0.87410
vt 0.10020 -0.87410
vt 0.10030 -0.89130
vt 0.08110 -0.89130
vt 0.08110 -0.87410
vt 0.08110 -0.87400
vt 0.08110 -0.89130
vt 0.10030 -0.89130
vt 0.10030 -0.87400
vt 0.06940 -0.77640
vt 0.05640 -0.76300
vt 0.04240 -0.77650
vt 0.07400 -0.79530
vt 0.03730 -0.79440
vt 0.05600 -0.79990
vt 0.04270 -0.77580
vt 0.03730 -0.79450
vt 0.05520 -0.79990
vt 0.07410 -0.79520
vt 0.05630 -0.76290
vt 0.06980 -0.77700
vt 0.07420 -0.73800
vt 0.04210 -0.73800
vt 0.04210 -0.76120
vt 0.07420 -0.76120
vt 0.07420 -0.76120
vt 0.04210 -0.76120
vt 0.04210 -0.73800
vt 0.07420 -0.73800
vt 0.04210 -0.73800
vt 0.07420 -0.73800
vt 0.07420 -0.76120
vt 0.04210 -0.76120
vt 0.04210 -0.76120
vt 0.07420 -0.76120
vt 0.07420 -0.73800
vt 0.04210 -0.73800
vt 0.01710 -0.76270
vt 0.00250 -0.77680
vt 0.01710 -0.79070
vt 0.03160 -0.77680
vt 0.00250 -0.77680
vt 0.01710 -0.79070
vt 0.03160 -0.77680
vt 0.01710 -0.76270
vt 0.04210 -0.73800
vt 0.07420 -0.73800
vt 0.07420 -0.76120
vt 0.04210 -0.76120
vt 0.04210 -0.76120
vt 0.07420 -0.76120
vt 0.07420 -0.73800
vt 0.04210 -0.73800
vt 0.04210 -0.76120
vt 0.07420 -0.76120
vt 0.07420 -0.73800
vt 0.04210 -0.73800
vt 0.04210 -0.73800
vt 0.07420 -0.73800
vt 0.07420 -0.76120
vt 0.04210 -0.76120
vt 0.03160 -0.77680
vt 0.01710 -0.76270
vt 0.00250 -0.77680
vt 0.01710 -0.79070
vt 0.04210 -0.74950
vt 0.07420 -0.73800
vt 0.04210 -0.73790
vt 0.07420 -0.74950
vt 0.04210 -0.76120
vt 0.07420 -0.76120
vt 0.01680 -0.75520
vt 0.00460 -0.77650
vt 0.01680 -0.79920
vt 0.02880 -0.77650
vt 0.00450 -0.77640
vt 0.01680 -0.79920
vt 0.02880 -0.77640
vt 0.01680 -0.75520
vt 0.06640 -0.89870
vt 0.06640 -0.80380
vt 0.05760 -0.80380
vt 0.05760 -0.89870
vt 0.06680 -0.80380
vt 0.06680 -0.89870
vt 0.05770 -0.89870
vt 0.05770 -0.80380
vt 0.04540 -0.67310
vt 0.04540 -0.70350
vt 0.05050 -0.70430
vt 0.05510 -0.67850
vt 0.03850 -0.70760
vt 0.03850 -0.68150
vt 0.04370 -0.68150
vt 0.04370 -0.70760
vt 0.05530 -0.67860
vt 0.05060 -0.70420
vt 0.04550 -0.70330
vt 0.04550 -0.67300
vt 0.04360 -0.68450
vt 0.04360 -0.70890
vt 0.03840 -0.70890
vt 0.03840 -0.68450
vt 0.04360 -0.67360
vt 0.03840 -0.67360
vt 0.04370 -0.69060
vt 0.04370 -0.69530
vt 0.03850 -0.69530
vt 0.03850 -0.69060
vt 0.07420 -0.76120
vt 0.04210 -0.76120
vt 0.04210 -0.73800
vt 0.07420 -0.73800
vt 0.04210 -0.73800
vt 0.07420 -0.73800
vt 0.07420 -0.76120
vt 0.04210 -0.76120
vt 0.04210 -0.76120
vt 0.07420 -0.76120
vt 0.07420 -0.73800
vt 0.04210 -0.73800
vt 0.07420 -0.73800
vt 0.04210 -0.73800
vt 0.04210 -0.76120
vt 0.07420 -0.76120
vt 0.01710 -0.76270
vt 0.00250 -0.77680
vt 0.01710 -0.79070
vt 0.03160 -0.77680
vt 0.00250 -0.77680
vt 0.01710 -0.79070
vt 0.03160 -0.77680
vt 0.01710 -0.76270
vt 0.04210 -0.76120
vt 0.07420 -0.76120
vt 0.07420 -0.73800
vt 0.04210 -0.73800
vt 0.04210 -0.76120
vt 0.07420 -0.76120
vt 0.07420 -0.73800
vt 0.04210 -0.73800
vt 0.04210 -0.76120
vt 0.07420 -0.76120
vt 0.07420 -0.73800
vt 0.04210 -0.73800
vt 0.04210 -0.76120
vt 0.07420 -0.76120
vt 0.07420 -0.73800
vt 0.04210 -0.73800
vt 0.01710 -0.76270
vt 0.00250 -0.77680
vt 0.01710 -0.79070
vt 0.03160 -0.77680
vt 0.07420 -0.74960
vt 0.04210 -0.76120
vt 0.07420 -0.76120
vt 0.04210 -0.74960
vt 0.07420 -0.73800
vt 0.04210 -0.73800
vt 0.01680 -0.75510
vt 0.00460 -0.77640
vt 0.01680 -0.79920
vt 0.02880 -0.77640
vt 0.00460 -0.77640
vt 0.01680 -0.79920
vt 0.02880 -0.77640
vt 0.01680 -0.75520
vt 0.05770 -0.80380
vt 0.05770 -0.89870
vt 0.06640 -0.89870
vt 0.06640 -0.80380
vt 0.05810 -0.89870
vt 0.05810 -0.80380
vt 0.06640 -0.80380
vt 0.06640 -0.89870
vt 0.04540 -0.67300
vt 0.04550 -0.70330
vt 0.05060 -0.70410
vt 0.05510 -0.67840
vt 0.03850 -0.69990
vt 0.03850 -0.67340
vt 0.04370 -0.67340
vt 0.04370 -0.69990
vt 0.05530 -0.67870
vt 0.05060 -0.70440
vt 0.04550 -0.70340
vt 0.04550 -0.67310
vt 0.04380 -0.68830
vt 0.04380 -0.70850
vt 0.03850 -0.70850
vt 0.03850 -0.68830
vt 0.04380 -0.67870
vt 0.03850 -0.67870
vt 0.04370 -0.68320
vt 0.04370 -0.68700
vt 0.03840 -0.68700
vt 0.03840 -0.68320
vt 0.04210 -0.76120
vt 0.07420 -0.76120
vt 0.07420 -0.73800
vt 0.04210 -0.73800
vt 0.07420 -0.73800
vt 0.04210 -0.73800
vt 0.04210 -0.76120
vt 0.07420 -0.76120
vt 0.07420 -0.76120
vt 0.04210 -0.76120
vt 0.04210 -0.73800
vt 0.07420 -0.73800
vt 0.04210 -0.73800
vt 0.07420 -0.73800
vt 0.07420 -0.76120
vt 0.04210 -0.76120
vt 0.01710 -0.76270
vt 0.00250 -0.77680
vt 0.01710 -0.79070
vt 0.03160 -0.77680
vt 0.00250 -0.77680
vt 0.01710 -0.79070
vt 0.03160 -0.77680
vt 0.01710 -0.76270
vt 0.04210 -0.76120
vt 0.07420 -0.76120
vt 0.07420 -0.73800
vt 0.04210 -0.73800
vt 0.04210 -0.76120
vt 0.07420 -0.76120
vt 0.07420 -0.73800
vt 0.04210 -0.73800
vt 0.04210 -0.76120
vt 0.07420 -0.76120
vt 0.07420 -0.73800
vt 0.04210 -0.73800
vt 0.04210 -0.76120
vt 0.07420 -0.76120
vt 0.07420 -0.73800
vt 0.04210 -0.73800
vt 0.01710 -0.79070
vt 0.03160 -0.77680
vt 0.01710 -0.76270
vt 0.00260 -0.77680
vt 0.04210 -0.74950
vt 0.07420 -0.73800
vt 0.04210 -0.73800
vt 0.07420 -0.74950
vt 0.04220 -0.76120
vt 0.07420 -0.76120
vt 0.01680 -0.75520
vt 0.00460 -0.77640
vt 0.01680 -0.79920
vt 0.02880 -0.77640
vt 0.00460 -0.77640
vt 0.01680 -0.79920
vt 0.02880 -0.77640
vt 0.01680 -0.75520
vt 0.06640 -0.89870
vt 0.06640 -0.80380
vt 0.05760 -0.80380
vt 0.05760 -0.89870
vt 0.06680 -0.80380
vt 0.06680 -0.89870
vt 0.05770 -0.89870
vt 0.05770 -0.80380
vt 0.04550 -0.67300
vt 0.04560 -0.70340
vt 0.05070 -0.70420
vt 0.05520 -0.67840
vt 0.03840 -0.71280
vt 0.03840 -0.68250
vt 0.04360 -0.68250
vt 0.04360 -0.71280
vt 0.05520 -0.67870
vt 0.05060 -0.70430
vt 0.04540 -0.70340
vt 0.04540 -0.67300
vt 0.04370 -0.68120
vt 0.04370 -0.70690
vt 0.03850 -0.70690
vt 0.03850 -0.68120
vt 0.04360 -0.69300
vt 0.04360 -0.70250
vt 0.03840 -0.70250
vt 0.03840 -0.69300
vt 0.04370 -0.69320
vt 0.04370 -0.69820
vt 0.03850 -0.69820
vt 0.03850 -0.69320
vt 0.03370 -0.76590
vt 0.03960 -0.76620
vt 0.03370 -0.74590
vt 0.03370 -0.78650
vt 0.03370 -0.78640
vt 0.03960 -0.76610
vt 0.03370 -0.76580
vt 0.03370 -0.74580
vt 0.03370 -0.76590
vt 0.03960 -0.76620
vt 0.03370 -0.74590
vt 0.03370 -0.78650
vt 0.03370 -0.78640
vt 0.03960 -0.76610
vt 0.03370 -0.76580
vt 0.03370 -0.74580
vt 0.03370 -0.76590
vt 0.03960 -0.76620
vt 0.03370 -0.74590
vt 0.03370 -0.78650
vt 0.03370 -0.78640
vt 0.03960 -0.76610
vt 0.03370 -0.76580
vt 0.03370 -0.74580
vt 0.08100 -0.82940
vt 0.08100 -0.81050
vt 0.09790 -0.81050
vt 0.09790 -0.82940
vt 0.11370 -0.82940
vt 0.10180 -0.82940
vt 0.09810 -0.81050
vt 0.11730 -0.81050
vt 0.08100 -0.82940
vt 0.08100 -0.81050
vt 0.09790 -0.81050
vt 0.09790 -0.82940
vt 0.11370 -0.82940
vt 0.10180 -0.82940
vt 0.09820 -0.81050
vt 0.11740 -0.81050
vt 0.08950 -0.87150
vt 0.08140 -0.87150
vt 0.08100 -0.82940
vt 0.09790 -0.82940
vt 0.09760 -0.87150
vt 0.08940 -0.87150
vt 0.08140 -0.87150
vt 0.08100 -0.82940
vt 0.09790 -0.82940
vt 0.09750 -0.87150
vt 0.07880 -0.80420
vt 0.07880 -0.89220
vt 0.06980 -0.89210
vt 0.06980 -0.80410
vt 0.07870 -0.89220
vt 0.07870 -0.80420
vt 0.07870 -0.80420
vt 0.07870 -0.89220
vt 0.06930 -0.89220
vt 0.06930 -0.80420
vt 0.07880 -0.89220
vt 0.07880 -0.80420
vt 0.01670 -0.74730
vt 0.00390 -0.77590
vt 0.02960 -0.77590
vt 0.01670 -0.80470
vt 0.02960 -0.77590
vt 0.00390 -0.77590
vt 0.01670 -0.74720
vt 0.16060 -0.74850
vt 0.14650 -0.76480
vt 0.17450 -0.76480
vt 0.16060 -0.78090
vt 0.08100 -0.82940
vt 0.08100 -0.81050
vt 0.09790 -0.81050
vt 0.09790 -0.82940
vt 0.11370 -0.82940
vt 0.10180 -0.82940
vt 0.09810 -0.81050
vt 0.11730 -0.81050
vt 0.08100 -0.82940
vt 0.08100 -0.81050
vt 0.09790 -0.81050
vt 0.09790 -0.82940
vt 0.11370 -0.82940
vt 0.10180 -0.82940
vt 0.09820 -0.81050
vt 0.11740 -0.81050
vt 0.08950 -0.87150
vt 0.08140 -0.87150
vt 0.08100 -0.82940
vt 0.09790 -0.82940
vt 0.09760 -0.87150
vt 0.08940 -0.87150
vt 0.08140 -0.87150
vt 0.08100 -0.82940
vt 0.09790 -0.82940
vt 0.09750 -0.87150
vt 0.07890 -0.80430
vt 0.07880 -0.89240
vt 0.06970 -0.89240
vt 0.06960 -0.80430
vt 0.07890 -0.89240
vt 0.07880 -0.80430
vt 0.07880 -0.80430
vt 0.07890 -0.89240
vt 0.06920 -0.89240
vt 0.06940 -0.80430
vt 0.07880 -0.89240
vt 0.07890 -0.80430
vt 0.01670 -0.80480
vt 0.02960 -0.77600
vt 0.00390 -0.77600
vt 0.01670 -0.74720
vt 0.00390 -0.77600
vt 0.02960 -0.77590
vt 0.01680 -0.80470
vt 0.16060 -0.74850
vt 0.14650 -0.76480
vt 0.17450 -0.76480
vt 0.16060 -0.78090
vt 0.08100 -0.82940
vt 0.08100 -0.81050
vt 0.09790 -0.81050
vt 0.09790 -0.82940
vt 0.11370 -0.82940
vt 0.10180 -0.82940
vt 0.09810 -0.81050
vt 0.11730 -0.81050
vt 0.08100 -0.82940
vt 0.08100 -0.81050
vt 0.09790 -0.81050
vt 0.09790 -0.82940
vt 0.11370 -0.82940
vt 0.10180 -0.82940
vt 0.09820 -0.81050
vt 0.11740 -0.81050
vt 0.08950 -0.87150
vt 0.08140 -0.87150
vt 0.08100 -0.82940
vt 0.09790 -0.82940
vt 0.09760 -0.87150
vt 0.08940 -0.87150
vt 0.08140 -0.87150
vt 0.08100 -0.82940
vt 0.09790 -0.82940
vt 0.09750 -0.87150
vt 0.07880 -0.80420
vt 0.07900 -0.89220
vt 0.06950 -0.89220
vt 0.06970 -0.80410
vt 0.07870 -0.89230
vt 0.07890 -0.80420
vt 0.07890 -0.80420
vt 0.07870 -0.89230
vt 0.06950 -0.89230
vt 0.06930 -0.80420
vt 0.07900 -0.89220
vt 0.07880 -0.80420
vt 0.16060 -0.74850
vt 0.14650 -0.76480
vt 0.17450 -0.76480
vt 0.16060 -0.78090
vt 0.00720 -0.22140
vt 0.01510 -0.22140
vt 0.01510 -0.21410
vt 0.00290 -0.21730
vt 0.00720 -0.21410
vt 0.01510 -0.72920
vt 0.03620 -0.72430
vt 0.03620 -0.26490
vt 0.00720 -0.72630
vt 0.00720 -0.22140
vt 0.01510 -0.22140
vt 0.03630 -0.72430
vt 0.01510 -0.72930
vt 0.01510 -0.73280
vt 0.00720 -0.72630
vt 0.00720 -0.72960
vt 0.00300 -0.72410
vt 0.00720 -0.21410
vt 0.00290 -0.21730
vt 0.00720 -0.22140
vt 0.01510 -0.21410
vt 0.01510 -0.22140
vt 0.00720 -0.22140
vt 0.00720 -0.72630
vt 0.01510 -0.72920
vt 0.03620 -0.72430
vt 0.03620 -0.26490
vt 0.01510 -0.22140
vt 0.03630 -0.72430
vt 0.01510 -0.72930
vt 0.01510 -0.73280
vt 0.00720 -0.72630
vt 0.00720 -0.72960
vt 0.00300 -0.72410
vt 0.00720 -0.22140
vt 0.01510 -0.22140
vt 0.01510 -0.21410
vt 0.00720 -0.21410
vt 0.00290 -0.21730
vt 0.01510 -0.22140
vt 0.00720 -0.22140
vt 0.00720 -0.72630
vt 0.03620 -0.26490
vt 0.03620 -0.72430
vt 0.01510 -0.72920
vt 0.03630 -0.72430
vt 0.01510 -0.72930
vt 0.01510 -0.73280
vt 0.00720 -0.72630
vt 0.00720 -0.72960
vt 0.00300 -0.72410
vt 0.12840 -0.81500
vt 0.12850 -0.80140
vt 0.11670 -0.80810
vt 0.14030 -0.80830
vt 0.11670 -0.79450
vt 0.14030 -0.79470
vt 0.12860 -0.78780
vt 0.12840 -0.81500
vt 0.12850 -0.80140
vt 0.11670 -0.80810
vt 0.14030 -0.80830
vt 0.11670 -0.79450
vt 0.14030 -0.79470
vt 0.12860 -0.78780
vt 0.12840 -0.81500
vt 0.12850 -0.80140
vt 0.11670 -0.80810
vt 0.14030 -0.80830
vt 0.11670 -0.79450
vt 0.14030 -0.79470
vt 0.12860 -0.78780
vt 0.01680 -0.74720
vt 0.00390 -0.77600
vt 0.02960 -0.77590
vt 0.01680 -0.80480
vt 0.00390 -0.77590
vt 0.02960 -0.77600
vt 0.05240 -0.88490
vt 0.04910 -0.89080
vt 0.05590 -0.89070
vt 0.04570 -0.88500
vt 0.05260 -0.89650
vt 0.04240 -0.89080
vt 0.04590 -0.89660
vt 0.04720 -0.71220
vt 0.06030 -0.71960
vt 0.06010 -0.70460
vt 0.04730 -0.72720
vt 0.07330 -0.71200
vt 0.06040 -0.73460
vt 0.07340 -0.72700
vt 0.01710 -0.76270
vt 0.01710 -0.77680
vt 0.03160 -0.77680
vt 0.00250 -0.77680
vt 0.01720 -0.79070
vt 0.01710 -0.76270
vt 0.01710 -0.77680
vt 0.03160 -0.77680
vt 0.00260 -0.77680
vt 0.01710 -0.79070
vt 0.01710 -0.79070
vt 0.01710 -0.77680
vt 0.00250 -0.77680
vt 0.03160 -0.77680
vt 0.01710 -0.76270
g vehicle#rotor_stop_02_7_0
usemtl 2b684d67-c690-4b3c-bf76-da0401ce3238
f 9024/9024 9025/9025 9026/9026
f 9027/9027 9028/9028 9029/9029
f 9030/9030 9031/9031 9032/9032
f 9033/9033 9034/9034 9035/9035
f 9036/9036 9037/9037 9038/9038
f 9039/9039 9040/9040 9041/9041
f 9042/9042 9043/9043 9044/9044
f 9045/9045 9046/9046 9047/9047
f 9048/9048 9049/9049 9050/9050
f 9049/9049 9051/9051 9052/9052
f 9053/9053 9054/9054 9055/9055
f 9056/9056 9057/9057 9058/9058
f 9059/9059 9060/9060 9061/9061
f 9060/9060 9062/9062 9063/9063
f 9064/9064 9065/9065 9066/9066
f 9067/9067 9068/9068 9069/9069
f 9070/9070 9071/9071 9072/9072
f 9071/9071 9073/9073 9074/9074
f 9075/9075 9076/9076 9077/9077
f 9075/9075 9078/9078 9079/9079
f 9080/9080 9078/9078 9075/9075
f 9080/9080 9081/9081 9078/9078
f 9080/9080 9082/9082 9081/9081
f 9080/9080 9083/9083 9082/9082
f 9084/9084 9079/9079 9085/9085
f 9084/9084 9085/9085 9086/9086
f 9087/9087 9088/9088 9089/9089
f 9090/9090 9091/9091 9092/9092
f 9090/9090 9093/9093 9094/9094
f 9095/9095 9093/9093 9090/9090
f 9095/9095 9096/9096 9093/9093
f 9095/9095 9097/9097 9096/9096
f 9095/9095 9098/9098 9097/9097
f 9099/9099 9094/9094 9100/9100
f 9099/9099 9100/9100 9101/9101
f 9102/9102 9103/9103 9104/9104
f 9105/9105 9106/9106 9107/9107
f 9105/9105 9108/9108 9109/9109
f 9110/9110 9108/9108 9105/9105
f 9110/9110 9111/9111 9108/9108
f 9110/9110 9112/9112 9111/9111
f 9110/9110 9113/9113 9112/9112
f 9114/9114 9109/9109 9115/9115
f 9114/9114 9115/9115 9116/9116
f 9117/9117 9118/9118 9119/9119
f 9120/9120 9121/9121 9122/9122
f 9120/9120 9122/9122 9123/9123
f 9124/9124 9125/9125 9126/9126
f 9124/9124 9127/9127 9125/9125
f 9128/9128 9127/9127 9124/9124
f 9128/9128 9129/9129 9127/9127
f 9130/9130 9131/9131 9132/9132
f 9130/9130 9132/9132 9133/9133
f 9134/9134 9135/9135 9136/9136
f 9134/9134 9137/9137 9135/9135
f 9138/9138 9137/9137 9134/9134
f 9138/9138 9139/9139 9137/9137
f 9140/9140 9141/9141 9142/9142
f 9140/9140 9142/9142 9143/9143
f 9144/9144 9145/9145 9146/9146
f 9144/9144 9147/9147 9145/9145
f 9148/9148 9147/9147 9144/9144
f 9148/9148 9149/9149 9147/9147
f 9150/9150 9151/9151 9152/9152
f 9150/9150 9152/9152 9153/9153
f 9154/9154 9155/9155 9156/9156
f 9154/9154 9157/9157 9155/9155
f 9158/9158 9157/9157 9154/9154
f 9158/9158 9159/9159 9157/9157
f 9160/9160 9161/9161 9162/9162
f 9162/9162 9163/9163 9160/9160
f 9163/9163 9164/9164 9160/9160
f 9163/9163 9165/9165 9164/9164
f 9166/9166 9167/9167 9168/9168
f 9166/9166 9168/9168 9169/9169
f 9168/9168 9170/9170 9169/9169
f 9168/9168 9171/9171 9170/9170
f 9171/9171 9172/9172 9170/9170
f 9171/9171 9173/9173 9172/9172
f 9174/9174 9175/9175 9176/9176
f 9174/9174 9177/9177 9175/9175
f 9174/9174 9178/9178 9177/9177
f 9174/9174 9179/9179 9178/9178
f 9179/9179 9180/9180 9178/9178
f 9179/9179 9181/9181 9180/9180
f 9182/9182 9183/9183 9184/9184
f 9182/9182 9184/9184 9185/9185
f 9184/9184 9186/9186 9185/9185
f 9184/9184 9187/9187 9186/9186
f 9187/9187 9188/9188 9186/9186
f 9187/9187 9189/9189 9188/9188
f 9190/9190 9191/9191 9192/9192
f 9190/9190 9193/9193 9191/9191
f 9190/9190 9194/9194 9193/9193
f 9190/9190 9195/9195 9194/9194
f 9195/9195 9196/9196 9194/9194
f 9195/9195 9197/9197 9196/9196
f 9198/9198 9199/9199 9200/9200
f 9198/9198 9200/9200 9201/9201
f 9200/9200 9202/9202 9201/9201
f 9200/9200 9203/9203 9202/9202
f 9203/9203 9204/9204 9202/9202
f 9203/9203 9205/9205 9204/9204
f 9206/9206 9207/9207 9208/9208
f 9206/9206 9209/9209 9207/9207
f 9206/9206 9210/9210 9209/9209
f 9206/9206 9211/9211 9210/9210
f 9211/9211 9212/9212 9210/9210
f 9211/9211 9213/9213 9212/9212
f 9214/9214 9215/9215 9216/9216
f 9214/9214 9216/9216 9217/9217
f 9218/9218 9214/9214 9217/9217
f 9219/9219 9218/9218 9217/9217
f 9220/9220 9218/9218 9219/9219
f 9219/9219 9221/9221 9220/9220
f 9219/9219 9222/9222 9221/9221
f 9219/9219 9217/9217 9223/9223
f 9224/9224 9219/9219 9223/9223
f 9224/9224 9223/9223 9225/9225
f 9225/9225 9226/9226 9224/9224
f 9225/9225 9227/9227 9226/9226
f 9225/9225 9228/9228 9227/9227
f 9229/9229 9230/9230 9231/9231
f 9229/9229 9231/9231 9232/9232
f 9233/9233 9234/9234 9235/9235
f 9233/9233 9235/9235 9236/9236
f 9237/9237 9238/9238 9239/9239
f 9237/9237 9239/9239 9240/9240
f 9241/9241 9242/9242 9243/9243
f 9241/9241 9243/9243 9244/9244
f 9245/9245 9246/9246 9247/9247
f 9245/9245 9247/9247 9248/9248
f 9249/9249 9250/9250 9251/9251
f 9249/9249 9251/9251 9252/9252
f 9253/9253 9254/9254 9255/9255
f 9253/9253 9255/9255 9256/9256
f 9257/9257 9258/9258 9259/9259
f 9257/9257 9259/9259 9260/9260
f 9261/9261 9262/9262 9263/9263
f 9261/9261 9263/9263 9264/9264
f 9265/9265 9266/9266 9267/9267
f 9265/9265 9267/9267 9268/9268
f 9269/9269 9270/9270 9271/9271
f 9269/9269 9271/9271 9272/9272
f 9273/9273 9274/9274 9275/9275
f 9273/9273 9275/9275 9276/9276
f 9277/9277 9278/9278 9279/9279
f 9279/9279 9280/9280 9277/9277
f 9279/9279 9281/9281 9280/9280
f 9281/9281 9282/9282 9280/9280
f 9283/9283 9284/9284 9285/9285
f 9285/9285 9286/9286 9283/9283
f 9286/9286 9287/9287 9283/9283
f 9286/9286 9288/9288 9287/9287
f 9289/9289 9290/9290 9291/9291
f 9289/9289 9291/9291 9292/9292
f 9293/9293 9294/9294 9295/9295
f 9293/9293 9295/9295 9296/9296
f 9297/9297 9298/9298 9299/9299
f 9297/9297 9299/9299 9300/9300
f 9301/9301 9302/9302 9303/9303
f 9301/9301 9303/9303 9304/9304
f 9305/9305 9306/9306 9307/9307
f 9305/9305 9307/9307 9308/9308
f 9309/9309 9310/9310 9311/9311
f 9309/9309 9311/9311 9312/9312
f 9313/9313 9314/9314 9315/9315
f 9313/9313 9315/9315 9316/9316
f 9317/9317 9318/9318 9319/9319
f 9317/9317 9319/9319 9320/9320
f 9321/9321 9322/9322 9323/9323
f 9321/9321 9323/9323 9324/9324
f 9325/9325 9326/9326 9327/9327
f 9325/9325 9327/9327 9328/9328
f 9329/9329 9330/9330 9331/9331
f 9329/9329 9331/9331 9332/9332
f 9333/9333 9334/9334 9335/9335
f 9333/9333 9336/9336 9334/9334
f 9337/9337 9336/9336 9333/9333
f 9337/9337 9338/9338 9336/9336
f 9339/9339 9340/9340 9341/9341
f 9339/9339 9341/9341 9342/9342
f 9343/9343 9344/9344 9345/9345
f 9343/9343 9345/9345 9346/9346
f 9347/9347 9348/9348 9349/9349
f 9347/9347 9349/9349 9350/9350
f 9350/9350 9349/9349 9351/9351
f 9350/9350 9351/9351 9352/9352
f 9353/9353 9352/9352 9351/9351
f 9353/9353 9351/9351 9354/9354
f 9355/9355 9356/9356 9357/9357
f 9355/9355 9357/9357 9358/9358
f 9359/9359 9360/9360 9361/9361
f 9359/9359 9361/9361 9362/9362
f 9363/9363 9364/9364 9365/9365
f 9363/9363 9365/9365 9366/9366
f 9367/9367 9368/9368 9369/9369
f 9367/9367 9369/9369 9370/9370
f 9371/9371 9367/9367 9370/9370
f 9371/9371 9370/9370 9372/9372
f 9373/9373 9374/9374 9375/9375
f 9373/9373 9375/9375 9376/9376
f 9377/9377 9378/9378 9379/9379
f 9377/9377 9379/9379 9380/9380
f 9381/9381 9382/9382 9383/9383
f 9381/9381 9383/9383 9384/9384
f 9385/9385 9386/9386 9387/9387
f 9385/9385 9387/9387 9388/9388
f 9389/9389 9390/9390 9391/9391
f 9389/9389 9391/9391 9392/9392
f 9393/9393 9394/9394 9395/9395
f 9393/9393 9395/9395 9396/9396
f 9397/9397 9398/9398 9399/9399
f 9397/9397 9399/9399 9400/9400
f 9401/9401 9402/9402 9403/9403
f 9401/9401 9403/9403 9404/9404
f 9405/9405 9406/9406 9407/9407
f 9405/9405 9407/9407 9408/9408
f 9409/9409 9410/9410 9411/9411
f 9409/9409 9411/9411 9412/9412
f 9413/9413 9414/9414 9415/9415
f 9413/9413 9415/9415 9416/9416
f 9417/9417 9418/9418 9419/9419
f 9417/9417 9419/9419 9420/9420
f 9421/9421 9422/9422 9423/9423
f 9421/9421 9424/9424 9422/9422
f 9425/9425 9424/9424 9421/9421
f 9425/9425 9426/9426 9424/9424
f 9427/9427 9428/9428 9429/9429
f 9427/9427 9429/9429 9430/9430
f 9431/9431 9432/9432 9433/9433
f 9431/9431 9433/9433 9434/9434
f 9435/9435 9436/9436 9437/9437
f 9435/9435 9437/9437 9438/9438
f 9438/9438 9437/9437 9439/9439
f 9438/9438 9439/9439 9440/9440
f 9441/9441 9440/9440 9439/9439
f 9441/9441 9439/9439 9442/9442
f 9443/9443 9444/9444 9445/9445
f 9443/9443 9445/9445 9446/9446
f 9447/9447 9448/9448 9449/9449
f 9447/9447 9449/9449 9450/9450
f 9451/9451 9452/9452 9453/9453
f 9451/9451 9453/9453 9454/9454
f 9455/9455 9456/9456 9457/9457
f 9455/9455 9457/9457 9458/9458
f 9459/9459 9455/9455 9458/9458
f 9459/9459 9458/9458 9460/9460
f 9461/9461 9462/9462 9463/9463
f 9461/9461 9463/9463 9464/9464
f 9465/9465 9466/9466 9467/9467
f 9465/9465 9467/9467 9468/9468
f 9469/9469 9470/9470 9471/9471
f 9469/9469 9471/9471 9472/9472
f 9473/9473 9474/9474 9475/9475
f 9473/9473 9475/9475 9476/9476
f 9477/9477 9478/9478 9479/9479
f 9477/9477 9479/9479 9480/9480
f 9481/9481 9482/9482 9483/9483
f 9481/9481 9483/9483 9484/9484
f 9485/9485 9486/9486 9487/9487
f 9485/9485 9487/9487 9488/9488
f 9489/9489 9490/9490 9491/9491
f 9489/9489 9491/9491 9492/9492
f 9493/9493 9494/9494 9495/9495
f 9493/9493 9495/9495 9496/9496
f 9497/9497 9498/9498 9499/9499
f 9497/9497 9499/9499 9500/9500
f 9501/9501 9502/9502 9503/9503
f 9501/9501 9503/9503 9504/9504
f 9505/9505 9506/9506 9507/9507
f 9505/9505 9507/9507 9508/9508
f 9509/9509 9510/9510 9511/9511
f 9509/9509 9512/9512 9510/9510
f 9513/9513 9512/9512 9509/9509
f 9513/9513 9514/9514 9512/9512
f 9515/9515 9516/9516 9517/9517
f 9515/9515 9517/9517 9518/9518
f 9519/9519 9520/9520 9521/9521
f 9519/9519 9521/9521 9522/9522
f 9523/9523 9524/9524 9525/9525
f 9523/9523 9525/9525 9526/9526
f 9526/9526 9525/9525 9527/9527
f 9526/9526 9527/9527 9528/9528
f 9529/9529 9528/9528 9527/9527
f 9529/9529 9527/9527 9530/9530
f 9531/9531 9532/9532 9533/9533
f 9531/9531 9533/9533 9534/9534
f 9535/9535 9536/9536 9537/9537
f 9535/9535 9537/9537 9538/9538
f 9539/9539 9540/9540 9541/9541
f 9539/9539 9541/9541 9542/9542
f 9543/9543 9544/9544 9545/9545
f 9543/9543 9545/9545 9546/9546
f 9547/9547 9548/9548 9549/9549
f 9547/9547 9549/9549 9550/9550
f 9551/9551 9552/9552 9553/9553
f 9551/9551 9553/9553 9554/9554
f 9555/9555 9556/9556 9557/9557
f 9558/9558 9556/9556 9555/9555
f 9559/9559 9560/9560 9561/9561
f 9561/9561 9560/9560 9562/9562
f 9563/9563 9564/9564 9565/9565
f 9566/9566 9564/9564 9563/9563
f 9567/9567 9568/9568 9569/9569
f 9569/9569 9568/9568 9570/9570
f 9571/9571 9572/9572 9573/9573
f 9574/9574 9572/9572 9571/9571
f 9575/9575 9576/9576 9577/9577
f 9577/9577 9576/9576 9578/9578
f 9579/9579 9580/9580 9581/9581
f 9579/9579 9581/9581 9582/9582
f 9583/9583 9584/9584 9585/9585
f 9583/9583 9585/9585 9586/9586
f 9587/9587 9588/9588 9589/9589
f 9587/9587 9589/9589 9590/9590
f 9591/9591 9592/9592 9593/9593
f 9591/9591 9593/9593 9594/9594
f 9595/9595 9596/9596 9597/9597
f 9598/9598 9595/9595 9597/9597
f 9599/9599 9595/9595 9598/9598
f 9600/9600 9601/9601 9602/9602
f 9603/9603 9600/9600 9602/9602
f 9604/9604 9600/9600 9603/9603
f 9605/9605 9606/9606 9607/9607
f 9605/9605 9607/9607 9608/9608
f 9608/9608 9607/9607 9609/9609
f 9608/9608 9609/9609 9610/9610
f 9611/9611 9612/9612 9613/9613
f 9611/9611 9613/9613 9614/9614
f 9614/9614 9613/9613 9615/9615
f 9614/9614 9615/9615 9616/9616
f 9617/9617 9618/9618 9619/9619
f 9619/9619 9618/9618 9620/9620
f 9620/9620 9621/9621 9622/9622
f 9622/9622 9621/9621 9623/9623
f 9624/9624 9625/9625 9626/9626
f 9626/9626 9625/9625 9627/9627
f 9628/9628 9629/9629 9630/9630
f 9628/9628 9630/9630 9631/9631
f 9632/9632 9633/9633 9634/9634
f 9632/9632 9634/9634 9635/9635
f 9636/9636 9637/9637 9638/9638
f 9636/9636 9638/9638 9639/9639
f 9640/9640 9641/9641 9642/9642
f 9640/9640 9642/9642 9643/9643
f 9644/9644 9645/9645 9646/9646
f 9647/9647 9644/9644 9646/9646
f 9648/9648 9644/9644 9647/9647
f 9649/9649 9650/9650 9651/9651
f 9652/9652 9649/9649 9651/9651
f 9653/9653 9649/9649 9652/9652
f 9654/9654 9655/9655 9656/9656
f 9654/9654 9656/9656 9657/9657
f 9657/9657 9656/9656 9658/9658
f 9657/9657 9658/9658 9659/9659
f 9660/9660 9661/9661 9662/9662
f 9660/9660 9662/9662 9663/9663
f 9663/9663 9662/9662 9664/9664
f 9663/9663 9664/9664 9665/9665
f 9666/9666 9667/9667 9668/9668
f 9668/9668 9667/9667 9669/9669
f 9669/9669 9670/9670 9671/9671
f 9671/9671 9670/9670 9672/9672
f 9673/9673 9674/9674 9675/9675
f 9675/9675 9674/9674 9676/9676
f 9677/9677 9678/9678 9679/9679
f 9677/9677 9679/9679 9680/9680
f 9681/9681 9682/9682 9683/9683
f 9681/9681 9683/9683 9684/9684
f 9685/9685 9686/9686 9687/9687
f 9685/9685 9687/9687 9688/9688
f 9689/9689 9690/9690 9691/9691
f 9689/9689 9691/9691 9692/9692
f 9693/9693 9694/9694 9695/9695
f 9696/9696 9693/9693 9695/9695
f 9697/9697 9693/9693 9696/9696
f 9698/9698 9699/9699 9700/9700
f 9701/9701 9698/9698 9700/9700
f 9702/9702 9698/9698 9701/9701
f 9703/9703 9704/9704 9705/9705
f 9703/9703 9705/9705 9706/9706
f 9706/9706 9705/9705 9707/9707
f 9706/9706 9707/9707 9708/9708
f 9709/9709 9710/9710 9711/9711
f 9709/9709 9711/9711 9712/9712
f 9712/9712 9711/9711 9713/9713
f 9712/9712 9713/9713 9714/9714
f 9715/9715 9716/9716 9717/9717
f 9717/9717 9716/9716 9718/9718
f 9719/9719 9720/9720 9721/9721
f 9721/9721 9722/9722 9719/9719
f 9721/9721 9723/9723 9722/9722
f 9724/9724 9725/9725 9726/9726
f 9726/9726 9727/9727 9724/9724
f 9726/9726 9728/9728 9727/9727
f 9726/9726 9729/9729 9728/9728
f 9730/9730 9731/9731 9732/9732
f 9732/9732 9731/9731 9733/9733
f 9732/9732 9733/9733 9734/9734
f 9734/9734 9733/9733 9735/9735
f 9736/9736 9737/9737 9738/9738
f 9738/9738 9739/9739 9736/9736
f 9738/9738 9740/9740 9739/9739
f 9741/9741 9742/9742 9743/9743
f 9743/9743 9744/9744 9741/9741
f 9744/9744 9745/9745 9741/9741
f 9745/9745 9746/9746 9741/9741
f 9747/9747 9748/9748 9749/9749
f 9749/9749 9748/9748 9750/9750
f 9749/9749 9750/9750 9751/9751
f 9751/9751 9750/9750 9752/9752
f 9753/9753 9754/9754 9755/9755
f 9755/9755 9756/9756 9753/9753
f 9756/9756 9757/9757 9753/9753
f 9758/9758 9759/9759 9760/9760
f 9760/9760 9761/9761 9758/9758
f 9760/9760 9762/9762 9761/9761
f 9760/9760 9763/9763 9762/9762
f 9764/9764 9765/9765 9766/9766
f 9766/9766 9765/9765 9767/9767
f 9766/9766 9767/9767 9768/9768
f 9768/9768 9767/9767 9769/9769
f 9770/9770 9771/9771 9772/9772
f 9773/9773 9771/9771 9770/9770
f 9772/9772 9771/9771 9774/9774
f 9775/9775 9771/9771 9773/9773
f 9774/9774 9771/9771 9776/9776
f 9776/9776 9771/9771 9775/9775
f 9777/9777 9778/9778 9779/9779
f 9780/9780 9778/9778 9777/9777
f 9779/9779 9778/9778 9781/9781
f 9782/9782 9778/9778 9780/9780
f 9781/9781 9778/9778 9783/9783
f 9783/9783 9778/9778 9782/9782
f 9784/9784 9785/9785 9786/9786
f 9787/9787 9785/9785 9784/9784
f 9786/9786 9785/9785 9788/9788
f 9789/9789 9785/9785 9787/9787
f 9788/9788 9785/9785 9790/9790
f 9790/9790 9785/9785 9789/9789
f 9791/9791 9792/9792 9793/9793
f 9793/9793 9792/9792 9794/9794
f 9795/9795 9796/9796 9791/9791
f 9794/9794 9796/9796 9795/9795
f 9797/9797 9798/9798 9799/9799
f 9800/9800 9798/9798 9797/9797
f 9799/9799 9798/9798 9801/9801
f 9802/9802 9798/9798 9800/9800
f 9801/9801 9798/9798 9803/9803
f 9803/9803 9798/9798 9802/9802
f 9804/9804 9805/9805 9806/9806
f 9807/9807 9805/9805 9804/9804
f 9806/9806 9805/9805 9808/9808
f 9809/9809 9805/9805 9807/9807
f 9808/9808 9805/9805 9810/9810
f 9810/9810 9805/9805 9809/9809
f 9811/9811 9812/9812 9813/9813
f 9814/9814 9812/9812 9811/9811
f 9813/9813 9812/9812 9815/9815
f 9815/9815 9812/9812 9814/9814
f 9816/9816 9817/9817 9818/9818
f 9819/9819 9817/9817 9816/9816
f 9818/9818 9817/9817 9820/9820
f 9820/9820 9817/9817 9819/9819
f 9821/9821 9822/9822 9823/9823
f 9824/9824 9822/9822 9821/9821
f 9823/9823 9822/9822 9825/9825
f 9825/9825 9822/9822 9824/9824
o vehicle#setka_7
v 0.192667 3.997113 -2.542434
v 0.084880 3.706493 -1.357427
v 0.084600 4.114940 -2.499834
v 0.249961 3.572472 -1.403956
v 0.512395 3.714686 -2.644216
v 0.596612 3.326918 -1.489774
v -0.191715 3.997113 -2.542434
v -0.083648 4.114940 -2.499834
v -0.083928 3.706493 -1.357427
v -0.249009 3.572472 -1.403956
v -0.511443 3.714686 -2.644216
v -0.595660 3.326918 -1.489774
vt 12.52010 -5.39280
vt -11.00620 -12.16560
vt 12.58580 -11.18780
vt -11.14160 -4.44770
vt 12.32080 10.14170
vt -11.39860 10.89050
vt 12.52010 -5.39280
vt 12.58580 -11.18780
vt -11.00620 -12.16560
vt -11.14160 -4.44770
vt 12.32080 10.14170
vt -11.39860 10.89050
g vehicle#setka_8_0
usemtl bdbe637b-ae65-42c5-96c1-ea551a510a1d
f 9826/9826 9827/9827 9828/9828
f 9826/9826 9829/9829 9827/9827
f 9826/9826 9830/9830 9829/9829
f 9829/9829 9830/9830 9831/9831
f 9832/9832 9833/9833 9834/9834
f 9832/9832 9834/9834 9835/9835
f 9832/9832 9835/9835 9836/9836
f 9835/9835 9837/9837 9836/9836
o vehicle#stoiki_8
v -0.062967 0.902538 6.007309
v -0.039024 0.916168 5.930932
v 0.000010 0.983344 6.003846
v -0.039024 0.916168 5.930932
v 0.038858 0.915563 5.934031
v 0.000010 0.983344 6.003846
v 0.038858 0.915563 5.934031
v 0.063080 0.901630 6.012307
v 0.000010 0.983344 6.003846
v 0.063919 0.344152 5.822557
v 0.040721 0.330913 5.903834
v 0.065409 0.382721 5.840723
v 0.011189 0.365574 5.809693
v 0.030474 0.333485 5.803339
v 0.032710 0.396534 5.832946
v 0.030474 0.333485 5.803339
v 0.040721 0.330913 5.903834
v 0.063919 0.344152 5.822557
v 0.065409 0.382721 5.840723
v 0.040721 0.330913 5.903834
v 0.032710 0.396534 5.832946
v -0.062967 0.344152 5.822557
v -0.064457 0.382721 5.840723
v -0.039769 0.330913 5.903834
v -0.010237 0.365574 5.809693
v -0.029522 0.333485 5.803339
v -0.031758 0.396534 5.832946
v -0.029522 0.333485 5.803339
v -0.062967 0.344152 5.822557
v -0.039769 0.330913 5.903834
v -0.064457 0.382721 5.840723
v -0.031758 0.396534 5.832946
v -0.039769 0.330913 5.903834
v 0.114971 1.025325 -1.496296
v 0.089724 1.061378 -1.469035
v 0.124659 1.012354 -1.454718
v -0.124080 1.067831 -1.500124
v -0.114019 1.025325 -1.496296
v -0.088772 1.061378 -1.469035
v -0.123707 1.012354 -1.454718
v -0.088772 1.061378 -1.469035
v -0.139824 1.047016 -1.432859
v -0.140290 1.081864 -1.460800
v -0.124080 1.067831 -1.500124
v -0.088772 1.061378 -1.469035
v -0.139731 1.368991 -2.297712
v -0.137309 1.365066 -2.342119
v -0.088772 1.357134 -2.322833
v -0.126316 1.330061 -2.279978
v -0.088772 1.357134 -2.322833
v -0.115882 1.303017 -2.312925
v -0.088772 1.357134 -2.322833
v -0.122683 1.324682 -2.351388
v -0.137309 1.365066 -2.342119
v 0.048267 -0.328883 5.901310
v -0.048154 -0.214946 5.820504
v 0.048267 -0.214946 5.820504
v -0.048154 -0.328883 5.901310
v 0.048267 -0.472807 5.914965
v -0.048154 -0.472807 5.914965
v 0.048267 -0.605103 5.853839
v -0.048154 -0.605103 5.853839
v 0.048267 -0.214946 5.820504
v -0.048154 -0.214946 5.820504
v -0.048154 -0.151209 5.681712
v 0.048267 -0.151209 5.681712
v -0.048154 -0.165889 5.552788
v 0.048267 -0.165889 5.552788
v -0.048154 -0.248075 5.426747
v 0.048267 -0.248075 5.426747
v 0.048267 -0.248075 5.426747
v -0.048154 -0.248075 5.426747
v -0.048154 -0.380271 5.365422
v 0.048267 -0.380271 5.365422
v -0.048154 -0.524194 5.379176
v 0.048267 -0.524194 5.379176
v -0.048154 -0.640733 5.460178
v 0.048267 -0.640733 5.460178
v 0.048267 -0.640733 5.460178
v -0.048154 -0.640733 5.460178
v -0.048154 -0.701355 5.590775
v 0.048267 -0.701355 5.590775
v -0.048154 -0.687288 5.727699
v 0.048267 -0.687288 5.727699
v -0.048154 -0.605103 5.853839
v 0.048267 -0.605103 5.853839
v -0.062967 0.902538 6.007309
v -0.062967 0.234537 5.889670
v -0.039024 0.248168 5.813294
v -0.039024 0.916168 5.930932
v -0.039024 0.916168 5.930932
v -0.039024 0.248168 5.813294
v 0.038858 0.247662 5.816393
v 0.038858 0.915563 5.934031
v 0.038858 0.915563 5.934031
v 0.038858 0.247662 5.816393
v 0.063080 0.233629 5.894669
v 0.063080 0.901630 6.012307
v 0.063080 0.901630 6.012307
v 0.063080 0.233629 5.894669
v 0.000103 0.225552 5.939955
v 0.000103 0.893552 6.057594
v -0.062967 0.234537 5.889670
v -0.062967 0.902538 6.007309
v 0.063080 0.901630 6.012307
v 0.000103 0.893552 6.057594
v 0.000010 0.983344 6.003846
v -0.062967 0.902538 6.007309
v -0.039583 0.311221 5.899201
v -0.039583 -0.130644 5.819348
v -0.024584 -0.122062 5.771362
v -0.024584 0.319803 5.851216
v -0.024584 0.319803 5.851216
v -0.024584 -0.122062 5.771362
v 0.024418 -0.122365 5.773262
v 0.024418 0.319400 5.853115
v 0.024418 0.319400 5.853115
v 0.024418 -0.122365 5.773262
v 0.039697 -0.131149 5.822447
v 0.039697 0.310616 5.902300
v 0.039697 0.310616 5.902300
v 0.039697 -0.131149 5.822447
v 0.000103 -0.136297 5.850939
v 0.000103 0.305567 5.930791
v 0.000103 0.305567 5.930791
v 0.000103 -0.136297 5.850939
v -0.039583 -0.130644 5.819348
v -0.039583 0.311221 5.899201
v -0.119329 -0.120007 5.739166
v 0.000197 -0.042755 5.826298
v -0.150910 -0.102044 5.819796
v 0.119256 -0.120007 5.739366
v 0.150744 -0.101844 5.819797
v -0.150910 -0.102044 5.819796
v 0.000197 -0.042755 5.826298
v -0.119329 -0.149338 5.874616
v 0.119256 -0.149338 5.874716
v 0.150744 -0.101844 5.819797
v 0.089258 -0.164712 5.800990
v -0.119329 -0.149338 5.874616
v 0.119256 -0.149338 5.874716
v -0.089238 -0.164912 5.800889
v -0.119329 -0.120007 5.739166
v 0.119256 -0.120007 5.739366
v -0.153985 -0.450757 5.651002
v 0.153912 -0.450657 5.651102
v 0.153912 -0.439605 5.620121
v -0.153891 -0.439705 5.620121
v -0.153891 -0.439705 5.620121
v 0.153912 -0.439605 5.620121
v 0.153912 -0.406606 5.620877
v -0.153891 -0.406806 5.620777
v -0.153891 -0.406806 5.620777
v 0.153912 -0.406606 5.620877
v 0.153912 -0.397259 5.652293
v -0.153891 -0.397459 5.652193
v -0.153891 -0.397459 5.652193
v 0.153912 -0.397259 5.652293
v 0.153912 -0.423593 5.672248
v -0.153985 -0.423693 5.672148
v -0.153985 -0.423693 5.672148
v 0.153912 -0.423593 5.672248
v 0.153912 -0.450657 5.651102
v -0.153985 -0.450757 5.651002
v -0.153891 -0.397459 5.652193
v -0.153985 -0.423693 5.672148
v -0.153985 -0.450757 5.651002
v -0.153891 -0.406806 5.620777
v -0.153891 -0.439705 5.620121
v 0.153912 -0.450657 5.651102
v 0.153912 -0.423593 5.672248
v 0.153912 -0.397259 5.652293
v 0.153912 -0.406606 5.620877
v 0.153912 -0.439605 5.620121
v -0.052626 -0.044178 5.839495
v -0.032596 -0.081854 5.766831
v -0.032596 -0.032769 5.775714
v -0.052626 -0.093263 5.830612
v 0.000103 -0.051649 5.881583
v 0.000103 -0.100834 5.872599
v 0.052739 -0.044885 5.843694
v 0.052739 -0.093970 5.834811
v 0.032430 -0.033174 5.778314
v 0.032430 -0.082358 5.769330
v -0.032596 -0.032769 5.775714
v -0.032596 -0.081854 5.766831
v 0.032430 -0.082358 5.769330
v 0.032430 -0.033174 5.778314
v 0.000103 -0.100834 5.872599
v 0.052739 -0.093970 5.834811
v 0.032430 -0.082358 5.769330
v -0.032596 -0.081854 5.766831
v -0.052626 -0.093263 5.830612
v 0.032430 -0.033174 5.778314
v 0.052739 -0.044885 5.843694
v 0.000103 -0.051649 5.881583
v -0.032596 -0.032769 5.775714
v -0.052626 -0.044178 5.839495
v -0.076568 0.300311 5.905182
v -0.076568 0.228733 5.892160
v -0.047502 0.245391 5.799389
v -0.047502 0.316869 5.812311
v -0.047502 0.316869 5.812311
v -0.047502 0.245391 5.799389
v 0.047243 0.244685 5.803088
v 0.047243 0.316163 5.816109
v 0.047243 0.316163 5.816109
v 0.047243 0.244685 5.803088
v 0.076682 0.227723 5.898259
v 0.076682 0.299201 5.911180
v 0.076682 0.299201 5.911180
v 0.076682 0.227723 5.898259
v 0.000103 0.217829 5.953242
v 0.000103 0.289407 5.966264
v -0.076568 0.228733 5.892160
v -0.076568 0.300311 5.905182
v 0.047243 0.316163 5.816109
v 0.076682 0.299201 5.911180
v 0.000103 0.289407 5.966264
v -0.047502 0.316869 5.812311
v -0.076568 0.300311 5.905182
v 0.000103 0.217829 5.953242
v 0.076682 0.227723 5.898259
v 0.047243 0.244685 5.803088
v -0.047502 0.245391 5.799389
v -0.076568 0.228733 5.892160
v -0.047502 0.312864 5.815404
v -0.023839 0.139894 5.621608
v 0.023580 0.139194 5.621707
v 0.047243 0.312164 5.815402
v -0.023839 0.139894 5.621608
v -0.038279 -0.080861 5.770933
v 0.038020 -0.081561 5.770932
v 0.023580 0.139194 5.621707
v 0.023580 0.139194 5.621707
v 0.023580 0.129512 5.669691
v 0.047243 0.246983 5.804192
v 0.047243 0.312164 5.815402
v -0.047502 0.312864 5.815404
v -0.047502 0.247583 5.804092
v -0.023839 0.130112 5.669692
v -0.023839 0.139894 5.621608
v 0.038020 -0.081561 5.770932
v 0.038020 -0.081430 5.811532
v 0.023580 0.129512 5.669691
v 0.023580 0.139194 5.621707
v -0.023839 0.139894 5.621608
v -0.023839 0.130112 5.669692
v -0.038279 -0.080730 5.811533
v -0.038279 -0.080861 5.770933
v 0.023580 0.129512 5.669691
v -0.023839 0.130112 5.669692
v -0.047502 0.247583 5.804092
v 0.047243 0.246983 5.804192
v 0.038020 -0.081430 5.811532
v -0.038279 -0.080730 5.811533
v -0.023839 0.130112 5.669692
v 0.023580 0.129512 5.669691
v 0.615524 1.116429 4.545670
v 0.617946 1.076962 4.526503
v 0.063919 0.344152 5.822557
v 0.065409 0.382721 5.840723
v 0.617946 1.076962 4.526503
v 0.577887 1.067291 4.509387
v 0.030474 0.333485 5.803339
v 0.063919 0.344152 5.822557
v 0.577887 1.067291 4.509387
v 0.550684 1.100776 4.517944
v 0.011189 0.365574 5.809693
v 0.030474 0.333485 5.803339
v 0.550684 1.100776 4.517944
v 0.032710 0.396534 5.832946
v 0.011189 0.365574 5.809693
v 0.573694 1.131638 4.540597
v 0.065409 0.382721 5.840723
v 0.615524 1.116429 4.545670
v -0.614572 1.116429 4.545670
v -0.064457 0.382721 5.840723
v -0.062967 0.344152 5.822557
v -0.616994 1.076962 4.526503
v -0.029522 0.333485 5.803339
v -0.576935 1.067291 4.509387
v -0.576935 1.067291 4.509387
v -0.029522 0.333485 5.803339
v -0.010237 0.365574 5.809693
v -0.549732 1.100776 4.517944
v -0.549732 1.100776 4.517944
v -0.010237 0.365574 5.809693
v -0.031758 0.396534 5.832946
v -0.572742 1.131638 4.540597
v -0.572742 1.131638 4.540597
v -0.031758 0.396534 5.832946
v -0.064457 0.382721 5.840723
v -0.614572 1.116429 4.545670
v -0.054862 0.482696 6.031293
v -0.054862 0.285354 5.997157
v -0.033993 0.297267 5.930777
v -0.033993 0.494610 5.964813
v -0.033993 0.494610 5.964813
v -0.033993 0.297267 5.930777
v 0.033828 0.296763 5.933376
v 0.033828 0.494105 5.967413
v 0.033828 0.494105 5.967413
v 0.033828 0.296763 5.933376
v 0.054882 0.284647 6.001556
v 0.054882 0.481989 6.035592
v 0.054882 0.481989 6.035592
v 0.054882 0.284647 6.001556
v 0.000103 0.277580 6.040944
v 0.000103 0.474922 6.074980
v 0.000103 0.474922 6.074980
v 0.000103 0.277580 6.040944
v -0.054862 0.285354 5.997157
v -0.054862 0.482696 6.031293
v 0.033828 0.494105 5.967413
v 0.054882 0.481989 6.035592
v 0.000103 0.474922 6.074980
v -0.033993 0.494610 5.964813
v -0.054862 0.482696 6.031293
v 0.000103 0.277580 6.040944
v 0.054882 0.284647 6.001556
v 0.033828 0.296763 5.933376
v -0.033993 0.297267 5.930777
v -0.054862 0.285354 5.997157
v 2.123145 0.669767 -1.697903
v 2.007998 0.805832 -1.794371
v 2.123145 0.805832 -1.794371
v 2.007998 0.669767 -1.697903
v 2.123145 0.498039 -1.681595
v 2.007998 0.498039 -1.681595
v 2.123145 0.340163 -1.754564
v 2.007998 0.340163 -1.754564
v 2.123145 0.805832 -1.794371
v 2.007998 0.805832 -1.794371
v 2.007998 0.881914 -1.960042
v 2.123145 0.881914 -1.960042
v 2.007998 0.864377 -2.113872
v 2.123145 0.864377 -2.113872
v 2.007998 0.766233 -2.264339
v 2.123145 0.766233 -2.264339
v 2.123145 0.766233 -2.264339
v 2.007998 0.766233 -2.264339
v 2.007998 0.608457 -2.337408
v 2.123145 0.608457 -2.337408
v 2.007998 0.436629 -2.321101
v 2.123145 0.436629 -2.321101
v 2.007998 0.297564 -2.224338
v 2.123145 0.297564 -2.224338
v 2.123145 0.297564 -2.224338
v 2.007998 0.297564 -2.224338
v 2.007998 0.225298 -2.068561
v 2.123145 0.225298 -2.068561
v 2.007998 0.242120 -1.905132
v 2.123145 0.242120 -1.905132
v 2.007998 0.340163 -1.754564
v 2.123145 0.340163 -1.754564
v 0.125032 1.067831 -1.500124
v 1.921917 0.534338 -1.974534
v 1.927321 0.575754 -1.983463
v 0.114971 1.025325 -1.496296
v 1.932445 0.521176 -1.938156
v 0.124659 1.012354 -1.454718
v 0.124659 1.012354 -1.454718
v 0.140776 1.047016 -1.432859
v 1.944276 0.554653 -1.924599
v 1.932445 0.521176 -1.938156
v 0.140776 1.047016 -1.432859
v 0.141242 1.081864 -1.460800
v 1.941202 0.588801 -1.952541
v 1.944276 0.554653 -1.924599
v 0.141242 1.081864 -1.460800
v 0.125032 1.067831 -1.500124
v 1.927321 0.575754 -1.983463
v 1.941202 0.588801 -1.952541
v 0.127268 1.330061 -2.279978
v 1.927321 0.576985 -2.001861
v 1.921917 0.550742 -2.035106
v 0.116834 1.303017 -2.312925
v 0.116834 1.303017 -2.312925
v 1.921917 0.550742 -2.035106
v 1.932445 0.563804 -2.071484
v 0.123635 1.324682 -2.351388
v 0.123635 1.324682 -2.351388
v 1.932445 0.563804 -2.071484
v 1.944276 0.598185 -2.060625
v 0.138261 1.365066 -2.342119
v 1.941202 0.606712 -2.017311
v 0.140683 1.368991 -2.297712
v 0.140683 1.368991 -2.297712
v 1.941202 0.606712 -2.017311
v 1.927321 0.576985 -2.001861
v 0.127268 1.330061 -2.279978
v 0.125032 1.067831 -1.500124
v 0.089724 1.061378 -1.469035
v 0.114971 1.025325 -1.496296
v 0.141242 1.081864 -1.460800
v 0.140776 1.047016 -1.432859
v 0.124659 1.012354 -1.454718
v 0.116834 1.303017 -2.312925
v 0.089724 1.357134 -2.322833
v 0.127268 1.330061 -2.279978
v 0.123635 1.324682 -2.351388
v 0.138261 1.365066 -2.342119
v 0.089724 1.357134 -2.322833
v 0.123635 1.324682 -2.351388
v 0.140683 1.368991 -2.297712
v 0.127268 1.330061 -2.279978
v 1.089898 2.444355 -1.688479
v 1.657155 1.132656 -1.866514
v 1.612158 1.118662 -1.929238
v 1.043691 2.434253 -1.746196
v 1.043691 2.434253 -1.746196
v 1.612158 1.118662 -1.929238
v 1.651006 1.144373 -1.993994
v 1.076576 2.463059 -1.808147
v 1.076576 2.463059 -1.808147
v 1.651006 1.144373 -1.993994
v 1.720038 1.174434 -1.971243
v 1.143093 2.491026 -1.788699
v 1.143093 2.491026 -1.788699
v 1.720038 1.174434 -1.971243
v 1.724603 1.167499 -1.891855
v 1.152130 2.479799 -1.714218
v 1.152130 2.479799 -1.714218
v 1.724603 1.167499 -1.891855
v 1.657155 1.132656 -1.866514
v 1.089898 2.444355 -1.688479
v 1.612158 1.118662 -1.929238
v 1.657155 1.132656 -1.866514
v 1.908782 0.591540 -1.975136
v 1.891920 0.583380 -1.998650
v 1.651006 1.144373 -1.993994
v 1.612158 1.118662 -1.929238
v 1.891920 0.583380 -1.998650
v 1.906639 0.591323 -2.024237
v 1.720038 1.174434 -1.971243
v 1.651006 1.144373 -1.993994
v 1.906639 0.591323 -2.024237
v 1.932817 0.604210 -2.016515
v 1.724603 1.167499 -1.891855
v 1.720038 1.174434 -1.971243
v 1.932817 0.604210 -2.016515
v 1.934494 0.604558 -1.985914
v 1.657155 1.132656 -1.866514
v 1.724603 1.167499 -1.891855
v 1.934494 0.604558 -1.985914
v 1.908782 0.591540 -1.975136
v 1.043691 2.434253 -1.746196
v 0.957610 2.713087 -1.707221
v 0.983322 2.720731 -1.674208
v 1.089898 2.444355 -1.688479
v 1.076576 2.463059 -1.808147
v 0.976801 2.728548 -1.742994
v 0.957610 2.713087 -1.707221
v 1.043691 2.434253 -1.746196
v 1.143093 2.491026 -1.788699
v 1.036610 2.707842 -1.739630
v 0.976801 2.728548 -1.742994
v 1.076576 2.463059 -1.808147
v 1.152130 2.479799 -1.714218
v 1.040710 2.703170 -1.697138
v 1.036610 2.707842 -1.739630
v 1.143093 2.491026 -1.788699
v 1.089898 2.444355 -1.688479
v 0.983322 2.720731 -1.674208
v 1.040710 2.703170 -1.697138
v 1.152130 2.479799 -1.714218
v 1.925271 0.530258 -1.927041
v 1.845619 0.559358 -1.927091
v 1.864158 0.640130 -1.969654
v 1.918284 0.640130 -1.969654
v 1.864158 0.640022 -2.023454
v 1.918191 0.640022 -2.023454
v 1.856332 0.588383 -2.059242
v 1.935985 0.559383 -2.059191
v 1.925271 0.530258 -1.927041
v 1.918284 0.640130 -1.969654
v 1.918191 0.640022 -2.023454
v 1.935985 0.559383 -2.059191
v 1.864158 0.640130 -1.969654
v 1.845619 0.559358 -1.927091
v 1.856332 0.588383 -2.059242
v 1.864158 0.640022 -2.023454
v 1.845619 0.559358 -1.927091
v 1.925271 0.530258 -1.927041
v 1.935985 0.559383 -2.059191
v 1.856332 0.588383 -2.059242
v 1.920613 0.565790 -1.887580
v 1.920613 0.665811 -1.958310
v 1.997937 0.668909 -1.956905
v 1.997937 0.566185 -1.884179
v 1.920613 0.665811 -1.958310
v 1.920613 0.654914 -2.077428
v 1.997937 0.657717 -2.079224
v 1.997937 0.668909 -1.956905
v 1.920613 0.654914 -2.077428
v 1.920613 0.541507 -2.132322
v 1.997937 0.541213 -2.135622
v 1.997937 0.657717 -2.079224
v 1.920613 0.541507 -2.132322
v 1.920613 0.442287 -2.061891
v 1.997937 0.439190 -2.063296
v 1.997937 0.541213 -2.135622
v 1.920613 0.442287 -2.061891
v 1.920613 0.452284 -1.942574
v 1.997937 0.449581 -1.940678
v 1.997937 0.439190 -2.063296
v 1.920613 0.452284 -1.942574
v 1.920613 0.565790 -1.887580
v 1.997937 0.566185 -1.884179
v 1.997937 0.449581 -1.940678
v 0.983322 2.720731 -1.674208
v 0.884293 2.917580 -1.644072
v 0.923606 2.902319 -1.666898
v 1.040710 2.703170 -1.697138
v 1.040710 2.703170 -1.697138
v 0.923606 2.902319 -1.666898
v 0.919507 2.907091 -1.709490
v 1.036610 2.707842 -1.739630
v 1.036610 2.707842 -1.739630
v 0.919507 2.907091 -1.709490
v 0.877771 2.925397 -1.712859
v 0.976801 2.728548 -1.742994
v 0.923606 2.902319 -1.666898
v 0.884293 2.917580 -1.644072
v 0.877771 2.925397 -1.712859
v 0.919507 2.907091 -1.709490
v -2.122193 0.669767 -1.697903
v -2.122193 0.805832 -1.794371
v -2.007046 0.805832 -1.794371
v -2.007046 0.669767 -1.697903
v -2.122193 0.498039 -1.681595
v -2.007046 0.498039 -1.681595
v -2.122193 0.340163 -1.754564
v -2.007046 0.340163 -1.754564
v -2.122193 0.805832 -1.794371
v -2.007046 0.881914 -1.960042
v -2.007046 0.805832 -1.794371
v -2.122193 0.881914 -1.960042
v -2.007046 0.864377 -2.113872
v -2.122193 0.864377 -2.113872
v -2.007046 0.766233 -2.264339
v -2.122193 0.766233 -2.264339
v -2.122193 0.766233 -2.264339
v -2.007046 0.608457 -2.337408
v -2.007046 0.766233 -2.264339
v -2.122193 0.608457 -2.337408
v -2.007046 0.436629 -2.321101
v -2.122193 0.436629 -2.321101
v -2.007046 0.297564 -2.224338
v -2.122193 0.297564 -2.224338
v -2.122193 0.297564 -2.224338
v -2.007046 0.225298 -2.068561
v -2.007046 0.297564 -2.224338
v -2.122193 0.225298 -2.068561
v -2.007046 0.242020 -1.905132
v -2.122193 0.242120 -1.905132
v -2.007046 0.340163 -1.754564
v -2.122193 0.340163 -1.754564
v -0.124080 1.067831 -1.500124
v -1.926369 0.575754 -1.983463
v -1.920966 0.534338 -1.974534
v -0.114019 1.025325 -1.496296
v -0.114019 1.025325 -1.496296
v -1.920966 0.534338 -1.974534
v -1.931493 0.521176 -1.938156
v -0.123707 1.012354 -1.454718
v -0.123707 1.012354 -1.454718
v -1.931493 0.521176 -1.938156
v -1.943324 0.554653 -1.924599
v -0.139824 1.047016 -1.432859
v -1.940250 0.588801 -1.952541
v -0.140290 1.081864 -1.460800
v -0.140290 1.081864 -1.460800
v -1.940250 0.588801 -1.952541
v -1.926369 0.575754 -1.983463
v -0.124080 1.067831 -1.500124
v -0.126316 1.330061 -2.279978
v -1.920966 0.550742 -2.035106
v -1.926369 0.576985 -2.001861
v -0.115882 1.303017 -2.312925
v -1.931493 0.563804 -2.071484
v -0.122683 1.324682 -2.351388
v -0.122683 1.324682 -2.351388
v -0.137309 1.365066 -2.342119
v -1.943324 0.598185 -2.060625
v -1.931493 0.563804 -2.071484
v -0.137309 1.365066 -2.342119
v -0.139731 1.368991 -2.297712
v -1.940250 0.606712 -2.017311
v -1.943324 0.598185 -2.060625
v -0.139731 1.368991 -2.297712
v -0.126316 1.330061 -2.279978
v -1.926369 0.576985 -2.001861
v -1.940250 0.606712 -2.017311
v -1.088946 2.444355 -1.688479
v -1.042739 2.434253 -1.746196
v -1.611206 1.118662 -1.929238
v -1.656203 1.132656 -1.866514
v -1.042739 2.434253 -1.746196
v -1.075624 2.463059 -1.808147
v -1.650054 1.144373 -1.993994
v -1.611206 1.118662 -1.929238
v -1.075624 2.463059 -1.808147
v -1.142141 2.491026 -1.788699
v -1.719086 1.174434 -1.971243
v -1.650054 1.144373 -1.993994
v -1.142141 2.491026 -1.788699
v -1.151178 2.479799 -1.714218
v -1.723651 1.167499 -1.891855
v -1.719086 1.174434 -1.971243
v -1.151178 2.479799 -1.714218
v -1.088946 2.444355 -1.688479
v -1.656203 1.132656 -1.866514
v -1.723651 1.167499 -1.891855
v -1.611206 1.118662 -1.929238
v -1.890968 0.583380 -1.998650
v -1.907830 0.591540 -1.975136
v -1.656203 1.132656 -1.866514
v -1.650054 1.144373 -1.993994
v -1.905687 0.591323 -2.024237
v -1.890968 0.583380 -1.998650
v -1.611206 1.118662 -1.929238
v -1.719086 1.174434 -1.971243
v -1.931865 0.604210 -2.016515
v -1.905687 0.591323 -2.024237
v -1.650054 1.144373 -1.993994
v -1.723651 1.167499 -1.891855
v -1.933542 0.604558 -1.985914
v -1.931865 0.604210 -2.016515
v -1.719086 1.174434 -1.971243
v -1.656203 1.132656 -1.866514
v -1.907830 0.591540 -1.975136
v -1.933542 0.604558 -1.985914
v -1.723651 1.167499 -1.891855
v -1.042739 2.434253 -1.746196
v -1.088946 2.444355 -1.688479
v -0.982370 2.720731 -1.674208
v -0.956658 2.713087 -1.707221
v -1.075624 2.463059 -1.808147
v -1.042739 2.434253 -1.746196
v -0.956658 2.713087 -1.707221
v -0.975849 2.728548 -1.742994
v -1.142141 2.491026 -1.788699
v -1.075624 2.463059 -1.808147
v -0.975849 2.728548 -1.742994
v -1.035658 2.707842 -1.739630
v -1.151178 2.479799 -1.714218
v -1.142141 2.491026 -1.788699
v -1.035658 2.707842 -1.739630
v -1.039758 2.703170 -1.697138
v -1.088946 2.444355 -1.688479
v -1.151178 2.479799 -1.714218
v -1.039758 2.703170 -1.697138
v -0.982370 2.720731 -1.674208
v -1.924319 0.530258 -1.927041
v -1.863206 0.640130 -1.969654
v -1.844667 0.559358 -1.927091
v -1.917332 0.640130 -1.969654
v -1.863206 0.640022 -2.023454
v -1.917239 0.640022 -2.023454
v -1.855380 0.588383 -2.059242
v -1.935033 0.559383 -2.059191
v -1.924319 0.530258 -1.927041
v -1.935033 0.559383 -2.059191
v -1.917239 0.640022 -2.023454
v -1.917332 0.640130 -1.969654
v -1.863206 0.640130 -1.969654
v -1.863206 0.640022 -2.023454
v -1.855380 0.588383 -2.059242
v -1.844667 0.559358 -1.927091
v -1.844667 0.559358 -1.927091
v -1.855380 0.588383 -2.059242
v -1.935033 0.559383 -2.059191
v -1.924319 0.530258 -1.927041
v -1.919661 0.565790 -1.887580
v -1.996985 0.566185 -1.884179
v -1.996985 0.668909 -1.956905
v -1.919661 0.665811 -1.958310
v -1.919661 0.665811 -1.958310
v -1.996985 0.668909 -1.956905
v -1.996985 0.657717 -2.079224
v -1.919661 0.654914 -2.077428
v -1.919661 0.654914 -2.077428
v -1.996985 0.657717 -2.079224
v -1.996985 0.541213 -2.135622
v -1.919661 0.541507 -2.132322
v -1.919661 0.541507 -2.132322
v -1.996985 0.541213 -2.135622
v -1.996985 0.439190 -2.063296
v -1.919661 0.442287 -2.061891
v -1.919661 0.442287 -2.061891
v -1.996985 0.439190 -2.063296
v -1.996985 0.449581 -1.940678
v -1.919661 0.452284 -1.942574
v -1.919661 0.452284 -1.942574
v -1.996985 0.449581 -1.940678
v -1.996985 0.566185 -1.884179
v -1.919661 0.565790 -1.887580
v -0.982370 2.720731 -1.674208
v -1.039758 2.703170 -1.697138
v -0.922654 2.902319 -1.666898
v -0.883341 2.917580 -1.644072
v -1.039758 2.703170 -1.697138
v -1.035658 2.707842 -1.739630
v -0.918555 2.907091 -1.709490
v -0.922654 2.902319 -1.666898
v -1.035658 2.707842 -1.739630
v -0.975849 2.728548 -1.742994
v -0.876819 2.925397 -1.712859
v -0.918555 2.907091 -1.709490
v -0.922654 2.902319 -1.666898
v -0.918555 2.907091 -1.709490
v -0.876819 2.925397 -1.712859
v -0.883341 2.917580 -1.644072
v 1.920613 0.565790 -1.887580
v 1.921358 0.551502 -2.011705
v 1.920613 0.665811 -1.958310
v 1.920613 0.452284 -1.942574
v 1.920613 0.654914 -2.077428
v 1.920613 0.442287 -2.061891
v 1.920613 0.541507 -2.132322
v -1.919661 0.565790 -1.887580
v -1.919661 0.665811 -1.958310
v -1.920406 0.551502 -2.011705
v -1.919661 0.452284 -1.942574
v -1.919661 0.654914 -2.077428
v -1.919661 0.442287 -2.061891
v -1.919661 0.541507 -2.132322
v 0.048267 -0.328883 5.901310
v 0.086836 -0.405893 5.847979
v 0.048267 -0.472807 5.914965
v 0.048267 -0.214946 5.820504
v 0.086836 -0.598534 5.754651
v 0.048267 -0.605103 5.853839
v 0.048267 -0.687288 5.727699
v 0.086836 -0.236088 5.727868
v 0.048267 -0.151209 5.681712
v 0.048267 -0.165889 5.552788
v 0.086836 -0.615689 5.552021
v 0.048267 -0.701355 5.590775
v 0.048267 -0.640733 5.460178
v 0.048733 -0.430034 5.637337
v 0.086836 -0.254544 5.525836
v 0.048267 -0.248075 5.426747
v 0.048267 -0.380271 5.365422
v 0.086836 -0.447185 5.432508
v 0.048267 -0.524194 5.379176
v -0.048154 -0.472807 5.914965
v -0.086816 -0.405893 5.847979
v -0.048154 -0.328883 5.901310
v -0.048154 -0.605103 5.853839
v -0.086816 -0.236088 5.727868
v -0.048154 -0.214946 5.820504
v -0.048154 -0.151209 5.681712
v -0.086816 -0.598534 5.754651
v -0.048154 -0.687288 5.727699
v -0.048154 -0.701355 5.590775
v -0.086816 -0.254544 5.525836
v -0.048154 -0.165889 5.552788
v -0.048154 -0.248075 5.426747
v -0.048620 -0.430034 5.637337
v -0.086816 -0.615689 5.552021
v -0.048154 -0.640733 5.460178
v -0.048154 -0.524194 5.379176
v -0.086816 -0.447185 5.432508
v -0.048154 -0.380271 5.365422
v 2.123145 0.669767 -1.697903
v 2.169166 0.577875 -1.761459
v 2.123145 0.498039 -1.681595
v 2.123145 0.805832 -1.794371
v 2.169166 0.347965 -1.872851
v 2.123145 0.340163 -1.754564
v 2.123145 0.242120 -1.905132
v 2.169166 0.780520 -1.904914
v 2.123145 0.881914 -1.960042
v 2.123145 0.864377 -2.113872
v 2.169166 0.327477 -2.114787
v 2.123145 0.225298 -2.068561
v 2.123145 0.297564 -2.224338
v 2.123611 0.549004 -2.013009
v 2.169166 0.758531 -2.146052
v 2.123145 0.766233 -2.264339
v 2.123145 0.608457 -2.337408
v 2.169166 0.528621 -2.257444
v 2.123145 0.436629 -2.321101
v 2.007998 0.498039 -1.681595
v 1.961977 0.577875 -1.761459
v 2.007998 0.669767 -1.697903
v 2.007998 0.340163 -1.754564
v 1.961977 0.780520 -1.904914
v 2.007998 0.805832 -1.794371
v 2.007998 0.881914 -1.960042
v 1.961977 0.347965 -1.872851
v 2.007998 0.242120 -1.905132
v 2.007998 0.225298 -2.068561
v 1.961977 0.758531 -2.146052
v 2.007998 0.864377 -2.113872
v 2.007998 0.766233 -2.264339
v 2.007532 0.549004 -2.013009
v 1.961977 0.327477 -2.114787
v 2.007998 0.297564 -2.224338
v 2.007998 0.436629 -2.321101
v 1.961977 0.528621 -2.257444
v 2.007998 0.608457 -2.337408
v -2.122193 0.669767 -1.697903
v -2.122193 0.498039 -1.681595
v -2.168214 0.577875 -1.761459
v -2.122193 0.805832 -1.794371
v -2.168214 0.347965 -1.872851
v -2.122193 0.340163 -1.754564
v -2.122193 0.242120 -1.905132
v -2.168214 0.780520 -1.904914
v -2.122193 0.881914 -1.960042
v -2.122193 0.864377 -2.113872
v -2.168214 0.327477 -2.114787
v -2.122193 0.225298 -2.068561
v -2.122193 0.297564 -2.224338
v -2.122659 0.549004 -2.013009
v -2.168214 0.758531 -2.146052
v -2.122193 0.766233 -2.264339
v -2.122193 0.608457 -2.337408
v -2.168214 0.528621 -2.257444
v -2.122193 0.436629 -2.321101
v -2.007046 0.498039 -1.681595
v -2.007046 0.669767 -1.697903
v -1.961025 0.577875 -1.761459
v -2.007046 0.340163 -1.754564
v -1.961025 0.780520 -1.904914
v -2.007046 0.805832 -1.794371
v -2.007046 0.881914 -1.960042
v -1.961025 0.347965 -1.872851
v -2.007046 0.242020 -1.905132
v -2.007046 0.225298 -2.068561
v -1.961025 0.758531 -2.146052
v -2.007046 0.864377 -2.113872
v -2.007046 0.766233 -2.264339
v -2.006580 0.549004 -2.013009
v -1.961025 0.327477 -2.114787
v -2.007046 0.297564 -2.224338
v -2.007046 0.436629 -2.321101
v -1.961025 0.528621 -2.257444
v -2.007046 0.608457 -2.337408
v -0.089238 -0.164912 5.800889
v -0.098088 -0.459708 5.622287
v -0.120354 -0.453277 5.662698
v -0.119329 -0.120007 5.739166
v -0.119329 -0.149338 5.874616
v -0.120354 -0.422275 5.602950
v -0.150910 -0.102044 5.819796
v -0.143923 -0.416646 5.644260
v 0.119256 -0.149338 5.874716
v 0.120281 -0.453277 5.662798
v 0.098109 -0.459408 5.622287
v 0.150744 -0.101844 5.819797
v 0.089258 -0.164712 5.800990
v 0.143757 -0.416446 5.644360
v 0.119256 -0.120007 5.739366
v 0.120281 -0.422175 5.603051
vt 0.69920 -0.04090
vt 0.69920 -0.04490
vt 0.70320 -0.04180
vt 0.69910 -0.04070
vt 0.69930 -0.04500
vt 0.70300 -0.04280
vt 0.69920 -0.04470
vt 0.69920 -0.04070
vt 0.70310 -0.04190
vt 0.18460 -0.80650
vt 0.19640 -0.80670
vt 0.18620 -0.81250
vt 0.18240 -0.80940
vt 0.18230 -0.80460
vt 0.18490 -0.81440
vt 0.19720 -0.81110
vt 0.18470 -0.81340
vt 0.19510 -0.81580
vt 0.18930 -0.80430
vt 0.18150 -0.80770
vt 0.19030 -0.80870
vt 0.18470 -0.80660
vt 0.18630 -0.81260
vt 0.19670 -0.80690
vt 0.18230 -0.80930
vt 0.18220 -0.80450
vt 0.18480 -0.81430
vt 0.19650 -0.80310
vt 0.19380 -0.79880
vt 0.18390 -0.80260
vt 0.18940 -0.82180
vt 0.19030 -0.81740
vt 0.18150 -0.81850
vt 0.17880 -0.80520
vt 0.18680 -0.82040
vt 0.19360 -0.80200
vt 0.19390 -0.79840
vt 0.18490 -0.79970
vt 0.19140 -0.80960
vt 0.17850 -0.80730
vt 0.19140 -0.80960
vt 0.17950 -0.81760
vt 0.18750 -0.82280
vt 0.19640 -0.81980
vt 0.19140 -0.80960
vt 0.19040 -0.82280
vt 0.19740 -0.81790
vt 0.18980 -0.81000
vt 0.18230 -0.82060
vt 0.18980 -0.81000
vt 0.17850 -0.81240
vt 0.18980 -0.81000
vt 0.18110 -0.80350
vt 0.18790 -0.79840
vt 0.70380 -0.25010
vt 0.72230 -0.23680
vt 0.72230 -0.25010
vt 0.70380 -0.23680
vt 0.68510 -0.25010
vt 0.68510 -0.23680
vt 0.66640 -0.25010
vt 0.66640 -0.23680
vt 0.72230 -0.25010
vt 0.72230 -0.23680
vt 0.70370 -0.23680
vt 0.70370 -0.25010
vt 0.68510 -0.23680
vt 0.68510 -0.25010
vt 0.66650 -0.23680
vt 0.66650 -0.25010
vt 0.66660 -0.25010
vt 0.66660 -0.23680
vt 0.68520 -0.23680
vt 0.68520 -0.25010
vt 0.70380 -0.23680
vt 0.70380 -0.25010
vt 0.72240 -0.23680
vt 0.72240 -0.25010
vt 0.72240 -0.25010
vt 0.72240 -0.23680
vt 0.70370 -0.23680
vt 0.70370 -0.25010
vt 0.68510 -0.23680
vt 0.68510 -0.25010
vt 0.66640 -0.23680
vt 0.66640 -0.25010
vt 0.69920 -0.04090
vt 0.66460 -0.04070
vt 0.66450 -0.04470
vt 0.69920 -0.04490
vt 0.69910 -0.04070
vt 0.66440 -0.04060
vt 0.66440 -0.04490
vt 0.69910 -0.04500
vt 0.69920 -0.04470
vt 0.66450 -0.04460
vt 0.66450 -0.04060
vt 0.69920 -0.04070
vt 0.69890 -0.04080
vt 0.66410 -0.04080
vt 0.66400 -0.04430
vt 0.69890 -0.04430
vt 0.66420 -0.04770
vt 0.69890 -0.04770
vt 0.69890 -0.04080
vt 0.69890 -0.04430
vt 0.70300 -0.04430
vt 0.69890 -0.04770
vt 0.63540 -0.55640
vt 0.70770 -0.58520
vt 0.71050 -0.57790
vt 0.63780 -0.55020
vt 0.63780 -0.55020
vt 0.71050 -0.57790
vt 0.70760 -0.58510
vt 0.63530 -0.55620
vt 0.63530 -0.55620
vt 0.70760 -0.58510
vt 0.71050 -0.57730
vt 0.63780 -0.54960
vt 0.63520 -0.55730
vt 0.70790 -0.58500
vt 0.71060 -0.57780
vt 0.63830 -0.54910
vt 0.63830 -0.54910
vt 0.71060 -0.57780
vt 0.70770 -0.58520
vt 0.63540 -0.55640
vt 0.67870 -0.05260
vt 0.67120 -0.05600
vt 0.67970 -0.05710
vt 0.66540 -0.05030
vt 0.66290 -0.05420
vt 0.67950 -0.05820
vt 0.67160 -0.05360
vt 0.67730 -0.06040
vt 0.66400 -0.05800
vt 0.66270 -0.05520
vt 0.67630 -0.05630
vt 0.66400 -0.05800
vt 0.67730 -0.06050
vt 0.66640 -0.05450
vt 0.66530 -0.05100
vt 0.67860 -0.05350
vt 0.06680 -0.49640
vt 0.06680 -0.53660
vt 0.06500 -0.53660
vt 0.06500 -0.49640
vt 0.06500 -0.49640
vt 0.06500 -0.53660
vt 0.06690 -0.53660
vt 0.06690 -0.49640
vt 0.06690 -0.49640
vt 0.06690 -0.53660
vt 0.06500 -0.53660
vt 0.06500 -0.49640
vt 0.06500 -0.49640
vt 0.06500 -0.53660
vt 0.06690 -0.53660
vt 0.06690 -0.49640
vt 0.06510 -0.49640
vt 0.06500 -0.53660
vt 0.06680 -0.53660
vt 0.06680 -0.49640
vt 0.00770 -0.77890
vt 0.01620 -0.78530
vt 0.02500 -0.77840
vt 0.01070 -0.76870
vt 0.02140 -0.76840
vt 0.00770 -0.77840
vt 0.01640 -0.78530
vt 0.02500 -0.77890
vt 0.02200 -0.76870
vt 0.01130 -0.76840
vt 0.71840 -0.07080
vt 0.70900 -0.06420
vt 0.70920 -0.07100
vt 0.71830 -0.06410
vt 0.72800 -0.07070
vt 0.72780 -0.06390
vt 0.73720 -0.07050
vt 0.73710 -0.06380
vt 0.74660 -0.07030
vt 0.74650 -0.06360
vt 0.69010 -0.04630
vt 0.68790 -0.04630
vt 0.68790 -0.04190
vt 0.69010 -0.04190
vt 0.59260 -0.60250
vt 0.60260 -0.59570
vt 0.59880 -0.58400
vt 0.58640 -0.58350
vt 0.58270 -0.59490
vt 0.58650 -0.58400
vt 0.58270 -0.59570
vt 0.59260 -0.60250
vt 0.59880 -0.58350
vt 0.60260 -0.59490
vt 0.66800 -0.04060
vt 0.66430 -0.04060
vt 0.66430 -0.04540
vt 0.66800 -0.04540
vt 0.66800 -0.04020
vt 0.66430 -0.04020
vt 0.66430 -0.04540
vt 0.66790 -0.04540
vt 0.66790 -0.04520
vt 0.66420 -0.04520
vt 0.66420 -0.04030
vt 0.66790 -0.04030
vt 0.66820 -0.04010
vt 0.66410 -0.04010
vt 0.66400 -0.04430
vt 0.66810 -0.04430
vt 0.66410 -0.04850
vt 0.66820 -0.04850
vt 0.58650 -0.58400
vt 0.58270 -0.59570
vt 0.59260 -0.60250
vt 0.59880 -0.58350
vt 0.60260 -0.59490
vt 0.59260 -0.60250
vt 0.60260 -0.59570
vt 0.59880 -0.58400
vt 0.58640 -0.58350
vt 0.58270 -0.59490
vt 0.68770 -0.04730
vt 0.69770 -0.04560
vt 0.69770 -0.04250
vt 0.68770 -0.04090
vt 0.69770 -0.04570
vt 0.68800 -0.04670
vt 0.68790 -0.04160
vt 0.69760 -0.04250
vt 0.69740 -0.04260
vt 0.69740 -0.04560
vt 0.68780 -0.04610
vt 0.68780 -0.04190
vt 0.68780 -0.04180
vt 0.68770 -0.04600
vt 0.69740 -0.04560
vt 0.69740 -0.04260
vt 0.68800 -0.04300
vt 0.68800 -0.04540
vt 0.69740 -0.04560
vt 0.69740 -0.04260
vt 0.69740 -0.04260
vt 0.69740 -0.04560
vt 0.68800 -0.04550
vt 0.68800 -0.04300
vt 0.69770 -0.04590
vt 0.69770 -0.04260
vt 0.68770 -0.04100
vt 0.68760 -0.04740
vt 0.68790 -0.04660
vt 0.68800 -0.04150
vt 0.69770 -0.04250
vt 0.69770 -0.04570
vt 0.90090 -0.05510
vt 0.90110 -0.05940
vt 0.66320 -0.05720
vt 0.66380 -0.05370
vt 0.90110 -0.05940
vt 0.90020 -0.05510
vt 0.66290 -0.05370
vt 0.66320 -0.05720
vt 0.90020 -0.05510
vt 0.89980 -0.05870
vt 0.66320 -0.05730
vt 0.66290 -0.05370
vt 0.89980 -0.05870
vt 0.66380 -0.05370
vt 0.66320 -0.05730
vt 0.90020 -0.05510
vt 0.66390 -0.05070
vt 0.90100 -0.05110
vt 0.90120 -0.05110
vt 0.66410 -0.05070
vt 0.66360 -0.05370
vt 0.90100 -0.05510
vt 0.66320 -0.05720
vt 0.90040 -0.05880
vt 0.90040 -0.05880
vt 0.66320 -0.05720
vt 0.66350 -0.05370
vt 0.90010 -0.05510
vt 0.90010 -0.05510
vt 0.66350 -0.05370
vt 0.66400 -0.05750
vt 0.90080 -0.05910
vt 0.90080 -0.05910
vt 0.66400 -0.05750
vt 0.66410 -0.05370
vt 0.90120 -0.05510
vt 0.67830 -0.03590
vt 0.66810 -0.03580
vt 0.66810 -0.03920
vt 0.67830 -0.03930
vt 0.67810 -0.03900
vt 0.66810 -0.03890
vt 0.66800 -0.03660
vt 0.67810 -0.03660
vt 0.67820 -0.03930
vt 0.66800 -0.03920
vt 0.66800 -0.03570
vt 0.67830 -0.03580
vt 0.67820 -0.03930
vt 0.66810 -0.03930
vt 0.66810 -0.03630
vt 0.67820 -0.03630
vt 0.67820 -0.03630
vt 0.66810 -0.03630
vt 0.66810 -0.03930
vt 0.67820 -0.03930
vt 0.60830 -0.54100
vt 0.60560 -0.54910
vt 0.61250 -0.55380
vt 0.61680 -0.54070
vt 0.61950 -0.54860
vt 0.61260 -0.55400
vt 0.61960 -0.54920
vt 0.61690 -0.54090
vt 0.60820 -0.54060
vt 0.60550 -0.54860
vt 0.70380 -0.25010
vt 0.72230 -0.23680
vt 0.72230 -0.25010
vt 0.70380 -0.23680
vt 0.68510 -0.25010
vt 0.68510 -0.23680
vt 0.66640 -0.25010
vt 0.66640 -0.23680
vt 0.72230 -0.25010
vt 0.72230 -0.23680
vt 0.70370 -0.23680
vt 0.70370 -0.25010
vt 0.68510 -0.23680
vt 0.68510 -0.25010
vt 0.66650 -0.23680
vt 0.66650 -0.25010
vt 0.66660 -0.25010
vt 0.66660 -0.23680
vt 0.68520 -0.23680
vt 0.68520 -0.25010
vt 0.70380 -0.23680
vt 0.70380 -0.25010
vt 0.72240 -0.23680
vt 0.72240 -0.25010
vt 0.72240 -0.25010
vt 0.72240 -0.23680
vt 0.70370 -0.23680
vt 0.70370 -0.25010
vt 0.68510 -0.23680
vt 0.68510 -0.25010
vt 0.66640 -0.23680
vt 0.66640 -0.25010
vt 0.66300 -0.05120
vt 0.90110 -0.05350
vt 0.90110 -0.05160
vt 0.66300 -0.05400
vt 0.90110 -0.05810
vt 0.66300 -0.05920
vt 0.66300 -0.05490
vt 0.66290 -0.05030
vt 0.90110 -0.05090
vt 0.90110 -0.05360
vt 0.66290 -0.05030
vt 0.66300 -0.05460
vt 0.90110 -0.05510
vt 0.90110 -0.05090
vt 0.66300 -0.05460
vt 0.66300 -0.05120
vt 0.90110 -0.05160
vt 0.90110 -0.05510
vt 0.66290 -0.05440
vt 0.90110 -0.05510
vt 0.90110 -0.05110
vt 0.66290 -0.05030
vt 0.66290 -0.05030
vt 0.90110 -0.05110
vt 0.90110 -0.05350
vt 0.66300 -0.05490
vt 0.66300 -0.05890
vt 0.90110 -0.05810
vt 0.90110 -0.05370
vt 0.66300 -0.05380
vt 0.90110 -0.05150
vt 0.66290 -0.05140
vt 0.66290 -0.05140
vt 0.90110 -0.05150
vt 0.90110 -0.05510
vt 0.66290 -0.05440
vt 0.19020 -0.79840
vt 0.19280 -0.81030
vt 0.19970 -0.79980
vt 0.18130 -0.80340
vt 0.17850 -0.81400
vt 0.18440 -0.82280
vt 0.19060 -0.79940
vt 0.18520 -0.82000
vt 0.19520 -0.80940
vt 0.17670 -0.80610
vt 0.18280 -0.80280
vt 0.19150 -0.81200
vt 0.19130 -0.79840
vt 0.17850 -0.81250
vt 0.18160 -0.82280
vt 0.86630 -0.06200
vt 0.67450 -0.06200
vt 0.67450 -0.07190
vt 0.86640 -0.07190
vt 0.86630 -0.06200
vt 0.67450 -0.06200
vt 0.67450 -0.07190
vt 0.86630 -0.07190
vt 0.86640 -0.06200
vt 0.67450 -0.06200
vt 0.67450 -0.07190
vt 0.86640 -0.07190
vt 0.86640 -0.06200
vt 0.67450 -0.06200
vt 0.67450 -0.07190
vt 0.86640 -0.07190
vt 0.86640 -0.06200
vt 0.67450 -0.06200
vt 0.67450 -0.07190
vt 0.86640 -0.07190
vt 0.67450 -0.07190
vt 0.67450 -0.06200
vt 0.59580 -0.06390
vt 0.59580 -0.06980
vt 0.67450 -0.07190
vt 0.67450 -0.06200
vt 0.59580 -0.06390
vt 0.59580 -0.06980
vt 0.67450 -0.07190
vt 0.67450 -0.06200
vt 0.59580 -0.06390
vt 0.59580 -0.06980
vt 0.67450 -0.07190
vt 0.67450 -0.06200
vt 0.59590 -0.06390
vt 0.59590 -0.06980
vt 0.67450 -0.07190
vt 0.67450 -0.06200
vt 0.59580 -0.06390
vt 0.59590 -0.06980
vt 0.86640 -0.07190
vt 0.90310 -0.07190
vt 0.90310 -0.06200
vt 0.86630 -0.06200
vt 0.86630 -0.07190
vt 0.90310 -0.07190
vt 0.90310 -0.06200
vt 0.86630 -0.06200
vt 0.86640 -0.07190
vt 0.90310 -0.07190
vt 0.90310 -0.06200
vt 0.86640 -0.06200
vt 0.86640 -0.07190
vt 0.90310 -0.07190
vt 0.90310 -0.06200
vt 0.86640 -0.06200
vt 0.86640 -0.07190
vt 0.90310 -0.07190
vt 0.90310 -0.06200
vt 0.86640 -0.06200
vt 0.17680 -0.79810
vt 0.17820 -0.80800
vt 0.18650 -0.80700
vt 0.18710 -0.80070
vt 0.19120 -0.80780
vt 0.19180 -0.80140
vt 0.19660 -0.80960
vt 0.19980 -0.80050
vt 0.19400 -0.81370
vt 0.19590 -0.80500
vt 0.19300 -0.80260
vt 0.18780 -0.80610
vt 0.18650 -0.80700
vt 0.18180 -0.81560
vt 0.19380 -0.81410
vt 0.19120 -0.80780
vt 0.18180 -0.81560
vt 0.18270 -0.82560
vt 0.19470 -0.82400
vt 0.19380 -0.81410
vt 0.70990 -0.25350
vt 0.70990 -0.27720
vt 0.72190 -0.27720
vt 0.72190 -0.25350
vt 0.70990 -0.27720
vt 0.70990 -0.25340
vt 0.72190 -0.25340
vt 0.72190 -0.27720
vt 0.70990 -0.25340
vt 0.70990 -0.27720
vt 0.72190 -0.27720
vt 0.72190 -0.25340
vt 0.70990 -0.27720
vt 0.70990 -0.25350
vt 0.72190 -0.25350
vt 0.72190 -0.27720
vt 0.70990 -0.25350
vt 0.70990 -0.27730
vt 0.72190 -0.27730
vt 0.72190 -0.25350
vt 0.70990 -0.27730
vt 0.70990 -0.25350
vt 0.72190 -0.25350
vt 0.72190 -0.27730
vt 0.20410 -0.81860
vt 0.20530 -0.83700
vt 0.20820 -0.83390
vt 0.20860 -0.81440
vt 0.27550 -0.26760
vt 0.27210 -0.28970
vt 0.27680 -0.29020
vt 0.28020 -0.26820
vt 0.20860 -0.81410
vt 0.20820 -0.83360
vt 0.20520 -0.83710
vt 0.20410 -0.81870
vt 0.27300 -0.28970
vt 0.27060 -0.29320
vt 0.27650 -0.29410
vt 0.27660 -0.29020
vt 0.70380 -0.25010
vt 0.72230 -0.25010
vt 0.72230 -0.23680
vt 0.70380 -0.23680
vt 0.68510 -0.25010
vt 0.68510 -0.23680
vt 0.66640 -0.25010
vt 0.66640 -0.23680
vt 0.72230 -0.25010
vt 0.70370 -0.23680
vt 0.72230 -0.23680
vt 0.70370 -0.25010
vt 0.68510 -0.23680
vt 0.68510 -0.25010
vt 0.66650 -0.23680
vt 0.66650 -0.25010
vt 0.66660 -0.25010
vt 0.68520 -0.23680
vt 0.66660 -0.23680
vt 0.68520 -0.25010
vt 0.70380 -0.23680
vt 0.70380 -0.25010
vt 0.72240 -0.23680
vt 0.72240 -0.25010
vt 0.72240 -0.25010
vt 0.70370 -0.23680
vt 0.72240 -0.23680
vt 0.70370 -0.25010
vt 0.68510 -0.23680
vt 0.68510 -0.25010
vt 0.66640 -0.23680
vt 0.66640 -0.25010
vt 0.66300 -0.05440
vt 0.90110 -0.05520
vt 0.90110 -0.05110
vt 0.66300 -0.05020
vt 0.66300 -0.05020
vt 0.90110 -0.05110
vt 0.90110 -0.05350
vt 0.66290 -0.05510
vt 0.66300 -0.05900
vt 0.90110 -0.05810
vt 0.90110 -0.05370
vt 0.66290 -0.05380
vt 0.90110 -0.05150
vt 0.66290 -0.05150
vt 0.66290 -0.05150
vt 0.90110 -0.05150
vt 0.90110 -0.05520
vt 0.66300 -0.05440
vt 0.66290 -0.05110
vt 0.90110 -0.05350
vt 0.90110 -0.05160
vt 0.66290 -0.05410
vt 0.90110 -0.05820
vt 0.66300 -0.05930
vt 0.66300 -0.05470
vt 0.66300 -0.05050
vt 0.90110 -0.05080
vt 0.90110 -0.05360
vt 0.66300 -0.05050
vt 0.66290 -0.05470
vt 0.90110 -0.05510
vt 0.90110 -0.05080
vt 0.66290 -0.05470
vt 0.66290 -0.05110
vt 0.90110 -0.05160
vt 0.90110 -0.05510
vt 0.86630 -0.07190
vt 0.86630 -0.06200
vt 0.67450 -0.06200
vt 0.67450 -0.07190
vt 0.86630 -0.07190
vt 0.86640 -0.06200
vt 0.67450 -0.06200
vt 0.67450 -0.07190
vt 0.86640 -0.07190
vt 0.86640 -0.06200
vt 0.67450 -0.06200
vt 0.67450 -0.07190
vt 0.86640 -0.07190
vt 0.86640 -0.06200
vt 0.67450 -0.06200
vt 0.67450 -0.07190
vt 0.86640 -0.07190
vt 0.86640 -0.06200
vt 0.67450 -0.06200
vt 0.67450 -0.07190
vt 0.67450 -0.06200
vt 0.59590 -0.06390
vt 0.59590 -0.06980
vt 0.67450 -0.07190
vt 0.67450 -0.06200
vt 0.59580 -0.06390
vt 0.59580 -0.06980
vt 0.67450 -0.07190
vt 0.67450 -0.06200
vt 0.59580 -0.06390
vt 0.59580 -0.06980
vt 0.67450 -0.07190
vt 0.67450 -0.06200
vt 0.59580 -0.06390
vt 0.59580 -0.06980
vt 0.67450 -0.07190
vt 0.67450 -0.06200
vt 0.59580 -0.06390
vt 0.59580 -0.06980
vt 0.67450 -0.07190
vt 0.86630 -0.06200
vt 0.86630 -0.07190
vt 0.90310 -0.07190
vt 0.90310 -0.06200
vt 0.86640 -0.06200
vt 0.86630 -0.07190
vt 0.90310 -0.07190
vt 0.90310 -0.06200
vt 0.86640 -0.06200
vt 0.86640 -0.07190
vt 0.90310 -0.07190
vt 0.90310 -0.06200
vt 0.86640 -0.06200
vt 0.86640 -0.07190
vt 0.90310 -0.07190
vt 0.90310 -0.06200
vt 0.86640 -0.06200
vt 0.86640 -0.07190
vt 0.90310 -0.07190
vt 0.90310 -0.06200
vt 0.19950 -0.79830
vt 0.18970 -0.80710
vt 0.19800 -0.80810
vt 0.18920 -0.80070
vt 0.18500 -0.80770
vt 0.18440 -0.80130
vt 0.17960 -0.80950
vt 0.17640 -0.80030
vt 0.01090 -0.98630
vt 0.00690 -0.98680
vt 0.00770 -0.98930
vt 0.00920 -0.98950
vt 0.18970 -0.80710
vt 0.18500 -0.80770
vt 0.18230 -0.81400
vt 0.19430 -0.81570
vt 0.19430 -0.81570
vt 0.18230 -0.81400
vt 0.18130 -0.82390
vt 0.19330 -0.82570
vt 0.72190 -0.25350
vt 0.70990 -0.25350
vt 0.70990 -0.27720
vt 0.72190 -0.27720
vt 0.72190 -0.27720
vt 0.70990 -0.27720
vt 0.70990 -0.25340
vt 0.72190 -0.25340
vt 0.72190 -0.25340
vt 0.70990 -0.25340
vt 0.70990 -0.27720
vt 0.72190 -0.27720
vt 0.72190 -0.27720
vt 0.70990 -0.27720
vt 0.70990 -0.25350
vt 0.72190 -0.25350
vt 0.72190 -0.25350
vt 0.70990 -0.25350
vt 0.70990 -0.27730
vt 0.72190 -0.27730
vt 0.72190 -0.27730
vt 0.70990 -0.27730
vt 0.70990 -0.25350
vt 0.72190 -0.25350
vt 0.20420 -0.81830
vt 0.20870 -0.81410
vt 0.20820 -0.83360
vt 0.20530 -0.83670
vt 0.27560 -0.26750
vt 0.28030 -0.26810
vt 0.27680 -0.29010
vt 0.27210 -0.28950
vt 0.20860 -0.81410
vt 0.20410 -0.81860
vt 0.20520 -0.83710
vt 0.20820 -0.83360
vt 0.27620 -0.29020
vt 0.27260 -0.28950
vt 0.27100 -0.29310
vt 0.27680 -0.29420
vt 0.01690 -0.78970
vt 0.01690 -0.77680
vt 0.02810 -0.78330
vt 0.00560 -0.78320
vt 0.02810 -0.77030
vt 0.00570 -0.77030
vt 0.01690 -0.76380
vt 0.01690 -0.78970
vt 0.02810 -0.78330
vt 0.01690 -0.77680
vt 0.00560 -0.78320
vt 0.02810 -0.77030
vt 0.00570 -0.77030
vt 0.01690 -0.76380
vt 0.63880 -0.30840
vt 0.64370 -0.29710
vt 0.63380 -0.28970
vt 0.65240 -0.32210
vt 0.65120 -0.26960
vt 0.63890 -0.27100
vt 0.65260 -0.25730
vt 0.66380 -0.31720
vt 0.67110 -0.32720
vt 0.68980 -0.32220
vt 0.67860 -0.26230
vt 0.67130 -0.25240
vt 0.69000 -0.25740
vt 0.67120 -0.28980
vt 0.69130 -0.30990
vt 0.70350 -0.30860
vt 0.70860 -0.28990
vt 0.69870 -0.28250
vt 0.70360 -0.27120
vt 0.63380 -0.28970
vt 0.64370 -0.29710
vt 0.63880 -0.30840
vt 0.63880 -0.27100
vt 0.66380 -0.31720
vt 0.65240 -0.32210
vt 0.67110 -0.32720
vt 0.65110 -0.26960
vt 0.65250 -0.25730
vt 0.67130 -0.25230
vt 0.69130 -0.30990
vt 0.68980 -0.32220
vt 0.70350 -0.30850
vt 0.67120 -0.28970
vt 0.67860 -0.26230
vt 0.68990 -0.25740
vt 0.70360 -0.27110
vt 0.69870 -0.28240
vt 0.70860 -0.28980
vt 0.63880 -0.30840
vt 0.64370 -0.29710
vt 0.63380 -0.28970
vt 0.65240 -0.32210
vt 0.65120 -0.26960
vt 0.63890 -0.27100
vt 0.65260 -0.25730
vt 0.66380 -0.31720
vt 0.67110 -0.32720
vt 0.68980 -0.32220
vt 0.67860 -0.26230
vt 0.67130 -0.25240
vt 0.69000 -0.25740
vt 0.67120 -0.28980
vt 0.69130 -0.30990
vt 0.70350 -0.30860
vt 0.70860 -0.28990
vt 0.69870 -0.28250
vt 0.70360 -0.27120
vt 0.63380 -0.28970
vt 0.64370 -0.29710
vt 0.63880 -0.30840
vt 0.63880 -0.27100
vt 0.66380 -0.31720
vt 0.65240 -0.32210
vt 0.67110 -0.32720
vt 0.65110 -0.26960
vt 0.65250 -0.25730
vt 0.67130 -0.25230
vt 0.69130 -0.30990
vt 0.68980 -0.32220
vt 0.70350 -0.30850
vt 0.67120 -0.28970
vt 0.67860 -0.26230
vt 0.68990 -0.25740
vt 0.70360 -0.27110
vt 0.69870 -0.28240
vt 0.70860 -0.28980
vt 0.63880 -0.30840
vt 0.63380 -0.28970
vt 0.64370 -0.29710
vt 0.65240 -0.32210
vt 0.65120 -0.26960
vt 0.63890 -0.27100
vt 0.65260 -0.25730
vt 0.66380 -0.31720
vt 0.67110 -0.32720
vt 0.68980 -0.32220
vt 0.67860 -0.26230
vt 0.67130 -0.25240
vt 0.69000 -0.25740
vt 0.67120 -0.28980
vt 0.69130 -0.30990
vt 0.70350 -0.30860
vt 0.70860 -0.28990
vt 0.69870 -0.28250
vt 0.70360 -0.27120
vt 0.63380 -0.28970
vt 0.63880 -0.30840
vt 0.64370 -0.29710
vt 0.63880 -0.27100
vt 0.66380 -0.31720
vt 0.65240 -0.32210
vt 0.67110 -0.32720
vt 0.65110 -0.26960
vt 0.65250 -0.25730
vt 0.67130 -0.25230
vt 0.69130 -0.30990
vt 0.68980 -0.32220
vt 0.70350 -0.30850
vt 0.67120 -0.28970
vt 0.67860 -0.26230
vt 0.68990 -0.25740
vt 0.70360 -0.27110
vt 0.69870 -0.28240
vt 0.70860 -0.28980
vt 0.66270 -0.05430
vt 0.64480 -0.05770
vt 0.64580 -0.05580
vt 0.66380 -0.05810
vt 0.66480 -0.05100
vt 0.64630 -0.05930
vt 0.66620 -0.05440
vt 0.64740 -0.05730
vt 0.66490 -0.05080
vt 0.64590 -0.05570
vt 0.64480 -0.05760
vt 0.66610 -0.05450
vt 0.66270 -0.05420
vt 0.64730 -0.05740
vt 0.66380 -0.05810
vt 0.64630 -0.05930
g vehicle#stoiki_9_0
usemtl 2b684d67-c690-4b3c-bf76-da0401ce3238
f 9838/9838 9839/9839 9840/9840
f 9841/9841 9842/9842 9843/9843
f 9844/9844 9845/9845 9846/9846
f 9847/9847 9848/9848 9849/9849
f 9850/9850 9848/9848 9851/9851
f 9852/9852 9848/9848 9850/9850
f 9853/9853 9854/9854 9855/9855
f 9856/9856 9857/9857 9858/9858
f 9859/9859 9860/9860 9861/9861
f 9862/9862 9863/9863 9861/9861
f 9864/9864 9862/9862 9861/9861
f 9865/9865 9866/9866 9867/9867
f 9868/9868 9869/9869 9870/9870
f 9871/9871 9872/9872 9873/9873
f 9874/9874 9875/9875 9876/9876
f 9875/9875 9877/9877 9878/9878
f 9877/9877 9879/9879 9878/9878
f 9879/9879 9880/9880 9878/9878
f 9880/9880 9881/9881 9882/9882
f 9883/9883 9884/9884 9885/9885
f 9886/9886 9883/9883 9887/9887
f 9888/9888 9886/9886 9889/9889
f 9890/9890 9888/9888 9889/9889
f 9891/9891 9890/9890 9889/9889
f 9892/9892 9893/9893 9894/9894
f 9892/9892 9895/9895 9893/9893
f 9896/9896 9895/9895 9892/9892
f 9896/9896 9897/9897 9895/9895
f 9898/9898 9897/9897 9896/9896
f 9898/9898 9899/9899 9897/9897
f 9900/9900 9901/9901 9902/9902
f 9900/9900 9902/9902 9903/9903
f 9903/9903 9902/9902 9904/9904
f 9903/9903 9904/9904 9905/9905
f 9905/9905 9904/9904 9906/9906
f 9905/9905 9906/9906 9907/9907
f 9908/9908 9909/9909 9910/9910
f 9908/9908 9910/9910 9911/9911
f 9911/9911 9910/9910 9912/9912
f 9911/9911 9912/9912 9913/9913
f 9913/9913 9912/9912 9914/9914
f 9913/9913 9914/9914 9915/9915
f 9916/9916 9917/9917 9918/9918
f 9916/9916 9918/9918 9919/9919
f 9919/9919 9918/9918 9920/9920
f 9919/9919 9920/9920 9921/9921
f 9921/9921 9920/9920 9922/9922
f 9921/9921 9922/9922 9923/9923
f 9924/9924 9925/9925 9926/9926
f 9924/9924 9926/9926 9927/9927
f 9928/9928 9929/9929 9930/9930
f 9928/9928 9930/9930 9931/9931
f 9932/9932 9933/9933 9934/9934
f 9932/9932 9934/9934 9935/9935
f 9936/9936 9937/9937 9938/9938
f 9936/9936 9938/9938 9939/9939
f 9939/9939 9938/9938 9940/9940
f 9939/9939 9940/9940 9941/9941
f 9942/9942 9943/9943 9944/9944
f 9943/9943 9945/9945 9944/9944
f 9946/9946 9947/9947 9948/9948
f 9946/9946 9948/9948 9949/9949
f 9950/9950 9951/9951 9952/9952
f 9950/9950 9952/9952 9953/9953
f 9954/9954 9955/9955 9956/9956
f 9954/9954 9956/9956 9957/9957
f 9958/9958 9959/9959 9960/9960
f 9958/9958 9960/9960 9961/9961
f 9962/9962 9963/9963 9964/9964
f 9962/9962 9964/9964 9965/9965
f 9966/9966 9967/9967 9968/9968
f 9969/9969 9967/9967 9966/9966
f 9967/9967 9969/9969 9970/9970
f 9971/9971 9972/9972 9973/9973
f 9973/9973 9972/9972 9974/9974
f 9974/9974 9972/9972 9975/9975
f 9976/9976 9977/9977 9978/9978
f 9979/9979 9977/9977 9976/9976
f 9979/9979 9976/9976 9980/9980
f 9980/9980 9976/9976 9981/9981
f 9982/9982 9983/9983 9984/9984
f 9982/9982 9984/9984 9985/9985
f 9986/9986 9987/9987 9988/9988
f 9986/9986 9988/9988 9989/9989
f 9990/9990 9991/9991 9992/9992
f 9990/9990 9992/9992 9993/9993
f 9994/9994 9995/9995 9996/9996
f 9994/9994 9996/9996 9997/9997
f 9998/9998 9999/9999 10000/10000
f 9998/9998 10000/10000 10001/10001
f 10002/10002 10003/10003 10004/10004
f 10004/10004 10005/10005 10002/10002
f 10004/10004 10006/10006 10005/10005
f 10007/10007 10008/10008 10009/10009
f 10009/10009 10010/10010 10007/10007
f 10010/10010 10011/10011 10007/10007
f 10012/10012 10013/10013 10014/10014
f 10012/10012 10015/10015 10013/10013
f 10016/10016 10015/10015 10012/10012
f 10016/10016 10017/10017 10015/10015
f 10018/10018 10017/10017 10016/10016
f 10018/10018 10019/10019 10017/10017
f 10020/10020 10019/10019 10018/10018
f 10020/10020 10021/10021 10019/10019
f 10022/10022 10023/10023 10024/10024
f 10022/10022 10024/10024 10025/10025
f 10026/10026 10027/10027 10028/10028
f 10028/10028 10029/10029 10026/10026
f 10029/10029 10030/10030 10026/10026
f 10031/10031 10032/10032 10033/10033
f 10033/10033 10034/10034 10031/10031
f 10033/10033 10035/10035 10034/10034
f 10036/10036 10037/10037 10038/10038
f 10036/10036 10038/10038 10039/10039
f 10040/10040 10041/10041 10042/10042
f 10040/10040 10042/10042 10043/10043
f 10044/10044 10045/10045 10046/10046
f 10044/10044 10046/10046 10047/10047
f 10048/10048 10049/10049 10050/10050
f 10048/10048 10050/10050 10051/10051
f 10051/10051 10050/10050 10052/10052
f 10051/10051 10052/10052 10053/10053
f 10054/10054 10055/10055 10056/10056
f 10056/10056 10057/10057 10054/10054
f 10056/10056 10058/10058 10057/10057
f 10059/10059 10060/10060 10061/10061
f 10061/10061 10062/10062 10059/10059
f 10062/10062 10063/10063 10059/10059
f 10064/10064 10065/10065 10066/10066
f 10064/10064 10066/10066 10067/10067
f 10068/10068 10069/10069 10070/10070
f 10068/10068 10070/10070 10071/10071
f 10072/10072 10073/10073 10074/10074
f 10072/10072 10074/10074 10075/10075
f 10076/10076 10077/10077 10078/10078
f 10076/10076 10078/10078 10079/10079
f 10080/10080 10081/10081 10082/10082
f 10080/10080 10082/10082 10083/10083
f 10084/10084 10085/10085 10086/10086
f 10084/10084 10086/10086 10087/10087
f 10088/10088 10089/10089 10090/10090
f 10088/10088 10090/10090 10091/10091
f 10092/10092 10093/10093 10094/10094
f 10092/10092 10094/10094 10095/10095
f 10096/10096 10097/10097 10098/10098
f 10096/10096 10098/10098 10099/10099
f 10100/10100 10101/10101 10102/10102
f 10100/10100 10102/10102 10103/10103
f 10104/10104 10105/10105 10106/10106
f 10104/10104 10106/10106 10107/10107
f 10108/10108 10109/10109 10110/10110
f 10108/10108 10111/10111 10109/10109
f 10111/10111 10112/10112 10109/10109
f 10111/10111 10113/10113 10112/10112
f 10114/10114 10115/10115 10116/10116
f 10114/10114 10116/10116 10117/10117
f 10117/10117 10116/10116 10118/10118
f 10117/10117 10118/10118 10119/10119
f 10120/10120 10121/10121 10122/10122
f 10120/10120 10122/10122 10123/10123
f 10124/10124 10125/10125 10126/10126
f 10124/10124 10126/10126 10127/10127
f 10128/10128 10129/10129 10130/10130
f 10128/10128 10130/10130 10131/10131
f 10132/10132 10133/10133 10134/10134
f 10132/10132 10134/10134 10135/10135
f 10136/10136 10137/10137 10138/10138
f 10136/10136 10138/10138 10139/10139
f 10140/10140 10141/10141 10142/10142
f 10140/10140 10142/10142 10143/10143
f 10144/10144 10145/10145 10146/10146
f 10144/10144 10146/10146 10147/10147
f 10148/10148 10149/10149 10150/10150
f 10148/10148 10150/10150 10151/10151
f 10152/10152 10153/10153 10154/10154
f 10154/10154 10155/10155 10152/10152
f 10154/10154 10156/10156 10155/10155
f 10157/10157 10158/10158 10159/10159
f 10159/10159 10160/10160 10157/10157
f 10160/10160 10161/10161 10157/10157
f 10162/10162 10163/10163 10164/10164
f 10162/10162 10165/10165 10163/10163
f 10166/10166 10165/10165 10162/10162
f 10166/10166 10167/10167 10165/10165
f 10168/10168 10167/10167 10166/10166
f 10168/10168 10169/10169 10167/10167
f 10170/10170 10171/10171 10172/10172
f 10170/10170 10172/10172 10173/10173
f 10173/10173 10172/10172 10174/10174
f 10173/10173 10174/10174 10175/10175
f 10175/10175 10174/10174 10176/10176
f 10175/10175 10176/10176 10177/10177
f 10178/10178 10179/10179 10180/10180
f 10178/10178 10180/10180 10181/10181
f 10181/10181 10180/10180 10182/10182
f 10181/10181 10182/10182 10183/10183
f 10183/10183 10182/10182 10184/10184
f 10183/10183 10184/10184 10185/10185
f 10186/10186 10187/10187 10188/10188
f 10186/10186 10188/10188 10189/10189
f 10189/10189 10188/10188 10190/10190
f 10189/10189 10190/10190 10191/10191
f 10191/10191 10190/10190 10192/10192
f 10191/10191 10192/10192 10193/10193
f 10194/10194 10195/10195 10196/10196
f 10194/10194 10197/10197 10195/10195
f 10197/10197 10198/10198 10195/10195
f 10197/10197 10199/10199 10198/10198
f 10200/10200 10201/10201 10202/10202
f 10200/10200 10202/10202 10203/10203
f 10204/10204 10205/10205 10206/10206
f 10204/10204 10206/10206 10207/10207
f 10208/10208 10209/10209 10210/10210
f 10208/10208 10210/10210 10211/10211
f 10212/10212 10213/10213 10214/10214
f 10212/10212 10214/10214 10215/10215
f 10216/10216 10217/10217 10218/10218
f 10216/10216 10218/10218 10219/10219
f 10220/10220 10221/10221 10222/10222
f 10220/10220 10222/10222 10223/10223
f 10223/10223 10222/10222 10224/10224
f 10223/10223 10224/10224 10225/10225
f 10226/10226 10227/10227 10228/10228
f 10226/10226 10228/10228 10229/10229
f 10230/10230 10231/10231 10232/10232
f 10233/10233 10231/10231 10230/10230
f 10234/10234 10231/10231 10233/10233
f 10235/10235 10231/10231 10234/10234
f 10236/10236 10237/10237 10238/10238
f 10239/10239 10237/10237 10236/10236
f 10240/10240 10241/10241 10242/10242
f 10243/10243 10241/10241 10240/10240
f 10244/10244 10241/10241 10243/10243
f 10245/10245 10246/10246 10247/10247
f 10245/10245 10247/10247 10248/10248
f 10249/10249 10250/10250 10251/10251
f 10249/10249 10251/10251 10252/10252
f 10253/10253 10254/10254 10255/10255
f 10253/10253 10255/10255 10256/10256
f 10257/10257 10258/10258 10259/10259
f 10257/10257 10259/10259 10260/10260
f 10261/10261 10262/10262 10263/10263
f 10261/10261 10263/10263 10264/10264
f 10265/10265 10266/10266 10267/10267
f 10265/10265 10267/10267 10268/10268
f 10269/10269 10270/10270 10271/10271
f 10269/10269 10271/10271 10272/10272
f 10273/10273 10274/10274 10275/10275
f 10273/10273 10275/10275 10276/10276
f 10277/10277 10278/10278 10279/10279
f 10277/10277 10279/10279 10280/10280
f 10281/10281 10282/10282 10283/10283
f 10281/10281 10283/10283 10284/10284
f 10285/10285 10286/10286 10287/10287
f 10285/10285 10287/10287 10288/10288
f 10289/10289 10290/10290 10291/10291
f 10289/10289 10291/10291 10292/10292
f 10293/10293 10294/10294 10295/10295
f 10293/10293 10295/10295 10296/10296
f 10297/10297 10298/10298 10299/10299
f 10297/10297 10299/10299 10300/10300
f 10301/10301 10302/10302 10303/10303
f 10301/10301 10303/10303 10304/10304
f 10305/10305 10306/10306 10307/10307
f 10305/10305 10307/10307 10308/10308
f 10308/10308 10307/10307 10309/10309
f 10308/10308 10309/10309 10310/10310
f 10310/10310 10309/10309 10311/10311
f 10310/10310 10311/10311 10312/10312
f 10313/10313 10314/10314 10315/10315
f 10313/10313 10315/10315 10316/10316
f 10317/10317 10318/10318 10319/10319
f 10317/10317 10319/10319 10320/10320
f 10321/10321 10322/10322 10323/10323
f 10321/10321 10323/10323 10324/10324
f 10325/10325 10326/10326 10327/10327
f 10325/10325 10327/10327 10328/10328
f 10329/10329 10330/10330 10331/10331
f 10329/10329 10331/10331 10332/10332
f 10333/10333 10334/10334 10335/10335
f 10333/10333 10335/10335 10336/10336
f 10337/10337 10338/10338 10339/10339
f 10337/10337 10339/10339 10340/10340
f 10341/10341 10342/10342 10343/10343
f 10341/10341 10343/10343 10344/10344
f 10345/10345 10346/10346 10347/10347
f 10345/10345 10347/10347 10348/10348
f 10349/10349 10350/10350 10351/10351
f 10349/10349 10351/10351 10352/10352
f 10353/10353 10354/10354 10355/10355
f 10353/10353 10355/10355 10356/10356
f 10357/10357 10358/10358 10359/10359
f 10357/10357 10359/10359 10360/10360
f 10361/10361 10362/10362 10363/10363
f 10361/10361 10363/10363 10364/10364
f 10365/10365 10366/10366 10367/10367
f 10365/10365 10367/10367 10368/10368
f 10369/10369 10365/10365 10368/10368
f 10369/10369 10368/10368 10370/10370
f 10371/10371 10369/10369 10370/10370
f 10371/10371 10370/10370 10372/10372
f 10373/10373 10374/10374 10375/10375
f 10373/10373 10376/10376 10374/10374
f 10376/10376 10377/10377 10374/10374
f 10376/10376 10378/10378 10377/10377
f 10378/10378 10379/10379 10377/10377
f 10378/10378 10380/10380 10379/10379
f 10381/10381 10382/10382 10383/10383
f 10381/10381 10384/10384 10382/10382
f 10384/10384 10385/10385 10382/10382
f 10384/10384 10386/10386 10385/10385
f 10386/10386 10387/10387 10385/10385
f 10386/10386 10388/10388 10387/10387
f 10389/10389 10390/10390 10391/10391
f 10389/10389 10392/10392 10390/10390
f 10392/10392 10393/10393 10390/10390
f 10392/10392 10394/10394 10393/10393
f 10394/10394 10395/10395 10393/10393
f 10394/10394 10396/10396 10395/10395
f 10397/10397 10398/10398 10399/10399
f 10397/10397 10399/10399 10400/10400
f 10401/10401 10402/10402 10403/10403
f 10401/10401 10403/10403 10404/10404
f 10405/10405 10406/10406 10407/10407
f 10405/10405 10407/10407 10408/10408
f 10408/10408 10407/10407 10409/10409
f 10408/10408 10409/10409 10410/10410
f 10411/10411 10412/10412 10413/10413
f 10411/10411 10413/10413 10414/10414
f 10415/10415 10416/10416 10417/10417
f 10415/10415 10418/10418 10416/10416
f 10418/10418 10419/10419 10416/10416
f 10418/10418 10420/10420 10419/10419
f 10421/10421 10422/10422 10423/10423
f 10421/10421 10423/10423 10424/10424
f 10425/10425 10426/10426 10427/10427
f 10425/10425 10427/10427 10428/10428
f 10429/10429 10430/10430 10431/10431
f 10429/10429 10431/10431 10432/10432
f 10433/10433 10434/10434 10435/10435
f 10433/10433 10435/10435 10436/10436
f 10437/10437 10438/10438 10439/10439
f 10437/10437 10439/10439 10440/10440
f 10441/10441 10442/10442 10443/10443
f 10441/10441 10443/10443 10444/10444
f 10445/10445 10446/10446 10447/10447
f 10445/10445 10447/10447 10448/10448
f 10449/10449 10450/10450 10451/10451
f 10449/10449 10451/10451 10452/10452
f 10453/10453 10454/10454 10455/10455
f 10453/10453 10455/10455 10456/10456
f 10457/10457 10458/10458 10459/10459
f 10457/10457 10459/10459 10460/10460
f 10461/10461 10462/10462 10463/10463
f 10461/10461 10463/10463 10464/10464
f 10465/10465 10466/10466 10467/10467
f 10465/10465 10467/10467 10468/10468
f 10469/10469 10470/10470 10471/10471
f 10469/10469 10471/10471 10472/10472
f 10473/10473 10474/10474 10475/10475
f 10473/10473 10475/10475 10476/10476
f 10477/10477 10478/10478 10479/10479
f 10477/10477 10479/10479 10480/10480
f 10481/10481 10482/10482 10483/10483
f 10481/10481 10483/10483 10484/10484
f 10485/10485 10486/10486 10487/10487
f 10485/10485 10487/10487 10488/10488
f 10489/10489 10490/10490 10491/10491
f 10489/10489 10491/10491 10492/10492
f 10493/10493 10494/10494 10495/10495
f 10493/10493 10496/10496 10494/10494
f 10496/10496 10497/10497 10494/10494
f 10496/10496 10498/10498 10497/10497
f 10498/10498 10499/10499 10497/10497
f 10498/10498 10500/10500 10499/10499
f 10501/10501 10502/10502 10503/10503
f 10501/10501 10503/10503 10504/10504
f 10505/10505 10506/10506 10507/10507
f 10505/10505 10507/10507 10508/10508
f 10509/10509 10510/10510 10511/10511
f 10509/10509 10511/10511 10512/10512
f 10513/10513 10514/10514 10515/10515
f 10513/10513 10515/10515 10516/10516
f 10517/10517 10518/10518 10519/10519
f 10517/10517 10519/10519 10520/10520
f 10521/10521 10522/10522 10523/10523
f 10521/10521 10523/10523 10524/10524
f 10525/10525 10526/10526 10527/10527
f 10525/10525 10527/10527 10528/10528
f 10529/10529 10530/10530 10531/10531
f 10529/10529 10531/10531 10532/10532
f 10533/10533 10534/10534 10535/10535
f 10533/10533 10535/10535 10536/10536
f 10537/10537 10538/10538 10539/10539
f 10537/10537 10539/10539 10540/10540
f 10541/10541 10542/10542 10543/10543
f 10541/10541 10543/10543 10544/10544
f 10545/10545 10546/10546 10547/10547
f 10545/10545 10547/10547 10548/10548
f 10549/10549 10550/10550 10551/10551
f 10549/10549 10551/10551 10552/10552
f 10553/10553 10554/10554 10555/10555
f 10556/10556 10554/10554 10553/10553
f 10555/10555 10554/10554 10557/10557
f 10558/10558 10554/10554 10556/10556
f 10557/10557 10554/10554 10559/10559
f 10559/10559 10554/10554 10558/10558
f 10560/10560 10561/10561 10562/10562
f 10563/10563 10560/10560 10562/10562
f 10561/10561 10564/10564 10562/10562
f 10565/10565 10563/10563 10562/10562
f 10564/10564 10566/10566 10562/10562
f 10566/10566 10565/10565 10562/10562
f 10567/10567 10568/10568 10569/10569
f 10570/10570 10568/10568 10567/10567
f 10569/10569 10568/10568 10571/10571
f 10569/10569 10571/10571 10572/10572
f 10572/10572 10571/10571 10573/10573
f 10570/10570 10574/10574 10568/10568
f 10575/10575 10574/10574 10570/10570
f 10576/10576 10574/10574 10575/10575
f 10573/10573 10571/10571 10577/10577
f 10573/10573 10577/10577 10578/10578
f 10578/10578 10577/10577 10579/10579
f 10568/10568 10580/10580 10571/10571
f 10574/10574 10580/10580 10568/10568
f 10571/10571 10580/10580 10577/10577
f 10576/10576 10581/10581 10574/10574
f 10581/10581 10580/10580 10574/10574
f 10582/10582 10581/10581 10576/10576
f 10583/10583 10581/10581 10582/10582
f 10579/10579 10577/10577 10584/10584
f 10577/10577 10580/10580 10584/10584
f 10584/10584 10580/10580 10581/10581
f 10583/10583 10584/10584 10581/10581
f 10579/10579 10584/10584 10585/10585
f 10585/10585 10584/10584 10583/10583
f 10586/10586 10587/10587 10588/10588
f 10589/10589 10587/10587 10586/10586
f 10588/10588 10587/10587 10590/10590
f 10588/10588 10590/10590 10591/10591
f 10591/10591 10590/10590 10592/10592
f 10589/10589 10593/10593 10587/10587
f 10594/10594 10593/10593 10589/10589
f 10595/10595 10593/10593 10594/10594
f 10592/10592 10590/10590 10596/10596
f 10592/10592 10596/10596 10597/10597
f 10597/10597 10596/10596 10598/10598
f 10587/10587 10599/10599 10590/10590
f 10593/10593 10599/10599 10587/10587
f 10590/10590 10599/10599 10596/10596
f 10595/10595 10600/10600 10593/10593
f 10600/10600 10599/10599 10593/10593
f 10601/10601 10600/10600 10595/10595
f 10602/10602 10600/10600 10601/10601
f 10598/10598 10596/10596 10603/10603
f 10596/10596 10599/10599 10603/10603
f 10603/10603 10599/10599 10600/10600
f 10602/10602 10603/10603 10600/10600
f 10598/10598 10603/10603 10604/10604
f 10604/10604 10603/10603 10602/10602
f 10605/10605 10606/10606 10607/10607
f 10608/10608 10606/10606 10605/10605
f 10607/10607 10606/10606 10609/10609
f 10607/10607 10609/10609 10610/10610
f 10610/10610 10609/10609 10611/10611
f 10608/10608 10612/10612 10606/10606
f 10613/10613 10612/10612 10608/10608
f 10614/10614 10612/10612 10613/10613
f 10611/10611 10609/10609 10615/10615
f 10611/10611 10615/10615 10616/10616
f 10616/10616 10615/10615 10617/10617
f 10606/10606 10618/10618 10609/10609
f 10612/10612 10618/10618 10606/10606
f 10609/10609 10618/10618 10615/10615
f 10614/10614 10619/10619 10612/10612
f 10619/10619 10618/10618 10612/10612
f 10620/10620 10619/10619 10614/10614
f 10621/10621 10619/10619 10620/10620
f 10617/10617 10615/10615 10622/10622
f 10615/10615 10618/10618 10622/10622
f 10622/10622 10618/10618 10619/10619
f 10621/10621 10622/10622 10619/10619
f 10617/10617 10622/10622 10623/10623
f 10623/10623 10622/10622 10621/10621
f 10624/10624 10625/10625 10626/10626
f 10627/10627 10625/10625 10624/10624
f 10626/10626 10625/10625 10628/10628
f 10626/10626 10628/10628 10629/10629
f 10629/10629 10628/10628 10630/10630
f 10627/10627 10631/10631 10625/10625
f 10632/10632 10631/10631 10627/10627
f 10633/10633 10631/10631 10632/10632
f 10630/10630 10628/10628 10634/10634
f 10630/10630 10634/10634 10635/10635
f 10635/10635 10634/10634 10636/10636
f 10625/10625 10637/10637 10628/10628
f 10631/10631 10637/10637 10625/10625
f 10628/10628 10637/10637 10634/10634
f 10633/10633 10638/10638 10631/10631
f 10638/10638 10637/10637 10631/10631
f 10639/10639 10638/10638 10633/10633
f 10640/10640 10638/10638 10639/10639
f 10636/10636 10634/10634 10641/10641
f 10634/10634 10637/10637 10641/10641
f 10641/10641 10637/10637 10638/10638
f 10640/10640 10641/10641 10638/10638
f 10636/10636 10641/10641 10642/10642
f 10642/10642 10641/10641 10640/10640
f 10643/10643 10644/10644 10645/10645
f 10646/10646 10643/10643 10645/10645
f 10644/10644 10647/10647 10645/10645
f 10644/10644 10648/10648 10647/10647
f 10648/10648 10649/10649 10647/10647
f 10646/10646 10645/10645 10650/10650
f 10651/10651 10646/10646 10650/10650
f 10652/10652 10651/10651 10650/10650
f 10649/10649 10653/10653 10647/10647
f 10649/10649 10654/10654 10653/10653
f 10654/10654 10655/10655 10653/10653
f 10645/10645 10647/10647 10656/10656
f 10650/10650 10645/10645 10656/10656
f 10647/10647 10653/10653 10656/10656
f 10652/10652 10650/10650 10657/10657
f 10657/10657 10650/10650 10656/10656
f 10658/10658 10652/10652 10657/10657
f 10659/10659 10658/10658 10657/10657
f 10655/10655 10660/10660 10653/10653
f 10653/10653 10660/10660 10656/10656
f 10660/10660 10657/10657 10656/10656
f 10659/10659 10657/10657 10660/10660
f 10655/10655 10661/10661 10660/10660
f 10661/10661 10659/10659 10660/10660
f 10662/10662 10663/10663 10664/10664
f 10665/10665 10662/10662 10664/10664
f 10663/10663 10666/10666 10664/10664
f 10663/10663 10667/10667 10666/10666
f 10667/10667 10668/10668 10666/10666
f 10665/10665 10664/10664 10669/10669
f 10670/10670 10665/10665 10669/10669
f 10671/10671 10670/10670 10669/10669
f 10668/10668 10672/10672 10666/10666
f 10668/10668 10673/10673 10672/10672
f 10673/10673 10674/10674 10672/10672
f 10664/10664 10666/10666 10675/10675
f 10669/10669 10664/10664 10675/10675
f 10666/10666 10672/10672 10675/10675
f 10671/10671 10669/10669 10676/10676
f 10676/10676 10669/10669 10675/10675
f 10677/10677 10671/10671 10676/10676
f 10678/10678 10677/10677 10676/10676
f 10674/10674 10679/10679 10672/10672
f 10672/10672 10679/10679 10675/10675
f 10679/10679 10676/10676 10675/10675
f 10678/10678 10676/10676 10679/10679
f 10674/10674 10680/10680 10679/10679
f 10680/10680 10678/10678 10679/10679
f 10681/10681 10682/10682 10683/10683
f 10684/10684 10682/10682 10681/10681
f 10681/10681 10683/10683 10685/10685
f 10684/10684 10686/10686 10682/10682
f 10683/10683 10682/10682 10686/10686
f 10687/10687 10686/10686 10684/10684
f 10685/10685 10683/10683 10688/10688
f 10685/10685 10688/10688 10687/10687
f 10687/10687 10688/10688 10686/10686
f 10683/10683 10686/10686 10688/10688
f 10689/10689 10690/10690 10691/10691
f 10692/10692 10690/10690 10689/10689
f 10689/10689 10691/10691 10693/10693
f 10692/10692 10694/10694 10690/10690
f 10691/10691 10690/10690 10694/10694
f 10695/10695 10694/10694 10692/10692
f 10693/10693 10691/10691 10696/10696
f 10693/10693 10696/10696 10695/10695
f 10695/10695 10696/10696 10694/10694
f 10691/10691 10694/10694 10696/10696
o vehicle#nurs_m-8_01_9
v 1.868557 1.325015 2.199865
v 1.930602 1.263328 2.192360
v 1.868464 1.252170 2.284941
v 1.806325 1.263328 2.192360
v 1.868557 1.325015 2.199865
v 1.868464 1.252170 2.284941
v 1.868464 1.201641 2.184854
v 1.806325 1.263328 2.192360
v 1.930602 1.263328 2.192360
v 1.868557 1.190443 2.183535
v 1.930602 1.128755 2.176030
v 1.868464 1.117598 2.268611
v 1.806325 1.128855 2.176030
v 1.868557 1.190443 2.183535
v 1.868464 1.117598 2.268611
v 1.868464 1.067068 2.168625
v 1.806325 1.128855 2.176030
v 1.930602 1.128755 2.176030
v 1.868557 1.055870 2.167206
v 1.930602 0.994083 2.159701
v 1.868464 0.982925 2.252282
v 1.806325 0.994183 2.159701
v 1.868557 1.055870 2.167206
v 1.868464 0.982925 2.252282
v 1.868464 0.932496 2.152296
v 1.806325 0.994183 2.159701
v 1.930602 0.994083 2.159701
v 1.868557 0.920398 2.150775
v 1.930602 0.858711 2.143370
v 1.868464 0.847553 2.235851
v 1.806325 0.858811 2.143370
v 1.868557 0.920398 2.150775
v 1.868464 0.847553 2.235851
v 1.868464 0.797123 2.135865
v 1.806325 0.858811 2.143370
v 1.930602 0.858711 2.143370
v 1.936378 1.184480 2.279225
v 1.800922 1.184480 2.279225
v 1.868464 1.278846 2.064286
v 1.800922 1.318952 2.295454
v 1.936378 1.318952 2.295454
v 1.868464 1.278846 2.064286
v 1.800922 1.184480 2.279225
v 1.800922 1.318952 2.295454
v 1.868464 1.278846 2.064286
v 1.936378 1.318952 2.295454
v 1.936378 1.184480 2.279225
v 1.868464 1.278846 2.064286
v 1.936378 1.049907 2.262896
v 1.800922 1.049907 2.262896
v 1.868464 1.144274 2.047956
v 1.800922 1.184480 2.279225
v 1.936378 1.184480 2.279225
v 1.868464 1.144274 2.047956
v 1.800922 1.049907 2.262896
v 1.800922 1.184480 2.279225
v 1.868464 1.144274 2.047956
v 1.936378 1.184480 2.279225
v 1.936378 1.049907 2.262896
v 1.868464 1.144274 2.047956
v 1.936378 0.915035 2.246566
v 1.800922 0.915035 2.246566
v 1.868464 1.009701 2.031627
v 1.800922 1.049907 2.262896
v 1.936378 1.049907 2.262896
v 1.868464 1.009701 2.031627
v 1.800922 0.915035 2.246566
v 1.800922 1.049907 2.262896
v 1.868464 1.009701 2.031627
v 1.936378 1.049907 2.262896
v 1.936378 0.915035 2.246566
v 1.868464 1.009701 2.031627
v 1.800922 0.780162 2.230236
v 1.838839 0.790813 2.141854
v 1.800922 0.828905 2.146419
v 1.936378 0.780162 2.230236
v 1.800922 0.780162 2.230236
v 1.868464 0.874329 2.015196
v 1.800922 0.915035 2.246566
v 1.936378 0.915035 2.246566
v 1.868464 0.874329 2.015196
v 1.800922 0.780162 2.230236
v 1.800922 0.915035 2.246566
v 1.868464 0.874329 2.015196
v 1.936378 0.915035 2.246566
v 1.936378 0.780162 2.230236
v 1.868464 0.874329 2.015196
v 1.733380 1.325015 2.199865
v 1.795519 1.263328 2.192360
v 1.733380 1.252170 2.284941
v 1.671242 1.263328 2.192360
v 1.733380 1.325015 2.199865
v 1.733380 1.252170 2.284941
v 1.733287 1.201641 2.184854
v 1.671242 1.263328 2.192360
v 1.795519 1.263328 2.192360
v 1.733380 1.190443 2.183535
v 1.795519 1.128755 2.176030
v 1.733380 1.117598 2.268611
v 1.671242 1.128755 2.176030
v 1.733380 1.190443 2.183535
v 1.733380 1.117598 2.268611
v 1.733287 1.067068 2.168625
v 1.671242 1.128755 2.176030
v 1.795519 1.128755 2.176030
v 1.733380 1.055870 2.167206
v 1.795519 0.994083 2.159701
v 1.733380 0.982925 2.252282
v 1.671242 0.994183 2.159801
v 1.733380 1.055870 2.167206
v 1.733380 0.982925 2.252282
v 1.733287 0.932496 2.152296
v 1.671242 0.994183 2.159801
v 1.795519 0.994083 2.159701
v 1.733380 0.920398 2.150775
v 1.795519 0.858711 2.143370
v 1.733380 0.847553 2.235851
v 1.671242 0.858811 2.143370
v 1.733380 0.920398 2.150775
v 1.733380 0.847553 2.235851
v 1.733287 0.797123 2.135865
v 1.671242 0.858811 2.143370
v 1.795519 0.858711 2.143370
v 1.801202 1.184480 2.279225
v 1.665746 1.184480 2.279225
v 1.733380 1.278846 2.064286
v 1.665746 1.318952 2.295454
v 1.801202 1.318952 2.295454
v 1.733380 1.278846 2.064286
v 1.665746 1.184480 2.279225
v 1.665746 1.318952 2.295454
v 1.733380 1.278846 2.064286
v 1.801202 1.318952 2.295454
v 1.801202 1.184480 2.279225
v 1.733380 1.278846 2.064286
v 1.801202 1.049907 2.262896
v 1.665746 1.049907 2.262896
v 1.733380 1.144274 2.047956
v 1.665746 1.184480 2.279225
v 1.801202 1.184480 2.279225
v 1.733380 1.144274 2.047956
v 1.665746 1.049907 2.262896
v 1.665746 1.184480 2.279225
v 1.733380 1.144274 2.047956
v 1.801202 1.184480 2.279225
v 1.801202 1.049907 2.262896
v 1.733380 1.144274 2.047956
v 1.801202 0.915035 2.246566
v 1.665746 0.915035 2.246566
v 1.733380 1.009701 2.031627
v 1.665746 1.049907 2.262896
v 1.801202 1.049907 2.262896
v 1.733380 1.009701 2.031627
v 1.665746 0.915035 2.246566
v 1.665746 1.049907 2.262896
v 1.733380 1.009701 2.031627
v 1.801202 1.049907 2.262896
v 1.801202 0.915035 2.246566
v 1.733380 1.009701 2.031627
v 1.665746 0.780162 2.230236
v 1.703662 0.790813 2.141854
v 1.665746 0.828905 2.146419
v 1.801202 0.780162 2.230236
v 1.665746 0.780162 2.230236
v 1.733380 0.874329 2.015196
v 1.665746 0.915035 2.246566
v 1.801202 0.915035 2.246566
v 1.733380 0.874329 2.015196
v 1.665746 0.780162 2.230236
v 1.665746 0.915035 2.246566
v 1.733380 0.874329 2.015196
v 1.801202 0.915035 2.246566
v 1.801202 0.780162 2.230236
v 1.733380 0.874329 2.015196
v 1.598297 1.325015 2.199865
v 1.598297 1.252170 2.284941
v 1.536159 1.263328 2.192360
v 1.598297 1.201641 2.184854
v 1.660436 1.263328 2.192360
v 1.536159 1.263328 2.192360
v 1.660436 1.263328 2.192360
v 1.598297 1.252170 2.284941
v 1.598297 1.325015 2.199865
v 1.598297 1.190443 2.183535
v 1.598297 1.117598 2.268611
v 1.536159 1.128755 2.176030
v 1.598297 1.067068 2.168625
v 1.660436 1.128855 2.176030
v 1.536159 1.128755 2.176030
v 1.660436 1.128855 2.176030
v 1.598297 1.117598 2.268611
v 1.598297 1.190443 2.183535
v 1.598297 1.055870 2.167206
v 1.598297 0.982925 2.252282
v 1.536159 0.994083 2.159701
v 1.598297 0.932496 2.152296
v 1.660436 0.994183 2.159701
v 1.536159 0.994083 2.159701
v 1.660436 0.994183 2.159701
v 1.598297 0.982925 2.252282
v 1.598297 1.055870 2.167206
v 1.598297 0.920398 2.150775
v 1.598297 0.847553 2.235851
v 1.536159 0.858711 2.143370
v 1.598297 0.797123 2.135865
v 1.660436 0.858811 2.143370
v 1.536159 0.858711 2.143370
v 1.660436 0.858811 2.143370
v 1.598297 0.847553 2.235851
v 1.598297 0.920398 2.150775
v 1.530476 1.184480 2.279225
v 1.598297 1.278846 2.064286
v 1.665839 1.184480 2.279225
v 1.665839 1.318952 2.295454
v 1.598297 1.278846 2.064286
v 1.530476 1.318952 2.295454
v 1.665839 1.184480 2.279225
v 1.598297 1.278846 2.064286
v 1.665839 1.318952 2.295454
v 1.530476 1.318952 2.295454
v 1.598297 1.278846 2.064286
v 1.530476 1.184480 2.279225
v 1.530476 1.049907 2.262896
v 1.598297 1.144274 2.047956
v 1.665839 1.049907 2.262896
v 1.665839 1.184480 2.279225
v 1.598297 1.144274 2.047956
v 1.530476 1.184480 2.279225
v 1.665839 1.049907 2.262896
v 1.598297 1.144274 2.047956
v 1.665839 1.184480 2.279225
v 1.530476 1.184480 2.279225
v 1.598297 1.144274 2.047956
v 1.530476 1.049907 2.262896
v 1.530476 0.915035 2.246566
v 1.598297 1.009701 2.031627
v 1.665839 0.915035 2.246566
v 1.665839 1.049907 2.262896
v 1.598297 1.009701 2.031627
v 1.530476 1.049907 2.262896
v 1.665839 0.915035 2.246566
v 1.598297 1.009701 2.031627
v 1.665839 1.049907 2.262896
v 1.530476 1.049907 2.262896
v 1.598297 1.009701 2.031627
v 1.530476 0.915035 2.246566
v 1.665839 0.780162 2.230236
v 1.665839 0.828905 2.146419
v 1.628016 0.790813 2.141854
v 1.530476 0.780162 2.230236
v 1.598297 0.874329 2.015196
v 1.665839 0.780162 2.230236
v 1.665839 0.915035 2.246566
v 1.598297 0.874329 2.015196
v 1.530476 0.915035 2.246566
v 1.665839 0.780162 2.230236
v 1.598297 0.874329 2.015196
v 1.665839 0.915035 2.246566
v 1.530476 0.915035 2.246566
v 1.598297 0.874329 2.015196
v 1.530476 0.780162 2.230236
v 1.939825 0.792301 2.090157
v 1.525632 0.792301 2.090157
v 1.525632 0.788244 2.123750
v 1.939825 0.788244 2.123750
v 1.939825 1.339489 2.156489
v 1.939825 1.335432 2.190082
v 1.525632 1.335432 2.190082
v 1.525632 1.339489 2.156489
v 1.939825 0.788244 2.123750
v 1.525632 0.788244 2.123750
v 1.525632 1.335432 2.190082
v 1.939825 1.335432 2.190082
v 1.525632 0.792301 2.090157
v 1.939825 0.792301 2.090157
v 1.939825 1.339489 2.156489
v 1.525632 1.339489 2.156489
v 1.939825 0.792301 2.090157
v 1.939825 0.788244 2.123750
v 1.939825 1.335432 2.190082
v 1.939825 1.339489 2.156489
v 1.838839 1.329703 2.207073
v 1.898089 1.329703 2.207073
v 1.936378 1.318952 2.295454
v 1.800922 1.318952 2.295454
v 1.800922 1.291611 2.202508
v 1.898089 1.329703 2.207073
v 1.838839 1.440360 1.293159
v 1.898089 1.440360 1.293159
v 1.838839 1.329703 2.207073
v 1.800922 1.402368 1.288595
v 1.800922 1.291611 2.202508
v 1.936378 1.184480 2.279225
v 1.936378 1.232923 2.195408
v 1.898089 1.195230 2.190844
v 1.936378 1.291611 2.202508
v 1.936378 1.318952 2.295454
v 1.898089 1.329703 2.207073
v 1.898089 1.195230 2.190844
v 1.936378 1.343680 1.281395
v 1.898089 1.305888 1.276830
v 1.936378 1.232923 2.195408
v 1.936378 1.291611 2.202508
v 1.936378 1.402368 1.288495
v 1.898089 1.440360 1.293159
v 1.898089 1.329703 2.207073
v 1.936378 1.049907 2.262896
v 1.936378 1.098650 2.179079
v 1.897996 1.060658 2.174514
v 1.936378 1.157338 2.186179
v 1.936378 1.184480 2.279225
v 1.897996 1.195230 2.190844
v 1.897996 1.060658 2.174514
v 1.936378 1.209308 1.265166
v 1.897996 1.171415 1.260601
v 1.936378 1.098650 2.179079
v 1.936378 1.157338 2.186179
v 1.936378 1.268096 1.272266
v 1.897996 1.305888 1.276830
v 1.897996 1.195230 2.190844
v 1.936378 0.915035 2.246566
v 1.936378 0.963978 2.162749
v 1.897996 0.925685 2.158184
v 1.936378 1.022666 2.169949
v 1.936378 1.049907 2.262896
v 1.897996 1.060658 2.174514
v 1.897996 0.925685 2.158184
v 1.936378 1.074735 1.248836
v 1.897996 1.036443 1.244171
v 1.936378 0.963978 2.162749
v 1.936378 1.022666 2.169949
v 1.936378 1.133423 1.255936
v 1.897996 1.171415 1.260601
v 1.897996 1.060658 2.174514
v 1.898089 0.790813 2.141854
v 1.838839 0.790813 2.141854
v 1.800922 0.780162 2.230236
v 1.936378 0.780162 2.230236
v 1.898089 0.790813 2.141854
v 1.898089 0.901571 1.227841
v 1.838839 0.901571 1.227841
v 1.838839 0.790813 2.141854
v 1.800922 0.828905 2.146419
v 1.800922 0.939663 1.232506
v 1.936378 0.780162 2.230236
v 1.936378 0.828905 2.146419
v 1.898089 0.790813 2.141854
v 1.936378 0.887593 2.153519
v 1.936378 0.915035 2.246566
v 1.898089 0.925685 2.158184
v 1.898089 0.790813 2.141854
v 1.936378 0.939663 1.232506
v 1.898089 0.901571 1.227841
v 1.936378 0.828905 2.146419
v 1.936378 0.887593 2.153519
v 1.936378 0.998351 1.239606
v 1.898089 1.036443 1.244171
v 1.898089 0.925685 2.158184
v 1.801202 1.291611 2.202508
v 1.801202 1.318952 2.295454
v 1.762912 1.329703 2.207073
v 1.703662 1.329703 2.207073
v 1.665746 1.318952 2.295454
v 1.665746 1.291611 2.202508
v 1.703662 1.329703 2.207073
v 1.665746 1.291611 2.202508
v 1.665746 1.402368 1.288595
v 1.703662 1.440360 1.293159
v 1.762912 1.329703 2.207073
v 1.762912 1.440360 1.293159
v 1.801202 1.291611 2.202508
v 1.801202 1.402368 1.288595
v 1.762912 0.790813 2.141854
v 1.703662 0.790813 2.141854
v 1.665746 0.780162 2.230236
v 1.801202 0.780162 2.230236
v 1.801202 0.828905 2.146419
v 1.762912 0.790813 2.141854
v 1.801202 0.828905 2.146419
v 1.801202 0.939663 1.232506
v 1.762912 0.901571 1.227841
v 1.703662 0.901571 1.227841
v 1.703662 0.790813 2.141854
v 1.665746 0.828905 2.146419
v 1.665746 0.939663 1.232506
v 1.530476 1.291611 2.202508
v 1.568765 1.329703 2.207073
v 1.530476 1.318952 2.295454
v 1.628016 1.329703 2.207073
v 1.665839 1.318952 2.295454
v 1.665839 1.291611 2.202508
v 1.628016 1.329703 2.207073
v 1.665839 1.402368 1.288495
v 1.665839 1.291611 2.202508
v 1.628016 1.440360 1.293159
v 1.568765 1.329703 2.207073
v 1.568765 1.440360 1.293159
v 1.530476 1.291611 2.202508
v 1.530476 1.402368 1.288495
v 1.568765 0.790813 2.141854
v 1.665839 0.780162 2.230236
v 1.628016 0.790813 2.141854
v 1.530476 0.780162 2.230236
v 1.530476 0.828905 2.146419
v 1.568765 0.790813 2.141854
v 1.530476 0.939663 1.232506
v 1.530476 0.828905 2.146419
v 1.568765 0.901571 1.227841
v 1.628016 0.901571 1.227841
v 1.628016 0.790813 2.141854
v 1.665839 0.828905 2.146419
v 1.665839 0.939663 1.232506
v 1.939825 0.897785 1.219635
v 1.525632 0.897785 1.219635
v 1.525632 0.893727 1.253228
v 1.939825 0.893727 1.253228
v 1.939825 1.444973 1.285967
v 1.939825 1.440915 1.319560
v 1.525632 1.440915 1.319560
v 1.525632 1.444973 1.285967
v 1.939825 0.893727 1.253228
v 1.525632 0.893727 1.253228
v 1.525632 1.440915 1.319560
v 1.939825 1.440915 1.319560
v 1.525632 0.897785 1.219635
v 1.939825 0.897785 1.219635
v 1.939825 1.444973 1.285967
v 1.525632 1.444973 1.285967
v 1.939825 0.897785 1.219635
v 1.939825 0.893727 1.253228
v 1.939825 1.440915 1.319560
v 1.939825 1.444973 1.285967
vt 0.11090 -0.21810
vt 0.10220 -0.21810
vt 0.10220 -0.23280
vt 0.10220 -0.21810
vt 0.11090 -0.21810
vt 0.10220 -0.23280
vt 0.10220 -0.21810
vt 0.09340 -0.21810
vt 0.11090 -0.21810
vt 0.11090 -0.21810
vt 0.10220 -0.21810
vt 0.10220 -0.23280
vt 0.10220 -0.21810
vt 0.11090 -0.21810
vt 0.10220 -0.23280
vt 0.10220 -0.21810
vt 0.09340 -0.21810
vt 0.11090 -0.21810
vt 0.11090 -0.21810
vt 0.10220 -0.21810
vt 0.10220 -0.23280
vt 0.10220 -0.21810
vt 0.11090 -0.21810
vt 0.10220 -0.23280
vt 0.10220 -0.21810
vt 0.09340 -0.21810
vt 0.11090 -0.21810
vt 0.11090 -0.21810
vt 0.10220 -0.21810
vt 0.10220 -0.23280
vt 0.10220 -0.21810
vt 0.11090 -0.21810
vt 0.10220 -0.23280
vt 0.10220 -0.21810
vt 0.09340 -0.21810
vt 0.11090 -0.21810
vt 0.11070 -0.20320
vt 0.09330 -0.20320
vt 0.10210 -0.23100
vt 0.11070 -0.20320
vt 0.09330 -0.20320
vt 0.10210 -0.23100
vt 0.11070 -0.20320
vt 0.09330 -0.20320
vt 0.10210 -0.23100
vt 0.09330 -0.20320
vt 0.11070 -0.20320
vt 0.10210 -0.23100
vt 0.11070 -0.20320
vt 0.09330 -0.20320
vt 0.10210 -0.23100
vt 0.11070 -0.20320
vt 0.09330 -0.20320
vt 0.10210 -0.23100
vt 0.11070 -0.20320
vt 0.09330 -0.20320
vt 0.10210 -0.23100
vt 0.09330 -0.20320
vt 0.11070 -0.20320
vt 0.10210 -0.23100
vt 0.11070 -0.20320
vt 0.09330 -0.20320
vt 0.10210 -0.23100
vt 0.11070 -0.20320
vt 0.09330 -0.20320
vt 0.10210 -0.23100
vt 0.11070 -0.20320
vt 0.09330 -0.20320
vt 0.10210 -0.23100
vt 0.09330 -0.20320
vt 0.11070 -0.20320
vt 0.10210 -0.23100
vt 0.03900 -0.28680
vt 0.04780 -0.28680
vt 0.04780 -0.29060
vt 0.11070 -0.20320
vt 0.09330 -0.20320
vt 0.10210 -0.23100
vt 0.11070 -0.20320
vt 0.09330 -0.20320
vt 0.10210 -0.23100
vt 0.11070 -0.20320
vt 0.09330 -0.20320
vt 0.10210 -0.23100
vt 0.09340 -0.20320
vt 0.11070 -0.20320
vt 0.10210 -0.23100
vt 0.11090 -0.21810
vt 0.10220 -0.21810
vt 0.10220 -0.23280
vt 0.10220 -0.21810
vt 0.11090 -0.21810
vt 0.10220 -0.23280
vt 0.10220 -0.21810
vt 0.09340 -0.21810
vt 0.11090 -0.21810
vt 0.11090 -0.21810
vt 0.10220 -0.21810
vt 0.10220 -0.23280
vt 0.10220 -0.21810
vt 0.11090 -0.21810
vt 0.10220 -0.23280
vt 0.10220 -0.21810
vt 0.09340 -0.21810
vt 0.11090 -0.21810
vt 0.11090 -0.21810
vt 0.10220 -0.21810
vt 0.10220 -0.23280
vt 0.10220 -0.21810
vt 0.11090 -0.21810
vt 0.10220 -0.23280
vt 0.10220 -0.21810
vt 0.09340 -0.21810
vt 0.11090 -0.21810
vt 0.11090 -0.21810
vt 0.10220 -0.21810
vt 0.10220 -0.23280
vt 0.10220 -0.21810
vt 0.11090 -0.21810
vt 0.10220 -0.23280
vt 0.10220 -0.21810
vt 0.09340 -0.21810
vt 0.11090 -0.21810
vt 0.11070 -0.20320
vt 0.09330 -0.20320
vt 0.10210 -0.23100
vt 0.11070 -0.20320
vt 0.09330 -0.20320
vt 0.10210 -0.23100
vt 0.11070 -0.20320
vt 0.09330 -0.20320
vt 0.10210 -0.23100
vt 0.09330 -0.20320
vt 0.11070 -0.20320
vt 0.10210 -0.23100
vt 0.11070 -0.20320
vt 0.09330 -0.20320
vt 0.10210 -0.23100
vt 0.11070 -0.20320
vt 0.09330 -0.20320
vt 0.10210 -0.23100
vt 0.11070 -0.20320
vt 0.09330 -0.20320
vt 0.10210 -0.23100
vt 0.09330 -0.20320
vt 0.11070 -0.20320
vt 0.10210 -0.23100
vt 0.11070 -0.20320
vt 0.09330 -0.20320
vt 0.10210 -0.23100
vt 0.11070 -0.20320
vt 0.09330 -0.20320
vt 0.10210 -0.23100
vt 0.11070 -0.20320
vt 0.09330 -0.20320
vt 0.10210 -0.23100
vt 0.09330 -0.20320
vt 0.11070 -0.20320
vt 0.10210 -0.23100
vt 0.03900 -0.28680
vt 0.04780 -0.28680
vt 0.04780 -0.29060
vt 0.11070 -0.20320
vt 0.09330 -0.20320
vt 0.10210 -0.23100
vt 0.11070 -0.20320
vt 0.09330 -0.20320
vt 0.10210 -0.23100
vt 0.11070 -0.20320
vt 0.09330 -0.20320
vt 0.10210 -0.23100
vt 0.09340 -0.20320
vt 0.11070 -0.20320
vt 0.10210 -0.23100
vt 0.11090 -0.21810
vt 0.10220 -0.23280
vt 0.10220 -0.21810
vt 0.10220 -0.21810
vt 0.11090 -0.21810
vt 0.09350 -0.21810
vt 0.10220 -0.21810
vt 0.10220 -0.23280
vt 0.11090 -0.21810
vt 0.11090 -0.21810
vt 0.10220 -0.23280
vt 0.10220 -0.21810
vt 0.10220 -0.21810
vt 0.11090 -0.21810
vt 0.09350 -0.21810
vt 0.10220 -0.21810
vt 0.10220 -0.23280
vt 0.11090 -0.21810
vt 0.11090 -0.21810
vt 0.10220 -0.23280
vt 0.10220 -0.21810
vt 0.10220 -0.21810
vt 0.11090 -0.21810
vt 0.09350 -0.21810
vt 0.10220 -0.21810
vt 0.10220 -0.23280
vt 0.11090 -0.21810
vt 0.11090 -0.21810
vt 0.10220 -0.23280
vt 0.10220 -0.21810
vt 0.10220 -0.21810
vt 0.11090 -0.21810
vt 0.09350 -0.21810
vt 0.10220 -0.21810
vt 0.10220 -0.23280
vt 0.11090 -0.21810
vt 0.09330 -0.20320
vt 0.10210 -0.23100
vt 0.11070 -0.20320
vt 0.09330 -0.20320
vt 0.10210 -0.23100
vt 0.11070 -0.20320
vt 0.11070 -0.20320
vt 0.10210 -0.23100
vt 0.09330 -0.20320
vt 0.09330 -0.20320
vt 0.10210 -0.23100
vt 0.11070 -0.20320
vt 0.09330 -0.20320
vt 0.10210 -0.23100
vt 0.11070 -0.20320
vt 0.09330 -0.20320
vt 0.10210 -0.23100
vt 0.11070 -0.20320
vt 0.11070 -0.20320
vt 0.10210 -0.23100
vt 0.09330 -0.20320
vt 0.09330 -0.20320
vt 0.10210 -0.23100
vt 0.11070 -0.20320
vt 0.09330 -0.20320
vt 0.10210 -0.23100
vt 0.11070 -0.20320
vt 0.09330 -0.20320
vt 0.10210 -0.23100
vt 0.11070 -0.20320
vt 0.11070 -0.20320
vt 0.10210 -0.23100
vt 0.09330 -0.20320
vt 0.09330 -0.20320
vt 0.10210 -0.23100
vt 0.11070 -0.20320
vt 0.03890 -0.25990
vt 0.04770 -0.26370
vt 0.04770 -0.25990
vt 0.09330 -0.20320
vt 0.10210 -0.23100
vt 0.11070 -0.20320
vt 0.09330 -0.20320
vt 0.10210 -0.23100
vt 0.11070 -0.20320
vt 0.11070 -0.20320
vt 0.10210 -0.23100
vt 0.09340 -0.20320
vt 0.09330 -0.20320
vt 0.10210 -0.23100
vt 0.11070 -0.20320
vt 0.05290 -0.31400
vt 0.05290 -0.25940
vt 0.04940 -0.25940
vt 0.04940 -0.31400
vt 0.05280 -0.25960
vt 0.04940 -0.25960
vt 0.04940 -0.31410
vt 0.05280 -0.31410
vt 0.09250 -0.31610
vt 0.03950 -0.31610
vt 0.03950 -0.38580
vt 0.09250 -0.38580
vt 0.09250 -0.31610
vt 0.03950 -0.31610
vt 0.03950 -0.38580
vt 0.09250 -0.38580
vt 0.05280 -0.25950
vt 0.04940 -0.25950
vt 0.04950 -0.31410
vt 0.05280 -0.31410
vt 0.04780 -0.30390
vt 0.04780 -0.30980
vt 0.03890 -0.31350
vt 0.03890 -0.30010
vt 0.04780 -0.30010
vt 0.04780 -0.30980
vt 0.13870 -0.30390
vt 0.13870 -0.30980
vt 0.04780 -0.30390
vt 0.13860 -0.30010
vt 0.04780 -0.30010
vt 0.03890 -0.30010
vt 0.04770 -0.30390
vt 0.04770 -0.30010
vt 0.04770 -0.30970
vt 0.03890 -0.31350
vt 0.04770 -0.31350
vt 0.04770 -0.30010
vt 0.13860 -0.30400
vt 0.13860 -0.30020
vt 0.04770 -0.30390
vt 0.04770 -0.30970
vt 0.13860 -0.30980
vt 0.13860 -0.31360
vt 0.04770 -0.31350
vt 0.03890 -0.28670
vt 0.04770 -0.29050
vt 0.04770 -0.28680
vt 0.04770 -0.29640
vt 0.03890 -0.30010
vt 0.04770 -0.30010
vt 0.04770 -0.28680
vt 0.13860 -0.29060
vt 0.13860 -0.28680
vt 0.04770 -0.29050
vt 0.04770 -0.29640
vt 0.13860 -0.29640
vt 0.13860 -0.30020
vt 0.04770 -0.30010
vt 0.03890 -0.27330
vt 0.04770 -0.27710
vt 0.04770 -0.27330
vt 0.04770 -0.28300
vt 0.03890 -0.28670
vt 0.04770 -0.28680
vt 0.04770 -0.27330
vt 0.13860 -0.27720
vt 0.13860 -0.27340
vt 0.04770 -0.27710
vt 0.04770 -0.28300
vt 0.13860 -0.28300
vt 0.13860 -0.28680
vt 0.04770 -0.28680
vt 0.04770 -0.29650
vt 0.04770 -0.29060
vt 0.03890 -0.28680
vt 0.03890 -0.30030
vt 0.04770 -0.29650
vt 0.13860 -0.29650
vt 0.13860 -0.29060
vt 0.04770 -0.29060
vt 0.04770 -0.28680
vt 0.13860 -0.28680
vt 0.03890 -0.25990
vt 0.04770 -0.26370
vt 0.04770 -0.25990
vt 0.04770 -0.26950
vt 0.03890 -0.27330
vt 0.04770 -0.27330
vt 0.04770 -0.25990
vt 0.13860 -0.26380
vt 0.13860 -0.26000
vt 0.04770 -0.26370
vt 0.04770 -0.26950
vt 0.13860 -0.26960
vt 0.13860 -0.27340
vt 0.04770 -0.27330
vt 0.04780 -0.30020
vt 0.03890 -0.30020
vt 0.04780 -0.29640
vt 0.04780 -0.29050
vt 0.03890 -0.28670
vt 0.04780 -0.28670
vt 0.04780 -0.29050
vt 0.04780 -0.28670
vt 0.13860 -0.28670
vt 0.13870 -0.29050
vt 0.04780 -0.29640
vt 0.13870 -0.29640
vt 0.04780 -0.30020
vt 0.13860 -0.30020
vt 0.04770 -0.28300
vt 0.04770 -0.27710
vt 0.03890 -0.27330
vt 0.03890 -0.28680
vt 0.04770 -0.28680
vt 0.04770 -0.28300
vt 0.04770 -0.28680
vt 0.13860 -0.28680
vt 0.13860 -0.28300
vt 0.13860 -0.27710
vt 0.04770 -0.27710
vt 0.04770 -0.27330
vt 0.13860 -0.27330
vt 0.04780 -0.27330
vt 0.04780 -0.27710
vt 0.03890 -0.27330
vt 0.04780 -0.28300
vt 0.03890 -0.28680
vt 0.04780 -0.28680
vt 0.04780 -0.28300
vt 0.13860 -0.28680
vt 0.04780 -0.28680
vt 0.13870 -0.28300
vt 0.04780 -0.27710
vt 0.13870 -0.27710
vt 0.04780 -0.27330
vt 0.13860 -0.27330
vt 0.04780 -0.27710
vt 0.03900 -0.28680
vt 0.04780 -0.28300
vt 0.03900 -0.27330
vt 0.04780 -0.27330
vt 0.04780 -0.27710
vt 0.13870 -0.27330
vt 0.04780 -0.27330
vt 0.13870 -0.27710
vt 0.13870 -0.28300
vt 0.04780 -0.28300
vt 0.04780 -0.28680
vt 0.13870 -0.28680
vt 0.13970 -0.31390
vt 0.13970 -0.25930
vt 0.13640 -0.25930
vt 0.13640 -0.31390
vt 0.13980 -0.25940
vt 0.13640 -0.25940
vt 0.13640 -0.31410
vt 0.13980 -0.31410
vt 0.09250 -0.31610
vt 0.03950 -0.31610
vt 0.03950 -0.38580
vt 0.09250 -0.38580
vt 0.09250 -0.31610
vt 0.03950 -0.31610
vt 0.03950 -0.38580
vt 0.09250 -0.38580
vt 0.13970 -0.25940
vt 0.13640 -0.25940
vt 0.13640 -0.31400
vt 0.13980 -0.31400
g vehicle#nurs_m-8_01_10_0
usemtl 2b684d67-c690-4b3c-bf76-da0401ce3238
f 10697/10697 10698/10698 10699/10699
f 10700/10700 10701/10701 10702/10702
f 10703/10703 10704/10704 10702/10702
f 10705/10705 10703/10703 10702/10702
f 10706/10706 10707/10707 10708/10708
f 10709/10709 10710/10710 10711/10711
f 10712/10712 10713/10713 10711/10711
f 10714/10714 10712/10712 10711/10711
f 10715/10715 10716/10716 10717/10717
f 10718/10718 10719/10719 10720/10720
f 10721/10721 10722/10722 10720/10720
f 10723/10723 10721/10721 10720/10720
f 10724/10724 10725/10725 10726/10726
f 10727/10727 10728/10728 10729/10729
f 10730/10730 10731/10731 10729/10729
f 10732/10732 10730/10730 10729/10729
f 10733/10733 10734/10734 10735/10735
f 10736/10736 10737/10737 10738/10738
f 10739/10739 10740/10740 10741/10741
f 10742/10742 10743/10743 10744/10744
f 10745/10745 10746/10746 10747/10747
f 10748/10748 10749/10749 10750/10750
f 10751/10751 10752/10752 10753/10753
f 10754/10754 10755/10755 10756/10756
f 10757/10757 10758/10758 10759/10759
f 10760/10760 10761/10761 10762/10762
f 10763/10763 10764/10764 10765/10765
f 10766/10766 10767/10767 10768/10768
f 10769/10769 10770/10770 10771/10771
f 10772/10772 10773/10773 10774/10774
f 10775/10775 10776/10776 10777/10777
f 10778/10778 10779/10779 10780/10780
f 10781/10781 10782/10782 10783/10783
f 10784/10784 10785/10785 10786/10786
f 10787/10787 10788/10788 10789/10789
f 10790/10790 10791/10791 10789/10789
f 10792/10792 10790/10790 10789/10789
f 10793/10793 10794/10794 10795/10795
f 10796/10796 10797/10797 10798/10798
f 10799/10799 10800/10800 10798/10798
f 10801/10801 10799/10799 10798/10798
f 10802/10802 10803/10803 10804/10804
f 10805/10805 10806/10806 10807/10807
f 10808/10808 10809/10809 10807/10807
f 10810/10810 10808/10808 10807/10807
f 10811/10811 10812/10812 10813/10813
f 10814/10814 10815/10815 10816/10816
f 10817/10817 10818/10818 10816/10816
f 10819/10819 10817/10817 10816/10816
f 10820/10820 10821/10821 10822/10822
f 10823/10823 10824/10824 10825/10825
f 10826/10826 10827/10827 10828/10828
f 10829/10829 10830/10830 10831/10831
f 10832/10832 10833/10833 10834/10834
f 10835/10835 10836/10836 10837/10837
f 10838/10838 10839/10839 10840/10840
f 10841/10841 10842/10842 10843/10843
f 10844/10844 10845/10845 10846/10846
f 10847/10847 10848/10848 10849/10849
f 10850/10850 10851/10851 10852/10852
f 10853/10853 10854/10854 10855/10855
f 10856/10856 10857/10857 10858/10858
f 10859/10859 10860/10860 10861/10861
f 10862/10862 10863/10863 10864/10864
f 10865/10865 10866/10866 10867/10867
f 10868/10868 10869/10869 10870/10870
f 10871/10871 10872/10872 10873/10873
f 10874/10874 10872/10872 10875/10875
f 10876/10876 10872/10872 10874/10874
f 10877/10877 10878/10878 10879/10879
f 10880/10880 10881/10881 10882/10882
f 10883/10883 10881/10881 10884/10884
f 10885/10885 10881/10881 10883/10883
f 10886/10886 10887/10887 10888/10888
f 10889/10889 10890/10890 10891/10891
f 10892/10892 10890/10890 10893/10893
f 10894/10894 10890/10890 10892/10892
f 10895/10895 10896/10896 10897/10897
f 10898/10898 10899/10899 10900/10900
f 10901/10901 10899/10899 10902/10902
f 10903/10903 10899/10899 10901/10901
f 10904/10904 10905/10905 10906/10906
f 10907/10907 10908/10908 10909/10909
f 10910/10910 10911/10911 10912/10912
f 10913/10913 10914/10914 10915/10915
f 10916/10916 10917/10917 10918/10918
f 10919/10919 10920/10920 10921/10921
f 10922/10922 10923/10923 10924/10924
f 10925/10925 10926/10926 10927/10927
f 10928/10928 10929/10929 10930/10930
f 10931/10931 10932/10932 10933/10933
f 10934/10934 10935/10935 10936/10936
f 10937/10937 10938/10938 10939/10939
f 10940/10940 10941/10941 10942/10942
f 10943/10943 10944/10944 10945/10945
f 10946/10946 10947/10947 10948/10948
f 10949/10949 10950/10950 10951/10951
f 10952/10952 10953/10953 10954/10954
f 10955/10955 10956/10956 10957/10957
f 10958/10958 10959/10959 10960/10960
f 10958/10958 10960/10960 10961/10961
f 10962/10962 10963/10963 10964/10964
f 10962/10962 10964/10964 10965/10965
f 10966/10966 10967/10967 10968/10968
f 10966/10966 10968/10968 10969/10969
f 10970/10970 10971/10971 10972/10972
f 10970/10970 10972/10972 10973/10973
f 10974/10974 10975/10975 10976/10976
f 10974/10974 10976/10976 10977/10977
f 10978/10978 10979/10979 10980/10980
f 10978/10978 10980/10980 10981/10981
f 10982/10982 10978/10978 10981/10981
f 10983/10983 10984/10984 10985/10985
f 10983/10983 10986/10986 10984/10984
f 10986/10986 10987/10987 10984/10984
f 10986/10986 10988/10988 10987/10987
f 10989/10989 10990/10990 10991/10991
f 10989/10989 10992/10992 10990/10990
f 10989/10989 10993/10993 10992/10992
f 10992/10992 10993/10993 10994/10994
f 10995/10995 10996/10996 10997/10997
f 10995/10995 10998/10998 10996/10996
f 10996/10996 10998/10998 10999/10999
f 10996/10996 10999/10999 11000/11000
f 11001/11001 11000/11000 10999/10999
f 11001/11001 10999/10999 11002/11002
f 11003/11003 11004/11004 11005/11005
f 11003/11003 11006/11006 11004/11004
f 11003/11003 11007/11007 11006/11006
f 11006/11006 11007/11007 11008/11008
f 11009/11009 11010/11010 11011/11011
f 11009/11009 11012/11012 11010/11010
f 11010/11010 11012/11012 11013/11013
f 11010/11010 11013/11013 11014/11014
f 11015/11015 11014/11014 11013/11013
f 11015/11015 11013/11013 11016/11016
f 11017/11017 11018/11018 11019/11019
f 11017/11017 11020/11020 11018/11018
f 11017/11017 11021/11021 11020/11020
f 11020/11020 11021/11021 11022/11022
f 11023/11023 11024/11024 11025/11025
f 11023/11023 11026/11026 11024/11024
f 11024/11024 11026/11026 11027/11027
f 11024/11024 11027/11027 11028/11028
f 11029/11029 11028/11028 11027/11027
f 11029/11029 11027/11027 11030/11030
f 11031/11031 11032/11032 11033/11033
f 11031/11031 11033/11033 11034/11034
f 11035/11035 11036/11036 11037/11037
f 11035/11035 11037/11037 11038/11038
f 11037/11037 11039/11039 11038/11038
f 11037/11037 11040/11040 11039/11039
f 11041/11041 11042/11042 11043/11043
f 11041/11041 11044/11044 11042/11042
f 11041/11041 11045/11045 11044/11044
f 11044/11044 11045/11045 11046/11046
f 11047/11047 11048/11048 11049/11049
f 11047/11047 11050/11050 11048/11048
f 11048/11048 11050/11050 11051/11051
f 11048/11048 11051/11051 11052/11052
f 11053/11053 11052/11052 11051/11051
f 11053/11053 11051/11051 11054/11054
f 11055/11055 11056/11056 11057/11057
f 11058/11058 11057/11057 11056/11056
f 11058/11058 11056/11056 11059/11059
f 11060/11060 11058/11058 11059/11059
f 11061/11061 11062/11062 11063/11063
f 11061/11061 11063/11063 11064/11064
f 11065/11065 11061/11061 11064/11064
f 11065/11065 11064/11064 11066/11066
f 11066/11066 11067/11067 11065/11065
f 11066/11066 11068/11068 11067/11067
f 11069/11069 11070/11070 11071/11071
f 11069/11069 11071/11071 11072/11072
f 11072/11072 11073/11073 11069/11069
f 11074/11074 11075/11075 11076/11076
f 11074/11074 11076/11076 11077/11077
f 11074/11074 11077/11077 11078/11078
f 11074/11074 11078/11078 11079/11079
f 11078/11078 11080/11080 11079/11079
f 11078/11078 11081/11081 11080/11080
f 11082/11082 11083/11083 11084/11084
f 11085/11085 11084/11084 11083/11083
f 11085/11085 11086/11086 11084/11084
f 11087/11087 11086/11086 11085/11085
f 11088/11088 11089/11089 11090/11090
f 11088/11088 11091/11091 11089/11089
f 11092/11092 11091/11091 11088/11088
f 11092/11092 11093/11093 11091/11091
f 11093/11093 11092/11092 11094/11094
f 11093/11093 11094/11094 11095/11095
f 11096/11096 11097/11097 11098/11098
f 11096/11096 11099/11099 11097/11097
f 11099/11099 11096/11096 11100/11100
f 11101/11101 11102/11102 11103/11103
f 11101/11101 11104/11104 11102/11102
f 11101/11101 11105/11105 11104/11104
f 11101/11101 11106/11106 11105/11105
f 11105/11105 11106/11106 11107/11107
f 11105/11105 11107/11107 11108/11108
f 11109/11109 11110/11110 11111/11111
f 11109/11109 11111/11111 11112/11112
f 11113/11113 11114/11114 11115/11115
f 11113/11113 11115/11115 11116/11116
f 11117/11117 11118/11118 11119/11119
f 11117/11117 11119/11119 11120/11120
f 11121/11121 11122/11122 11123/11123
f 11121/11121 11123/11123 11124/11124
f 11125/11125 11126/11126 11127/11127
f 11125/11125 11127/11127 11128/11128
o vehicle#nurs_m-8_02_10
v -1.867592 1.324999 2.199865
v -1.867592 1.252154 2.284940
v -1.929637 1.263312 2.192359
v -1.805454 1.263412 2.192360
v -1.867592 1.252154 2.284940
v -1.867592 1.324999 2.199865
v -1.867499 1.201625 2.184854
v -1.805454 1.263412 2.192360
v -1.929637 1.263312 2.192359
v -1.867592 1.190427 2.183535
v -1.867592 1.117582 2.268611
v -1.929637 1.128739 2.176030
v -1.805454 1.128839 2.176030
v -1.867592 1.117582 2.268611
v -1.867592 1.190427 2.183535
v -1.867499 1.067052 2.168525
v -1.805454 1.128839 2.176030
v -1.929637 1.128739 2.176030
v -1.867592 1.055854 2.167206
v -1.867592 0.982909 2.252282
v -1.929637 0.994067 2.159700
v -1.805454 0.994167 2.159701
v -1.867592 0.982909 2.252282
v -1.867592 1.055854 2.167206
v -1.867499 0.932480 2.152296
v -1.805454 0.994167 2.159701
v -1.929637 0.994067 2.159700
v -1.867592 0.920482 2.150775
v -1.867592 0.847537 2.235851
v -1.929637 0.858695 2.143370
v -1.805454 0.858795 2.143370
v -1.867592 0.847537 2.235851
v -1.867592 0.920482 2.150775
v -1.867499 0.797107 2.135865
v -1.805454 0.858795 2.143370
v -1.929637 0.858695 2.143370
v -1.935413 1.184464 2.279125
v -1.867592 1.278830 2.064186
v -1.799957 1.184464 2.279125
v -1.799957 1.318936 2.295454
v -1.867592 1.278830 2.064186
v -1.935413 1.318936 2.295454
v -1.799957 1.184464 2.279125
v -1.867592 1.278830 2.064186
v -1.799957 1.318936 2.295454
v -1.935413 1.318936 2.295454
v -1.867592 1.278830 2.064186
v -1.935413 1.184464 2.279125
v -1.935413 1.049991 2.262896
v -1.867592 1.144258 2.047956
v -1.799957 1.049991 2.262896
v -1.799957 1.184464 2.279125
v -1.867592 1.144258 2.047956
v -1.935413 1.184464 2.279125
v -1.799957 1.049991 2.262896
v -1.867592 1.144258 2.047956
v -1.799957 1.184464 2.279125
v -1.935413 1.184464 2.279125
v -1.867592 1.144258 2.047956
v -1.935413 1.049991 2.262896
v -1.935413 0.915019 2.246566
v -1.867592 1.009685 2.031627
v -1.799957 0.915019 2.246566
v -1.799957 1.049991 2.262896
v -1.867592 1.009685 2.031627
v -1.935413 1.049991 2.262896
v -1.799957 0.915019 2.246566
v -1.867592 1.009685 2.031627
v -1.799957 1.049991 2.262896
v -1.935413 1.049991 2.262896
v -1.867592 1.009685 2.031627
v -1.935413 0.915019 2.246566
v -1.799957 0.780147 2.230136
v -1.799957 0.828889 2.146419
v -1.837874 0.790797 2.141754
v -1.935413 0.780147 2.230136
v -1.867592 0.874313 2.015196
v -1.799957 0.780147 2.230136
v -1.799957 0.915019 2.246566
v -1.867592 0.874313 2.015196
v -1.935413 0.915019 2.246566
v -1.799957 0.780147 2.230136
v -1.867592 0.874313 2.015196
v -1.799957 0.915019 2.246566
v -1.935413 0.915019 2.246566
v -1.867592 0.874313 2.015196
v -1.935413 0.780147 2.230136
v -1.732416 1.324999 2.199865
v -1.732416 1.252154 2.284940
v -1.794554 1.263312 2.192359
v -1.670277 1.263412 2.192360
v -1.732416 1.252154 2.284940
v -1.732416 1.324999 2.199865
v -1.732416 1.201625 2.184854
v -1.670277 1.263412 2.192360
v -1.794554 1.263312 2.192359
v -1.732416 1.190427 2.183535
v -1.732416 1.117582 2.268611
v -1.794554 1.128739 2.176030
v -1.670277 1.128839 2.176030
v -1.732416 1.117582 2.268611
v -1.732416 1.190427 2.183535
v -1.732416 1.067052 2.168525
v -1.670277 1.128839 2.176030
v -1.794554 1.128739 2.176030
v -1.732416 1.055854 2.167206
v -1.732416 0.982909 2.252282
v -1.794554 0.994067 2.159700
v -1.670277 0.994167 2.159701
v -1.732416 0.982909 2.252282
v -1.732416 1.055854 2.167206
v -1.732416 0.932480 2.152296
v -1.670277 0.994167 2.159701
v -1.794554 0.994067 2.159700
v -1.732416 0.920482 2.150775
v -1.732416 0.847537 2.235851
v -1.794554 0.858695 2.143370
v -1.670277 0.858795 2.143370
v -1.732416 0.847537 2.235851
v -1.732416 0.920482 2.150775
v -1.732416 0.797107 2.135865
v -1.670277 0.858795 2.143370
v -1.794554 0.858695 2.143370
v -1.800237 1.184464 2.279125
v -1.732416 1.278830 2.064186
v -1.664874 1.184464 2.279125
v -1.664874 1.318936 2.295454
v -1.732416 1.278830 2.064186
v -1.800237 1.318936 2.295454
v -1.664874 1.184464 2.279125
v -1.732416 1.278830 2.064186
v -1.664874 1.318936 2.295454
v -1.800237 1.318936 2.295454
v -1.732416 1.278830 2.064186
v -1.800237 1.184464 2.279125
v -1.800237 1.049991 2.262896
v -1.732416 1.144258 2.047956
v -1.664874 1.049991 2.262896
v -1.664874 1.184464 2.279125
v -1.732416 1.144258 2.047956
v -1.800237 1.184464 2.279125
v -1.664874 1.049991 2.262896
v -1.732416 1.144258 2.047956
v -1.664874 1.184464 2.279125
v -1.800237 1.184464 2.279125
v -1.732416 1.144258 2.047956
v -1.800237 1.049991 2.262896
v -1.800237 0.915019 2.246566
v -1.732416 1.009685 2.031627
v -1.664874 0.915019 2.246566
v -1.664874 1.049991 2.262896
v -1.732416 1.009685 2.031627
v -1.800237 1.049991 2.262896
v -1.664874 0.915019 2.246566
v -1.732416 1.009685 2.031627
v -1.664874 1.049991 2.262896
v -1.800237 1.049991 2.262896
v -1.732416 1.009685 2.031627
v -1.800237 0.915019 2.246566
v -1.664874 0.780147 2.230136
v -1.664874 0.828889 2.146419
v -1.702697 0.790797 2.141754
v -1.800237 0.780147 2.230136
v -1.732416 0.874313 2.015196
v -1.664874 0.780147 2.230136
v -1.664874 0.915019 2.246566
v -1.732416 0.874313 2.015196
v -1.800237 0.915019 2.246566
v -1.664874 0.780147 2.230136
v -1.732416 0.874313 2.015196
v -1.664874 0.915019 2.246566
v -1.800237 0.915019 2.246566
v -1.732416 0.874313 2.015196
v -1.800237 0.780147 2.230136
v -1.597332 1.324999 2.199865
v -1.535194 1.263312 2.192359
v -1.597332 1.252154 2.284940
v -1.597426 1.201625 2.184854
v -1.659471 1.263412 2.192360
v -1.535194 1.263312 2.192359
v -1.659471 1.263412 2.192360
v -1.597332 1.324999 2.199865
v -1.597332 1.252154 2.284940
v -1.597332 1.190427 2.183535
v -1.535194 1.128739 2.176030
v -1.597332 1.117582 2.268611
v -1.597426 1.067052 2.168525
v -1.659471 1.128839 2.176030
v -1.535194 1.128739 2.176030
v -1.659471 1.128839 2.176030
v -1.597332 1.190427 2.183535
v -1.597332 1.117582 2.268611
v -1.597332 1.055854 2.167206
v -1.535194 0.994067 2.159700
v -1.597332 0.982909 2.252282
v -1.597426 0.932480 2.152296
v -1.659471 0.994167 2.159701
v -1.535194 0.994067 2.159700
v -1.659471 0.994167 2.159701
v -1.597332 1.055854 2.167206
v -1.597332 0.982909 2.252282
v -1.597332 0.920482 2.150775
v -1.535194 0.858695 2.143370
v -1.597332 0.847537 2.235851
v -1.597426 0.797107 2.135865
v -1.659471 0.858795 2.143370
v -1.535194 0.858695 2.143370
v -1.659471 0.858795 2.143370
v -1.597332 0.920482 2.150775
v -1.597332 0.847537 2.235851
v -1.529511 1.184464 2.279125
v -1.664874 1.184464 2.279125
v -1.597332 1.278830 2.064186
v -1.664874 1.318936 2.295454
v -1.529511 1.318936 2.295454
v -1.597332 1.278830 2.064186
v -1.664874 1.184464 2.279125
v -1.664874 1.318936 2.295454
v -1.597332 1.278830 2.064186
v -1.529511 1.318936 2.295454
v -1.529511 1.184464 2.279125
v -1.597332 1.278830 2.064186
v -1.529511 1.049991 2.262896
v -1.664874 1.049991 2.262896
v -1.597332 1.144258 2.047956
v -1.664874 1.184464 2.279125
v -1.529511 1.184464 2.279125
v -1.597332 1.144258 2.047956
v -1.664874 1.049991 2.262896
v -1.664874 1.184464 2.279125
v -1.597332 1.144258 2.047956
v -1.529511 1.184464 2.279125
v -1.529511 1.049991 2.262896
v -1.597332 1.144258 2.047956
v -1.529511 0.915019 2.246566
v -1.664874 0.915019 2.246566
v -1.597332 1.009685 2.031627
v -1.664874 1.049991 2.262896
v -1.529511 1.049991 2.262896
v -1.597332 1.009685 2.031627
v -1.664874 0.915019 2.246566
v -1.664874 1.049991 2.262896
v -1.597332 1.009685 2.031627
v -1.529511 1.049991 2.262896
v -1.529511 0.915019 2.246566
v -1.597332 1.009685 2.031627
v -1.664874 0.780147 2.230136
v -1.627051 0.790797 2.141754
v -1.664874 0.828889 2.146419
v -1.529511 0.780147 2.230136
v -1.664874 0.780147 2.230136
v -1.597332 0.874313 2.015196
v -1.664874 0.915019 2.246566
v -1.529511 0.915019 2.246566
v -1.597332 0.874313 2.015196
v -1.664874 0.780147 2.230136
v -1.664874 0.915019 2.246566
v -1.597332 0.874313 2.015196
v -1.529511 0.915019 2.246566
v -1.529511 0.780147 2.230136
v -1.597332 0.874313 2.015196
v -1.938953 0.792285 2.090157
v -1.938953 0.788228 2.123750
v -1.524667 0.788228 2.123750
v -1.524667 0.792285 2.090157
v -1.938953 1.339473 2.156489
v -1.524667 1.339473 2.156489
v -1.524667 1.335416 2.190082
v -1.938953 1.335416 2.190082
v -1.938953 0.788228 2.123750
v -1.938953 1.335416 2.190082
v -1.524667 1.335416 2.190082
v -1.524667 0.788228 2.123750
v -1.524667 0.792285 2.090157
v -1.524667 1.339473 2.156489
v -1.938953 1.339473 2.156489
v -1.938953 0.792285 2.090157
v -1.938953 0.792285 2.090157
v -1.938953 1.339473 2.156489
v -1.938953 1.335416 2.190082
v -1.938953 0.788228 2.123750
v -1.837874 1.329687 2.207073
v -1.935413 1.318936 2.295454
v -1.897124 1.329687 2.207073
v -1.799957 1.318936 2.295454
v -1.799957 1.291595 2.202507
v -1.897124 1.329687 2.207073
v -1.897124 1.440444 1.293159
v -1.837874 1.440444 1.293159
v -1.837874 1.329687 2.207073
v -1.799957 1.402352 1.288495
v -1.799957 1.291595 2.202507
v -1.935413 1.184464 2.279125
v -1.897124 1.195215 2.190743
v -1.935413 1.232907 2.195407
v -1.935413 1.291595 2.202507
v -1.935413 1.318936 2.295454
v -1.897124 1.329687 2.207073
v -1.897124 1.195215 2.190743
v -1.897124 1.305872 1.276830
v -1.935413 1.343664 1.281395
v -1.935413 1.232907 2.195407
v -1.935413 1.291595 2.202507
v -1.935413 1.402352 1.288495
v -1.897124 1.440444 1.293159
v -1.897124 1.329687 2.207073
v -1.935413 1.049991 2.262896
v -1.897031 1.060642 2.174514
v -1.935413 1.098634 2.179079
v -1.935413 1.157322 2.186179
v -1.935413 1.184464 2.279125
v -1.897031 1.195215 2.190743
v -1.897031 1.060642 2.174514
v -1.897031 1.171399 1.260601
v -1.935413 1.209292 1.265165
v -1.935413 1.098634 2.179079
v -1.935413 1.157322 2.186179
v -1.935413 1.268080 1.272266
v -1.897031 1.305972 1.276830
v -1.897031 1.195215 2.190743
v -1.935413 0.915019 2.246566
v -1.897031 0.925669 2.158184
v -1.935413 0.963962 2.162749
v -1.935413 1.022750 2.169849
v -1.935413 1.049991 2.262896
v -1.897031 1.060642 2.174514
v -1.897031 0.925669 2.158184
v -1.897031 1.036427 1.244171
v -1.935413 1.074719 1.248836
v -1.935413 0.963962 2.162749
v -1.935413 1.022750 2.169849
v -1.935413 1.133407 1.255936
v -1.897031 1.171399 1.260601
v -1.897031 1.060642 2.174514
v -1.897124 0.790797 2.141754
v -1.935413 0.780147 2.230136
v -1.799957 0.780147 2.230136
v -1.837874 0.790797 2.141754
v -1.897124 0.790797 2.141754
v -1.837874 0.901555 1.227841
v -1.897124 0.901555 1.227841
v -1.837874 0.790797 2.141754
v -1.799957 0.828889 2.146419
v -1.799957 0.939647 1.232506
v -1.935413 0.780147 2.230136
v -1.897124 0.790797 2.141754
v -1.935413 0.828889 2.146419
v -1.935413 0.887577 2.153519
v -1.935413 0.915019 2.246566
v -1.897124 0.925669 2.158184
v -1.897124 0.790797 2.141754
v -1.897124 0.901555 1.227841
v -1.935413 0.939647 1.232506
v -1.935413 0.828889 2.146419
v -1.935413 0.887577 2.153519
v -1.935413 0.998335 1.239606
v -1.897124 1.036427 1.244171
v -1.897124 0.925669 2.158184
v -1.800237 1.291595 2.202507
v -1.761947 1.329687 2.207073
v -1.800237 1.318936 2.295454
v -1.702697 1.329687 2.207073
v -1.664874 1.318936 2.295454
v -1.664874 1.291595 2.202507
v -1.702697 1.329687 2.207073
v -1.664874 1.402352 1.288495
v -1.664874 1.291595 2.202507
v -1.702697 1.440344 1.293159
v -1.761947 1.329687 2.207073
v -1.761947 1.440344 1.293159
v -1.800237 1.291595 2.202507
v -1.800237 1.402352 1.288495
v -1.761947 0.790797 2.141754
v -1.664874 0.780147 2.230136
v -1.702697 0.790797 2.141754
v -1.800237 0.780147 2.230136
v -1.800237 0.828889 2.146419
v -1.761947 0.790797 2.141754
v -1.800237 0.939647 1.232506
v -1.800237 0.828889 2.146419
v -1.761947 0.901555 1.227841
v -1.702697 0.901555 1.227841
v -1.702697 0.790797 2.141754
v -1.664874 0.828889 2.146419
v -1.664874 0.939647 1.232506
v -1.529511 1.291595 2.202507
v -1.529511 1.318936 2.295454
v -1.567800 1.329687 2.207073
v -1.627051 1.329687 2.207073
v -1.664874 1.318936 2.295454
v -1.664874 1.291595 2.202507
v -1.627051 1.329687 2.207073
v -1.664874 1.291595 2.202507
v -1.664874 1.402352 1.288495
v -1.627051 1.440444 1.293159
v -1.567800 1.329687 2.207073
v -1.567800 1.440444 1.293159
v -1.529511 1.291595 2.202507
v -1.529511 1.402352 1.288495
v -1.567800 0.790797 2.141754
v -1.627051 0.790797 2.141754
v -1.664874 0.780147 2.230136
v -1.529511 0.780147 2.230136
v -1.529511 0.828889 2.146419
v -1.567800 0.790797 2.141754
v -1.529511 0.828889 2.146419
v -1.529511 0.939647 1.232506
v -1.567800 0.901555 1.227841
v -1.627051 0.901555 1.227841
v -1.627051 0.790797 2.141754
v -1.664874 0.828889 2.146419
v -1.664874 0.939647 1.232506
v -1.938953 0.897769 1.219635
v -1.938953 0.893711 1.253228
v -1.524667 0.893711 1.253228
v -1.524667 0.897769 1.219635
v -1.938953 1.444957 1.285867
v -1.524667 1.444957 1.285867
v -1.524667 1.440899 1.319560
v -1.938953 1.440899 1.319560
v -1.938953 0.893711 1.253228
v -1.938953 1.440899 1.319560
v -1.524667 1.440899 1.319560
v -1.524667 0.893711 1.253228
v -1.524667 0.897769 1.219635
v -1.524667 1.444957 1.285867
v -1.938953 1.444957 1.285867
v -1.938953 0.897769 1.219635
v -1.938953 0.897769 1.219635
v -1.938953 1.444957 1.285867
v -1.938953 1.440899 1.319560
v -1.938953 0.893711 1.253228
vt 0.11090 -0.21810
vt 0.10220 -0.23280
vt 0.10220 -0.21810
vt 0.10220 -0.21810
vt 0.10220 -0.23280
vt 0.11090 -0.21810
vt 0.10220 -0.21810
vt 0.09340 -0.21810
vt 0.11090 -0.21810
vt 0.11090 -0.21810
vt 0.10220 -0.23280
vt 0.10220 -0.21810
vt 0.10220 -0.21810
vt 0.10220 -0.23280
vt 0.11090 -0.21810
vt 0.10220 -0.21810
vt 0.09340 -0.21810
vt 0.11090 -0.21810
vt 0.11090 -0.21810
vt 0.10220 -0.23280
vt 0.10220 -0.21810
vt 0.10220 -0.21810
vt 0.10220 -0.23280
vt 0.11090 -0.21810
vt 0.10220 -0.21810
vt 0.09340 -0.21810
vt 0.11090 -0.21810
vt 0.11090 -0.21810
vt 0.10220 -0.23280
vt 0.10220 -0.21810
vt 0.10220 -0.21810
vt 0.10220 -0.23280
vt 0.11090 -0.21810
vt 0.10220 -0.21810
vt 0.09340 -0.21810
vt 0.11090 -0.21810
vt 0.11070 -0.20320
vt 0.10210 -0.23100
vt 0.09330 -0.20320
vt 0.11070 -0.20320
vt 0.10210 -0.23100
vt 0.09330 -0.20320
vt 0.11070 -0.20320
vt 0.10210 -0.23100
vt 0.09330 -0.20320
vt 0.09330 -0.20320
vt 0.10210 -0.23100
vt 0.11070 -0.20320
vt 0.11070 -0.20320
vt 0.10210 -0.23100
vt 0.09330 -0.20320
vt 0.11070 -0.20320
vt 0.10210 -0.23100
vt 0.09330 -0.20320
vt 0.11070 -0.20320
vt 0.10210 -0.23100
vt 0.09330 -0.20320
vt 0.09330 -0.20320
vt 0.10210 -0.23100
vt 0.11070 -0.20320
vt 0.11070 -0.20320
vt 0.10210 -0.23100
vt 0.09330 -0.20320
vt 0.11070 -0.20320
vt 0.10210 -0.23100
vt 0.09330 -0.20320
vt 0.11070 -0.20320
vt 0.10210 -0.23100
vt 0.09330 -0.20320
vt 0.09330 -0.20320
vt 0.10210 -0.23100
vt 0.11070 -0.20320
vt 0.03900 -0.28680
vt 0.04780 -0.29060
vt 0.04780 -0.28680
vt 0.11070 -0.20320
vt 0.10210 -0.23100
vt 0.09330 -0.20320
vt 0.11070 -0.20320
vt 0.10210 -0.23100
vt 0.09330 -0.20320
vt 0.11070 -0.20320
vt 0.10210 -0.23100
vt 0.09330 -0.20320
vt 0.09340 -0.20320
vt 0.10210 -0.23100
vt 0.11070 -0.20320
vt 0.11090 -0.21810
vt 0.10220 -0.23280
vt 0.10220 -0.21810
vt 0.10220 -0.21810
vt 0.10220 -0.23280
vt 0.11090 -0.21810
vt 0.10220 -0.21810
vt 0.09340 -0.21810
vt 0.11090 -0.21810
vt 0.11090 -0.21810
vt 0.10220 -0.23280
vt 0.10220 -0.21810
vt 0.10220 -0.21810
vt 0.10220 -0.23280
vt 0.11090 -0.21810
vt 0.10220 -0.21810
vt 0.09340 -0.21810
vt 0.11090 -0.21810
vt 0.11090 -0.21810
vt 0.10220 -0.23280
vt 0.10220 -0.21810
vt 0.10220 -0.21810
vt 0.10220 -0.23280
vt 0.11090 -0.21810
vt 0.10220 -0.21810
vt 0.09340 -0.21810
vt 0.11090 -0.21810
vt 0.11090 -0.21810
vt 0.10220 -0.23280
vt 0.10220 -0.21810
vt 0.10220 -0.21810
vt 0.10220 -0.23280
vt 0.11090 -0.21810
vt 0.10220 -0.21810
vt 0.09340 -0.21810
vt 0.11090 -0.21810
vt 0.11070 -0.20320
vt 0.10210 -0.23100
vt 0.09330 -0.20320
vt 0.11070 -0.20320
vt 0.10210 -0.23100
vt 0.09330 -0.20320
vt 0.11070 -0.20320
vt 0.10210 -0.23100
vt 0.09330 -0.20320
vt 0.09330 -0.20320
vt 0.10210 -0.23100
vt 0.11070 -0.20320
vt 0.11070 -0.20320
vt 0.10210 -0.23100
vt 0.09330 -0.20320
vt 0.11070 -0.20320
vt 0.10210 -0.23100
vt 0.09330 -0.20320
vt 0.11070 -0.20320
vt 0.10210 -0.23100
vt 0.09330 -0.20320
vt 0.09330 -0.20320
vt 0.10210 -0.23100
vt 0.11070 -0.20320
vt 0.11070 -0.20320
vt 0.10210 -0.23100
vt 0.09330 -0.20320
vt 0.11070 -0.20320
vt 0.10210 -0.23100
vt 0.09330 -0.20320
vt 0.11070 -0.20320
vt 0.10210 -0.23100
vt 0.09330 -0.20320
vt 0.09330 -0.20320
vt 0.10210 -0.23100
vt 0.11070 -0.20320
vt 0.03900 -0.28680
vt 0.04780 -0.29060
vt 0.04780 -0.28680
vt 0.11070 -0.20320
vt 0.10210 -0.23100
vt 0.09330 -0.20320
vt 0.11070 -0.20320
vt 0.10210 -0.23100
vt 0.09330 -0.20320
vt 0.11070 -0.20320
vt 0.10210 -0.23100
vt 0.09330 -0.20320
vt 0.09340 -0.20320
vt 0.10210 -0.23100
vt 0.11070 -0.20320
vt 0.11090 -0.21810
vt 0.10220 -0.21810
vt 0.10220 -0.23280
vt 0.10220 -0.21810
vt 0.11090 -0.21810
vt 0.09350 -0.21810
vt 0.10220 -0.21810
vt 0.11090 -0.21810
vt 0.10220 -0.23280
vt 0.11090 -0.21810
vt 0.10220 -0.21810
vt 0.10220 -0.23280
vt 0.10220 -0.21810
vt 0.11090 -0.21810
vt 0.09350 -0.21810
vt 0.10220 -0.21810
vt 0.11090 -0.21810
vt 0.10220 -0.23280
vt 0.11090 -0.21810
vt 0.10220 -0.21810
vt 0.10220 -0.23280
vt 0.10220 -0.21810
vt 0.11090 -0.21810
vt 0.09350 -0.21810
vt 0.10220 -0.21810
vt 0.11090 -0.21810
vt 0.10220 -0.23280
vt 0.11090 -0.21810
vt 0.10220 -0.21810
vt 0.10220 -0.23280
vt 0.10220 -0.21810
vt 0.11090 -0.21810
vt 0.09350 -0.21810
vt 0.10220 -0.21810
vt 0.11090 -0.21810
vt 0.10220 -0.23280
vt 0.09330 -0.20320
vt 0.11070 -0.20320
vt 0.10210 -0.23100
vt 0.09330 -0.20320
vt 0.11070 -0.20320
vt 0.10210 -0.23100
vt 0.11070 -0.20320
vt 0.09330 -0.20320
vt 0.10210 -0.23100
vt 0.09330 -0.20320
vt 0.11070 -0.20320
vt 0.10210 -0.23100
vt 0.09330 -0.20320
vt 0.11070 -0.20320
vt 0.10210 -0.23100
vt 0.09330 -0.20320
vt 0.11070 -0.20320
vt 0.10210 -0.23100
vt 0.11070 -0.20320
vt 0.09330 -0.20320
vt 0.10210 -0.23100
vt 0.09330 -0.20320
vt 0.11070 -0.20320
vt 0.10210 -0.23100
vt 0.09330 -0.20320
vt 0.11070 -0.20320
vt 0.10210 -0.23100
vt 0.09330 -0.20320
vt 0.11070 -0.20320
vt 0.10210 -0.23100
vt 0.11070 -0.20320
vt 0.09330 -0.20320
vt 0.10210 -0.23100
vt 0.09330 -0.20320
vt 0.11070 -0.20320
vt 0.10210 -0.23100
vt 0.03890 -0.25990
vt 0.04770 -0.25990
vt 0.04770 -0.26370
vt 0.09330 -0.20320
vt 0.11070 -0.20320
vt 0.10210 -0.23100
vt 0.09330 -0.20320
vt 0.11070 -0.20320
vt 0.10210 -0.23100
vt 0.11070 -0.20320
vt 0.09340 -0.20320
vt 0.10210 -0.23100
vt 0.09330 -0.20320
vt 0.11070 -0.20320
vt 0.10210 -0.23100
vt 0.05290 -0.31400
vt 0.04940 -0.31400
vt 0.04940 -0.25940
vt 0.05290 -0.25940
vt 0.05280 -0.25960
vt 0.05280 -0.31410
vt 0.04940 -0.31410
vt 0.04940 -0.25960
vt 0.09250 -0.31610
vt 0.09250 -0.38580
vt 0.03950 -0.38580
vt 0.03950 -0.31610
vt 0.09250 -0.31610
vt 0.09250 -0.38580
vt 0.03950 -0.38580
vt 0.03950 -0.31610
vt 0.05280 -0.25950
vt 0.05280 -0.31410
vt 0.04950 -0.31410
vt 0.04940 -0.25950
vt 0.04780 -0.30390
vt 0.03890 -0.31350
vt 0.04780 -0.30980
vt 0.03890 -0.30010
vt 0.04780 -0.30010
vt 0.04780 -0.30980
vt 0.13870 -0.30980
vt 0.13870 -0.30390
vt 0.04780 -0.30390
vt 0.13860 -0.30010
vt 0.04780 -0.30010
vt 0.03890 -0.30010
vt 0.04770 -0.30010
vt 0.04770 -0.30390
vt 0.04770 -0.30970
vt 0.03890 -0.31350
vt 0.04770 -0.31350
vt 0.04770 -0.30010
vt 0.13860 -0.30020
vt 0.13860 -0.30400
vt 0.04770 -0.30390
vt 0.04770 -0.30970
vt 0.13860 -0.30980
vt 0.13860 -0.31360
vt 0.04770 -0.31350
vt 0.03890 -0.28670
vt 0.04770 -0.28680
vt 0.04770 -0.29050
vt 0.04770 -0.29640
vt 0.03890 -0.30010
vt 0.04770 -0.30010
vt 0.04770 -0.28680
vt 0.13860 -0.28680
vt 0.13860 -0.29060
vt 0.04770 -0.29050
vt 0.04770 -0.29640
vt 0.13860 -0.29640
vt 0.13860 -0.30020
vt 0.04770 -0.30010
vt 0.03890 -0.27330
vt 0.04770 -0.27330
vt 0.04770 -0.27710
vt 0.04770 -0.28300
vt 0.03890 -0.28670
vt 0.04770 -0.28680
vt 0.04770 -0.27330
vt 0.13860 -0.27340
vt 0.13860 -0.27720
vt 0.04770 -0.27710
vt 0.04770 -0.28300
vt 0.13860 -0.28300
vt 0.13860 -0.28680
vt 0.04770 -0.28680
vt 0.04770 -0.29650
vt 0.03890 -0.30030
vt 0.03890 -0.28680
vt 0.04770 -0.29060
vt 0.04770 -0.29650
vt 0.13860 -0.29060
vt 0.13860 -0.29650
vt 0.04770 -0.29060
vt 0.04770 -0.28680
vt 0.13860 -0.28680
vt 0.03890 -0.25990
vt 0.04770 -0.25990
vt 0.04770 -0.26370
vt 0.04770 -0.26950
vt 0.03890 -0.27330
vt 0.04770 -0.27330
vt 0.04770 -0.25990
vt 0.13860 -0.26000
vt 0.13860 -0.26380
vt 0.04770 -0.26370
vt 0.04770 -0.26950
vt 0.13860 -0.26960
vt 0.13860 -0.27340
vt 0.04770 -0.27330
vt 0.04780 -0.30020
vt 0.04780 -0.29640
vt 0.03890 -0.30020
vt 0.04780 -0.29050
vt 0.03890 -0.28670
vt 0.04780 -0.28670
vt 0.04780 -0.29050
vt 0.13860 -0.28670
vt 0.04780 -0.28670
vt 0.13870 -0.29050
vt 0.04780 -0.29640
vt 0.13870 -0.29640
vt 0.04780 -0.30020
vt 0.13860 -0.30020
vt 0.04770 -0.28300
vt 0.03890 -0.27330
vt 0.04770 -0.27710
vt 0.03890 -0.28680
vt 0.04770 -0.28680
vt 0.04770 -0.28300
vt 0.13860 -0.28680
vt 0.04770 -0.28680
vt 0.13860 -0.28300
vt 0.13860 -0.27710
vt 0.04770 -0.27710
vt 0.04770 -0.27330
vt 0.13860 -0.27330
vt 0.04780 -0.27330
vt 0.03890 -0.27330
vt 0.04780 -0.27710
vt 0.04780 -0.28300
vt 0.03890 -0.28680
vt 0.04780 -0.28680
vt 0.04780 -0.28300
vt 0.04780 -0.28680
vt 0.13860 -0.28680
vt 0.13870 -0.28300
vt 0.04780 -0.27710
vt 0.13870 -0.27710
vt 0.04780 -0.27330
vt 0.13860 -0.27330
vt 0.04780 -0.27710
vt 0.04780 -0.28300
vt 0.03900 -0.28680
vt 0.03900 -0.27330
vt 0.04780 -0.27330
vt 0.04780 -0.27710
vt 0.04780 -0.27330
vt 0.13870 -0.27330
vt 0.13870 -0.27710
vt 0.13870 -0.28300
vt 0.04780 -0.28300
vt 0.04780 -0.28680
vt 0.13870 -0.28680
vt 0.13970 -0.31390
vt 0.13640 -0.31390
vt 0.13640 -0.25930
vt 0.13970 -0.25930
vt 0.13980 -0.25940
vt 0.13980 -0.31410
vt 0.13640 -0.31410
vt 0.13640 -0.25940
vt 0.09250 -0.31610
vt 0.09250 -0.38580
vt 0.03950 -0.38580
vt 0.03950 -0.31610
vt 0.09250 -0.31610
vt 0.09250 -0.38580
vt 0.03950 -0.38580
vt 0.03950 -0.31610
vt 0.13970 -0.25940
vt 0.13980 -0.31400
vt 0.13640 -0.31400
vt 0.13640 -0.25940
g vehicle#nurs_m-8_02_11_0
usemtl 2b684d67-c690-4b3c-bf76-da0401ce3238
f 11129/11129 11130/11130 11131/11131
f 11132/11132 11133/11133 11134/11134
f 11135/11135 11133/11133 11136/11136
f 11137/11137 11133/11133 11135/11135
f 11138/11138 11139/11139 11140/11140
f 11141/11141 11142/11142 11143/11143
f 11144/11144 11142/11142 11145/11145
f 11146/11146 11142/11142 11144/11144
f 11147/11147 11148/11148 11149/11149
f 11150/11150 11151/11151 11152/11152
f 11153/11153 11151/11151 11154/11154
f 11155/11155 11151/11151 11153/11153
f 11156/11156 11157/11157 11158/11158
f 11159/11159 11160/11160 11161/11161
f 11162/11162 11160/11160 11163/11163
f 11164/11164 11160/11160 11162/11162
f 11165/11165 11166/11166 11167/11167
f 11168/11168 11169/11169 11170/11170
f 11171/11171 11172/11172 11173/11173
f 11174/11174 11175/11175 11176/11176
f 11177/11177 11178/11178 11179/11179
f 11180/11180 11181/11181 11182/11182
f 11183/11183 11184/11184 11185/11185
f 11186/11186 11187/11187 11188/11188
f 11189/11189 11190/11190 11191/11191
f 11192/11192 11193/11193 11194/11194
f 11195/11195 11196/11196 11197/11197
f 11198/11198 11199/11199 11200/11200
f 11201/11201 11202/11202 11203/11203
f 11204/11204 11205/11205 11206/11206
f 11207/11207 11208/11208 11209/11209
f 11210/11210 11211/11211 11212/11212
f 11213/11213 11214/11214 11215/11215
f 11216/11216 11217/11217 11218/11218
f 11219/11219 11220/11220 11221/11221
f 11222/11222 11220/11220 11223/11223
f 11224/11224 11220/11220 11222/11222
f 11225/11225 11226/11226 11227/11227
f 11228/11228 11229/11229 11230/11230
f 11231/11231 11229/11229 11232/11232
f 11233/11233 11229/11229 11231/11231
f 11234/11234 11235/11235 11236/11236
f 11237/11237 11238/11238 11239/11239
f 11240/11240 11238/11238 11241/11241
f 11242/11242 11238/11238 11240/11240
f 11243/11243 11244/11244 11245/11245
f 11246/11246 11247/11247 11248/11248
f 11249/11249 11247/11247 11250/11250
f 11251/11251 11247/11247 11249/11249
f 11252/11252 11253/11253 11254/11254
f 11255/11255 11256/11256 11257/11257
f 11258/11258 11259/11259 11260/11260
f 11261/11261 11262/11262 11263/11263
f 11264/11264 11265/11265 11266/11266
f 11267/11267 11268/11268 11269/11269
f 11270/11270 11271/11271 11272/11272
f 11273/11273 11274/11274 11275/11275
f 11276/11276 11277/11277 11278/11278
f 11279/11279 11280/11280 11281/11281
f 11282/11282 11283/11283 11284/11284
f 11285/11285 11286/11286 11287/11287
f 11288/11288 11289/11289 11290/11290
f 11291/11291 11292/11292 11293/11293
f 11294/11294 11295/11295 11296/11296
f 11297/11297 11298/11298 11299/11299
f 11300/11300 11301/11301 11302/11302
f 11303/11303 11304/11304 11305/11305
f 11306/11306 11307/11307 11305/11305
f 11308/11308 11306/11306 11305/11305
f 11309/11309 11310/11310 11311/11311
f 11312/11312 11313/11313 11314/11314
f 11315/11315 11316/11316 11314/11314
f 11317/11317 11315/11315 11314/11314
f 11318/11318 11319/11319 11320/11320
f 11321/11321 11322/11322 11323/11323
f 11324/11324 11325/11325 11323/11323
f 11326/11326 11324/11324 11323/11323
f 11327/11327 11328/11328 11329/11329
f 11330/11330 11331/11331 11332/11332
f 11333/11333 11334/11334 11332/11332
f 11335/11335 11333/11333 11332/11332
f 11336/11336 11337/11337 11338/11338
f 11339/11339 11340/11340 11341/11341
f 11342/11342 11343/11343 11344/11344
f 11345/11345 11346/11346 11347/11347
f 11348/11348 11349/11349 11350/11350
f 11351/11351 11352/11352 11353/11353
f 11354/11354 11355/11355 11356/11356
f 11357/11357 11358/11358 11359/11359
f 11360/11360 11361/11361 11362/11362
f 11363/11363 11364/11364 11365/11365
f 11366/11366 11367/11367 11368/11368
f 11369/11369 11370/11370 11371/11371
f 11372/11372 11373/11373 11374/11374
f 11375/11375 11376/11376 11377/11377
f 11378/11378 11379/11379 11380/11380
f 11381/11381 11382/11382 11383/11383
f 11384/11384 11385/11385 11386/11386
f 11387/11387 11388/11388 11389/11389
f 11390/11390 11391/11391 11392/11392
f 11390/11390 11392/11392 11393/11393
f 11394/11394 11395/11395 11396/11396
f 11394/11394 11396/11396 11397/11397
f 11398/11398 11399/11399 11400/11400
f 11398/11398 11400/11400 11401/11401
f 11402/11402 11403/11403 11404/11404
f 11402/11402 11404/11404 11405/11405
f 11406/11406 11407/11407 11408/11408
f 11406/11406 11408/11408 11409/11409
f 11410/11410 11411/11411 11412/11412
f 11410/11410 11413/11413 11411/11411
f 11414/11414 11413/11413 11410/11410
f 11415/11415 11416/11416 11417/11417
f 11415/11415 11417/11417 11418/11418
f 11418/11418 11417/11417 11419/11419
f 11418/11418 11419/11419 11420/11420
f 11421/11421 11422/11422 11423/11423
f 11421/11421 11423/11423 11424/11424
f 11421/11421 11424/11424 11425/11425
f 11424/11424 11426/11426 11425/11425
f 11427/11427 11428/11428 11429/11429
f 11427/11427 11429/11429 11430/11430
f 11429/11429 11431/11431 11430/11430
f 11429/11429 11432/11432 11431/11431
f 11433/11433 11431/11431 11432/11432
f 11433/11433 11434/11434 11431/11431
f 11435/11435 11436/11436 11437/11437
f 11435/11435 11437/11437 11438/11438
f 11435/11435 11438/11438 11439/11439
f 11438/11438 11440/11440 11439/11439
f 11441/11441 11442/11442 11443/11443
f 11441/11441 11443/11443 11444/11444
f 11443/11443 11445/11445 11444/11444
f 11443/11443 11446/11446 11445/11445
f 11447/11447 11445/11445 11446/11446
f 11447/11447 11448/11448 11445/11445
f 11449/11449 11450/11450 11451/11451
f 11449/11449 11451/11451 11452/11452
f 11449/11449 11452/11452 11453/11453
f 11452/11452 11454/11454 11453/11453
f 11455/11455 11456/11456 11457/11457
f 11455/11455 11457/11457 11458/11458
f 11457/11457 11459/11459 11458/11458
f 11457/11457 11460/11460 11459/11459
f 11461/11461 11459/11459 11460/11460
f 11461/11461 11462/11462 11459/11459
f 11463/11463 11464/11464 11465/11465
f 11463/11463 11465/11465 11466/11466
f 11467/11467 11468/11468 11469/11469
f 11467/11467 11470/11470 11468/11468
f 11468/11468 11470/11470 11471/11471
f 11468/11468 11471/11471 11472/11472
f 11473/11473 11474/11474 11475/11475
f 11473/11473 11475/11475 11476/11476
f 11473/11473 11476/11476 11477/11477
f 11476/11476 11478/11478 11477/11477
f 11479/11479 11480/11480 11481/11481
f 11479/11479 11481/11481 11482/11482
f 11481/11481 11483/11483 11482/11482
f 11481/11481 11484/11484 11483/11483
f 11485/11485 11483/11483 11484/11484
f 11485/11485 11486/11486 11483/11483
f 11487/11487 11488/11488 11489/11489
f 11490/11490 11489/11489 11488/11488
f 11490/11490 11491/11491 11489/11489
f 11492/11492 11491/11491 11490/11490
f 11493/11493 11494/11494 11495/11495
f 11493/11493 11496/11496 11494/11494
f 11497/11497 11496/11496 11493/11493
f 11497/11497 11498/11498 11496/11496
f 11498/11498 11497/11497 11499/11499
f 11498/11498 11499/11499 11500/11500
f 11501/11501 11502/11502 11503/11503
f 11501/11501 11504/11504 11502/11502
f 11504/11504 11501/11501 11505/11505
f 11506/11506 11507/11507 11508/11508
f 11506/11506 11509/11509 11507/11507
f 11506/11506 11510/11510 11509/11509
f 11506/11506 11511/11511 11510/11510
f 11510/11510 11511/11511 11512/11512
f 11510/11510 11512/11512 11513/11513
f 11514/11514 11515/11515 11516/11516
f 11517/11517 11516/11516 11515/11515
f 11517/11517 11515/11515 11518/11518
f 11519/11519 11517/11517 11518/11518
f 11520/11520 11521/11521 11522/11522
f 11520/11520 11522/11522 11523/11523
f 11524/11524 11520/11520 11523/11523
f 11524/11524 11523/11523 11525/11525
f 11525/11525 11526/11526 11524/11524
f 11525/11525 11527/11527 11526/11526
f 11528/11528 11529/11529 11530/11530
f 11528/11528 11530/11530 11531/11531
f 11531/11531 11532/11532 11528/11528
f 11533/11533 11534/11534 11535/11535
f 11533/11533 11535/11535 11536/11536
f 11533/11533 11536/11536 11537/11537
f 11533/11533 11537/11537 11538/11538
f 11537/11537 11539/11539 11538/11538
f 11537/11537 11540/11540 11539/11539
f 11541/11541 11542/11542 11543/11543
f 11541/11541 11543/11543 11544/11544
f 11545/11545 11546/11546 11547/11547
f 11545/11545 11547/11547 11548/11548
f 11549/11549 11550/11550 11551/11551
f 11549/11549 11551/11551 11552/11552
f 11553/11553 11554/11554 11555/11555
f 11553/11553 11555/11555 11556/11556
f 11557/11557 11558/11558 11559/11559
f 11557/11557 11559/11559 11560/11560
o vehicle#rocket_pod_m_8_11
v -1.529131 0.791925 2.141714
v 1.529431 0.791925 2.141714
v 1.529431 0.800242 2.072828
v -1.529131 0.800242 2.072828
v -0.400768 0.986785 2.165246
v -0.400768 0.995003 2.096260
v 0.401161 0.995003 2.096260
v 0.401161 0.986785 2.165246
v -1.529131 0.891824 2.083884
v -1.529131 0.800242 2.072828
v 1.529431 0.800242 2.072828
v 1.529431 0.891824 2.083884
v -0.400768 0.995003 2.096260
v 0.401161 0.995003 2.096260
v 1.529431 0.791925 2.141714
v -1.529131 0.791925 2.141714
v -1.529131 0.883506 2.152770
v 1.529431 0.883506 2.152770
v -0.400768 0.986785 2.165246
v 0.401161 0.986785 2.165246
v 0.401161 0.986785 2.165246
v 0.401161 0.995003 2.096260
v 1.529431 0.891824 2.083884
v 1.529431 0.883506 2.152770
v -0.400768 0.995003 2.096260
v -0.400768 0.986785 2.165246
v -1.529131 0.883506 2.152770
v -1.529131 0.891824 2.083884
v -1.529131 0.905929 1.200706
v 1.529431 0.905929 1.200706
v 1.529431 0.914246 1.131820
v -1.529131 0.914246 1.131820
v -0.400768 1.100789 1.224238
v -0.400768 1.109006 1.155352
v 0.401161 1.109006 1.155352
v 0.401161 1.100789 1.224238
v -1.529131 1.005827 1.142876
v -1.529131 0.914246 1.131820
v 1.529431 0.914246 1.131820
v 1.529431 1.005827 1.142876
v 0.401161 1.109006 1.155352
v -0.400768 1.109006 1.155352
v 1.529431 0.905929 1.200706
v -1.529131 0.905929 1.200706
v -1.529131 0.997510 1.211762
v 1.529431 0.997510 1.211762
v 0.401161 1.100789 1.224238
v -0.400768 1.100789 1.224238
v 0.401161 1.100789 1.224238
v 0.401161 1.109006 1.155352
v 1.529431 1.005827 1.142876
v 1.529431 0.997510 1.211762
v -0.400768 1.109006 1.155352
v -0.400768 1.100789 1.224238
v -1.529131 0.997510 1.211762
v -1.529131 1.005827 1.142876
v 0.801938 0.804812 2.090336
v 0.768121 0.947540 1.194177
v 0.768121 0.838406 2.094393
v 0.801938 0.913847 1.190020
v 0.839482 0.842205 2.094799
v 0.839482 0.951239 1.194584
v 0.839482 0.842205 2.094799
v 0.805572 0.984932 1.198641
v 0.839482 0.951239 1.194584
v 0.805572 0.875798 2.098857
v 0.768121 0.838406 2.094393
v 0.768121 0.947540 1.194177
v -0.800986 0.804812 2.090336
v -0.767169 0.838406 2.094393
v -0.767169 0.947540 1.194177
v -0.800986 0.913847 1.190020
v -0.838530 0.842205 2.094799
v -0.838530 0.951239 1.194584
v -0.838530 0.842205 2.094799
v -0.838530 0.951239 1.194584
v -0.804620 0.984932 1.198641
v -0.804620 0.875798 2.098857
v -0.767169 0.838406 2.094393
v -0.767169 0.947540 1.194177
v 0.813025 0.976419 1.206126
v 0.827651 0.946211 1.211175
v 1.496545 1.348895 1.690562
v 1.498129 1.383402 1.686121
v 0.827651 0.946211 1.211175
v 0.805944 0.957378 1.230594
v 1.491049 1.364461 1.710589
v 1.496545 1.348895 1.690562
v 0.813025 0.976419 1.206126
v 1.498129 1.383402 1.686121
v 1.491049 1.364461 1.710589
v 0.805944 0.957378 1.230594
v 0.944661 1.398924 1.790648
v 0.959473 1.424496 1.807391
v 1.496079 1.395714 1.268441
v 1.497663 1.368161 1.241094
v 0.959473 1.424496 1.807391
v 0.937674 1.429533 1.785600
v 1.490583 1.399176 1.232247
v 1.496079 1.395714 1.268441
v 0.944661 1.398924 1.790648
v 1.497663 1.368161 1.241094
v 1.490583 1.399176 1.232247
v 0.937674 1.429533 1.785600
v 0.924072 1.378902 2.097414
v 0.925656 1.357246 2.071277
v 1.457977 1.294757 2.064471
v 1.475864 1.317814 2.090210
v 0.925656 1.357246 2.071277
v 0.920159 1.347496 2.100461
v 1.474187 1.285403 2.096155
v 1.457977 1.294757 2.064471
v 0.924072 1.378902 2.097414
v 1.475864 1.317814 2.090210
v 1.474187 1.285403 2.096155
v 0.920159 1.347496 2.100461
v 0.813025 0.842393 2.042900
v 0.827651 0.844741 2.073404
v 1.495241 1.350780 1.699365
v 1.496825 1.349339 1.664563
v 0.827651 0.844741 2.073404
v 0.805944 0.865057 2.064038
v 1.489745 1.372003 1.685602
v 1.495241 1.350780 1.699365
v 0.813025 0.842393 2.042900
v 1.496825 1.349339 1.664563
v 1.489745 1.372003 1.685602
v 0.805944 0.865057 2.064038
v 0.944661 1.434028 1.788307
v 0.959473 1.411764 1.767369
v 1.485925 1.294177 2.053269
v 1.487509 1.316522 2.085108
v 0.959473 1.411764 1.767369
v 0.937674 1.403029 1.788055
v 1.480429 1.284417 2.088453
v 1.485925 1.294177 2.053269
v 0.944661 1.434028 1.788307
v 1.487509 1.316522 2.085108
v 1.480429 1.284417 2.088453
v 0.937674 1.403029 1.788055
v 1.070521 1.819929 1.964265
v 1.057758 1.794175 1.937521
v 1.466454 1.294757 2.064871
v 1.496079 1.302916 2.088785
v 1.057758 1.794175 1.937521
v 1.049746 1.788624 1.967212
v 1.476609 1.277204 2.095641
v 1.466454 1.294757 2.064871
v 1.070521 1.819929 1.964265
v 1.496079 1.302916 2.088785
v 1.476609 1.277204 2.095641
v 1.049746 1.788624 1.967212
v 1.070521 1.820260 1.828566
v 1.057758 1.803118 1.794936
v 1.484714 1.384676 1.231922
v 1.494216 1.405495 1.279958
v 1.057758 1.803118 1.794936
v 1.049746 1.786756 1.831309
v 1.474746 1.371685 1.285800
v 1.484714 1.384676 1.231922
v 1.070521 1.820260 1.828566
v 1.494216 1.405495 1.279958
v 1.474746 1.371685 1.285800
v 1.049746 1.786756 1.831309
v 1.519277 1.260968 2.116813
v 1.519277 1.271516 2.029931
v 1.470833 1.271516 2.029931
v 1.470833 1.260968 2.116813
v 1.519183 1.338052 2.126145
v 1.470740 1.338052 2.126145
v 1.470740 1.348601 2.039262
v 1.519183 1.348601 2.039262
v 1.470833 1.260968 2.116813
v 1.470833 1.271516 2.029931
v 1.470740 1.348601 2.039262
v 1.470740 1.338052 2.126145
v 1.470740 1.348601 2.039262
v 1.470833 1.271516 2.029931
v 1.519277 1.271516 2.029931
v 1.519183 1.348601 2.039262
v 1.519183 1.338052 2.126145
v 1.519277 1.260968 2.116813
v 1.470833 1.260968 2.116813
v 1.470740 1.338052 2.126145
v 1.519277 1.308131 1.727793
v 1.519277 1.318579 1.640910
v 1.470833 1.318579 1.640910
v 1.470833 1.308131 1.727793
v 1.519183 1.385215 1.737124
v 1.470740 1.385215 1.737124
v 1.470740 1.395764 1.650242
v 1.519183 1.395764 1.650242
v 1.470833 1.308131 1.727793
v 1.470833 1.318579 1.640910
v 1.470740 1.395764 1.650242
v 1.470740 1.385215 1.737124
v 1.470740 1.395764 1.650242
v 1.470833 1.318579 1.640910
v 1.519277 1.318579 1.640910
v 1.519183 1.395764 1.650242
v 1.519183 1.385215 1.737124
v 1.519277 1.308131 1.727793
v 1.470833 1.308131 1.727793
v 1.470740 1.385215 1.737124
v 1.519277 1.358845 1.308978
v 1.519277 1.369393 1.222096
v 1.470833 1.369393 1.222096
v 1.470833 1.358845 1.308978
v 1.519183 1.435929 1.318310
v 1.470740 1.435929 1.318310
v 1.470740 1.446477 1.231428
v 1.519183 1.446477 1.231428
v 1.470833 1.358845 1.308978
v 1.470833 1.369393 1.222096
v 1.470740 1.446477 1.231428
v 1.470740 1.435929 1.318310
v 1.470740 1.446477 1.231428
v 1.470833 1.369393 1.222096
v 1.519277 1.369393 1.222096
v 1.519183 1.446477 1.231428
v 1.519183 1.435929 1.318310
v 1.519277 1.358845 1.308978
v 1.470833 1.358845 1.308978
v 1.470740 1.435929 1.318310
v -0.812073 0.976419 1.206126
v -1.497177 1.383402 1.686121
v -1.495593 1.348895 1.690562
v -0.826699 0.946211 1.211175
v -0.826699 0.946211 1.211175
v -1.495593 1.348895 1.690562
v -1.490097 1.364461 1.710589
v -0.804992 0.957378 1.230594
v -0.812073 0.976419 1.206126
v -0.804992 0.957378 1.230594
v -1.490097 1.364461 1.710589
v -1.497177 1.383402 1.686121
v -0.943709 1.398924 1.790648
v -1.496711 1.368161 1.241094
v -1.495127 1.395714 1.268441
v -0.958521 1.424496 1.807391
v -0.958521 1.424496 1.807391
v -1.495127 1.395714 1.268441
v -1.489631 1.399176 1.232247
v -0.936722 1.429533 1.785600
v -0.943709 1.398924 1.790648
v -0.936722 1.429533 1.785600
v -1.489631 1.399176 1.232247
v -1.496711 1.368161 1.241094
v -0.923120 1.378902 2.097414
v -1.474912 1.317814 2.090210
v -1.457025 1.294757 2.064471
v -0.924704 1.357246 2.071277
v -0.924704 1.357246 2.071277
v -1.457025 1.294757 2.064471
v -1.473235 1.285403 2.096155
v -0.919207 1.347496 2.100461
v -0.923120 1.378902 2.097414
v -0.919207 1.347496 2.100461
v -1.473235 1.285403 2.096155
v -1.474912 1.317814 2.090210
v -0.812073 0.842393 2.042900
v -1.495873 1.349339 1.664563
v -1.494289 1.350780 1.699365
v -0.826699 0.844741 2.073404
v -0.826699 0.844741 2.073404
v -1.494289 1.350780 1.699365
v -1.488793 1.372003 1.685602
v -0.804992 0.865057 2.064038
v -0.812073 0.842393 2.042900
v -0.804992 0.865057 2.064038
v -1.488793 1.372003 1.685602
v -1.495873 1.349339 1.664563
v -0.943709 1.434028 1.788307
v -1.486557 1.316522 2.085108
v -1.484973 1.294177 2.053269
v -0.958521 1.411764 1.767369
v -0.958521 1.411764 1.767369
v -1.484973 1.294177 2.053269
v -1.479477 1.284417 2.088453
v -0.936722 1.403029 1.788055
v -0.943709 1.434028 1.788307
v -0.936722 1.403029 1.788055
v -1.479477 1.284417 2.088453
v -1.486557 1.316522 2.085108
v -1.069569 1.819929 1.964265
v -1.495127 1.302916 2.088785
v -1.465502 1.294757 2.064871
v -1.056806 1.794175 1.937521
v -1.056806 1.794175 1.937521
v -1.465502 1.294757 2.064871
v -1.475657 1.277204 2.095641
v -1.048794 1.788624 1.967212
v -1.069569 1.819929 1.964265
v -1.048794 1.788624 1.967212
v -1.475657 1.277204 2.095641
v -1.495127 1.302916 2.088785
v -1.069569 1.820260 1.828566
v -1.493264 1.405495 1.279958
v -1.483762 1.384676 1.231922
v -1.056806 1.803118 1.794936
v -1.056806 1.803118 1.794936
v -1.483762 1.384676 1.231922
v -1.473794 1.371685 1.285800
v -1.048794 1.786756 1.831309
v -1.069569 1.820260 1.828566
v -1.048794 1.786756 1.831309
v -1.473794 1.371685 1.285800
v -1.493264 1.405495 1.279958
v -1.518325 1.260968 2.116813
v -1.469881 1.260968 2.116813
v -1.469881 1.271516 2.029931
v -1.518325 1.271516 2.029931
v -1.518231 1.338052 2.126145
v -1.518231 1.348601 2.039262
v -1.469788 1.348601 2.039262
v -1.469788 1.338052 2.126145
v -1.469881 1.260968 2.116813
v -1.469788 1.338052 2.126145
v -1.469788 1.348601 2.039262
v -1.469881 1.271516 2.029931
v -1.469788 1.348601 2.039262
v -1.518231 1.348601 2.039262
v -1.518325 1.271516 2.029931
v -1.469881 1.271516 2.029931
v -1.518231 1.338052 2.126145
v -1.469788 1.338052 2.126145
v -1.469881 1.260968 2.116813
v -1.518325 1.260968 2.116813
v -1.518325 1.308131 1.727793
v -1.469881 1.308131 1.727793
v -1.469881 1.318579 1.640910
v -1.518325 1.318579 1.640910
v -1.518231 1.385215 1.737124
v -1.518231 1.395764 1.650242
v -1.469788 1.395764 1.650242
v -1.469788 1.385215 1.737124
v -1.469881 1.308131 1.727793
v -1.469788 1.385215 1.737124
v -1.469788 1.395764 1.650242
v -1.469881 1.318579 1.640910
v -1.469788 1.395764 1.650242
v -1.518231 1.395764 1.650242
v -1.518325 1.318579 1.640910
v -1.469881 1.318579 1.640910
v -1.518231 1.385215 1.737124
v -1.469788 1.385215 1.737124
v -1.469881 1.308131 1.727793
v -1.518325 1.308131 1.727793
v -1.518325 1.358845 1.308978
v -1.469881 1.358845 1.308978
v -1.469881 1.369393 1.222096
v -1.518325 1.369393 1.222096
v -1.518231 1.435929 1.318310
v -1.518231 1.446477 1.231428
v -1.469788 1.446477 1.231428
v -1.469788 1.435929 1.318310
v -1.469881 1.358845 1.308978
v -1.469788 1.435929 1.318310
v -1.469788 1.446477 1.231428
v -1.469881 1.369393 1.222096
v -1.469788 1.446477 1.231428
v -1.518231 1.446477 1.231428
v -1.518325 1.369393 1.222096
v -1.469881 1.369393 1.222096
v -1.518231 1.435929 1.318310
v -1.469788 1.435929 1.318310
v -1.469881 1.358845 1.308978
v -1.518325 1.358845 1.308978
v 1.519277 0.809638 2.075144
v 1.519277 0.915831 1.199223
v 1.449220 0.915731 1.199223
v 1.449220 0.809638 2.075144
v 1.519183 0.886823 2.084476
v 1.449126 0.886823 2.084476
v 1.449126 0.992915 1.208555
v 1.519183 0.992915 1.208555
v 1.449220 0.809638 2.075144
v 1.449220 0.915731 1.199223
v 1.449126 0.992915 1.208555
v 1.449126 0.886823 2.084476
v 1.530549 0.777625 2.141690
v 1.530549 0.900554 1.126897
v 1.517227 0.900554 1.126897
v 1.517227 0.777625 2.141690
v 1.530549 1.330912 2.208732
v 1.517227 1.330912 2.208732
v 1.517227 1.453841 1.193940
v 1.530549 1.453941 1.193940
v 1.517227 0.777625 2.141690
v 1.517227 0.900554 1.126897
v 1.517227 1.453841 1.193940
v 1.517227 1.330912 2.208732
v 1.530549 0.900554 1.126897
v 1.530549 0.777625 2.141690
v 1.530549 1.330912 2.208732
v 1.530549 1.453941 1.193940
v 1.530549 0.777625 2.141690
v 1.517227 0.777625 2.141690
v 1.517227 1.330912 2.208732
v 1.530549 1.330912 2.208732
v 1.517227 0.900554 1.126897
v 1.530549 0.900554 1.126897
v 1.530549 1.453941 1.193940
v 1.517227 1.453841 1.193940
v -1.518325 0.809638 2.075144
v -1.448268 0.809638 2.075144
v -1.448268 0.915731 1.199223
v -1.518325 0.915831 1.199223
v -1.518231 0.886823 2.084476
v -1.518231 0.992915 1.208555
v -1.448174 0.992915 1.208555
v -1.448174 0.886823 2.084476
v -1.448268 0.809638 2.075144
v -1.448174 0.886823 2.084476
v -1.448174 0.992915 1.208555
v -1.448268 0.915731 1.199223
v -1.529597 0.777625 2.141690
v -1.516275 0.777625 2.141690
v -1.516275 0.900554 1.126897
v -1.529597 0.900554 1.126897
v -1.529597 1.330912 2.208732
v -1.529597 1.453941 1.193940
v -1.516275 1.453841 1.193940
v -1.516275 1.330912 2.208732
v -1.516275 0.777625 2.141690
v -1.516275 1.330912 2.208732
v -1.516275 1.453841 1.193940
v -1.516275 0.900554 1.126897
v -1.529597 0.900554 1.126897
v -1.529597 1.453941 1.193940
v -1.529597 1.330912 2.208732
v -1.529597 0.777625 2.141690
v -1.529597 0.777625 2.141690
v -1.529597 1.330912 2.208732
v -1.516275 1.330912 2.208732
v -1.516275 0.777625 2.141690
v -1.516275 0.900554 1.126897
v -1.516275 1.453841 1.193940
v -1.529597 1.453941 1.193940
v -1.529597 0.900554 1.126897
vt 0.12250 -0.25650
vt 0.12250 -0.00260
vt 0.11420 -0.00260
vt 0.11420 -0.25650
vt 0.12240 -0.09620
vt 0.11410 -0.09620
vt 0.11410 -0.16280
vt 0.12240 -0.16280
vt 0.13240 -0.00190
vt 0.13950 -0.00190
vt 0.13950 -0.25640
vt 0.13240 -0.25640
vt 0.12440 -0.09580
vt 0.12440 -0.16250
vt 0.13950 -0.25640
vt 0.13950 -0.00190
vt 0.13240 -0.00190
vt 0.13240 -0.25640
vt 0.12440 -0.09580
vt 0.12440 -0.16250
vt 0.12240 -0.16280
vt 0.11410 -0.16280
vt 0.11420 -0.25640
vt 0.12250 -0.25640
vt 0.11410 -0.09620
vt 0.12240 -0.09620
vt 0.12250 -0.00250
vt 0.11420 -0.00250
vt 0.12250 -0.25650
vt 0.12250 -0.00260
vt 0.11420 -0.00260
vt 0.11420 -0.25650
vt 0.12240 -0.09620
vt 0.11410 -0.09620
vt 0.11410 -0.16280
vt 0.12240 -0.16280
vt 0.13240 -0.00190
vt 0.13950 -0.00190
vt 0.13950 -0.25640
vt 0.13240 -0.25640
vt 0.12440 -0.16250
vt 0.12440 -0.09580
vt 0.13950 -0.25640
vt 0.13950 -0.00190
vt 0.13240 -0.00190
vt 0.13240 -0.25640
vt 0.12440 -0.16250
vt 0.12440 -0.09580
vt 0.12240 -0.16280
vt 0.11410 -0.16280
vt 0.11420 -0.25640
vt 0.12240 -0.25640
vt 0.11410 -0.09620
vt 0.12240 -0.09620
vt 0.12240 -0.00250
vt 0.11420 -0.00250
vt 0.74680 -0.05490
vt 0.84240 -0.05110
vt 0.74640 -0.05100
vt 0.84280 -0.05500
vt 0.74630 -0.05920
vt 0.84230 -0.05930
vt 0.74830 -0.05080
vt 0.84380 -0.05480
vt 0.84420 -0.05090
vt 0.74780 -0.05470
vt 0.74830 -0.05900
vt 0.84430 -0.05910
vt 0.74680 -0.05510
vt 0.74640 -0.05900
vt 0.84230 -0.05910
vt 0.84280 -0.05520
vt 0.74640 -0.05080
vt 0.84230 -0.05090
vt 0.74830 -0.05920
vt 0.84420 -0.05930
vt 0.84380 -0.05540
vt 0.74780 -0.05530
vt 0.74830 -0.05100
vt 0.84430 -0.05110
vt 0.75060 -0.05370
vt 0.75070 -0.05730
vt 0.83640 -0.05670
vt 0.83830 -0.05350
vt 0.74790 -0.05410
vt 0.74700 -0.05730
vt 0.84030 -0.05590
vt 0.83960 -0.05370
vt 0.84230 -0.05370
vt 0.74900 -0.05460
vt 0.74830 -0.05720
vt 0.84160 -0.05640
vt 0.75160 -0.05360
vt 0.75160 -0.05600
vt 0.83570 -0.05550
vt 0.83780 -0.05350
vt 0.83750 -0.05730
vt 0.83770 -0.05390
vt 0.75120 -0.05360
vt 0.75330 -0.05690
vt 0.76010 -0.05600
vt 0.82350 -0.05640
vt 0.82250 -0.05310
vt 0.75920 -0.05280
vt 0.82380 -0.05690
vt 0.82360 -0.05410
vt 0.76270 -0.05340
vt 0.76070 -0.05610
vt 0.76270 -0.05440
vt 0.76200 -0.05760
vt 0.82540 -0.05710
vt 0.82360 -0.05370
vt 0.76300 -0.05650
vt 0.82650 -0.05750
vt 0.82670 -0.05400
vt 0.76290 -0.05320
vt 0.75050 -0.05410
vt 0.75050 -0.05780
vt 0.83670 -0.05680
vt 0.83850 -0.05350
vt 0.74810 -0.05410
vt 0.74720 -0.05730
vt 0.84020 -0.05610
vt 0.83940 -0.05390
vt 0.74600 -0.05590
vt 0.83890 -0.05520
vt 0.83960 -0.05270
vt 0.74660 -0.05340
vt 0.82850 -0.05670
vt 0.82800 -0.05390
vt 0.76050 -0.05400
vt 0.75880 -0.05690
vt 0.75950 -0.05400
vt 0.75830 -0.05710
vt 0.82820 -0.05680
vt 0.82700 -0.05320
vt 0.75910 -0.05690
vt 0.82250 -0.05710
vt 0.82240 -0.05360
vt 0.75900 -0.05350
vt 0.75730 -0.05430
vt 0.75850 -0.05720
vt 0.83010 -0.05680
vt 0.83160 -0.05360
vt 0.76810 -0.05680
vt 0.76820 -0.05400
vt 0.81580 -0.05380
vt 0.81460 -0.05670
vt 0.75460 -0.05730
vt 0.82890 -0.05670
vt 0.82950 -0.05320
vt 0.75550 -0.05330
vt 0.83490 -0.05600
vt 0.83300 -0.05260
vt 0.75550 -0.05250
vt 0.75880 -0.05660
vt 0.76290 -0.05750
vt 0.76110 -0.05430
vt 0.82330 -0.05370
vt 0.82660 -0.05760
vt 0.75840 -0.05780
vt 0.82390 -0.05700
vt 0.82460 -0.05280
vt 0.75890 -0.05350
vt 0.45610 -0.50850
vt 0.45610 -0.49840
vt 0.44360 -0.49850
vt 0.44370 -0.50850
vt 0.45600 -0.49840
vt 0.44360 -0.49850
vt 0.44370 -0.50850
vt 0.45610 -0.50850
vt 0.42740 -0.50860
vt 0.42730 -0.49860
vt 0.44120 -0.49850
vt 0.44120 -0.50850
vt 0.45740 -0.52250
vt 0.45740 -0.51090
vt 0.44960 -0.51090
vt 0.44960 -0.52250
vt 0.45740 -0.52250
vt 0.45740 -0.51090
vt 0.44960 -0.51090
vt 0.44960 -0.52250
vt 0.45610 -0.50850
vt 0.45610 -0.49840
vt 0.44360 -0.49850
vt 0.44370 -0.50850
vt 0.45600 -0.49840
vt 0.44360 -0.49850
vt 0.44370 -0.50850
vt 0.45610 -0.50850
vt 0.42730 -0.50880
vt 0.42730 -0.49910
vt 0.44110 -0.49910
vt 0.44120 -0.50870
vt 0.45740 -0.52250
vt 0.45740 -0.51090
vt 0.44960 -0.51090
vt 0.44960 -0.52250
vt 0.45740 -0.52250
vt 0.45740 -0.51090
vt 0.44960 -0.51090
vt 0.44960 -0.52250
vt 0.45610 -0.50850
vt 0.45610 -0.49840
vt 0.44360 -0.49850
vt 0.44370 -0.50850
vt 0.45600 -0.49840
vt 0.44360 -0.49850
vt 0.44370 -0.50850
vt 0.45610 -0.50850
vt 0.42730 -0.50850
vt 0.42720 -0.49850
vt 0.44110 -0.49850
vt 0.44120 -0.50850
vt 0.45740 -0.52250
vt 0.45740 -0.51090
vt 0.44960 -0.51090
vt 0.44960 -0.52250
vt 0.45740 -0.52250
vt 0.45740 -0.51090
vt 0.44960 -0.51090
vt 0.44960 -0.52250
vt 0.84030 -0.05290
vt 0.75260 -0.05310
vt 0.75450 -0.05630
vt 0.84020 -0.05660
vt 0.84070 -0.05420
vt 0.74900 -0.05550
vt 0.74840 -0.05760
vt 0.84170 -0.05730
vt 0.74800 -0.05420
vt 0.74870 -0.05680
vt 0.84200 -0.05730
vt 0.84130 -0.05470
vt 0.83800 -0.05340
vt 0.75170 -0.05350
vt 0.75380 -0.05550
vt 0.83800 -0.05580
vt 0.75030 -0.05690
vt 0.83440 -0.05760
vt 0.83660 -0.05440
vt 0.75010 -0.05350
vt 0.82250 -0.05670
vt 0.82340 -0.05340
vt 0.76000 -0.05390
vt 0.75910 -0.05720
vt 0.76220 -0.05790
vt 0.82540 -0.05710
vt 0.82330 -0.05430
vt 0.76240 -0.05510
vt 0.82360 -0.05370
vt 0.76270 -0.05290
vt 0.76080 -0.05630
vt 0.82430 -0.05680
vt 0.82230 -0.05630
vt 0.82240 -0.05290
vt 0.75870 -0.05280
vt 0.75880 -0.05620
vt 0.83720 -0.05300
vt 0.74920 -0.05370
vt 0.75110 -0.05680
vt 0.83730 -0.05660
vt 0.83900 -0.05290
vt 0.74770 -0.05320
vt 0.74700 -0.05550
vt 0.83990 -0.05610
vt 0.84160 -0.05640
vt 0.84090 -0.05390
vt 0.74800 -0.05430
vt 0.74860 -0.05670
vt 0.76070 -0.05640
vt 0.83040 -0.05790
vt 0.82880 -0.05490
vt 0.76130 -0.05370
vt 0.82720 -0.05350
vt 0.75970 -0.05340
vt 0.75850 -0.05700
vt 0.82840 -0.05660
vt 0.82200 -0.05630
vt 0.82220 -0.05290
vt 0.75870 -0.05290
vt 0.75860 -0.05640
vt 0.83230 -0.05360
vt 0.75800 -0.05350
vt 0.75960 -0.05660
vt 0.83120 -0.05650
vt 0.76800 -0.05680
vt 0.81450 -0.05680
vt 0.81580 -0.05380
vt 0.76820 -0.05410
vt 0.83030 -0.05780
vt 0.82940 -0.05380
vt 0.75540 -0.05360
vt 0.75600 -0.05710
vt 0.75440 -0.05730
vt 0.83050 -0.05780
vt 0.83380 -0.05380
vt 0.75630 -0.05390
vt 0.76290 -0.05750
vt 0.82660 -0.05760
vt 0.82340 -0.05370
vt 0.76120 -0.05440
vt 0.82540 -0.05640
vt 0.82470 -0.05210
vt 0.75910 -0.05300
vt 0.75990 -0.05710
vt 0.45600 -0.49840
vt 0.44360 -0.49850
vt 0.44370 -0.50850
vt 0.45610 -0.50850
vt 0.45610 -0.50850
vt 0.45610 -0.49840
vt 0.44360 -0.49850
vt 0.44370 -0.50850
vt 0.42750 -0.50850
vt 0.44130 -0.50850
vt 0.44130 -0.49850
vt 0.42740 -0.49850
vt 0.44960 -0.52250
vt 0.45740 -0.52250
vt 0.45740 -0.51090
vt 0.44960 -0.51090
vt 0.44960 -0.52250
vt 0.45740 -0.52250
vt 0.45740 -0.51090
vt 0.44960 -0.51090
vt 0.45600 -0.49840
vt 0.44360 -0.49850
vt 0.44370 -0.50850
vt 0.45610 -0.50850
vt 0.45610 -0.50850
vt 0.45610 -0.49840
vt 0.44360 -0.49850
vt 0.44370 -0.50850
vt 0.42740 -0.50870
vt 0.44120 -0.50870
vt 0.44110 -0.49900
vt 0.42730 -0.49910
vt 0.44960 -0.52250
vt 0.45740 -0.52250
vt 0.45740 -0.51090
vt 0.44960 -0.51090
vt 0.44960 -0.52250
vt 0.45740 -0.52250
vt 0.45740 -0.51090
vt 0.44960 -0.51090
vt 0.45600 -0.49840
vt 0.44360 -0.49850
vt 0.44370 -0.50850
vt 0.45610 -0.50850
vt 0.45610 -0.50850
vt 0.45610 -0.49840
vt 0.44360 -0.49850
vt 0.44370 -0.50850
vt 0.42730 -0.50850
vt 0.44120 -0.50850
vt 0.44110 -0.49850
vt 0.42720 -0.49850
vt 0.44960 -0.52250
vt 0.45740 -0.52250
vt 0.45740 -0.51090
vt 0.44960 -0.51090
vt 0.44960 -0.52250
vt 0.45740 -0.52250
vt 0.45740 -0.51090
vt 0.44960 -0.51090
vt 0.51960 -0.50530
vt 0.46380 -0.50530
vt 0.46380 -0.50030
vt 0.51960 -0.50030
vt 0.51970 -0.50540
vt 0.51970 -0.50040
vt 0.46380 -0.50040
vt 0.46380 -0.50540
vt 0.46370 -0.50040
vt 0.51960 -0.50040
vt 0.51960 -0.50530
vt 0.46370 -0.50530
vt 0.67230 -0.05600
vt 0.89760 -0.05600
vt 0.89760 -0.05280
vt 0.67230 -0.05280
vt 0.66850 -0.05250
vt 0.66850 -0.05570
vt 0.89380 -0.05570
vt 0.89380 -0.05250
vt 0.45930 -0.49930
vt 0.52380 -0.49920
vt 0.52380 -0.53440
vt 0.45930 -0.53450
vt 0.52380 -0.49920
vt 0.45930 -0.49930
vt 0.45930 -0.53450
vt 0.52380 -0.53440
vt 0.82930 -0.05820
vt 0.82930 -0.05500
vt 0.70650 -0.05500
vt 0.70650 -0.05820
vt 0.70490 -0.05500
vt 0.70490 -0.05820
vt 0.82770 -0.05820
vt 0.82770 -0.05500
vt 0.51960 -0.50530
vt 0.51960 -0.50030
vt 0.46380 -0.50030
vt 0.46380 -0.50530
vt 0.51970 -0.50540
vt 0.46380 -0.50540
vt 0.46380 -0.50040
vt 0.51970 -0.50040
vt 0.46370 -0.50040
vt 0.46370 -0.50530
vt 0.51960 -0.50530
vt 0.51960 -0.50040
vt 0.67230 -0.05600
vt 0.67230 -0.05280
vt 0.89760 -0.05280
vt 0.89760 -0.05600
vt 0.66850 -0.05250
vt 0.89380 -0.05250
vt 0.89380 -0.05570
vt 0.66850 -0.05570
vt 0.45930 -0.49930
vt 0.45930 -0.53450
vt 0.52380 -0.53440
vt 0.52380 -0.49920
vt 0.52380 -0.49920
vt 0.52380 -0.53440
vt 0.45930 -0.53450
vt 0.45930 -0.49930
vt 0.82930 -0.05820
vt 0.70650 -0.05820
vt 0.70650 -0.05500
vt 0.82930 -0.05500
vt 0.70490 -0.05500
vt 0.82770 -0.05500
vt 0.82770 -0.05820
vt 0.70490 -0.05820
g vehicle#rocket_pod_m_8_12_0
usemtl 2b684d67-c690-4b3c-bf76-da0401ce3238
f 11561/11561 11562/11562 11563/11563
f 11561/11561 11563/11563 11564/11564
f 11565/11565 11566/11566 11567/11567
f 11565/11565 11567/11567 11568/11568
f 11569/11569 11570/11570 11571/11571
f 11571/11571 11572/11572 11569/11569
f 11572/11572 11573/11573 11569/11569
f 11572/11572 11574/11574 11573/11573
f 11575/11575 11576/11576 11577/11577
f 11577/11577 11578/11578 11575/11575
f 11577/11577 11579/11579 11578/11578
f 11579/11579 11580/11580 11578/11578
f 11581/11581 11582/11582 11583/11583
f 11581/11581 11583/11583 11584/11584
f 11585/11585 11586/11586 11587/11587
f 11585/11585 11587/11587 11588/11588
f 11589/11589 11590/11590 11591/11591
f 11589/11589 11591/11591 11592/11592
f 11593/11593 11594/11594 11595/11595
f 11593/11593 11595/11595 11596/11596
f 11597/11597 11598/11598 11599/11599
f 11599/11599 11600/11600 11597/11597
f 11600/11600 11601/11601 11597/11597
f 11601/11601 11602/11602 11597/11597
f 11603/11603 11604/11604 11605/11605
f 11605/11605 11606/11606 11603/11603
f 11605/11605 11607/11607 11606/11606
f 11605/11605 11608/11608 11607/11607
f 11609/11609 11610/11610 11611/11611
f 11609/11609 11611/11611 11612/11612
f 11613/11613 11614/11614 11615/11615
f 11613/11613 11615/11615 11616/11616
f 11617/11617 11618/11618 11619/11619
f 11617/11617 11620/11620 11618/11618
f 11620/11620 11617/11617 11621/11621
f 11620/11620 11621/11621 11622/11622
f 11623/11623 11624/11624 11625/11625
f 11623/11623 11626/11626 11624/11624
f 11627/11627 11624/11624 11626/11626
f 11627/11627 11628/11628 11624/11624
f 11629/11629 11630/11630 11631/11631
f 11629/11629 11631/11631 11632/11632
f 11632/11632 11633/11633 11629/11629
f 11632/11632 11634/11634 11633/11633
f 11635/11635 11636/11636 11637/11637
f 11635/11635 11637/11637 11638/11638
f 11639/11639 11638/11638 11637/11637
f 11639/11639 11637/11637 11640/11640
f 11641/11641 11642/11642 11643/11643
f 11641/11641 11643/11643 11644/11644
f 11645/11645 11646/11646 11647/11647
f 11645/11645 11647/11647 11648/11648
f 11649/11649 11650/11650 11651/11651
f 11649/11649 11651/11651 11652/11652
f 11653/11653 11654/11654 11655/11655
f 11653/11653 11655/11655 11656/11656
f 11657/11657 11658/11658 11659/11659
f 11657/11657 11659/11659 11660/11660
f 11661/11661 11662/11662 11663/11663
f 11661/11661 11663/11663 11664/11664
f 11665/11665 11666/11666 11667/11667
f 11665/11665 11667/11667 11668/11668
f 11669/11669 11670/11670 11671/11671
f 11669/11669 11671/11671 11672/11672
f 11673/11673 11674/11674 11675/11675
f 11673/11673 11675/11675 11676/11676
f 11677/11677 11678/11678 11679/11679
f 11677/11677 11679/11679 11680/11680
f 11681/11681 11682/11682 11683/11683
f 11681/11681 11683/11683 11684/11684
f 11685/11685 11686/11686 11687/11687
f 11685/11685 11687/11687 11688/11688
f 11689/11689 11690/11690 11691/11691
f 11689/11689 11691/11691 11692/11692
f 11693/11693 11694/11694 11695/11695
f 11693/11693 11695/11695 11696/11696
f 11697/11697 11698/11698 11699/11699
f 11697/11697 11699/11699 11700/11700
f 11701/11701 11702/11702 11703/11703
f 11701/11701 11703/11703 11704/11704
f 11705/11705 11706/11706 11707/11707
f 11705/11705 11707/11707 11708/11708
f 11709/11709 11710/11710 11711/11711
f 11709/11709 11711/11711 11712/11712
f 11713/11713 11714/11714 11715/11715
f 11713/11713 11715/11715 11716/11716
f 11717/11717 11718/11718 11719/11719
f 11717/11717 11719/11719 11720/11720
f 11721/11721 11722/11722 11723/11723
f 11721/11721 11723/11723 11724/11724
f 11725/11725 11726/11726 11727/11727
f 11725/11725 11727/11727 11728/11728
f 11729/11729 11730/11730 11731/11731
f 11729/11729 11731/11731 11732/11732
f 11733/11733 11734/11734 11735/11735
f 11733/11733 11735/11735 11736/11736
f 11737/11737 11738/11738 11739/11739
f 11737/11737 11739/11739 11740/11740
f 11741/11741 11742/11742 11743/11743
f 11741/11741 11743/11743 11744/11744
f 11745/11745 11746/11746 11747/11747
f 11745/11745 11747/11747 11748/11748
f 11749/11749 11750/11750 11751/11751
f 11749/11749 11751/11751 11752/11752
f 11753/11753 11754/11754 11755/11755
f 11753/11753 11755/11755 11756/11756
f 11757/11757 11758/11758 11759/11759
f 11757/11757 11759/11759 11760/11760
f 11761/11761 11762/11762 11763/11763
f 11761/11761 11763/11763 11764/11764
f 11765/11765 11766/11766 11767/11767
f 11765/11765 11767/11767 11768/11768
f 11769/11769 11770/11770 11771/11771
f 11769/11769 11771/11771 11772/11772
f 11773/11773 11774/11774 11775/11775
f 11773/11773 11775/11775 11776/11776
f 11777/11777 11778/11778 11779/11779
f 11777/11777 11779/11779 11780/11780
f 11781/11781 11782/11782 11783/11783
f 11781/11781 11783/11783 11784/11784
f 11785/11785 11786/11786 11787/11787
f 11785/11785 11787/11787 11788/11788
f 11789/11789 11790/11790 11791/11791
f 11789/11789 11791/11791 11792/11792
f 11793/11793 11794/11794 11795/11795
f 11793/11793 11795/11795 11796/11796
f 11797/11797 11798/11798 11799/11799
f 11797/11797 11799/11799 11800/11800
f 11801/11801 11802/11802 11803/11803
f 11801/11801 11803/11803 11804/11804
f 11805/11805 11806/11806 11807/11807
f 11805/11805 11807/11807 11808/11808
f 11809/11809 11810/11810 11811/11811
f 11809/11809 11811/11811 11812/11812
f 11813/11813 11814/11814 11815/11815
f 11813/11813 11815/11815 11816/11816
f 11817/11817 11818/11818 11819/11819
f 11817/11817 11819/11819 11820/11820
f 11821/11821 11822/11822 11823/11823
f 11821/11821 11823/11823 11824/11824
f 11825/11825 11826/11826 11827/11827
f 11825/11825 11827/11827 11828/11828
f 11829/11829 11830/11830 11831/11831
f 11829/11829 11831/11831 11832/11832
f 11833/11833 11834/11834 11835/11835
f 11833/11833 11835/11835 11836/11836
f 11837/11837 11838/11838 11839/11839
f 11837/11837 11839/11839 11840/11840
f 11841/11841 11842/11842 11843/11843
f 11841/11841 11843/11843 11844/11844
f 11845/11845 11846/11846 11847/11847
f 11845/11845 11847/11847 11848/11848
f 11849/11849 11850/11850 11851/11851
f 11849/11849 11851/11851 11852/11852
f 11853/11853 11854/11854 11855/11855
f 11853/11853 11855/11855 11856/11856
f 11857/11857 11858/11858 11859/11859
f 11857/11857 11859/11859 11860/11860
f 11861/11861 11862/11862 11863/11863
f 11861/11861 11863/11863 11864/11864
f 11865/11865 11866/11866 11867/11867
f 11865/11865 11867/11867 11868/11868
f 11869/11869 11870/11870 11871/11871
f 11869/11869 11871/11871 11872/11872
f 11873/11873 11874/11874 11875/11875
f 11873/11873 11875/11875 11876/11876
f 11877/11877 11878/11878 11879/11879
f 11877/11877 11879/11879 11880/11880
f 11881/11881 11882/11882 11883/11883
f 11881/11881 11883/11883 11884/11884
f 11885/11885 11886/11886 11887/11887
f 11885/11885 11887/11887 11888/11888
f 11889/11889 11890/11890 11891/11891
f 11889/11889 11891/11891 11892/11892
f 11893/11893 11894/11894 11895/11895
f 11893/11893 11895/11895 11896/11896
f 11897/11897 11898/11898 11899/11899
f 11897/11897 11899/11899 11900/11900
f 11901/11901 11902/11902 11903/11903
f 11901/11901 11903/11903 11904/11904
f 11905/11905 11906/11906 11907/11907
f 11905/11905 11907/11907 11908/11908
f 11909/11909 11910/11910 11911/11911
f 11909/11909 11911/11911 11912/11912
f 11913/11913 11914/11914 11915/11915
f 11913/11913 11915/11915 11916/11916
f 11917/11917 11918/11918 11919/11919
f 11917/11917 11919/11919 11920/11920
f 11921/11921 11922/11922 11923/11923
f 11921/11921 11923/11923 11924/11924
f 11925/11925 11926/11926 11927/11927
f 11925/11925 11927/11927 11928/11928
f 11929/11929 11930/11930 11931/11931
f 11929/11929 11931/11931 11932/11932
f 11933/11933 11934/11934 11935/11935
f 11933/11933 11935/11935 11936/11936
f 11937/11937 11938/11938 11939/11939
f 11937/11937 11939/11939 11940/11940
f 11941/11941 11942/11942 11943/11943
f 11941/11941 11943/11943 11944/11944
f 11945/11945 11946/11946 11947/11947
f 11945/11945 11947/11947 11948/11948
f 11949/11949 11950/11950 11951/11951
f 11949/11949 11951/11951 11952/11952
f 11953/11953 11954/11954 11955/11955
f 11953/11953 11955/11955 11956/11956
f 11957/11957 11958/11958 11959/11959
f 11957/11957 11959/11959 11960/11960
f 11961/11961 11962/11962 11963/11963
f 11961/11961 11963/11963 11964/11964
f 11965/11965 11966/11966 11967/11967
f 11965/11965 11967/11967 11968/11968
f 11969/11969 11970/11970 11971/11971
f 11969/11969 11971/11971 11972/11972
f 11973/11973 11974/11974 11975/11975
f 11973/11973 11975/11975 11976/11976
f 11977/11977 11978/11978 11979/11979
f 11977/11977 11979/11979 11980/11980
f 11981/11981 11982/11982 11983/11983
f 11981/11981 11983/11983 11984/11984
f 11985/11985 11986/11986 11987/11987
f 11985/11985 11987/11987 11988/11988
f 11989/11989 11990/11990 11991/11991
f 11989/11989 11991/11991 11992/11992
f 11993/11993 11994/11994 11995/11995
f 11993/11993 11995/11995 11996/11996
f 11997/11997 11998/11998 11999/11999
f 11997/11997 11999/11999 12000/12000
o vehicle#gun_browning_m1919_12
v -0.214248 0.633878 5.925105
v -0.143818 0.633878 5.925105
v -0.143818 0.687740 5.477996
v -0.214248 0.687740 5.477996
v -0.214248 0.749754 5.939102
v -0.214248 0.803716 5.491993
v -0.143818 0.803716 5.491993
v -0.143818 0.749754 5.939102
v -0.214248 0.633878 5.925105
v -0.214248 0.749754 5.939102
v -0.143818 0.749754 5.939102
v -0.143818 0.633878 5.925105
v -0.143818 0.633878 5.925105
v -0.143818 0.749754 5.939102
v -0.143818 0.803716 5.491993
v -0.143818 0.687740 5.477996
v -0.143818 0.687740 5.477996
v -0.143818 0.803716 5.491993
v -0.214248 0.803716 5.491993
v -0.214248 0.687740 5.477996
v -0.214248 0.687740 5.477996
v -0.214248 0.803716 5.491993
v -0.214248 0.749754 5.939102
v -0.214248 0.633878 5.925105
v -0.176424 0.597747 6.471444
v -0.152482 0.621542 6.474385
v -0.152482 0.755637 5.362511
v -0.176424 0.731941 5.359671
v -0.200367 0.621542 6.474385
v -0.200367 0.755637 5.362511
v -0.200367 0.621542 6.474385
v -0.200367 0.755637 5.362511
v -0.176424 0.779432 5.365352
v -0.176424 0.645337 6.477226
v -0.152482 0.621542 6.474385
v -0.152482 0.755637 5.362511
v -0.176424 0.597747 6.471444
v -0.200367 0.621542 6.474385
v -0.176424 0.645337 6.477226
v -0.152482 0.621542 6.474385
v -0.152482 0.755637 5.362511
v -0.176424 0.779432 5.365352
v -0.200367 0.755637 5.362511
v -0.176424 0.731941 5.359671
v -0.176424 0.587907 6.553128
v -0.152482 0.611703 6.555968
v -0.176424 0.642234 6.302920
v -0.200367 0.611703 6.555968
v -0.200367 0.611703 6.555968
v -0.176424 0.642234 6.302920
v -0.176424 0.635498 6.558809
v -0.152482 0.611703 6.555968
v -0.176424 0.587907 6.553128
v -0.200367 0.611703 6.555968
v -0.176424 0.635498 6.558809
v -0.152482 0.611703 6.555968
v -0.176424 0.745365 5.404294
v -0.156115 0.754495 5.386810
v -0.156115 0.633888 5.332304
v -0.176424 0.624758 5.349788
v -0.196827 0.754495 5.386810
v -0.196827 0.633888 5.332304
v -0.156115 0.754495 5.386810
v -0.176424 0.643018 5.314819
v -0.176424 0.763625 5.369325
v -0.196827 0.754495 5.386810
v -0.196827 0.633888 5.332304
v -0.149035 0.750431 5.894203
v -0.149035 0.774044 5.886444
v -0.149035 0.786215 5.785864
v -0.149035 0.765138 5.772628
v -0.149035 0.765138 5.772628
v -0.149035 0.786215 5.785864
v -0.209031 0.786215 5.785864
v -0.209031 0.765138 5.772628
v -0.209031 0.765138 5.772628
v -0.209031 0.786215 5.785864
v -0.209031 0.774044 5.886444
v -0.209031 0.750431 5.894203
v -0.209031 0.750431 5.894203
v -0.209031 0.774044 5.886444
v -0.149035 0.774044 5.886444
v -0.149035 0.750431 5.894203
v -0.149035 0.786215 5.785864
v -0.149035 0.774044 5.886444
v -0.209031 0.774044 5.886444
v -0.209031 0.786215 5.785864
v 0.215224 0.633878 5.925105
v 0.215224 0.687740 5.477996
v 0.144794 0.687740 5.477996
v 0.144794 0.633878 5.925105
v 0.215224 0.749754 5.939102
v 0.144794 0.749754 5.939102
v 0.144794 0.803716 5.491993
v 0.215224 0.803716 5.491993
v 0.215224 0.633878 5.925105
v 0.144794 0.633878 5.925105
v 0.144794 0.749754 5.939102
v 0.215224 0.749754 5.939102
v 0.144794 0.633878 5.925105
v 0.144794 0.687740 5.477996
v 0.144794 0.803716 5.491993
v 0.144794 0.749754 5.939102
v 0.144794 0.687740 5.477996
v 0.215224 0.687740 5.477996
v 0.215224 0.803716 5.491993
v 0.144794 0.803716 5.491993
v 0.215224 0.687740 5.477996
v 0.215224 0.633878 5.925105
v 0.215224 0.749754 5.939102
v 0.215224 0.803716 5.491993
v 0.177400 0.597747 6.471444
v 0.153551 0.755637 5.362511
v 0.153551 0.621542 6.474385
v 0.177400 0.731941 5.359671
v 0.201343 0.621542 6.474385
v 0.201343 0.755637 5.362511
v 0.201343 0.621542 6.474385
v 0.177400 0.779432 5.365352
v 0.201343 0.755637 5.362511
v 0.177400 0.645337 6.477226
v 0.153551 0.621542 6.474385
v 0.153551 0.755637 5.362511
v 0.177400 0.597747 6.471444
v 0.153551 0.621542 6.474385
v 0.177400 0.645337 6.477226
v 0.201343 0.621542 6.474385
v 0.153551 0.755637 5.362511
v 0.177400 0.731941 5.359671
v 0.201343 0.755637 5.362511
v 0.177400 0.779432 5.365352
v 0.177400 0.587907 6.553128
v 0.177400 0.642234 6.302920
v 0.153551 0.611703 6.555968
v 0.201343 0.611703 6.555968
v 0.201343 0.611703 6.555968
v 0.177400 0.635498 6.558809
v 0.177400 0.642234 6.302920
v 0.153551 0.611703 6.555968
v 0.177400 0.587907 6.553128
v 0.153551 0.611703 6.555968
v 0.177400 0.635498 6.558809
v 0.201343 0.611703 6.555968
v 0.177400 0.745365 5.404294
v 0.157091 0.633888 5.332304
v 0.157091 0.754495 5.386810
v 0.177400 0.624758 5.349788
v 0.197803 0.754495 5.386810
v 0.197803 0.633888 5.332304
v 0.157091 0.754495 5.386810
v 0.177400 0.643018 5.314819
v 0.177400 0.763625 5.369325
v 0.197803 0.754495 5.386810
v 0.197803 0.633888 5.332304
v -0.387434 0.519680 6.040811
v 0.387757 0.519680 6.040811
v 0.387757 0.525056 5.996320
v -0.387434 0.525056 5.996320
v -0.387434 0.567571 6.046592
v -0.387434 0.572946 6.002101
v 0.387757 0.572946 6.002101
v 0.387757 0.567571 6.046592
v -0.387434 0.519680 6.040811
v -0.387434 0.525056 5.996320
v -0.387434 0.572946 6.002101
v -0.387434 0.567571 6.046592
v -0.387434 0.525056 5.996320
v 0.387757 0.525056 5.996320
v 0.387757 0.572946 6.002101
v -0.387434 0.572946 6.002101
v 0.387757 0.525056 5.996320
v 0.387757 0.519680 6.040811
v 0.387757 0.567571 6.046592
v 0.387757 0.572946 6.002101
v 0.387757 0.519680 6.040811
v -0.387434 0.519680 6.040811
v -0.387434 0.567571 6.046592
v 0.387757 0.567571 6.046592
v 0.150011 0.750431 5.894203
v 0.150011 0.765138 5.772628
v 0.150011 0.786215 5.785864
v 0.150011 0.774044 5.886444
v 0.150011 0.765138 5.772628
v 0.210007 0.765138 5.772628
v 0.210007 0.786215 5.785864
v 0.150011 0.786215 5.785864
v 0.210007 0.765138 5.772628
v 0.210007 0.750431 5.894203
v 0.210007 0.774044 5.886444
v 0.210007 0.786215 5.785864
v 0.210007 0.750431 5.894203
v 0.150011 0.750431 5.894203
v 0.150011 0.774044 5.886444
v 0.210007 0.774044 5.886444
v 0.150011 0.786215 5.785864
v 0.210007 0.786215 5.785864
v 0.210007 0.774044 5.886444
v 0.150011 0.774044 5.886444
v -0.176424 0.624758 5.349788
v -0.156115 0.633888 5.332304
v -0.176424 0.643018 5.314819
v -0.196827 0.633888 5.332304
v 0.157091 0.633888 5.332304
v 0.177400 0.624758 5.349788
v 0.197803 0.633888 5.332304
v 0.177400 0.643018 5.314819
v -0.387434 0.621108 5.203082
v 0.387757 0.621108 5.203082
v 0.387757 0.626484 5.158691
v -0.387434 0.626484 5.158691
v -0.387434 0.669098 5.208864
v -0.387434 0.674474 5.164373
v 0.387757 0.674474 5.164373
v 0.387757 0.669098 5.208864
v -0.387434 0.621108 5.203082
v -0.387434 0.626484 5.158691
v -0.387434 0.674474 5.164373
v -0.387434 0.669098 5.208864
v -0.387434 0.626484 5.158691
v 0.387757 0.626484 5.158691
v 0.387757 0.674474 5.164373
v -0.387434 0.674474 5.164373
v 0.387757 0.626484 5.158691
v 0.387757 0.621108 5.203082
v 0.387757 0.669098 5.208864
v 0.387757 0.674474 5.164373
v 0.387757 0.621108 5.203082
v -0.387434 0.621108 5.203082
v -0.387434 0.669098 5.208864
v 0.387757 0.669098 5.208864
v 0.384683 0.526951 5.999623
v 0.384683 0.623813 5.200286
v 0.345183 0.623713 5.200286
v 0.345183 0.526951 5.999623
v 0.384683 0.570342 6.004897
v 0.345183 0.570342 6.004897
v 0.345183 0.667204 5.205460
v 0.384683 0.667204 5.205460
v 0.345183 0.526951 5.999623
v 0.345183 0.623713 5.200286
v 0.345183 0.667204 5.205460
v 0.345183 0.570342 6.004897
v 0.384683 0.623813 5.200286
v 0.384683 0.526951 5.999623
v 0.384683 0.570342 6.004897
v 0.384683 0.667204 5.205460
v -0.344580 0.526951 5.999623
v -0.344580 0.623813 5.200286
v -0.384080 0.623713 5.200286
v -0.384080 0.526951 5.999623
v -0.344673 0.570342 6.004897
v -0.384173 0.570342 6.004897
v -0.384173 0.667204 5.205460
v -0.344673 0.667204 5.205460
v -0.384080 0.526951 5.999623
v -0.384080 0.623713 5.200286
v -0.384173 0.667204 5.205460
v -0.384173 0.570342 6.004897
v -0.344580 0.623813 5.200286
v -0.344580 0.526951 5.999623
v -0.344673 0.570342 6.004897
v -0.344673 0.667204 5.205460
v -0.153320 0.526951 5.999623
v -0.153320 0.582837 5.538317
v -0.198131 0.582837 5.538317
v -0.198131 0.526951 5.999623
v -0.153414 0.570342 6.004897
v -0.198224 0.570342 6.004897
v -0.198224 0.626228 5.543591
v -0.153414 0.626328 5.543591
v -0.198131 0.526951 5.999623
v -0.198131 0.582837 5.538317
v -0.198224 0.626228 5.543591
v -0.198224 0.570342 6.004897
v -0.153320 0.582837 5.538317
v -0.153320 0.526951 5.999623
v -0.153414 0.570342 6.004897
v -0.153414 0.626328 5.543591
v 0.200691 0.526951 5.999623
v 0.200691 0.582837 5.538317
v 0.155880 0.582837 5.538317
v 0.155880 0.526951 5.999623
v 0.200691 0.570342 6.004897
v 0.155880 0.570342 6.004897
v 0.155880 0.626228 5.543591
v 0.200691 0.626328 5.543591
v 0.155880 0.526951 5.999623
v 0.155880 0.582837 5.538317
v 0.155880 0.626228 5.543591
v 0.155880 0.570342 6.004897
v 0.200691 0.582837 5.538317
v 0.200691 0.526951 5.999623
v 0.200691 0.570342 6.004897
v 0.200691 0.626328 5.543591
v -0.387434 0.580131 5.541812
v 0.387757 0.580131 5.541812
v 0.387757 0.585506 5.497422
v -0.387434 0.585506 5.497422
v -0.387434 0.628021 5.547594
v -0.387434 0.633397 5.503103
v 0.387757 0.633397 5.503103
v 0.387757 0.628021 5.547594
v -0.387434 0.580131 5.541812
v -0.387434 0.585506 5.497422
v -0.387434 0.633397 5.503103
v -0.387434 0.628021 5.547594
v -0.387434 0.585506 5.497422
v 0.387757 0.585506 5.497422
v 0.387757 0.633397 5.503103
v -0.387434 0.633397 5.503103
v 0.387757 0.585506 5.497422
v 0.387757 0.580131 5.541812
v 0.387757 0.628021 5.547594
v 0.387757 0.633397 5.503103
v 0.387757 0.580131 5.541812
v -0.387434 0.580131 5.541812
v -0.387434 0.628021 5.547594
v 0.387757 0.628021 5.547594
v -0.154997 0.528350 5.999725
v 0.159234 0.528350 5.999725
v 0.159234 0.551375 5.809464
v -0.154997 0.551375 5.809464
v -0.154997 0.569042 6.004494
v -0.154997 0.592066 5.814233
v 0.159234 0.592066 5.814233
v 0.159234 0.569042 6.004494
v -0.154997 0.551375 5.809464
v 0.159234 0.551375 5.809464
v 0.159234 0.592066 5.814233
v -0.154997 0.592066 5.814233
v 0.228173 0.589390 5.859129
v 0.554143 0.589390 5.859129
v 0.554143 0.600345 5.768447
v 0.228173 0.600345 5.768447
v 0.228173 0.801647 5.884691
v 0.228173 0.812601 5.794009
v 0.554143 0.812601 5.794009
v 0.554143 0.801647 5.884691
v 0.228173 0.589390 5.859129
v 0.228173 0.600345 5.768447
v 0.228173 0.812601 5.794009
v 0.228173 0.801647 5.884691
v 0.228173 0.600345 5.768447
v 0.554143 0.600345 5.768447
v 0.554143 0.812601 5.794009
v 0.228173 0.812601 5.794009
v 0.554143 0.600345 5.768447
v 0.554143 0.589390 5.859129
v 0.554143 0.801647 5.884691
v 0.554143 0.812601 5.794009
v 0.554143 0.589390 5.859129
v 0.228173 0.589390 5.859129
v 0.228173 0.801647 5.884691
v 0.554143 0.801647 5.884691
v -0.226079 0.589390 5.859129
v -0.226079 0.600345 5.768447
v -0.552049 0.600345 5.768447
v -0.552049 0.589390 5.859129
v -0.226079 0.801647 5.884691
v -0.552049 0.801647 5.884691
v -0.552049 0.812601 5.794009
v -0.226079 0.812601 5.794009
v -0.226079 0.589390 5.859129
v -0.226079 0.801647 5.884691
v -0.226079 0.812601 5.794009
v -0.226079 0.600345 5.768447
v -0.226079 0.600345 5.768447
v -0.226079 0.812601 5.794009
v -0.552049 0.812601 5.794009
v -0.552049 0.600345 5.768447
v -0.552049 0.600345 5.768447
v -0.552049 0.812601 5.794009
v -0.552049 0.801647 5.884691
v -0.552049 0.589390 5.859129
v -0.552049 0.589390 5.859129
v -0.552049 0.801647 5.884691
v -0.226079 0.801647 5.884691
v -0.226079 0.589390 5.859129
v -0.208937 0.580902 5.910715
v -0.149035 0.580902 5.910715
v -0.149035 0.586484 5.862824
v -0.208937 0.586484 5.862824
v -0.238190 0.684681 5.923291
v -0.238190 0.690362 5.875401
v -0.119876 0.690362 5.875401
v -0.119876 0.684681 5.923291
v -0.208937 0.580902 5.910715
v -0.238190 0.684681 5.923291
v -0.119876 0.684681 5.923291
v -0.149035 0.580902 5.910715
v -0.149035 0.580902 5.910715
v -0.119876 0.684681 5.923291
v -0.119876 0.690362 5.875401
v -0.149035 0.586484 5.862824
v -0.149035 0.586484 5.862824
v -0.119876 0.690362 5.875401
v -0.238190 0.690362 5.875401
v -0.208937 0.586484 5.862824
v -0.208937 0.586484 5.862824
v -0.238190 0.690362 5.875401
v -0.238190 0.684681 5.923291
v -0.208937 0.580902 5.910715
v 0.210007 0.580902 5.910715
v 0.210007 0.586484 5.862824
v 0.150011 0.586484 5.862824
v 0.150011 0.580902 5.910715
v 0.239166 0.684681 5.923291
v 0.120852 0.684681 5.923291
v 0.120852 0.690362 5.875401
v 0.239166 0.690362 5.875401
v 0.210007 0.580902 5.910715
v 0.150011 0.580902 5.910715
v 0.120852 0.684681 5.923291
v 0.239166 0.684681 5.923291
v 0.150011 0.580902 5.910715
v 0.150011 0.586484 5.862824
v 0.120852 0.690362 5.875401
v 0.120852 0.684681 5.923291
v 0.150011 0.586484 5.862824
v 0.210007 0.586484 5.862824
v 0.239166 0.690362 5.875401
v 0.120852 0.690362 5.875401
v 0.210007 0.586484 5.862824
v 0.210007 0.580902 5.910715
v 0.239166 0.684681 5.923291
v 0.239166 0.690362 5.875401
v -0.121273 0.624986 5.567889
v -0.121273 0.647300 5.383526
v -0.230178 0.647300 5.383526
v -0.230178 0.624886 5.567889
v -0.121366 0.674298 5.619773
v -0.230271 0.674298 5.619773
v -0.230271 0.702089 5.390120
v -0.121366 0.702089 5.390120
v -0.230178 0.624886 5.567889
v -0.230178 0.647300 5.383526
v -0.230271 0.702089 5.390120
v -0.230271 0.674298 5.619773
v -0.121273 0.647300 5.383526
v -0.121273 0.624986 5.567889
v -0.121366 0.674298 5.619773
v -0.121366 0.702089 5.390120
v 0.232831 0.624986 5.567889
v 0.232831 0.647300 5.383526
v 0.123926 0.647300 5.383526
v 0.123926 0.624886 5.567889
v 0.232738 0.674298 5.619773
v 0.123740 0.674298 5.619773
v 0.123740 0.702089 5.390120
v 0.232738 0.702089 5.390120
v 0.123926 0.624886 5.567889
v 0.123926 0.647300 5.383526
v 0.123740 0.702089 5.390120
v 0.123740 0.674298 5.619773
v 0.232831 0.647300 5.383526
v 0.232831 0.624986 5.567889
v 0.232738 0.674298 5.619773
v 0.232738 0.702089 5.390120
v -0.230178 0.647300 5.383526
v -0.121273 0.647300 5.383526
v -0.121366 0.702089 5.390120
v -0.230271 0.702089 5.390120
v 0.123926 0.647300 5.383526
v 0.232831 0.647300 5.383526
v 0.232738 0.702089 5.390120
v 0.123740 0.702089 5.390120
v -0.121273 0.624986 5.567889
v -0.230178 0.624886 5.567889
v -0.230271 0.674298 5.619773
v -0.121366 0.674298 5.619773
v 0.232831 0.624986 5.567889
v 0.123926 0.624886 5.567889
v 0.123740 0.674298 5.619773
v 0.232738 0.674298 5.619773
vt 0.06350 -0.61660
vt 0.05410 -0.61650
vt 0.05400 -0.67230
vt 0.06340 -0.67240
vt 0.05410 -0.61660
vt 0.05410 -0.67240
vt 0.06350 -0.67240
vt 0.06360 -0.61660
vt 0.06300 -0.58600
vt 0.06340 -0.57100
vt 0.05580 -0.57090
vt 0.05540 -0.58590
vt 0.07440 -0.58180
vt 0.05900 -0.58170
vt 0.05890 -0.63740
vt 0.07420 -0.63740
vt 0.06300 -0.58600
vt 0.06340 -0.57100
vt 0.05580 -0.57090
vt 0.05540 -0.58590
vt 0.07410 -0.63750
vt 0.05860 -0.63750
vt 0.05890 -0.58180
vt 0.07440 -0.58190
vt 0.05060 -0.50910
vt 0.04680 -0.50910
vt 0.04680 -0.67080
vt 0.05060 -0.67080
vt 0.05430 -0.50910
vt 0.05430 -0.67080
vt 0.04670 -0.50910
vt 0.04670 -0.67080
vt 0.05050 -0.67080
vt 0.05050 -0.50910
vt 0.05420 -0.50910
vt 0.05420 -0.67080
vt 0.01690 -0.76370
vt 0.00380 -0.77620
vt 0.01690 -0.78870
vt 0.03000 -0.77620
vt 0.00330 -0.77620
vt 0.01690 -0.78890
vt 0.03060 -0.77620
vt 0.01690 -0.76340
vt 0.05060 -0.49720
vt 0.04680 -0.49720
vt 0.05060 -0.53430
vt 0.05430 -0.49720
vt 0.04670 -0.49720
vt 0.05050 -0.53430
vt 0.05050 -0.49720
vt 0.05420 -0.49720
vt 0.07740 -0.98410
vt 0.06980 -0.99130
vt 0.07740 -0.99860
vt 0.08500 -0.99130
vt 0.07350 -0.66460
vt 0.07460 -0.66320
vt 0.06790 -0.65860
vt 0.06690 -0.66010
vt 0.07260 -0.66610
vt 0.06590 -0.66160
vt 0.07180 -0.65150
vt 0.06640 -0.65770
vt 0.07020 -0.65060
vt 0.06860 -0.64980
vt 0.06480 -0.65690
vt 0.05590 -0.64900
vt 0.06170 -0.64610
vt 0.06110 -0.61980
vt 0.05520 -0.61720
vt 0.05250 -0.58470
vt 0.05250 -0.58950
vt 0.06470 -0.58950
vt 0.06470 -0.58470
vt 0.05640 -0.64820
vt 0.06230 -0.64560
vt 0.06270 -0.61920
vt 0.05690 -0.61640
vt 0.06470 -0.61350
vt 0.06470 -0.60880
vt 0.05250 -0.60880
vt 0.05250 -0.61350
vt 0.05250 -0.58950
vt 0.05250 -0.60880
vt 0.06470 -0.60880
vt 0.06470 -0.58950
vt 0.05410 -0.61670
vt 0.05400 -0.67250
vt 0.06350 -0.67250
vt 0.06360 -0.61670
vt 0.06350 -0.61660
vt 0.05410 -0.61660
vt 0.05400 -0.67240
vt 0.06340 -0.67240
vt 0.05540 -0.58590
vt 0.06300 -0.58600
vt 0.06340 -0.57100
vt 0.05580 -0.57090
vt 0.07440 -0.58190
vt 0.07410 -0.63750
vt 0.05860 -0.63750
vt 0.05890 -0.58180
vt 0.05540 -0.58590
vt 0.06300 -0.58600
vt 0.06340 -0.57100
vt 0.05580 -0.57090
vt 0.07420 -0.63740
vt 0.07440 -0.58180
vt 0.05900 -0.58170
vt 0.05890 -0.63740
vt 0.05040 -0.50910
vt 0.05420 -0.67080
vt 0.05420 -0.50910
vt 0.05040 -0.67080
vt 0.04670 -0.50910
vt 0.04670 -0.67080
vt 0.05440 -0.50910
vt 0.05060 -0.67080
vt 0.05440 -0.67080
vt 0.05060 -0.50910
vt 0.04690 -0.50910
vt 0.04690 -0.67080
vt 0.01690 -0.76370
vt 0.00380 -0.77620
vt 0.01690 -0.78870
vt 0.03000 -0.77620
vt 0.03060 -0.77620
vt 0.01690 -0.76340
vt 0.00330 -0.77620
vt 0.01690 -0.78890
vt 0.05040 -0.49720
vt 0.05040 -0.53430
vt 0.05420 -0.49720
vt 0.04670 -0.49720
vt 0.05440 -0.49720
vt 0.05060 -0.49720
vt 0.05060 -0.53430
vt 0.04690 -0.49720
vt 0.07740 -0.98410
vt 0.06980 -0.99130
vt 0.07740 -0.99860
vt 0.08500 -0.99130
vt 0.06580 -0.66460
vt 0.07140 -0.65860
vt 0.06480 -0.66320
vt 0.07250 -0.66010
vt 0.06680 -0.66610
vt 0.07350 -0.66160
vt 0.06760 -0.65150
vt 0.07300 -0.65770
vt 0.06910 -0.65060
vt 0.07070 -0.64980
vt 0.07460 -0.65690
vt 0.11420 -0.05910
vt 0.11420 -0.21210
vt 0.12240 -0.21210
vt 0.12240 -0.05910
vt 0.11420 -0.21250
vt 0.12240 -0.21250
vt 0.12240 -0.05940
vt 0.11420 -0.05940
vt 0.12270 -0.12800
vt 0.12270 -0.12060
vt 0.11470 -0.12060
vt 0.11460 -0.12800
vt 0.12250 -0.21230
vt 0.12250 -0.05930
vt 0.11420 -0.05930
vt 0.11420 -0.21230
vt 0.11460 -0.12060
vt 0.11470 -0.12800
vt 0.12270 -0.12800
vt 0.12270 -0.12060
vt 0.11420 -0.05920
vt 0.11420 -0.21220
vt 0.12250 -0.21220
vt 0.12250 -0.05920
vt 0.05690 -0.61640
vt 0.05640 -0.64820
vt 0.06230 -0.64560
vt 0.06270 -0.61920
vt 0.06470 -0.58470
vt 0.05250 -0.58470
vt 0.05250 -0.58950
vt 0.06470 -0.58950
vt 0.05520 -0.61720
vt 0.05590 -0.64900
vt 0.06170 -0.64610
vt 0.06110 -0.61980
vt 0.05250 -0.61350
vt 0.06470 -0.61350
vt 0.06470 -0.60880
vt 0.05250 -0.60880
vt 0.06470 -0.58950
vt 0.05250 -0.58950
vt 0.05250 -0.60880
vt 0.06470 -0.60880
vt 0.06690 -0.66010
vt 0.06790 -0.65860
vt 0.06640 -0.65770
vt 0.06530 -0.65920
vt 0.07140 -0.65860
vt 0.07250 -0.66010
vt 0.07400 -0.65920
vt 0.07300 -0.65770
vt 0.11420 -0.05910
vt 0.11420 -0.21210
vt 0.12250 -0.21210
vt 0.12250 -0.05910
vt 0.11420 -0.21250
vt 0.12250 -0.21250
vt 0.12250 -0.05940
vt 0.11420 -0.05940
vt 0.12270 -0.12800
vt 0.12270 -0.12060
vt 0.11470 -0.12060
vt 0.11460 -0.12800
vt 0.12250 -0.21230
vt 0.12250 -0.05930
vt 0.11420 -0.05930
vt 0.11420 -0.21230
vt 0.11460 -0.12060
vt 0.11470 -0.12800
vt 0.12270 -0.12800
vt 0.12270 -0.12060
vt 0.11420 -0.05920
vt 0.11420 -0.21220
vt 0.12250 -0.21220
vt 0.12250 -0.05920
vt 0.12240 -0.20920
vt 0.12240 -0.06230
vt 0.11420 -0.06230
vt 0.11420 -0.20920
vt 0.11420 -0.20920
vt 0.12250 -0.20920
vt 0.12250 -0.06230
vt 0.11420 -0.06230
vt 0.12250 -0.20840
vt 0.12240 -0.06030
vt 0.11420 -0.06030
vt 0.11420 -0.20840
vt 0.11420 -0.06070
vt 0.11420 -0.20880
vt 0.12240 -0.20880
vt 0.12250 -0.06070
vt 0.12250 -0.20920
vt 0.12250 -0.06230
vt 0.11420 -0.06230
vt 0.11420 -0.20920
vt 0.11420 -0.20920
vt 0.12250 -0.20920
vt 0.12250 -0.06230
vt 0.11420 -0.06230
vt 0.12250 -0.20840
vt 0.12240 -0.06030
vt 0.11420 -0.06030
vt 0.11420 -0.20840
vt 0.11420 -0.06070
vt 0.11420 -0.20880
vt 0.12240 -0.20880
vt 0.12250 -0.06070
vt 0.12250 -0.18970
vt 0.12250 -0.10490
vt 0.11420 -0.10490
vt 0.11420 -0.18970
vt 0.11420 -0.19000
vt 0.12250 -0.19000
vt 0.12250 -0.10520
vt 0.11420 -0.10520
vt 0.12250 -0.20840
vt 0.12250 -0.12290
vt 0.11420 -0.12300
vt 0.11420 -0.20840
vt 0.11420 -0.12330
vt 0.11420 -0.20880
vt 0.12240 -0.20880
vt 0.12250 -0.12340
vt 0.12250 -0.19000
vt 0.12250 -0.10520
vt 0.11420 -0.10520
vt 0.11420 -0.19000
vt 0.11420 -0.18960
vt 0.12250 -0.18960
vt 0.12250 -0.10490
vt 0.11420 -0.10490
vt 0.12250 -0.20840
vt 0.12250 -0.12290
vt 0.11420 -0.12300
vt 0.11420 -0.20840
vt 0.11420 -0.12330
vt 0.11420 -0.20880
vt 0.12240 -0.20880
vt 0.12250 -0.12340
vt 0.11420 -0.05910
vt 0.11420 -0.21210
vt 0.12250 -0.21210
vt 0.12250 -0.05910
vt 0.11420 -0.21250
vt 0.12250 -0.21250
vt 0.12250 -0.05940
vt 0.11420 -0.05940
vt 0.12270 -0.12800
vt 0.12270 -0.12060
vt 0.11470 -0.12060
vt 0.11460 -0.12800
vt 0.12250 -0.21230
vt 0.12250 -0.05930
vt 0.11420 -0.05930
vt 0.11420 -0.21230
vt 0.11460 -0.12060
vt 0.11470 -0.12800
vt 0.12270 -0.12800
vt 0.12270 -0.12060
vt 0.11420 -0.05920
vt 0.11420 -0.21220
vt 0.12250 -0.21220
vt 0.12250 -0.05920
vt 0.18250 -0.80350
vt 0.18250 -0.82060
vt 0.19210 -0.82060
vt 0.19210 -0.80350
vt 0.18250 -0.82050
vt 0.19210 -0.82050
vt 0.19210 -0.80340
vt 0.18250 -0.80340
vt 0.19430 -0.82050
vt 0.19430 -0.80350
vt 0.19220 -0.80350
vt 0.19220 -0.82050
vt 0.03610 -0.22290
vt 0.06440 -0.22300
vt 0.06440 -0.21530
vt 0.03610 -0.21530
vt 0.06440 -0.22290
vt 0.06440 -0.21530
vt 0.03610 -0.21530
vt 0.03610 -0.22290
vt 0.12350 -0.33520
vt 0.14060 -0.33520
vt 0.14060 -0.31710
vt 0.12350 -0.31710
vt 0.12360 -0.31720
vt 0.09500 -0.31720
vt 0.09500 -0.33520
vt 0.12360 -0.33520
vt 0.14060 -0.31720
vt 0.12360 -0.31710
vt 0.12360 -0.33520
vt 0.14060 -0.33520
vt 0.12350 -0.31710
vt 0.09500 -0.31710
vt 0.09500 -0.33520
vt 0.12350 -0.33520
vt 0.06440 -0.22300
vt 0.06440 -0.21530
vt 0.03610 -0.21530
vt 0.03610 -0.22290
vt 0.03610 -0.22290
vt 0.06440 -0.22290
vt 0.06440 -0.21530
vt 0.03610 -0.21530
vt 0.12360 -0.31710
vt 0.12360 -0.33520
vt 0.14060 -0.33520
vt 0.14060 -0.31720
vt 0.09510 -0.31720
vt 0.09510 -0.33520
vt 0.12360 -0.33520
vt 0.12360 -0.31720
vt 0.12360 -0.31710
vt 0.12360 -0.33520
vt 0.14070 -0.33520
vt 0.14070 -0.31710
vt 0.09500 -0.31710
vt 0.09500 -0.33520
vt 0.12350 -0.33520
vt 0.12350 -0.31710
vt 0.18760 -0.80440
vt 0.18760 -0.80630
vt 0.18900 -0.80630
vt 0.18900 -0.80440
vt 0.09250 -0.51420
vt 0.09250 -0.51450
vt 0.07060 -0.51450
vt 0.07060 -0.51420
vt 0.08710 -0.49650
vt 0.09250 -0.51420
vt 0.07060 -0.51420
vt 0.07600 -0.49650
vt 0.04600 -0.64860
vt 0.04600 -0.67070
vt 0.05410 -0.67060
vt 0.05410 -0.64850
vt 0.07600 -0.49640
vt 0.07060 -0.51450
vt 0.09250 -0.51450
vt 0.08710 -0.49640
vt 0.05410 -0.67070
vt 0.05410 -0.64850
vt 0.04600 -0.64850
vt 0.04600 -0.67070
vt 0.18760 -0.81780
vt 0.18900 -0.81780
vt 0.18900 -0.81590
vt 0.18760 -0.81590
vt 0.07060 -0.51420
vt 0.09250 -0.51420
vt 0.09250 -0.51450
vt 0.07060 -0.51450
vt 0.07600 -0.49650
vt 0.08710 -0.49650
vt 0.09250 -0.51420
vt 0.07060 -0.51420
vt 0.04600 -0.67070
vt 0.05410 -0.67070
vt 0.05410 -0.64850
vt 0.04600 -0.64850
vt 0.08710 -0.49640
vt 0.07600 -0.49640
vt 0.07060 -0.51450
vt 0.09250 -0.51450
vt 0.05410 -0.64850
vt 0.04600 -0.64860
vt 0.04600 -0.67070
vt 0.05410 -0.67060
vt 0.19330 -0.81830
vt 0.19430 -0.80310
vt 0.18470 -0.80240
vt 0.18360 -0.81760
vt 0.18330 -0.81950
vt 0.19300 -0.82010
vt 0.19430 -0.80120
vt 0.18460 -0.80050
vt 0.19420 -0.81750
vt 0.19330 -0.80220
vt 0.18880 -0.80240
vt 0.18980 -0.82150
vt 0.18830 -0.80270
vt 0.18530 -0.81770
vt 0.18910 -0.82230
vt 0.19270 -0.80360
vt 0.19330 -0.81820
vt 0.19430 -0.80300
vt 0.18470 -0.80230
vt 0.18370 -0.81750
vt 0.18330 -0.81950
vt 0.19290 -0.82020
vt 0.19430 -0.80130
vt 0.18460 -0.80060
vt 0.19420 -0.81750
vt 0.19330 -0.80220
vt 0.18880 -0.80240
vt 0.18980 -0.82150
vt 0.18830 -0.80270
vt 0.18530 -0.81770
vt 0.18910 -0.82230
vt 0.19270 -0.80360
vt 0.18750 -0.81750
vt 0.18820 -0.80790
vt 0.18370 -0.80760
vt 0.18300 -0.81720
vt 0.18850 -0.81910
vt 0.18910 -0.80950
vt 0.18460 -0.80920
vt 0.18390 -0.81880
vt 0.19330 -0.81830
vt 0.18360 -0.81760
vt 0.18330 -0.82190
vt 0.19300 -0.82260
vt 0.19330 -0.81820
vt 0.18370 -0.81750
vt 0.18330 -0.82180
vt 0.19300 -0.82250
g vehicle#gun_browning_m1919_13_0
usemtl 2b684d67-c690-4b3c-bf76-da0401ce3238
f 12001/12001 12002/12002 12003/12003
f 12001/12001 12003/12003 12004/12004
f 12005/12005 12006/12006 12007/12007
f 12005/12005 12007/12007 12008/12008
f 12009/12009 12010/12010 12011/12011
f 12009/12009 12011/12011 12012/12012
f 12013/12013 12014/12014 12015/12015
f 12013/12013 12015/12015 12016/12016
f 12017/12017 12018/12018 12019/12019
f 12017/12017 12019/12019 12020/12020
f 12021/12021 12022/12022 12023/12023
f 12021/12021 12023/12023 12024/12024
f 12025/12025 12026/12026 12027/12027
f 12025/12025 12027/12027 12028/12028
f 12028/12028 12029/12029 12025/12025
f 12028/12028 12030/12030 12029/12029
f 12031/12031 12032/12032 12033/12033
f 12031/12031 12033/12033 12034/12034
f 12035/12035 12034/12034 12033/12033
f 12035/12035 12033/12033 12036/12036
f 12037/12037 12038/12038 12039/12039
f 12037/12037 12039/12039 12040/12040
f 12041/12041 12042/12042 12043/12043
f 12041/12041 12043/12043 12044/12044
f 12045/12045 12046/12046 12047/12047
f 12047/12047 12048/12048 12045/12045
f 12049/12049 12050/12050 12051/12051
f 12052/12052 12051/12051 12050/12050
f 12053/12053 12054/12054 12055/12055
f 12053/12053 12055/12055 12056/12056
f 12057/12057 12058/12058 12059/12059
f 12057/12057 12059/12059 12060/12060
f 12060/12060 12061/12061 12057/12057
f 12060/12060 12062/12062 12061/12061
f 12063/12063 12064/12064 12059/12059
f 12063/12063 12065/12065 12064/12064
f 12066/12066 12064/12064 12065/12065
f 12066/12066 12067/12067 12064/12064
f 12068/12068 12069/12069 12070/12070
f 12068/12068 12070/12070 12071/12071
f 12072/12072 12073/12073 12074/12074
f 12072/12072 12074/12074 12075/12075
f 12076/12076 12077/12077 12078/12078
f 12076/12076 12078/12078 12079/12079
f 12080/12080 12081/12081 12082/12082
f 12080/12080 12082/12082 12083/12083
f 12084/12084 12085/12085 12086/12086
f 12084/12084 12086/12086 12087/12087
f 12088/12088 12089/12089 12090/12090
f 12088/12088 12090/12090 12091/12091
f 12092/12092 12093/12093 12094/12094
f 12092/12092 12094/12094 12095/12095
f 12096/12096 12097/12097 12098/12098
f 12096/12096 12098/12098 12099/12099
f 12100/12100 12101/12101 12102/12102
f 12100/12100 12102/12102 12103/12103
f 12104/12104 12105/12105 12106/12106
f 12104/12104 12106/12106 12107/12107
f 12108/12108 12109/12109 12110/12110
f 12108/12108 12110/12110 12111/12111
f 12112/12112 12113/12113 12114/12114
f 12112/12112 12115/12115 12113/12113
f 12115/12115 12112/12112 12116/12116
f 12115/12115 12116/12116 12117/12117
f 12118/12118 12119/12119 12120/12120
f 12118/12118 12121/12121 12119/12119
f 12122/12122 12119/12119 12121/12121
f 12122/12122 12123/12123 12119/12119
f 12124/12124 12125/12125 12126/12126
f 12124/12124 12126/12126 12127/12127
f 12128/12128 12129/12129 12130/12130
f 12128/12128 12130/12130 12131/12131
f 12132/12132 12133/12133 12134/12134
f 12133/12133 12132/12132 12135/12135
f 12136/12136 12137/12137 12138/12138
f 12139/12139 12138/12138 12137/12137
f 12140/12140 12141/12141 12142/12142
f 12140/12140 12142/12142 12143/12143
f 12144/12144 12145/12145 12146/12146
f 12144/12144 12147/12147 12145/12145
f 12147/12147 12144/12144 12148/12148
f 12147/12147 12148/12148 12149/12149
f 12150/12150 12145/12145 12151/12151
f 12150/12150 12151/12151 12152/12152
f 12153/12153 12152/12152 12151/12151
f 12153/12153 12151/12151 12154/12154
f 12155/12155 12156/12156 12157/12157
f 12155/12155 12157/12157 12158/12158
f 12159/12159 12160/12160 12161/12161
f 12159/12159 12161/12161 12162/12162
f 12163/12163 12164/12164 12165/12165
f 12163/12163 12165/12165 12166/12166
f 12167/12167 12168/12168 12169/12169
f 12167/12167 12169/12169 12170/12170
f 12171/12171 12172/12172 12173/12173
f 12171/12171 12173/12173 12174/12174
f 12175/12175 12176/12176 12177/12177
f 12175/12175 12177/12177 12178/12178
f 12179/12179 12180/12180 12181/12181
f 12179/12179 12181/12181 12182/12182
f 12183/12183 12184/12184 12185/12185
f 12183/12183 12185/12185 12186/12186
f 12187/12187 12188/12188 12189/12189
f 12187/12187 12189/12189 12190/12190
f 12191/12191 12192/12192 12193/12193
f 12191/12191 12193/12193 12194/12194
f 12195/12195 12196/12196 12197/12197
f 12195/12195 12197/12197 12198/12198
f 12199/12199 12200/12200 12201/12201
f 12199/12199 12201/12201 12202/12202
f 12203/12203 12204/12204 12205/12205
f 12203/12203 12205/12205 12206/12206
f 12207/12207 12208/12208 12209/12209
f 12207/12207 12209/12209 12210/12210
f 12211/12211 12212/12212 12213/12213
f 12211/12211 12213/12213 12214/12214
f 12215/12215 12216/12216 12217/12217
f 12215/12215 12217/12217 12218/12218
f 12219/12219 12220/12220 12221/12221
f 12219/12219 12221/12221 12222/12222
f 12223/12223 12224/12224 12225/12225
f 12223/12223 12225/12225 12226/12226
f 12227/12227 12228/12228 12229/12229
f 12227/12227 12229/12229 12230/12230
f 12231/12231 12232/12232 12233/12233
f 12231/12231 12233/12233 12234/12234
f 12235/12235 12236/12236 12237/12237
f 12235/12235 12237/12237 12238/12238
f 12239/12239 12240/12240 12241/12241
f 12239/12239 12241/12241 12242/12242
f 12243/12243 12244/12244 12245/12245
f 12243/12243 12245/12245 12246/12246
f 12247/12247 12248/12248 12249/12249
f 12247/12247 12249/12249 12250/12250
f 12251/12251 12252/12252 12253/12253
f 12251/12251 12253/12253 12254/12254
f 12255/12255 12256/12256 12257/12257
f 12255/12255 12257/12257 12258/12258
f 12259/12259 12260/12260 12261/12261
f 12259/12259 12261/12261 12262/12262
f 12263/12263 12264/12264 12265/12265
f 12263/12263 12265/12265 12266/12266
f 12267/12267 12268/12268 12269/12269
f 12267/12267 12269/12269 12270/12270
f 12271/12271 12272/12272 12273/12273
f 12271/12271 12273/12273 12274/12274
f 12275/12275 12276/12276 12277/12277
f 12275/12275 12277/12277 12278/12278
f 12279/12279 12280/12280 12281/12281
f 12279/12279 12281/12281 12282/12282
f 12283/12283 12284/12284 12285/12285
f 12283/12283 12285/12285 12286/12286
f 12287/12287 12288/12288 12289/12289
f 12287/12287 12289/12289 12290/12290
f 12291/12291 12292/12292 12293/12293
f 12291/12291 12293/12293 12294/12294
f 12295/12295 12296/12296 12297/12297
f 12295/12295 12297/12297 12298/12298
f 12299/12299 12300/12300 12301/12301
f 12299/12299 12301/12301 12302/12302
f 12303/12303 12304/12304 12305/12305
f 12303/12303 12305/12305 12306/12306
f 12307/12307 12308/12308 12309/12309
f 12307/12307 12309/12309 12310/12310
f 12311/12311 12312/12312 12313/12313
f 12311/12311 12313/12313 12314/12314
f 12315/12315 12316/12316 12317/12317
f 12315/12315 12317/12317 12318/12318
f 12319/12319 12320/12320 12321/12321
f 12319/12319 12321/12321 12322/12322
f 12323/12323 12324/12324 12325/12325
f 12323/12323 12325/12325 12326/12326
f 12327/12327 12328/12328 12329/12329
f 12327/12327 12329/12329 12330/12330
f 12331/12331 12332/12332 12333/12333
f 12331/12331 12333/12333 12334/12334
f 12335/12335 12336/12336 12337/12337
f 12335/12335 12337/12337 12338/12338
f 12339/12339 12340/12340 12341/12341
f 12339/12339 12341/12341 12342/12342
f 12343/12343 12344/12344 12345/12345
f 12343/12343 12345/12345 12346/12346
f 12347/12347 12348/12348 12349/12349
f 12347/12347 12349/12349 12350/12350
f 12351/12351 12352/12352 12353/12353
f 12351/12351 12353/12353 12354/12354
f 12355/12355 12356/12356 12357/12357
f 12355/12355 12357/12357 12358/12358
f 12359/12359 12360/12360 12361/12361
f 12359/12359 12361/12361 12362/12362
f 12363/12363 12364/12364 12365/12365
f 12363/12363 12365/12365 12366/12366
f 12367/12367 12368/12368 12369/12369
f 12367/12367 12369/12369 12370/12370
f 12371/12371 12372/12372 12373/12373
f 12371/12371 12373/12373 12374/12374
f 12375/12375 12376/12376 12377/12377
f 12375/12375 12377/12377 12378/12378
f 12379/12379 12380/12380 12381/12381
f 12379/12379 12381/12381 12382/12382
f 12383/12383 12384/12384 12385/12385
f 12383/12383 12385/12385 12386/12386
f 12387/12387 12388/12388 12389/12389
f 12387/12387 12389/12389 12390/12390
f 12391/12391 12392/12392 12393/12393
f 12391/12391 12393/12393 12394/12394
f 12395/12395 12396/12396 12397/12397
f 12395/12395 12397/12397 12398/12398
f 12399/12399 12400/12400 12401/12401
f 12399/12399 12401/12401 12402/12402
f 12403/12403 12404/12404 12405/12405
f 12403/12403 12405/12405 12406/12406
f 12407/12407 12408/12408 12409/12409
f 12407/12407 12409/12409 12410/12410
f 12411/12411 12412/12412 12413/12413
f 12411/12411 12413/12413 12414/12414
f 12415/12415 12416/12416 12417/12417
f 12415/12415 12417/12417 12418/12418
f 12419/12419 12420/12420 12421/12421
f 12419/12419 12421/12421 12422/12422
f 12423/12423 12424/12424 12425/12425
f 12423/12423 12425/12425 12426/12426
f 12427/12427 12428/12428 12429/12429
f 12427/12427 12429/12429 12430/12430
f 12431/12431 12432/12432 12433/12433
f 12431/12431 12433/12433 12434/12434
f 12435/12435 12436/12436 12437/12437
f 12435/12435 12437/12437 12438/12438
f 12439/12439 12440/12440 12441/12441
f 12439/12439 12441/12441 12442/12442
f 12443/12443 12444/12444 12445/12445
f 12443/12443 12445/12445 12446/12446
f 12447/12447 12448/12448 12449/12449
f 12447/12447 12449/12449 12450/12450
f 12451/12451 12452/12452 12453/12453
f 12451/12451 12453/12453 12454/12454
f 12455/12455 12456/12456 12457/12457
f 12455/12455 12457/12457 12458/12458
f 12459/12459 12460/12460 12461/12461
f 12459/12459 12461/12461 12462/12462
f 12463/12463 12464/12464 12465/12465
f 12463/12463 12465/12465 12466/12466
f 12467/12467 12468/12468 12469/12469
f 12467/12467 12469/12469 12470/12470
f 12471/12471 12472/12472 12473/12473
f 12471/12471 12473/12473 12474/12474
o vehicle#turel_pulemet_13
v 1.220254 1.889265 0.452966
v 1.240945 1.887191 0.461530
v 1.233527 1.887338 0.470963
v 0.765688 1.906557 -0.003754
v 0.778850 1.932927 0.078620
v 0.730789 1.933167 0.041359
v 0.813664 1.906226 0.033441
v 0.830836 1.796483 -0.055177
v 0.850028 1.798714 -0.001436
v 0.878912 1.650054 -0.053892
v 0.879654 1.651841 0.000980
v 0.887624 1.503232 -0.050861
v 0.871632 1.502247 0.001774
v 0.778850 1.932927 0.078620
v 0.813664 1.906226 0.033441
v 0.807006 1.898140 0.042020
v 0.772114 1.924850 0.087138
v 0.765688 1.906557 -0.003754
v 0.730789 1.933167 0.041359
v 0.724138 1.925181 0.049943
v 0.758951 1.898480 0.004764
v 0.819331 1.792293 -0.051091
v 0.830836 1.796483 -0.055177
v 0.765688 1.906557 -0.003754
v 0.758951 1.898480 0.004764
v 0.813664 1.906226 0.033441
v 0.850028 1.798714 -0.001436
v 0.839670 1.792756 0.002389
v 0.807006 1.898140 0.042020
v 0.772114 1.924850 0.087138
v 0.807006 1.898140 0.042020
v 0.758951 1.898480 0.004764
v 0.724138 1.925181 0.049943
v 0.807006 1.898140 0.042020
v 0.839670 1.792756 0.002389
v 0.819331 1.792293 -0.051091
v 0.758951 1.898480 0.004764
v 0.536321 1.872789 -0.105122
v 0.509638 1.873583 -0.070888
v 0.796873 1.840484 0.152866
v 0.823478 1.839699 0.118571
v 0.658595 1.940043 -0.011661
v 0.830167 1.920069 0.121995
v 0.803623 1.920854 0.156211
v 0.632052 1.940829 0.022555
v 0.823478 1.839699 0.118571
v 0.830167 1.920069 0.121995
v 0.658595 1.940043 -0.011661
v 0.536321 1.872789 -0.105122
v 0.541720 1.937726 -0.102418
v 0.823478 1.839699 0.118571
v 0.796873 1.840484 0.152866
v 0.803623 1.920854 0.156211
v 0.830167 1.920069 0.121995
v 0.632052 1.940829 0.022555
v 0.803623 1.920854 0.156211
v 0.796873 1.840484 0.152866
v 0.509638 1.873583 -0.070888
v 0.515116 1.938511 -0.068123
v 0.632052 1.940829 0.022555
v 0.515116 1.938511 -0.068123
v 0.541720 1.937726 -0.102418
v 0.658595 1.940043 -0.011661
v 0.925473 1.835813 0.206990
v 0.907671 1.836372 0.229887
v 0.910435 1.869339 0.231229
v 0.928175 1.868780 0.208410
v 0.907671 1.836372 0.229887
v 0.925473 1.835813 0.206990
v 0.817547 1.844511 0.118559
v 0.795463 1.845135 0.146995
v 0.910435 1.869339 0.231229
v 0.907671 1.836372 0.229887
v 0.795463 1.845135 0.146995
v 0.798958 1.886063 0.148701
v 0.925473 1.835813 0.206990
v 0.928175 1.868780 0.208410
v 0.821042 1.885439 0.120266
v 0.817547 1.844511 0.118559
v 0.928175 1.868780 0.208410
v 0.910435 1.869339 0.231229
v 0.798958 1.886063 0.148701
v 0.821042 1.885439 0.120266
v 1.313218 1.827712 0.526548
v 1.308054 1.837526 0.534627
v 1.314822 1.846930 0.527408
v 1.319931 1.837216 0.519413
v 1.308054 1.837526 0.534627
v 1.313218 1.827712 0.526548
v 0.807947 1.883557 0.133130
v 0.801211 1.896444 0.143681
v 1.314822 1.846930 0.527408
v 1.308054 1.837526 0.534627
v 0.801211 1.896444 0.143681
v 0.810077 1.908853 0.134185
v 1.319931 1.837216 0.519413
v 1.314822 1.846930 0.527408
v 0.810077 1.908853 0.134185
v 0.816813 1.895966 0.123634
v 1.313218 1.827712 0.526548
v 1.319931 1.837216 0.519413
v 0.816813 1.895966 0.123634
v 0.807947 1.883557 0.133130
v 1.112695 1.819653 0.371152
v 1.106451 1.831648 0.380939
v 1.114706 1.843156 0.372102
v 1.120951 1.831161 0.362315
v 1.106451 1.831648 0.380939
v 1.112695 1.819653 0.371152
v 0.913792 1.841678 0.216192
v 0.907008 1.854764 0.226833
v 1.114706 1.843156 0.372102
v 1.106451 1.831648 0.380939
v 0.907008 1.854764 0.226833
v 0.915942 1.867273 0.217264
v 1.120951 1.831161 0.362315
v 1.114706 1.843156 0.372102
v 0.915942 1.867273 0.217264
v 0.922794 1.854288 0.206550
v 1.112695 1.819653 0.371152
v 1.120951 1.831161 0.362315
v 0.922794 1.854288 0.206550
v 0.913792 1.841678 0.216192
v 1.090736 1.820576 0.337176
v 1.074399 1.821047 0.358171
v 1.079159 1.879418 0.360591
v 1.095557 1.878947 0.339517
v 1.074399 1.821047 0.358171
v 1.090736 1.820576 0.337176
v 1.059783 1.824235 0.313074
v 1.043445 1.824706 0.334069
v 1.079159 1.879418 0.360591
v 1.074399 1.821047 0.358171
v 1.043445 1.824706 0.334069
v 1.048205 1.883077 0.336489
v 1.095557 1.878947 0.339517
v 1.079159 1.879418 0.360591
v 1.048205 1.883077 0.336489
v 1.064604 1.882606 0.315415
v 1.090736 1.820576 0.337176
v 1.095557 1.878947 0.339517
v 1.064604 1.882606 0.315415
v 1.059783 1.824235 0.313074
v 1.059783 1.824235 0.313074
v 1.064604 1.882606 0.315415
v 1.048205 1.883077 0.336489
v 1.043445 1.824706 0.334069
v 1.220254 1.889265 0.452966
v 1.237923 1.850339 0.459963
v 1.240945 1.887191 0.461530
v 1.217171 1.852413 0.451479
v 1.233527 1.887338 0.470963
v 1.230529 1.850576 0.469543
v 1.230529 1.850576 0.469543
v 1.233527 1.887338 0.470963
v 1.240945 1.887191 0.461530
v 1.237923 1.850339 0.459963
v 0.509638 1.873583 -0.070888
v 0.536321 1.872789 -0.105122
v 0.341166 1.834758 -0.246679
v 0.323358 1.835218 -0.223787
v 0.314084 1.838186 -0.267780
v 0.296362 1.838737 -0.244822
v 0.536321 1.872789 -0.105122
v 0.541720 1.937726 -0.102418
v 0.319670 1.979696 -0.266592
v 0.341166 1.834758 -0.246679
v 0.314084 1.838186 -0.267780
v 0.515116 1.938511 -0.068123
v 0.509638 1.873583 -0.070888
v 0.323358 1.835218 -0.223787
v 0.301862 1.980155 -0.243700
v 0.296362 1.838737 -0.244822
v 0.541720 1.937726 -0.102418
v 0.515116 1.938511 -0.068123
v 0.301862 1.980155 -0.243700
v 0.319670 1.979696 -0.266592
v 0.314084 1.838186 -0.267780
v 0.319670 1.979696 -0.266592
v 0.301862 1.980155 -0.243700
v 0.296362 1.838737 -0.244822
v 0.550673 1.850603 -0.078320
v 0.538673 1.850911 -0.062947
v 0.507586 1.778795 -0.085487
v 0.519439 1.778395 -0.100847
v 0.573500 1.824524 -0.059903
v 0.548610 1.765287 -0.077935
v 0.536671 1.765596 -0.062642
v 0.561561 1.824833 -0.044609
v 0.550673 1.850603 -0.078320
v 0.519439 1.778395 -0.100847
v 0.548610 1.765287 -0.077935
v 0.573500 1.824524 -0.059903
v 0.538673 1.850911 -0.062947
v 0.622593 1.822538 0.002823
v 0.561561 1.824833 -0.044609
v 0.525848 1.872950 -0.073382
v 0.642398 1.860027 0.017405
v 0.561561 1.824833 -0.044609
v 0.622593 1.822538 0.002823
v 0.634526 1.822129 -0.012476
v 0.573500 1.824524 -0.059903
v 0.538673 1.850911 -0.062947
v 0.550673 1.850603 -0.078320
v 0.537763 1.872550 -0.088821
v 0.525848 1.872950 -0.073382
v 0.550673 1.850603 -0.078320
v 0.654398 1.859719 0.002033
v 0.537763 1.872550 -0.088821
v 0.634526 1.822129 -0.012476
v 0.573500 1.824524 -0.059903
v 0.634526 1.822129 -0.012476
v 0.622593 1.822538 0.002823
v 0.642398 1.860027 0.017405
v 0.654398 1.859719 0.002033
v 0.561561 1.824833 -0.044609
v 0.536671 1.765596 -0.062642
v 0.507586 1.778795 -0.085487
v 0.538673 1.850911 -0.062947
v 0.724951 1.944009 0.022097
v 0.829175 1.931858 0.103333
v 0.785566 1.933210 0.159498
v 0.681334 1.945260 0.078256
v 0.829175 1.931858 0.103333
v 0.724951 1.944009 0.022097
v 0.701080 1.903553 0.004469
v 0.834234 1.888062 0.108367
v 0.785566 1.933210 0.159498
v 0.829175 1.931858 0.103333
v 0.834234 1.888062 0.108367
v 0.790679 1.889314 0.164447
v 0.681334 1.945260 0.078256
v 0.785566 1.933210 0.159498
v 0.790679 1.889314 0.164447
v 0.657542 1.904796 0.060689
v 0.724951 1.944009 0.022097
v 0.681334 1.945260 0.078256
v 0.657542 1.904796 0.060689
v 0.701080 1.903553 0.004469
v 0.701080 1.903553 0.004469
v 0.657542 1.904796 0.060689
v 0.790679 1.889314 0.164447
v 0.834234 1.888062 0.108367
v 0.851214 1.883003 0.072276
v 0.831855 1.867520 0.094876
v 0.797962 1.902981 0.143735
v 0.845542 1.900568 0.082290
v 0.831855 1.867520 0.094876
v 0.851214 1.883003 0.072276
v 0.723211 1.897975 -0.026872
v 0.704233 1.882695 -0.004735
v 0.797962 1.902981 0.143735
v 0.670694 1.917960 0.043638
v 0.845542 1.900568 0.082290
v 0.717881 1.915145 -0.017355
v 0.851214 1.883003 0.072276
v 0.845542 1.900568 0.082290
v 0.717881 1.915145 -0.017355
v 0.723211 1.897975 -0.026872
v 0.723211 1.897975 -0.026872
v 0.717881 1.915145 -0.017355
v 0.670694 1.917960 0.043638
v 0.704233 1.882695 -0.004735
v 0.507586 1.778795 -0.085487
v 0.536671 1.765596 -0.062642
v 0.548610 1.765287 -0.077935
v 0.519439 1.778395 -0.100847
v 0.839670 1.792756 0.002389
v 0.850028 1.798714 -0.001436
v 0.879654 1.651841 0.000980
v 0.867619 1.649414 0.001250
v 0.830836 1.796483 -0.055177
v 0.819331 1.792293 -0.051091
v 0.866938 1.647627 -0.053701
v 0.878912 1.650054 -0.053892
v 0.819331 1.792293 -0.051091
v 0.839670 1.792756 0.002389
v 0.867619 1.649414 0.001250
v 0.866938 1.647627 -0.053701
v 0.867619 1.649414 0.001250
v 0.879654 1.651841 0.000980
v 0.871632 1.502247 0.001774
v 0.859940 1.502031 -0.001852
v 0.878912 1.650054 -0.053892
v 0.866938 1.647627 -0.053701
v 0.875865 1.502916 -0.054413
v 0.887624 1.503232 -0.050861
v 0.866938 1.647627 -0.053701
v 0.867619 1.649414 0.001250
v 0.859940 1.502031 -0.001852
v 0.875865 1.502916 -0.054413
v 0.859940 1.502031 -0.001852
v 0.871632 1.502247 0.001774
v 0.887624 1.503232 -0.050861
v 0.875865 1.502916 -0.054413
vt 0.06040 -0.51440
vt 0.06120 -0.51120
vt 0.05940 -0.51130
vt 0.08670 -0.52880
vt 0.07490 -0.51680
vt 0.08670 -0.51680
vt 0.07490 -0.52870
vt 0.08670 -0.55330
vt 0.07490 -0.55330
vt 0.08670 -0.58470
vt 0.07490 -0.58470
vt 0.08670 -0.61470
vt 0.07490 -0.61470
vt 0.08670 -0.57860
vt 0.08670 -0.59140
vt 0.08910 -0.59190
vt 0.08910 -0.57910
vt 0.08910 -0.53900
vt 0.08910 -0.52790
vt 0.08670 -0.52670
vt 0.08670 -0.53920
vt 0.08670 -0.55810
vt 0.08910 -0.55810
vt 0.08910 -0.53900
vt 0.08670 -0.53920
vt 0.08670 -0.59140
vt 0.08670 -0.61440
vt 0.08910 -0.61470
vt 0.08910 -0.59190
vt 0.07490 -0.51680
vt 0.07490 -0.52870
vt 0.08670 -0.52880
vt 0.08670 -0.51680
vt 0.07490 -0.52870
vt 0.07490 -0.55330
vt 0.08670 -0.55330
vt 0.08670 -0.52880
vt 0.05570 -0.63790
vt 0.06180 -0.63800
vt 0.06200 -0.58630
vt 0.05580 -0.58630
vt 0.05560 -0.61660
vt 0.05560 -0.58580
vt 0.06190 -0.58570
vt 0.06190 -0.61660
vt 0.07380 -0.58580
vt 0.06220 -0.58580
vt 0.06220 -0.61660
vt 0.07380 -0.63740
vt 0.06450 -0.63740
vt 0.06180 -0.57260
vt 0.05710 -0.57270
vt 0.05720 -0.58410
vt 0.06190 -0.58400
vt 0.06230 -0.61710
vt 0.06230 -0.58640
vt 0.07390 -0.58630
vt 0.07390 -0.63780
vt 0.06460 -0.63780
vt 0.06190 -0.61660
vt 0.06200 -0.63760
vt 0.05570 -0.63760
vt 0.05560 -0.61660
vt 0.05530 -0.58610
vt 0.05550 -0.58060
vt 0.04860 -0.58040
vt 0.04840 -0.58590
vt 0.07270 -0.56660
vt 0.06840 -0.56660
vt 0.06780 -0.58720
vt 0.07320 -0.58720
vt 0.06800 -0.56730
vt 0.07270 -0.56730
vt 0.07330 -0.58700
vt 0.06740 -0.58700
vt 0.07260 -0.56700
vt 0.06790 -0.56700
vt 0.06730 -0.58660
vt 0.07320 -0.58660
vt 0.06820 -0.56660
vt 0.07270 -0.56660
vt 0.07320 -0.58720
vt 0.06770 -0.58720
vt 0.05950 -0.57510
vt 0.05810 -0.57650
vt 0.05950 -0.57790
vt 0.06090 -0.57650
vt 0.06600 -0.49670
vt 0.06740 -0.49650
vt 0.06770 -0.58700
vt 0.06590 -0.58720
vt 0.06460 -0.49650
vt 0.06600 -0.49670
vt 0.06590 -0.58720
vt 0.06410 -0.58700
vt 0.06580 -0.49650
vt 0.06440 -0.49670
vt 0.06400 -0.58730
vt 0.06580 -0.58700
vt 0.06720 -0.49660
vt 0.06580 -0.49650
vt 0.06580 -0.58700
vt 0.06760 -0.58730
vt 0.05940 -0.57470
vt 0.05760 -0.57650
vt 0.05940 -0.57820
vt 0.06110 -0.57640
vt 0.07010 -0.53220
vt 0.07180 -0.53190
vt 0.07200 -0.56760
vt 0.07010 -0.56780
vt 0.06840 -0.53200
vt 0.07010 -0.53220
vt 0.07010 -0.56780
vt 0.06830 -0.56760
vt 0.07000 -0.53190
vt 0.06830 -0.53220
vt 0.06820 -0.56790
vt 0.07000 -0.56760
vt 0.07170 -0.53220
vt 0.07000 -0.53190
vt 0.07000 -0.56760
vt 0.07180 -0.56780
vt 0.05530 -0.58610
vt 0.05540 -0.58320
vt 0.04850 -0.58300
vt 0.04840 -0.58590
vt 0.06640 -0.54320
vt 0.07030 -0.54310
vt 0.07030 -0.53730
vt 0.06630 -0.53730
vt 0.06370 -0.53760
vt 0.07210 -0.53760
vt 0.07210 -0.54310
vt 0.06370 -0.54310
vt 0.07020 -0.53760
vt 0.06630 -0.53750
vt 0.06620 -0.54330
vt 0.07010 -0.54340
vt 0.07200 -0.53730
vt 0.06360 -0.53730
vt 0.06360 -0.54290
vt 0.07200 -0.54280
vt 0.04840 -0.58590
vt 0.05530 -0.58610
vt 0.05540 -0.58330
vt 0.04850 -0.58300
vt 0.06000 -0.51410
vt 0.06530 -0.51090
vt 0.06000 -0.51090
vt 0.06530 -0.51410
vt 0.06010 -0.51100
vt 0.06540 -0.51100
vt 0.05540 -0.58410
vt 0.04850 -0.58380
vt 0.04840 -0.58590
vt 0.05530 -0.58610
vt 0.06180 -0.63800
vt 0.05570 -0.63790
vt 0.05670 -0.66770
vt 0.06090 -0.66770
vt 0.05670 -0.67260
vt 0.06080 -0.67260
vt 0.07380 -0.63740
vt 0.06450 -0.63740
vt 0.06210 -0.67240
vt 0.08250 -0.66640
vt 0.08240 -0.67130
vt 0.06460 -0.63780
vt 0.07390 -0.63780
vt 0.08250 -0.66650
vt 0.06220 -0.67240
vt 0.08250 -0.67130
vt 0.05570 -0.63760
vt 0.06200 -0.63760
vt 0.06100 -0.67230
vt 0.05670 -0.67230
vt 0.06220 -0.67650
vt 0.08270 -0.67550
vt 0.08250 -0.67140
vt 0.06210 -0.67240
vt 0.05360 -0.58580
vt 0.05360 -0.58470
vt 0.04840 -0.58480
vt 0.04840 -0.58590
vt 0.04880 -0.58570
vt 0.05300 -0.58600
vt 0.05310 -0.58490
vt 0.04900 -0.58460
vt 0.07670 -0.63340
vt 0.08750 -0.63790
vt 0.08890 -0.63250
vt 0.08000 -0.62890
vt 0.07680 -0.63330
vt 0.07940 -0.61800
vt 0.08010 -0.62890
vt 0.07380 -0.63600
vt 0.07370 -0.61510
vt 0.06030 -0.62990
vt 0.06030 -0.61890
vt 0.05750 -0.61890
vt 0.05750 -0.62990
vt 0.05360 -0.58470
vt 0.05360 -0.58580
vt 0.05530 -0.58580
vt 0.05530 -0.58470
vt 0.07670 -0.63340
vt 0.07370 -0.61510
vt 0.07370 -0.63600
vt 0.07930 -0.61810
vt 0.08000 -0.62890
vt 0.05230 -0.58600
vt 0.05250 -0.58490
vt 0.04960 -0.58460
vt 0.04950 -0.58570
vt 0.08010 -0.62890
vt 0.08900 -0.63240
vt 0.08760 -0.63780
vt 0.07680 -0.63330
vt 0.05360 -0.60620
vt 0.05350 -0.58750
vt 0.06390 -0.58750
vt 0.06390 -0.60620
vt 0.06070 -0.58740
vt 0.06070 -0.60620
vt 0.06680 -0.60980
vt 0.06680 -0.58590
vt 0.05590 -0.58590
vt 0.06360 -0.58570
vt 0.06340 -0.57950
vt 0.05570 -0.57970
vt 0.06070 -0.60720
vt 0.06070 -0.58850
vt 0.06690 -0.58690
vt 0.06690 -0.61080
vt 0.05530 -0.58580
vt 0.05510 -0.57980
vt 0.05040 -0.57990
vt 0.05060 -0.58600
vt 0.05370 -0.60990
vt 0.06380 -0.61000
vt 0.06380 -0.58600
vt 0.05380 -0.58600
vt 0.05090 -0.62370
vt 0.05510 -0.62110
vt 0.05490 -0.61080
vt 0.04950 -0.62090
vt 0.05240 -0.58740
vt 0.04820 -0.58720
vt 0.04820 -0.61020
vt 0.05240 -0.61040
vt 0.06090 -0.58700
vt 0.06070 -0.61000
vt 0.04960 -0.58750
vt 0.04960 -0.61050
vt 0.06760 -0.58630
vt 0.06510 -0.58650
vt 0.06510 -0.60940
vt 0.06760 -0.60920
vt 0.05230 -0.62340
vt 0.05480 -0.62170
vt 0.05500 -0.61040
vt 0.04990 -0.61920
vt 0.06040 -0.63950
vt 0.06040 -0.63420
vt 0.05760 -0.63420
vt 0.05760 -0.63950
vt 0.08670 -0.61440
vt 0.08910 -0.61440
vt 0.08910 -0.58710
vt 0.08670 -0.58660
vt 0.08670 -0.61510
vt 0.08910 -0.61420
vt 0.08910 -0.58560
vt 0.08670 -0.58610
vt 0.08670 -0.55330
vt 0.07490 -0.55330
vt 0.07490 -0.58470
vt 0.08670 -0.58470
vt 0.08670 -0.58660
vt 0.08910 -0.58710
vt 0.08910 -0.55710
vt 0.08670 -0.55700
vt 0.08670 -0.58610
vt 0.08910 -0.58560
vt 0.08910 -0.55790
vt 0.08670 -0.55790
vt 0.08670 -0.58470
vt 0.07490 -0.58470
vt 0.07490 -0.61470
vt 0.08670 -0.61480
vt 0.08670 -0.54120
vt 0.08670 -0.53880
vt 0.07490 -0.53870
vt 0.07490 -0.54110
g vehicle#turel_pulemet_14_0
usemtl 2b684d67-c690-4b3c-bf76-da0401ce3238
f 12475/12475 12476/12476 12477/12477
f 12478/12478 12479/12479 12480/12480
f 12478/12478 12481/12481 12479/12479
f 12481/12481 12478/12478 12482/12482
f 12481/12481 12482/12482 12483/12483
f 12483/12483 12482/12482 12484/12484
f 12483/12483 12484/12484 12485/12485
f 12485/12485 12484/12484 12486/12486
f 12485/12485 12486/12486 12487/12487
f 12488/12488 12489/12489 12490/12490
f 12488/12488 12490/12490 12491/12491
f 12492/12492 12493/12493 12494/12494
f 12492/12492 12494/12494 12495/12495
f 12496/12496 12497/12497 12498/12498
f 12496/12496 12498/12498 12499/12499
f 12500/12500 12501/12501 12502/12502
f 12500/12500 12502/12502 12503/12503
f 12504/12504 12505/12505 12506/12506
f 12504/12504 12506/12506 12507/12507
f 12508/12508 12509/12509 12510/12510
f 12508/12508 12510/12510 12511/12511
f 12512/12512 12513/12513 12514/12514
f 12512/12512 12514/12514 12515/12515
f 12516/12516 12517/12517 12518/12518
f 12516/12516 12518/12518 12519/12519
f 12520/12520 12521/12521 12522/12522
f 12522/12522 12523/12523 12520/12520
f 12522/12522 12524/12524 12523/12523
f 12525/12525 12526/12526 12527/12527
f 12525/12525 12527/12527 12528/12528
f 12529/12529 12530/12530 12531/12531
f 12531/12531 12532/12532 12529/12529
f 12532/12532 12533/12533 12529/12529
f 12534/12534 12535/12535 12536/12536
f 12534/12534 12536/12536 12537/12537
f 12538/12538 12539/12539 12540/12540
f 12538/12538 12540/12540 12541/12541
f 12542/12542 12543/12543 12544/12544
f 12542/12542 12544/12544 12545/12545
f 12546/12546 12547/12547 12548/12548
f 12546/12546 12548/12548 12549/12549
f 12550/12550 12551/12551 12552/12552
f 12550/12550 12552/12552 12553/12553
f 12554/12554 12555/12555 12556/12556
f 12554/12554 12556/12556 12557/12557
f 12558/12558 12559/12559 12560/12560
f 12558/12558 12560/12560 12561/12561
f 12562/12562 12563/12563 12564/12564
f 12562/12562 12564/12564 12565/12565
f 12566/12566 12567/12567 12568/12568
f 12566/12566 12568/12568 12569/12569
f 12570/12570 12571/12571 12572/12572
f 12570/12570 12572/12572 12573/12573
f 12574/12574 12575/12575 12576/12576
f 12574/12574 12576/12576 12577/12577
f 12578/12578 12579/12579 12580/12580
f 12578/12578 12580/12580 12581/12581
f 12582/12582 12583/12583 12584/12584
f 12582/12582 12584/12584 12585/12585
f 12586/12586 12587/12587 12588/12588
f 12586/12586 12588/12588 12589/12589
f 12590/12590 12591/12591 12592/12592
f 12590/12590 12592/12592 12593/12593
f 12594/12594 12595/12595 12596/12596
f 12594/12594 12596/12596 12597/12597
f 12598/12598 12599/12599 12600/12600
f 12598/12598 12600/12600 12601/12601
f 12602/12602 12603/12603 12604/12604
f 12602/12602 12604/12604 12605/12605
f 12606/12606 12607/12607 12608/12608
f 12606/12606 12608/12608 12609/12609
f 12610/12610 12611/12611 12612/12612
f 12610/12610 12612/12612 12613/12613
f 12614/12614 12615/12615 12616/12616
f 12614/12614 12616/12616 12617/12617
f 12618/12618 12619/12619 12620/12620
f 12618/12618 12620/12620 12621/12621
f 12622/12622 12623/12623 12624/12624
f 12622/12622 12625/12625 12623/12623
f 12625/12625 12622/12622 12626/12626
f 12625/12625 12626/12626 12627/12627
f 12628/12628 12629/12629 12630/12630
f 12628/12628 12630/12630 12631/12631
f 12632/12632 12633/12633 12634/12634
f 12632/12632 12634/12634 12635/12635
f 12635/12635 12634/12634 12636/12636
f 12635/12635 12636/12636 12637/12637
f 12638/12638 12639/12639 12640/12640
f 12638/12638 12640/12640 12641/12641
f 12641/12641 12640/12640 12642/12642
f 12643/12643 12644/12644 12645/12645
f 12643/12643 12645/12645 12646/12646
f 12646/12646 12645/12645 12647/12647
f 12648/12648 12649/12649 12650/12650
f 12648/12648 12650/12650 12651/12651
f 12652/12652 12653/12653 12654/12654
f 12652/12652 12654/12654 12655/12655
f 12656/12656 12657/12657 12658/12658
f 12656/12656 12658/12658 12659/12659
f 12660/12660 12661/12661 12662/12662
f 12660/12660 12662/12662 12663/12663
f 12664/12664 12665/12665 12666/12666
f 12664/12664 12666/12666 12667/12667
f 12668/12668 12669/12669 12670/12670
f 12669/12669 12668/12668 12671/12671
f 12669/12669 12671/12671 12672/12672
f 12673/12673 12674/12674 12675/12675
f 12673/12673 12675/12675 12676/12676
f 12677/12677 12678/12678 12679/12679
f 12677/12677 12679/12679 12680/12680
f 12681/12681 12682/12682 12683/12683
f 12681/12681 12684/12684 12682/12682
f 12685/12685 12684/12684 12681/12681
f 12686/12686 12687/12687 12688/12688
f 12686/12686 12688/12688 12689/12689
f 12690/12690 12691/12691 12692/12692
f 12690/12690 12692/12692 12693/12693
f 12694/12694 12695/12695 12696/12696
f 12694/12694 12696/12696 12697/12697
f 12698/12698 12699/12699 12700/12700
f 12698/12698 12700/12700 12701/12701
f 12702/12702 12703/12703 12704/12704
f 12702/12702 12704/12704 12705/12705
f 12706/12706 12707/12707 12708/12708
f 12706/12706 12708/12708 12709/12709
f 12710/12710 12711/12711 12712/12712
f 12710/12710 12712/12712 12713/12713
f 12714/12714 12715/12715 12716/12716
f 12714/12714 12716/12716 12717/12717
f 12718/12718 12719/12719 12720/12720
f 12718/12718 12720/12720 12721/12721
f 12722/12722 12723/12723 12724/12724
f 12722/12722 12724/12724 12725/12725
f 12726/12726 12722/12722 12725/12725
f 12726/12726 12725/12725 12727/12727
f 12728/12728 12726/12726 12727/12727
f 12728/12728 12727/12727 12729/12729
f 12730/12730 12731/12731 12732/12732
f 12730/12730 12732/12732 12733/12733
f 12734/12734 12735/12735 12736/12736
f 12734/12734 12736/12736 12737/12737
f 12738/12738 12739/12739 12740/12740
f 12738/12738 12740/12740 12741/12741
f 12742/12742 12743/12743 12744/12744
f 12742/12742 12744/12744 12745/12745
f 12746/12746 12747/12747 12748/12748
f 12746/12746 12748/12748 12749/12749
f 12750/12750 12751/12751 12752/12752
f 12750/12750 12752/12752 12753/12753
f 12754/12754 12755/12755 12756/12756
f 12754/12754 12756/12756 12757/12757
f 12758/12758 12759/12759 12760/12760
f 12758/12758 12760/12760 12761/12761
f 12762/12762 12763/12763 12764/12764
f 12762/12762 12764/12764 12765/12765
f 12766/12766 12767/12767 12768/12768
f 12766/12766 12768/12768 12769/12769
o vehicle#pulemet_7_62mm_14
v -1.522192 1.854218 5.504610
v -1.508241 1.877870 5.524316
v -1.347704 1.921525 5.329838
v -1.542098 1.877755 5.490574
v -1.347704 1.921525 5.329838
v -1.528063 1.901309 5.510338
v -1.508241 1.877870 5.524316
v -1.528063 1.901309 5.510338
v -1.347704 1.921525 5.329838
v -1.347704 1.921525 5.329838
v -1.542098 1.877755 5.490574
v -1.522192 1.854218 5.504610
v -1.107324 1.932977 5.036142
v -1.057557 1.933093 5.085795
v -0.743887 2.010516 4.771983
v -0.793713 2.010302 4.722248
v -1.121657 2.047956 5.050051
v -0.807987 2.125380 4.736239
v -0.758219 2.125478 4.786032
v -1.071901 2.048153 5.099856
v -1.107324 1.932977 5.036142
v -1.121657 2.047956 5.050051
v -1.071901 2.048153 5.099856
v -1.057557 1.933093 5.085795
v -1.057557 1.933093 5.085795
v -1.071901 2.048153 5.099856
v -0.758219 2.125478 4.786032
v -0.743887 2.010516 4.771983
v -0.743887 2.010516 4.771983
v -0.758219 2.125478 4.786032
v -0.807987 2.125380 4.736239
v -0.793713 2.010302 4.722248
v -0.793713 2.010302 4.722248
v -0.807987 2.125380 4.736239
v -1.121657 2.047956 5.050051
v -1.107324 1.932977 5.036142
v -1.464998 1.868295 5.447273
v -1.450975 1.891947 5.467050
v -0.671142 2.084348 4.686652
v -0.685094 2.060695 4.666945
v -1.484832 1.891832 5.433308
v -0.704929 2.084249 4.652840
v -1.484832 1.891832 5.433308
v -0.704929 2.084249 4.652840
v -0.690976 2.107885 4.672686
v -1.470880 1.915484 5.453014
v -1.450975 1.891947 5.467050
v -0.671142 2.084348 4.686652
v -1.464998 1.868295 5.447273
v -1.484832 1.891832 5.433308
v -1.470880 1.915484 5.453014
v -1.450975 1.891947 5.467050
v -0.671142 2.084348 4.686652
v -0.690976 2.107885 4.672686
v -0.704929 2.084249 4.652840
v -0.685094 2.060695 4.666945
v -1.522192 1.854218 5.504610
v -1.542098 1.877755 5.490574
v -1.528063 1.901309 5.510338
v -1.508241 1.877870 5.524316
v -0.717208 2.071795 4.698918
v -0.690759 2.081901 4.701319
v -0.647661 1.964263 4.658504
v -0.674051 1.954255 4.656185
v -0.719597 2.081802 4.672457
v -0.676440 1.964263 4.629724
v -0.719597 2.081802 4.672457
v -0.650050 1.974271 4.632043
v -0.693149 2.091909 4.674859
v -0.690759 2.081901 4.701319
v -0.647661 1.964263 4.658504
v -0.966942 2.073564 5.116660
v -0.910999 2.087311 5.060718
v -1.082635 2.086899 4.889123
v -1.138565 2.073054 4.945054
v -0.987021 2.234632 5.136315
v -1.158644 2.234122 4.964708
v -1.102714 2.247967 4.908778
v -0.931078 2.248379 5.080373
v -0.966942 2.073564 5.116660
v -0.987021 2.234632 5.136315
v -0.931078 2.248379 5.080373
v -0.910999 2.087311 5.060718
v -0.910999 2.087311 5.060718
v -0.931078 2.248379 5.080373
v -1.102714 2.247967 4.908778
v -1.082635 2.086899 4.889123
v -1.082635 2.086899 4.889123
v -1.102714 2.247967 4.908778
v -1.158644 2.234122 4.964708
v -1.138565 2.073054 4.945054
v -1.138565 2.073054 4.945054
v -1.158644 2.234122 4.964708
v -0.987021 2.234632 5.136315
v -0.966942 2.073564 5.116660
v -1.043931 2.051171 5.064531
v -1.039313 2.075187 5.059772
v -0.968747 2.092581 4.989206
v -0.958601 2.072246 4.979202
v -0.958601 2.072246 4.979202
v -0.968747 2.092581 4.989206
v -1.011160 2.092465 4.946908
v -1.001016 2.072147 4.936764
v -1.001016 2.072147 4.936764
v -1.011160 2.092465 4.946908
v -1.081644 2.074990 5.017392
v -1.086345 2.051072 5.022093
v -1.086345 2.051072 5.022093
v -1.081644 2.074990 5.017392
v -1.039313 2.075187 5.059772
v -1.043931 2.051171 5.064531
v -0.968747 2.092581 4.989206
v -1.039313 2.075187 5.059772
v -1.081644 2.074990 5.017392
v -1.011160 2.092465 4.946908
v -0.978655 2.214732 5.128374
v -0.980624 2.231097 5.130342
v -0.954101 2.229915 5.156570
v -0.955235 2.214042 5.151622
v -0.927300 2.201535 5.176438
v -0.922253 2.214929 5.184825
v -0.904528 2.172582 5.191991
v -0.895364 2.180756 5.203192
v -0.891441 2.129430 5.194460
v -0.879531 2.128051 5.206026
v -0.890643 2.083324 5.183904
v -0.879106 2.076430 5.193722
v -0.906734 2.046770 5.158842
v -0.899097 2.032589 5.162943
v -0.939571 2.031111 5.122100
v -0.935577 2.014943 5.122206
v -1.020682 2.030011 5.040859
v -1.016630 2.013958 5.040908
v -0.955235 2.214042 5.151622
v -0.934272 2.225596 5.083991
v -0.978655 2.214732 5.128374
v -0.910864 2.225005 5.107252
v -0.927300 2.201535 5.176438
v -0.882929 2.212498 5.132067
v -0.904528 2.172582 5.191991
v -0.860227 2.183527 5.147690
v -0.891441 2.129430 5.194460
v -0.847140 2.140376 5.150159
v -0.890643 2.083324 5.183904
v -0.846342 2.094269 5.139603
v -0.906734 2.046770 5.158842
v -0.862351 2.057634 5.114459
v -0.939571 2.031111 5.122100
v -0.895258 2.041958 5.077787
v -1.020682 2.030011 5.040859
v -0.976311 2.040974 4.996488
v -0.980624 2.231097 5.130342
v -0.936381 2.241944 5.085958
v -0.909788 2.240762 5.112257
v -0.954101 2.229915 5.156570
v -0.877882 2.225892 5.140455
v -0.922253 2.214929 5.184825
v -0.851063 2.191701 5.158891
v -0.895364 2.180756 5.203192
v -0.835230 2.138997 5.161725
v -0.879531 2.128051 5.206026
v -0.834876 2.087376 5.149351
v -0.879106 2.076430 5.193722
v -0.854796 2.043534 5.118642
v -0.899097 2.032589 5.162943
v -0.891206 2.025906 5.077836
v -0.935577 2.014943 5.122206
v -0.972329 2.024904 4.996607
v -1.016630 2.013958 5.040908
v -0.936381 2.241944 5.085958
v -0.934272 2.225596 5.083991
v -0.910864 2.225005 5.107252
v -0.909788 2.240762 5.112257
v -0.882929 2.212498 5.132067
v -0.877882 2.225892 5.140455
v -0.860227 2.183527 5.147690
v -0.851063 2.191701 5.158891
v -0.847140 2.140376 5.150159
v -0.835230 2.138997 5.161725
v -0.846342 2.094269 5.139603
v -0.834876 2.087376 5.149351
v -0.862351 2.057634 5.114459
v -0.854796 2.043534 5.118642
v -0.895258 2.041958 5.077787
v -0.891206 2.025906 5.077836
v -0.976311 2.040974 4.996488
v -0.972329 2.024904 4.996607
v -0.674051 1.954255 4.656185
v -0.647661 1.964263 4.658504
v -0.650050 1.974271 4.632043
v -0.676440 1.964263 4.629724
vt 0.05050 -0.49720
vt 0.04660 -0.49720
vt 0.05050 -0.53420
vt 0.04660 -0.49720
vt 0.05050 -0.53430
vt 0.05050 -0.49720
vt 0.05450 -0.49720
vt 0.05050 -0.49720
vt 0.05050 -0.53430
vt 0.05050 -0.53420
vt 0.05450 -0.49720
vt 0.05050 -0.49720
vt 0.06340 -0.61670
vt 0.05400 -0.61660
vt 0.05400 -0.67240
vt 0.06340 -0.67240
vt 0.05410 -0.61650
vt 0.05390 -0.67240
vt 0.06330 -0.67240
vt 0.06350 -0.61650
vt 0.05580 -0.57120
vt 0.05540 -0.58590
vt 0.06290 -0.58580
vt 0.06330 -0.57110
vt 0.07410 -0.58190
vt 0.05900 -0.58170
vt 0.05900 -0.63730
vt 0.07410 -0.63750
vt 0.06300 -0.58600
vt 0.06330 -0.57110
vt 0.05580 -0.57100
vt 0.05550 -0.58580
vt 0.07400 -0.63750
vt 0.05890 -0.63730
vt 0.05900 -0.58170
vt 0.07410 -0.58190
vt 0.05050 -0.50910
vt 0.04660 -0.50910
vt 0.04630 -0.67080
vt 0.05030 -0.67080
vt 0.05450 -0.50910
vt 0.05420 -0.67080
vt 0.04660 -0.50910
vt 0.04630 -0.67080
vt 0.05030 -0.67080
vt 0.05050 -0.50910
vt 0.05450 -0.50910
vt 0.05420 -0.67080
vt 0.02980 -0.77640
vt 0.01690 -0.76350
vt 0.00410 -0.77620
vt 0.01700 -0.78920
vt 0.01380 -0.79070
vt 0.02970 -0.77950
vt 0.01910 -0.76340
vt 0.00330 -0.77470
vt 0.08470 -0.99140
vt 0.07740 -0.98390
vt 0.07000 -0.99120
vt 0.07740 -0.99880
vt 0.07360 -0.66560
vt 0.07570 -0.66610
vt 0.07800 -0.65700
vt 0.07590 -0.65650
vt 0.07160 -0.66520
vt 0.07390 -0.65600
vt 0.06480 -0.65380
vt 0.07450 -0.65400
vt 0.06530 -0.65170
vt 0.06580 -0.64980
vt 0.07500 -0.65200
vt 0.03610 -0.21530
vt 0.03610 -0.22290
vt 0.06440 -0.22300
vt 0.06440 -0.21520
vt 0.06440 -0.21520
vt 0.03610 -0.21530
vt 0.03610 -0.22290
vt 0.06440 -0.22300
vt 0.14060 -0.31720
vt 0.14060 -0.33520
vt 0.12350 -0.33520
vt 0.12360 -0.31710
vt 0.09500 -0.31710
vt 0.09500 -0.33520
vt 0.12350 -0.33520
vt 0.12350 -0.31710
vt 0.12350 -0.31710
vt 0.12350 -0.33520
vt 0.14060 -0.33520
vt 0.14060 -0.31710
vt 0.09500 -0.31710
vt 0.09500 -0.33520
vt 0.12350 -0.33520
vt 0.12350 -0.31710
vt 0.05590 -0.64900
vt 0.06160 -0.64640
vt 0.06220 -0.61990
vt 0.05660 -0.61690
vt 0.05280 -0.58490
vt 0.05270 -0.58950
vt 0.06470 -0.58940
vt 0.06480 -0.58470
vt 0.05670 -0.64830
vt 0.06230 -0.64530
vt 0.06160 -0.61880
vt 0.05580 -0.61620
vt 0.06440 -0.61340
vt 0.06470 -0.60870
vt 0.05260 -0.60890
vt 0.05240 -0.61350
vt 0.05270 -0.58950
vt 0.05260 -0.60890
vt 0.06470 -0.60870
vt 0.06470 -0.58940
vt 0.08880 -0.50560
vt 0.09000 -0.50540
vt 0.08930 -0.50260
vt 0.08820 -0.50310
vt 0.08680 -0.50050
vt 0.08760 -0.49960
vt 0.08420 -0.49890
vt 0.08460 -0.49770
vt 0.08090 -0.49860
vt 0.08060 -0.49740
vt 0.07760 -0.49970
vt 0.07690 -0.49870
vt 0.07530 -0.50240
vt 0.07420 -0.50200
vt 0.07490 -0.50630
vt 0.07370 -0.50630
vt 0.07650 -0.51490
vt 0.07520 -0.51490
vt 0.03880 -0.60020
vt 0.04420 -0.59420
vt 0.03890 -0.59410
vt 0.04420 -0.60020
vt 0.03880 -0.60740
vt 0.04420 -0.60740
vt 0.03880 -0.61460
vt 0.04420 -0.61460
vt 0.03880 -0.62260
vt 0.04420 -0.62260
vt 0.03880 -0.63090
vt 0.04420 -0.63090
vt 0.03880 -0.63930
vt 0.04420 -0.63930
vt 0.03880 -0.64870
vt 0.04420 -0.64870
vt 0.03890 -0.66960
vt 0.04420 -0.66960
vt 0.03890 -0.66980
vt 0.04410 -0.67010
vt 0.04410 -0.66390
vt 0.03890 -0.66360
vt 0.04420 -0.65640
vt 0.03880 -0.65610
vt 0.04420 -0.64860
vt 0.03880 -0.64840
vt 0.04420 -0.63980
vt 0.03880 -0.63950
vt 0.04420 -0.63120
vt 0.03880 -0.63100
vt 0.04420 -0.62200
vt 0.03880 -0.62170
vt 0.04420 -0.61250
vt 0.03880 -0.61220
vt 0.04420 -0.59340
vt 0.03880 -0.59310
vt 0.07330 -0.50530
vt 0.07450 -0.50560
vt 0.07500 -0.50310
vt 0.07390 -0.50260
vt 0.07650 -0.50050
vt 0.07560 -0.49960
vt 0.07900 -0.49890
vt 0.07860 -0.49770
vt 0.08240 -0.49860
vt 0.08270 -0.49740
vt 0.08570 -0.49980
vt 0.08640 -0.49870
vt 0.08790 -0.50240
vt 0.08910 -0.50200
vt 0.08830 -0.50630
vt 0.08960 -0.50630
vt 0.08670 -0.51490
vt 0.08800 -0.51490
vt 0.07590 -0.65650
vt 0.07640 -0.65440
vt 0.07450 -0.65400
vt 0.07390 -0.65600
g vehicle#pulemet_7_62mm_15_0
usemtl 2b684d67-c690-4b3c-bf76-da0401ce3238
f 12770/12770 12771/12771 12772/12772
f 12773/12773 12774/12774 12775/12775
f 12776/12776 12777/12777 12778/12778
f 12779/12779 12780/12780 12781/12781
f 12782/12782 12783/12783 12784/12784
f 12782/12782 12784/12784 12785/12785
f 12786/12786 12787/12787 12788/12788
f 12786/12786 12788/12788 12789/12789
f 12790/12790 12791/12791 12792/12792
f 12790/12790 12792/12792 12793/12793
f 12794/12794 12795/12795 12796/12796
f 12794/12794 12796/12796 12797/12797
f 12798/12798 12799/12799 12800/12800
f 12798/12798 12800/12800 12801/12801
f 12802/12802 12803/12803 12804/12804
f 12802/12802 12804/12804 12805/12805
f 12806/12806 12807/12807 12808/12808
f 12806/12806 12808/12808 12809/12809
f 12809/12809 12810/12810 12806/12806
f 12809/12809 12811/12811 12810/12810
f 12812/12812 12813/12813 12814/12814
f 12812/12812 12814/12814 12815/12815
f 12816/12816 12815/12815 12814/12814
f 12816/12816 12814/12814 12817/12817
f 12818/12818 12819/12819 12820/12820
f 12818/12818 12820/12820 12821/12821
f 12822/12822 12823/12823 12824/12824
f 12822/12822 12824/12824 12825/12825
f 12826/12826 12827/12827 12828/12828
f 12826/12826 12828/12828 12829/12829
f 12830/12830 12831/12831 12832/12832
f 12830/12830 12832/12832 12833/12833
f 12833/12833 12834/12834 12830/12830
f 12833/12833 12835/12835 12834/12834
f 12836/12836 12835/12835 12837/12837
f 12836/12836 12837/12837 12838/12838
f 12839/12839 12838/12838 12837/12837
f 12839/12839 12837/12837 12840/12840
f 12841/12841 12842/12842 12843/12843
f 12841/12841 12843/12843 12844/12844
f 12845/12845 12846/12846 12847/12847
f 12845/12845 12847/12847 12848/12848
f 12849/12849 12850/12850 12851/12851
f 12849/12849 12851/12851 12852/12852
f 12853/12853 12854/12854 12855/12855
f 12853/12853 12855/12855 12856/12856
f 12857/12857 12858/12858 12859/12859
f 12857/12857 12859/12859 12860/12860
f 12861/12861 12862/12862 12863/12863
f 12861/12861 12863/12863 12864/12864
f 12865/12865 12866/12866 12867/12867
f 12865/12865 12867/12867 12868/12868
f 12869/12869 12870/12870 12871/12871
f 12869/12869 12871/12871 12872/12872
f 12873/12873 12874/12874 12875/12875
f 12873/12873 12875/12875 12876/12876
f 12877/12877 12878/12878 12879/12879
f 12877/12877 12879/12879 12880/12880
f 12881/12881 12882/12882 12883/12883
f 12881/12881 12883/12883 12884/12884
f 12885/12885 12886/12886 12887/12887
f 12885/12885 12887/12887 12888/12888
f 12887/12887 12889/12889 12888/12888
f 12887/12887 12890/12890 12889/12889
f 12890/12890 12891/12891 12889/12889
f 12890/12890 12892/12892 12891/12891
f 12892/12892 12893/12893 12891/12891
f 12892/12892 12894/12894 12893/12893
f 12894/12894 12895/12895 12893/12893
f 12894/12894 12896/12896 12895/12895
f 12896/12896 12897/12897 12895/12895
f 12896/12896 12898/12898 12897/12897
f 12898/12898 12899/12899 12897/12897
f 12898/12898 12900/12900 12899/12899
f 12900/12900 12901/12901 12899/12899
f 12900/12900 12902/12902 12901/12901
f 12903/12903 12904/12904 12905/12905
f 12903/12903 12906/12906 12904/12904
f 12907/12907 12906/12906 12903/12903
f 12907/12907 12908/12908 12906/12906
f 12909/12909 12908/12908 12907/12907
f 12909/12909 12910/12910 12908/12908
f 12911/12911 12910/12910 12909/12909
f 12911/12911 12912/12912 12910/12910
f 12913/12913 12912/12912 12911/12911
f 12913/12913 12914/12914 12912/12912
f 12915/12915 12914/12914 12913/12913
f 12915/12915 12916/12916 12914/12914
f 12917/12917 12916/12916 12915/12915
f 12917/12917 12918/12918 12916/12916
f 12919/12919 12918/12918 12917/12917
f 12919/12919 12920/12920 12918/12918
f 12921/12921 12922/12922 12923/12923
f 12921/12921 12923/12923 12924/12924
f 12924/12924 12923/12923 12925/12925
f 12924/12924 12925/12925 12926/12926
f 12926/12926 12925/12925 12927/12927
f 12926/12926 12927/12927 12928/12928
f 12928/12928 12927/12927 12929/12929
f 12928/12928 12929/12929 12930/12930
f 12930/12930 12929/12929 12931/12931
f 12930/12930 12931/12931 12932/12932
f 12932/12932 12931/12931 12933/12933
f 12932/12932 12933/12933 12934/12934
f 12934/12934 12933/12933 12935/12935
f 12934/12934 12935/12935 12936/12936
f 12936/12936 12935/12935 12937/12937
f 12936/12936 12937/12937 12938/12938
f 12939/12939 12940/12940 12941/12941
f 12939/12939 12941/12941 12942/12942
f 12943/12943 12942/12942 12941/12941
f 12943/12943 12944/12944 12942/12942
f 12945/12945 12944/12944 12943/12943
f 12945/12945 12946/12946 12944/12944
f 12947/12947 12946/12946 12945/12945
f 12947/12947 12948/12948 12946/12946
f 12949/12949 12948/12948 12947/12947
f 12949/12949 12950/12950 12948/12948
f 12951/12951 12950/12950 12949/12949
f 12951/12951 12952/12952 12950/12950
f 12952/12952 12951/12951 12953/12953
f 12952/12952 12953/12953 12954/12954
f 12955/12955 12954/12954 12953/12953
f 12955/12955 12956/12956 12954/12954
f 12957/12957 12958/12958 12959/12959
f 12957/12957 12959/12959 12960/12960
o vehicle#turel_pulemet_15
v -1.494565 1.952056 5.475992
v -1.505737 1.951856 5.495508
v -1.514152 1.952056 5.486952
v -0.985024 1.912756 5.083124
v -1.066483 1.944656 5.084114
v -1.023632 1.939556 5.041263
v -1.027804 1.917756 5.125904
v -0.949386 1.804456 5.160623
v -1.004823 1.811056 5.172643
v -0.966215 1.661856 5.216625
v -1.020520 1.666856 5.210261
v -0.979933 1.516356 5.233454
v -1.030137 1.517356 5.210968
v -1.066483 1.944656 5.084114
v -1.027804 1.917756 5.125904
v -1.036006 1.909756 5.118691
v -1.074614 1.936656 5.076830
v -0.985024 1.912756 5.083124
v -1.023632 1.939556 5.041263
v -1.031834 1.931656 5.034050
v -0.993156 1.904756 5.075840
v -0.952285 1.799756 5.148955
v -0.949386 1.804456 5.160623
v -0.985024 1.912756 5.083124
v -0.993156 1.904756 5.075840
v -1.027804 1.917756 5.125904
v -1.004823 1.811056 5.172643
v -1.007722 1.804656 5.162249
v -1.036006 1.909756 5.118691
v -1.074614 1.936656 5.076830
v -1.036006 1.909756 5.118691
v -0.993156 1.904756 5.075840
v -1.031834 1.931656 5.034050
v -1.036006 1.909756 5.118691
v -1.007722 1.804656 5.162249
v -0.952285 1.799756 5.148955
v -0.993156 1.904756 5.075840
v -0.858522 1.858056 4.870921
v -0.889069 1.859056 4.840091
v -1.148295 1.858056 5.097902
v -1.117677 1.857056 5.128661
v -0.961760 1.938556 4.976138
v -1.116616 1.937756 5.130146
v -1.147163 1.938756 5.099458
v -0.992307 1.939556 4.945450
v -1.117677 1.857056 5.128661
v -1.116616 1.937756 5.130146
v -0.961760 1.938556 4.976138
v -0.858522 1.858056 4.870921
v -0.857603 1.923256 4.872123
v -1.117677 1.857056 5.128661
v -1.148295 1.858056 5.097902
v -1.147163 1.938756 5.099458
v -1.116616 1.937756 5.130146
v -0.992307 1.939556 4.945450
v -1.147163 1.938756 5.099458
v -1.148295 1.858056 5.097902
v -0.889069 1.859056 4.840091
v -0.888221 1.924256 4.841364
v -0.992307 1.939556 4.945450
v -0.888221 1.924256 4.841364
v -0.857603 1.923256 4.872123
v -0.961760 1.938556 4.976138
v -1.218086 1.865056 5.218605
v -1.238522 1.865756 5.198028
v -1.238027 1.898856 5.198665
v -1.217662 1.898156 5.219171
v -1.238522 1.865756 5.198028
v -1.218086 1.865056 5.218605
v -1.116616 1.861456 5.122509
v -1.142002 1.862256 5.096983
v -1.238027 1.898856 5.198665
v -1.238522 1.865756 5.198028
v -1.142002 1.862256 5.096983
v -1.141436 1.903356 5.097831
v -1.218086 1.865056 5.218605
v -1.217662 1.898156 5.219171
v -1.116051 1.902556 5.123358
v -1.116616 1.861456 5.122509
v -1.217662 1.898156 5.219171
v -1.238027 1.898856 5.198665
v -1.141436 1.903356 5.097831
v -1.116051 1.902556 5.123358
v -1.582953 1.901156 5.562259
v -1.589671 1.911056 5.555542
v -1.582741 1.920456 5.562613
v -1.576094 1.910656 5.569259
v -1.589671 1.911056 5.555542
v -1.582953 1.901156 5.562259
v -1.127294 1.900556 5.108862
v -1.136062 1.913556 5.100094
v -1.582741 1.920456 5.562613
v -1.589671 1.911056 5.555542
v -1.136062 1.913556 5.100094
v -1.126940 1.925956 5.109357
v -1.576094 1.910656 5.569259
v -1.582741 1.920456 5.562613
v -1.126940 1.925956 5.109357
v -1.118172 1.912956 5.118125
v -1.582953 1.901156 5.562259
v -1.576094 1.910656 5.569259
v -1.118172 1.912956 5.118125
v -1.127294 1.900556 5.108862
v -1.404833 1.870856 5.383998
v -1.412965 1.882956 5.375866
v -1.404480 1.894456 5.384493
v -1.396348 1.882356 5.392624
v -1.412965 1.882956 5.375866
v -1.404833 1.870856 5.383998
v -1.225369 1.870656 5.205524
v -1.234208 1.883856 5.196685
v -1.404480 1.894456 5.384493
v -1.412965 1.882956 5.375866
v -1.234208 1.883856 5.196685
v -1.225016 1.896356 5.206019
v -1.396348 1.882356 5.392624
v -1.404480 1.894456 5.384493
v -1.225016 1.896356 5.206019
v -1.216106 1.883256 5.214928
v -1.404833 1.870856 5.383998
v -1.396348 1.882356 5.392624
v -1.216106 1.883256 5.214928
v -1.225369 1.870656 5.205524
v -1.368417 1.868356 5.366532
v -1.387155 1.868956 5.347652
v -1.386307 1.927556 5.348642
v -1.367498 1.926956 5.367593
v -1.387155 1.868956 5.347652
v -1.368417 1.868356 5.366532
v -1.340486 1.868556 5.338743
v -1.359225 1.869156 5.319863
v -1.386307 1.927556 5.348642
v -1.387155 1.868956 5.347652
v -1.359225 1.869156 5.319863
v -1.358376 1.927756 5.320853
v -1.367498 1.926956 5.367593
v -1.386307 1.927556 5.348642
v -1.358376 1.927756 5.320853
v -1.339567 1.927156 5.339803
v -1.368417 1.868356 5.366532
v -1.367498 1.926956 5.367593
v -1.339567 1.927156 5.339803
v -1.340486 1.868556 5.338743
v -1.340486 1.868556 5.338743
v -1.339567 1.927156 5.339803
v -1.358376 1.927756 5.320853
v -1.359225 1.869156 5.319863
v -1.494565 1.952056 5.475992
v -1.506232 1.914856 5.494872
v -1.505737 1.951856 5.495508
v -1.495131 1.915056 5.475285
v -1.514152 1.952056 5.486952
v -1.514788 1.915156 5.486316
v -1.514788 1.915156 5.486316
v -1.514152 1.952056 5.486952
v -1.505737 1.951856 5.495508
v -1.506232 1.914856 5.494872
v -0.889069 1.859056 4.840091
v -0.858522 1.858056 4.870921
v -0.696736 1.799056 4.697963
v -0.717172 1.799656 4.677386
v -0.672271 1.799456 4.673638
v -0.692777 1.800156 4.653132
v -0.858522 1.858056 4.870921
v -0.857603 1.923256 4.872123
v -0.664846 1.940856 4.670739
v -0.696736 1.799056 4.697963
v -0.672271 1.799456 4.673638
v -0.888221 1.924256 4.841364
v -0.889069 1.859056 4.840091
v -0.717172 1.799656 4.677386
v -0.685281 1.941456 4.650162
v -0.692777 1.800156 4.653132
v -0.857603 1.923256 4.872123
v -0.888221 1.924256 4.841364
v -0.685281 1.941456 4.650162
v -0.664846 1.940856 4.670739
v -0.672271 1.799456 4.673638
v -0.664846 1.940856 4.670739
v -0.685281 1.941456 4.650162
v -0.692777 1.800156 4.653132
v -0.888292 1.838456 4.883012
v -0.902010 1.838856 4.869153
v -0.880584 1.763656 4.845465
v -0.866866 1.763156 4.859183
v -0.911060 1.815056 4.904791
v -0.894019 1.753356 4.885912
v -0.907666 1.753756 4.872123
v -0.924708 1.815456 4.891003
v -0.888292 1.838456 4.883012
v -0.866866 1.763156 4.859183
v -0.894019 1.753356 4.885912
v -0.911060 1.815056 4.904791
v -0.902010 1.838856 4.869153
v -0.979367 1.819956 4.945521
v -0.924708 1.815456 4.891003
v -0.888645 1.859356 4.856496
v -0.993792 1.859456 4.961077
v -0.924708 1.815456 4.891003
v -0.979367 1.819956 4.945521
v -0.965720 1.819456 4.959309
v -0.911060 1.815056 4.904791
v -0.902010 1.838856 4.869153
v -0.888292 1.838456 4.883012
v -0.874857 1.858856 4.870285
v -0.888645 1.859356 4.856496
v -0.888292 1.838456 4.883012
v -0.980074 1.859056 4.974936
v -0.874857 1.858856 4.870285
v -0.965720 1.819456 4.959309
v -0.911060 1.815056 4.904791
v -0.965720 1.819456 4.959309
v -0.979367 1.819956 4.945521
v -0.993792 1.859456 4.961077
v -0.980074 1.859056 4.974936
v -0.924708 1.815456 4.891003
v -0.907666 1.753756 4.872123
v -0.880584 1.763656 4.845465
v -0.902010 1.838856 4.869153
v -1.003126 1.948856 5.037303
v -1.097242 1.948356 5.130853
v -1.147376 1.950056 5.080437
v -1.053260 1.950456 4.986886
v -1.097242 1.948356 5.130853
v -1.003126 1.948856 5.037303
v -0.985377 1.905956 5.018282
v -1.105727 1.905356 5.137783
v -1.147376 1.950056 5.080437
v -1.097242 1.948356 5.130853
v -1.105727 1.905356 5.137783
v -1.155790 1.906956 5.087437
v -1.053260 1.950456 4.986886
v -1.147376 1.950056 5.080437
v -1.155790 1.906956 5.087437
v -1.035582 1.907556 4.967936
v -1.003126 1.948856 5.037303
v -1.053260 1.950456 4.986886
v -1.035582 1.907556 4.967936
v -0.985377 1.905956 5.018282
v -0.985377 1.905956 5.018282
v -1.035582 1.907556 4.967936
v -1.155790 1.906956 5.087437
v -1.105727 1.905356 5.137783
v -1.072422 1.899356 5.159491
v -1.093423 1.883956 5.138349
v -1.135284 1.919856 5.096488
v -1.080483 1.917056 5.151572
v -1.093423 1.883956 5.138349
v -1.072422 1.899356 5.159491
v -0.957447 1.900056 5.044516
v -0.978023 1.884856 5.023797
v -1.135284 1.919856 5.096488
v -1.019460 1.920556 4.982361
v -1.080483 1.917056 5.151572
v -0.965083 1.917356 5.037020
v -1.072422 1.899356 5.159491
v -1.080483 1.917056 5.151572
v -0.965083 1.917356 5.037020
v -0.957447 1.900056 5.044516
v -0.957447 1.900056 5.044516
v -0.965083 1.917356 5.037020
v -1.019460 1.920556 4.982361
v -0.978023 1.884856 5.023797
v -0.880584 1.763656 4.845465
v -0.907666 1.753756 4.872123
v -0.894019 1.753356 4.885912
v -0.866866 1.763156 4.859183
v -1.007722 1.804656 5.162249
v -1.004823 1.811056 5.172643
v -1.020520 1.666856 5.210261
v -1.019460 1.663656 5.198453
v -0.949386 1.804456 5.160623
v -0.952285 1.799756 5.148955
v -0.965083 1.658656 5.204887
v -0.966215 1.661856 5.216625
v -0.952285 1.799756 5.148955
v -1.007722 1.804656 5.162249
v -1.019460 1.663656 5.198453
v -0.965083 1.658656 5.204887
v -1.019460 1.663656 5.198453
v -1.020520 1.666856 5.210261
v -1.030137 1.517356 5.210968
v -1.025117 1.516156 5.199867
v -0.966215 1.661856 5.216625
v -0.965083 1.658656 5.204887
v -0.974983 1.515056 5.222282
v -0.979933 1.516356 5.233454
v -0.965083 1.658656 5.204887
v -1.019460 1.663656 5.198453
v -1.025117 1.516156 5.199867
v -0.974983 1.515056 5.222282
v -1.025117 1.516156 5.199867
v -1.030137 1.517356 5.210968
v -0.979933 1.516356 5.233454
v -0.974983 1.515056 5.222282
vt 0.06040 -0.51440
vt 0.06120 -0.51120
vt 0.05940 -0.51130
vt 0.08670 -0.52880
vt 0.07490 -0.51680
vt 0.08670 -0.51680
vt 0.07490 -0.52870
vt 0.08670 -0.55330
vt 0.07490 -0.55330
vt 0.08670 -0.58470
vt 0.07490 -0.58470
vt 0.08670 -0.61470
vt 0.07490 -0.61470
vt 0.08670 -0.57860
vt 0.08670 -0.59140
vt 0.08910 -0.59190
vt 0.08910 -0.57910
vt 0.08910 -0.53900
vt 0.08910 -0.52790
vt 0.08670 -0.52670
vt 0.08670 -0.53920
vt 0.08670 -0.55810
vt 0.08910 -0.55810
vt 0.08910 -0.53900
vt 0.08670 -0.53920
vt 0.08670 -0.59140
vt 0.08670 -0.61440
vt 0.08910 -0.61470
vt 0.08910 -0.59190
vt 0.07490 -0.51680
vt 0.07490 -0.52870
vt 0.08670 -0.52880
vt 0.08670 -0.51680
vt 0.07490 -0.52870
vt 0.07490 -0.55330
vt 0.08670 -0.55330
vt 0.08670 -0.52880
vt 0.05570 -0.63790
vt 0.06180 -0.63800
vt 0.06200 -0.58630
vt 0.05580 -0.58630
vt 0.05560 -0.61660
vt 0.05560 -0.58580
vt 0.06190 -0.58570
vt 0.06190 -0.61660
vt 0.07380 -0.58580
vt 0.06220 -0.58580
vt 0.06220 -0.61660
vt 0.07380 -0.63740
vt 0.06450 -0.63740
vt 0.06180 -0.57260
vt 0.05710 -0.57270
vt 0.05720 -0.58410
vt 0.06190 -0.58400
vt 0.06230 -0.61710
vt 0.06230 -0.58640
vt 0.07390 -0.58630
vt 0.07390 -0.63780
vt 0.06460 -0.63780
vt 0.06190 -0.61660
vt 0.06200 -0.63760
vt 0.05570 -0.63760
vt 0.05560 -0.61660
vt 0.05530 -0.58610
vt 0.05550 -0.58060
vt 0.04860 -0.58040
vt 0.04840 -0.58590
vt 0.07270 -0.56660
vt 0.06840 -0.56660
vt 0.06780 -0.58720
vt 0.07320 -0.58720
vt 0.06800 -0.56730
vt 0.07270 -0.56730
vt 0.07330 -0.58700
vt 0.06740 -0.58700
vt 0.07260 -0.56700
vt 0.06790 -0.56700
vt 0.06730 -0.58660
vt 0.07320 -0.58660
vt 0.06820 -0.56660
vt 0.07270 -0.56660
vt 0.07320 -0.58720
vt 0.06770 -0.58720
vt 0.05950 -0.57510
vt 0.05810 -0.57650
vt 0.05950 -0.57790
vt 0.06090 -0.57650
vt 0.06600 -0.49670
vt 0.06740 -0.49650
vt 0.06770 -0.58700
vt 0.06590 -0.58720
vt 0.06460 -0.49650
vt 0.06600 -0.49670
vt 0.06590 -0.58720
vt 0.06410 -0.58700
vt 0.06580 -0.49650
vt 0.06440 -0.49670
vt 0.06400 -0.58730
vt 0.06580 -0.58700
vt 0.06720 -0.49660
vt 0.06580 -0.49650
vt 0.06580 -0.58700
vt 0.06760 -0.58730
vt 0.05940 -0.57470
vt 0.05760 -0.57650
vt 0.05940 -0.57820
vt 0.06110 -0.57640
vt 0.07010 -0.53220
vt 0.07180 -0.53190
vt 0.07200 -0.56760
vt 0.07010 -0.56780
vt 0.06840 -0.53200
vt 0.07010 -0.53220
vt 0.07010 -0.56780
vt 0.06830 -0.56760
vt 0.07000 -0.53190
vt 0.06830 -0.53220
vt 0.06820 -0.56790
vt 0.07000 -0.56760
vt 0.07170 -0.53220
vt 0.07000 -0.53190
vt 0.07000 -0.56760
vt 0.07180 -0.56780
vt 0.05530 -0.58610
vt 0.05540 -0.58320
vt 0.04850 -0.58300
vt 0.04840 -0.58590
vt 0.06640 -0.54320
vt 0.07030 -0.54310
vt 0.07030 -0.53730
vt 0.06630 -0.53730
vt 0.06370 -0.53760
vt 0.07210 -0.53760
vt 0.07210 -0.54310
vt 0.06370 -0.54310
vt 0.07020 -0.53760
vt 0.06630 -0.53750
vt 0.06620 -0.54330
vt 0.07010 -0.54340
vt 0.07200 -0.53730
vt 0.06360 -0.53730
vt 0.06360 -0.54290
vt 0.07200 -0.54280
vt 0.04840 -0.58590
vt 0.05530 -0.58610
vt 0.05540 -0.58330
vt 0.04850 -0.58300
vt 0.06000 -0.51410
vt 0.06530 -0.51090
vt 0.06000 -0.51090
vt 0.06530 -0.51410
vt 0.06010 -0.51100
vt 0.06540 -0.51100
vt 0.05540 -0.58410
vt 0.04850 -0.58380
vt 0.04840 -0.58590
vt 0.05530 -0.58610
vt 0.06180 -0.63800
vt 0.05570 -0.63790
vt 0.05670 -0.66770
vt 0.06090 -0.66770
vt 0.05670 -0.67260
vt 0.06080 -0.67260
vt 0.07380 -0.63740
vt 0.06450 -0.63740
vt 0.06210 -0.67240
vt 0.08250 -0.66640
vt 0.08240 -0.67130
vt 0.06460 -0.63780
vt 0.07390 -0.63780
vt 0.08250 -0.66650
vt 0.06220 -0.67240
vt 0.08250 -0.67130
vt 0.05570 -0.63760
vt 0.06200 -0.63760
vt 0.06100 -0.67230
vt 0.05670 -0.67230
vt 0.06220 -0.67650
vt 0.08270 -0.67550
vt 0.08250 -0.67140
vt 0.06210 -0.67240
vt 0.05360 -0.58580
vt 0.05360 -0.58470
vt 0.04840 -0.58480
vt 0.04840 -0.58590
vt 0.04880 -0.58570
vt 0.05300 -0.58600
vt 0.05310 -0.58490
vt 0.04900 -0.58460
vt 0.07670 -0.63340
vt 0.08750 -0.63790
vt 0.08890 -0.63250
vt 0.08000 -0.62890
vt 0.07680 -0.63330
vt 0.07940 -0.61800
vt 0.08010 -0.62890
vt 0.07380 -0.63600
vt 0.07370 -0.61510
vt 0.06030 -0.62990
vt 0.06030 -0.61890
vt 0.05750 -0.61890
vt 0.05750 -0.62990
vt 0.05360 -0.58470
vt 0.05360 -0.58580
vt 0.05530 -0.58580
vt 0.05530 -0.58470
vt 0.07670 -0.63340
vt 0.07370 -0.61510
vt 0.07370 -0.63600
vt 0.07930 -0.61810
vt 0.08000 -0.62890
vt 0.05230 -0.58600
vt 0.05250 -0.58490
vt 0.04960 -0.58460
vt 0.04950 -0.58570
vt 0.08010 -0.62890
vt 0.08900 -0.63240
vt 0.08760 -0.63780
vt 0.07680 -0.63330
vt 0.05360 -0.60620
vt 0.05350 -0.58750
vt 0.06390 -0.58750
vt 0.06390 -0.60620
vt 0.06070 -0.58740
vt 0.06070 -0.60620
vt 0.06680 -0.60980
vt 0.06680 -0.58590
vt 0.05590 -0.58590
vt 0.06360 -0.58570
vt 0.06340 -0.57950
vt 0.05570 -0.57970
vt 0.06070 -0.60720
vt 0.06070 -0.58850
vt 0.06690 -0.58690
vt 0.06690 -0.61080
vt 0.05530 -0.58580
vt 0.05510 -0.57980
vt 0.05040 -0.57990
vt 0.05060 -0.58600
vt 0.05370 -0.60990
vt 0.06380 -0.61000
vt 0.06380 -0.58600
vt 0.05380 -0.58600
vt 0.05090 -0.62370
vt 0.05510 -0.62110
vt 0.05490 -0.61080
vt 0.04950 -0.62090
vt 0.05240 -0.58740
vt 0.04820 -0.58720
vt 0.04820 -0.61020
vt 0.05240 -0.61040
vt 0.06090 -0.58700
vt 0.06070 -0.61000
vt 0.04960 -0.58750
vt 0.04960 -0.61050
vt 0.06760 -0.58630
vt 0.06510 -0.58650
vt 0.06510 -0.60940
vt 0.06760 -0.60920
vt 0.05230 -0.62340
vt 0.05480 -0.62170
vt 0.05500 -0.61040
vt 0.04990 -0.61920
vt 0.06040 -0.63950
vt 0.06040 -0.63420
vt 0.05760 -0.63420
vt 0.05760 -0.63950
vt 0.08670 -0.61440
vt 0.08910 -0.61440
vt 0.08910 -0.58710
vt 0.08670 -0.58660
vt 0.08670 -0.61510
vt 0.08910 -0.61420
vt 0.08910 -0.58560
vt 0.08670 -0.58610
vt 0.08670 -0.55330
vt 0.07490 -0.55330
vt 0.07490 -0.58470
vt 0.08670 -0.58470
vt 0.08670 -0.58660
vt 0.08910 -0.58710
vt 0.08910 -0.55710
vt 0.08670 -0.55700
vt 0.08670 -0.58610
vt 0.08910 -0.58560
vt 0.08910 -0.55790
vt 0.08670 -0.55790
vt 0.08670 -0.58470
vt 0.07490 -0.58470
vt 0.07490 -0.61470
vt 0.08670 -0.61480
vt 0.08670 -0.54120
vt 0.08670 -0.53880
vt 0.07490 -0.53870
vt 0.07490 -0.54110
g vehicle#turel_pulemet_16_0
usemtl 2b684d67-c690-4b3c-bf76-da0401ce3238
f 12961/12961 12962/12962 12963/12963
f 12964/12964 12965/12965 12966/12966
f 12964/12964 12967/12967 12965/12965
f 12967/12967 12964/12964 12968/12968
f 12967/12967 12968/12968 12969/12969
f 12969/12969 12968/12968 12970/12970
f 12969/12969 12970/12970 12971/12971
f 12971/12971 12970/12970 12972/12972
f 12971/12971 12972/12972 12973/12973
f 12974/12974 12975/12975 12976/12976
f 12974/12974 12976/12976 12977/12977
f 12978/12978 12979/12979 12980/12980
f 12978/12978 12980/12980 12981/12981
f 12982/12982 12983/12983 12984/12984
f 12982/12982 12984/12984 12985/12985
f 12986/12986 12987/12987 12988/12988
f 12986/12986 12988/12988 12989/12989
f 12990/12990 12991/12991 12992/12992
f 12990/12990 12992/12992 12993/12993
f 12994/12994 12995/12995 12996/12996
f 12994/12994 12996/12996 12997/12997
f 12998/12998 12999/12999 13000/13000
f 12998/12998 13000/13000 13001/13001
f 13002/13002 13003/13003 13004/13004
f 13002/13002 13004/13004 13005/13005
f 13006/13006 13007/13007 13008/13008
f 13008/13008 13009/13009 13006/13006
f 13008/13008 13010/13010 13009/13009
f 13011/13011 13012/13012 13013/13013
f 13011/13011 13013/13013 13014/13014
f 13015/13015 13016/13016 13017/13017
f 13017/13017 13018/13018 13015/13015
f 13018/13018 13019/13019 13015/13015
f 13020/13020 13021/13021 13022/13022
f 13020/13020 13022/13022 13023/13023
f 13024/13024 13025/13025 13026/13026
f 13024/13024 13026/13026 13027/13027
f 13028/13028 13029/13029 13030/13030
f 13028/13028 13030/13030 13031/13031
f 13032/13032 13033/13033 13034/13034
f 13032/13032 13034/13034 13035/13035
f 13036/13036 13037/13037 13038/13038
f 13036/13036 13038/13038 13039/13039
f 13040/13040 13041/13041 13042/13042
f 13040/13040 13042/13042 13043/13043
f 13044/13044 13045/13045 13046/13046
f 13044/13044 13046/13046 13047/13047
f 13048/13048 13049/13049 13050/13050
f 13048/13048 13050/13050 13051/13051
f 13052/13052 13053/13053 13054/13054
f 13052/13052 13054/13054 13055/13055
f 13056/13056 13057/13057 13058/13058
f 13056/13056 13058/13058 13059/13059
f 13060/13060 13061/13061 13062/13062
f 13060/13060 13062/13062 13063/13063
f 13064/13064 13065/13065 13066/13066
f 13064/13064 13066/13066 13067/13067
f 13068/13068 13069/13069 13070/13070
f 13068/13068 13070/13070 13071/13071
f 13072/13072 13073/13073 13074/13074
f 13072/13072 13074/13074 13075/13075
f 13076/13076 13077/13077 13078/13078
f 13076/13076 13078/13078 13079/13079
f 13080/13080 13081/13081 13082/13082
f 13080/13080 13082/13082 13083/13083
f 13084/13084 13085/13085 13086/13086
f 13084/13084 13086/13086 13087/13087
f 13088/13088 13089/13089 13090/13090
f 13088/13088 13090/13090 13091/13091
f 13092/13092 13093/13093 13094/13094
f 13092/13092 13094/13094 13095/13095
f 13096/13096 13097/13097 13098/13098
f 13096/13096 13098/13098 13099/13099
f 13100/13100 13101/13101 13102/13102
f 13100/13100 13102/13102 13103/13103
f 13104/13104 13105/13105 13106/13106
f 13104/13104 13106/13106 13107/13107
f 13108/13108 13109/13109 13110/13110
f 13108/13108 13111/13111 13109/13109
f 13111/13111 13108/13108 13112/13112
f 13111/13111 13112/13112 13113/13113
f 13114/13114 13115/13115 13116/13116
f 13114/13114 13116/13116 13117/13117
f 13118/13118 13119/13119 13120/13120
f 13118/13118 13120/13120 13121/13121
f 13121/13121 13120/13120 13122/13122
f 13121/13121 13122/13122 13123/13123
f 13124/13124 13125/13125 13126/13126
f 13124/13124 13126/13126 13127/13127
f 13127/13127 13126/13126 13128/13128
f 13129/13129 13130/13130 13131/13131
f 13129/13129 13131/13131 13132/13132
f 13132/13132 13131/13131 13133/13133
f 13134/13134 13135/13135 13136/13136
f 13134/13134 13136/13136 13137/13137
f 13138/13138 13139/13139 13140/13140
f 13138/13138 13140/13140 13141/13141
f 13142/13142 13143/13143 13144/13144
f 13142/13142 13144/13144 13145/13145
f 13146/13146 13147/13147 13148/13148
f 13146/13146 13148/13148 13149/13149
f 13150/13150 13151/13151 13152/13152
f 13150/13150 13152/13152 13153/13153
f 13154/13154 13155/13155 13156/13156
f 13155/13155 13154/13154 13157/13157
f 13155/13155 13157/13157 13158/13158
f 13159/13159 13160/13160 13161/13161
f 13159/13159 13161/13161 13162/13162
f 13163/13163 13164/13164 13165/13165
f 13163/13163 13165/13165 13166/13166
f 13167/13167 13168/13168 13169/13169
f 13167/13167 13170/13170 13168/13168
f 13171/13171 13170/13170 13167/13167
f 13172/13172 13173/13173 13174/13174
f 13172/13172 13174/13174 13175/13175
f 13176/13176 13177/13177 13178/13178
f 13176/13176 13178/13178 13179/13179
f 13180/13180 13181/13181 13182/13182
f 13180/13180 13182/13182 13183/13183
f 13184/13184 13185/13185 13186/13186
f 13184/13184 13186/13186 13187/13187
f 13188/13188 13189/13189 13190/13190
f 13188/13188 13190/13190 13191/13191
f 13192/13192 13193/13193 13194/13194
f 13192/13192 13194/13194 13195/13195
f 13196/13196 13197/13197 13198/13198
f 13196/13196 13198/13198 13199/13199
f 13200/13200 13201/13201 13202/13202
f 13200/13200 13202/13202 13203/13203
f 13204/13204 13205/13205 13206/13206
f 13204/13204 13206/13206 13207/13207
f 13208/13208 13209/13209 13210/13210
f 13208/13208 13210/13210 13211/13211
f 13212/13212 13208/13208 13211/13211
f 13212/13212 13211/13211 13213/13213
f 13214/13214 13212/13212 13213/13213
f 13214/13214 13213/13213 13215/13215
f 13216/13216 13217/13217 13218/13218
f 13216/13216 13218/13218 13219/13219
f 13220/13220 13221/13221 13222/13222
f 13220/13220 13222/13222 13223/13223
f 13224/13224 13225/13225 13226/13226
f 13224/13224 13226/13226 13227/13227
f 13228/13228 13229/13229 13230/13230
f 13228/13228 13230/13230 13231/13231
f 13232/13232 13233/13233 13234/13234
f 13232/13232 13234/13234 13235/13235
f 13236/13236 13237/13237 13238/13238
f 13236/13236 13238/13238 13239/13239
f 13240/13240 13241/13241 13242/13242
f 13240/13240 13242/13242 13243/13243
f 13244/13244 13245/13245 13246/13246
f 13244/13244 13246/13246 13247/13247
f 13248/13248 13249/13249 13250/13250
f 13248/13248 13250/13250 13251/13251
f 13252/13252 13253/13253 13254/13254
f 13252/13252 13254/13254 13255/13255
