# Blender 5.2.1 LTS
# www.blender.org
mtllib cargobobd.mtl
o chassis
v -0.401662 1.218794 -6.572644
v -0.000724 1.239180 -6.630107
v -0.398676 1.587819 -5.988804
v 0.000001 1.595834 -6.013004
v -1.116544 1.183442 -6.068053
v -1.191192 1.557235 -5.533350
v -0.036855 1.104038 -6.761793
v -0.426081 1.073875 -6.729825
v -0.051795 0.939096 -6.812655
v -0.440555 0.908566 -6.780627
v -1.016775 0.965965 -6.335745
v -0.049636 0.765197 -6.790825
v -0.446025 0.712247 -6.747211
v -0.030373 0.537277 -6.524730
v -0.834253 1.577237 -5.834057
v -0.779732 1.214027 -6.420732
v -0.778999 1.090451 -6.544631
v -0.759244 0.943174 -6.627674
v -0.715518 0.758832 -6.605791
v 0.000001 1.658550 -5.988152
v -0.834253 1.639952 -5.809204
v -1.307257 1.543677 -5.345329
v -1.290657 1.606392 -5.318789
v -1.330282 1.543677 -5.210293
v -1.313453 1.606392 -5.189540
v -1.352392 0.897999 -5.511600
v -1.347647 1.184909 -5.443885
v -0.049668 0.641365 -6.675159
v -0.439654 0.529935 -6.639209
v -0.024220 0.338060 -6.165803
v -0.052500 0.298563 -5.500189
v -1.368268 0.897999 -5.376565
v -1.363524 1.184909 -5.308850
v 0.000001 2.301295 -5.542515
v -1.032956 2.264856 -5.171884
v -1.132185 2.250896 -4.840508
v -0.398676 2.382472 -5.410071
v 0.000001 2.390486 -5.450498
v -0.807822 2.371890 -5.305061
v -0.988820 2.361650 -5.120635
v -1.071801 2.354889 -4.905944
v -1.088048 2.354889 -4.829206
v -0.632281 2.377298 -5.354035
v -0.392159 2.469129 -5.309778
v 0.000001 2.473899 -5.360254
v -0.625764 2.463956 -5.254731
v -0.237123 2.560914 -4.906298
v -0.618014 2.555740 -4.930076
v -0.618014 2.555741 -3.926294
v -1.303054 0.478067 -4.413341
v -1.374512 0.622913 -4.385568
v -1.437847 0.897999 -4.323818
v -1.197258 0.380655 -4.434793
v -0.940745 0.261204 -4.438312
v -0.446966 0.154342 -4.456369
v 0.015362 0.128892 -4.425797
v -1.201764 2.250897 -3.955573
v -1.382425 1.542504 -4.168979
v -1.433103 1.184909 -4.258703
v -0.230518 2.560913 -3.918813
v -0.810003 2.544856 -3.926294
v -1.091151 2.434326 -3.926294
v -0.976953 0.307436 -3.981649
v -0.147024 2.605344 -3.918814
v 0.000001 2.605344 -3.918814
v -0.230518 2.560913 -2.727229
v -1.572150 0.236928 1.085103
v -1.426441 1.184909 -2.727229
v -1.382940 1.542168 -2.727229
v -1.202045 2.250897 -2.727228
v -1.157627 2.354890 -2.727228
v -0.810003 2.544855 -2.727229
v -1.091151 2.434327 -2.727228
v -1.962654 0.670299 -3.435137
v -1.969056 0.810721 -3.477712
v -1.852269 0.937785 -3.483910
v -1.895635 0.533879 -3.399665
v -1.592196 0.337969 -3.527909
v -1.611762 1.107152 -3.455924
v -1.937076 0.493227 -2.637857
v -1.949534 0.672945 -2.664184
v -1.842211 0.860931 -2.705216
v -1.871783 0.360870 -2.631768
v -1.667475 1.107152 -2.727195
v -1.756399 0.922217 -3.666979
v -1.861149 0.778426 -3.720047
v -1.853040 0.660328 -3.677852
v -1.802488 0.543422 -3.627660
v -0.523127 2.620234 0.223321
v -1.381259 1.155678 1.042736
v -1.337769 1.542168 1.218933
v -1.182395 2.250897 1.532295
v -1.137978 2.354890 1.532295
v -0.911717 2.579000 1.532296
v -0.550231 2.635400 1.732870
v -1.071501 2.434326 1.629284
v -1.818147 0.511425 1.082662
v -1.845245 0.691456 1.072840
v -1.766022 0.898609 1.057044
v -1.751301 0.388385 1.085102
v -1.603274 1.085550 1.045424
v -1.287913 1.090902 2.225047
v -0.550231 2.622082 2.514023
v -1.692021 0.498366 1.424664
v -1.730759 0.637765 1.682628
v -1.645689 0.846741 1.957901
v -1.652021 0.388385 1.238266
v -1.417665 1.038424 2.147250
v -1.441657 0.408983 1.784527
v -1.477929 0.579266 2.088223
v -1.405912 0.846580 2.479459
v -1.387598 0.314048 1.602071
v -1.154920 0.276976 1.588567
v -1.242594 1.057680 2.702911
v -1.296416 0.610224 -5.440682
v -1.206744 0.477367 -5.482033
v -0.424590 0.496495 -6.440238
v -0.620014 0.632068 -6.426708
v -1.073612 1.183442 -6.008969
v -0.971543 0.972220 -6.278646
v -1.298448 1.182569 -5.443885
v -1.302022 0.904526 -5.511600
v -1.227029 0.634921 -5.578502
v -1.044913 0.418926 -5.599597
v -0.453196 0.321345 -5.502145
v -0.400527 1.680647 -5.915847
v 0.000001 1.687870 -5.940047
v -0.835234 1.671113 -5.761100
v -1.158974 1.653092 -5.480867
v -1.244572 1.640876 -5.318920
v 0.000001 2.266809 -5.494411
v -0.433839 2.259588 -5.453986
v -0.808947 2.250052 -5.348976
v -1.009483 2.234192 -5.148890
v -1.303034 1.181011 -5.209464
v -1.087695 2.174214 -4.776584
v -1.268003 0.513901 -4.517879
v -1.298938 1.636303 -4.252590
v -1.253916 0.611744 -5.346207
v -1.174429 0.519985 -5.381301
v -0.400527 1.658838 -5.838616
v 0.000001 1.657858 -5.862815
v -0.835235 1.651417 -5.683869
v -0.814535 2.277644 -5.254763
v -1.059221 2.260643 -4.806921
v -0.645846 2.461496 -3.964408
v -1.140119 2.270732 -3.965455
v -1.231168 1.542168 2.479985
v -1.129347 2.222992 2.744973
v -1.084930 2.326984 2.744973
v -0.669064 2.503430 2.618184
v -1.018453 2.406421 2.744973
v -1.148149 1.557435 3.512904
v -1.057364 2.151718 3.740814
v -1.012947 2.255710 3.740814
v -0.946470 2.335147 3.740814
v -0.959849 2.006511 4.231663
v -0.899733 2.094603 4.372573
v -0.822018 2.171549 4.495655
v -1.089469 1.028663 2.922706
v -1.027190 1.589574 3.788094
v -0.893641 1.915542 4.309505
v -0.821282 2.000449 4.445320
v -0.734765 2.060573 4.541492
v -0.976132 1.591782 3.791625
v -0.850008 1.827272 4.168310
v -0.772629 1.912911 4.305296
v -0.667587 1.979162 4.411270
v -0.800713 2.571943 0.159905
v -1.085563 2.434326 0.046111
v -1.152864 2.354890 0.155773
v -1.138235 2.452816 1.439179
v -0.834781 2.642782 1.439179
v -1.078871 2.532253 1.536167
v -0.857519 2.642782 0.254298
v -1.111890 2.532253 0.141006
v -1.171990 2.452816 0.250864
v -1.140396 2.666881 1.393538
v -1.080105 2.706389 1.490527
v -1.191697 2.585812 0.298693
v -0.043010 0.598059 -6.870145
v -0.047957 0.797130 -6.746500
v -0.035961 0.436053 -6.796509
v -0.217175 0.504716 -6.785155
v -0.228434 0.688508 -6.755232
v -0.026885 0.804825 -6.570852
v -0.036751 0.508086 -6.597588
v -0.215427 0.553546 -6.592467
v -0.213402 0.701536 -6.578663
v -0.025347 0.672618 -6.494786
v -0.365743 1.635784 -5.970825
v -0.413494 1.635784 -5.964745
v -0.365743 2.298532 -5.495883
v -0.413494 2.298532 -5.489802
v -0.365743 1.642383 -5.987553
v -0.413494 1.642383 -5.981472
v -0.365743 2.303552 -5.510178
v -0.413494 2.303552 -5.504095
v -1.415820 3.011843 2.492783
v -1.321395 3.239805 2.492783
v -1.093432 3.334230 2.492783
v -0.865470 3.239805 2.492785
v -1.635118 3.011843 1.502923
v -1.476462 3.394872 1.502923
v -1.093432 3.553528 1.502923
v -0.710403 3.394872 1.502923
v -0.551747 3.011843 1.502923
v -0.710403 2.628813 1.502923
v -1.093432 2.470157 1.502923
v -1.476462 2.628813 1.502923
v -1.668656 3.011843 0.144502
v -1.500177 3.418588 0.144502
v -1.093432 3.587067 0.144502
v -0.686687 3.418588 0.144502
v -0.518208 3.011843 0.144502
v -0.686687 2.605098 0.144502
v -1.093432 2.436619 0.144502
v -1.500177 2.605098 0.144502
v -1.331020 3.011843 -0.717520
v -1.261432 3.179843 -0.717520
v -1.093432 3.249431 -0.717520
v -0.925433 3.179843 -0.717520
v -0.855845 3.011843 -0.717520
v -1.093432 2.774255 -0.717520
v 0.398679 1.650534 -5.963951
v 0.834255 1.639952 -5.809204
v 1.185454 1.619950 -5.508496
v 1.307259 1.543677 -5.345328
v 1.290659 1.606392 -5.318788
v 1.330284 1.543677 -5.210293
v 1.313455 1.606392 -5.189540
v 1.368271 0.897999 -5.376565
v 1.363526 1.184909 -5.308849
v 0.807824 2.282696 -5.397080
v 1.032958 2.264856 -5.171883
v 1.109391 2.250896 -4.969755
v 1.132187 2.250896 -4.840508
v 0.807824 2.371890 -5.305061
v 0.988822 2.361650 -5.120634
v 1.071803 2.354889 -4.905943
v 1.088050 2.354889 -4.829206
v 0.632284 2.377298 -5.354034
v 0.618015 2.555741 -3.926294
v 1.295651 0.427049 -4.424757
v 1.372394 0.608301 -4.388837
v 1.437850 0.897999 -4.323818
v 1.201766 2.250897 -3.955573
v 1.382427 1.542504 -4.168979
v 1.433105 1.184909 -4.258702
v 0.810005 2.544856 -3.926294
v 0.946654 0.089899 -4.038293
v 1.617736 0.077783 1.043416
v 1.585736 0.222978 -3.671901
v 0.523115 2.620234 0.223322
v 1.137977 2.354890 1.532296
v 0.775249 2.571943 1.532296
v 1.071500 2.434326 1.629284
v 1.167615 0.232651 1.576957
v 1.297477 0.608301 -5.438910
v 1.206451 0.457348 -5.474587
v 1.148263 1.539834 -5.512238
v 1.066302 1.036457 -6.299158
v 1.234744 0.631523 -5.566496
v 1.027774 0.483029 -5.628480
v 0.841143 0.387515 -5.647779
v 0.436773 0.393231 -6.119390
v 0.400530 1.680647 -5.915847
v 0.835237 1.671113 -5.761099
v 1.158977 1.653092 -5.480866
v 1.244574 1.640876 -5.318919
v 0.808950 2.250052 -5.348976
v 1.244491 1.643273 -5.080764
v 1.314306 0.985940 -5.257543
v 1.157084 2.174215 -4.083729
v 1.298940 1.636303 -4.252589
v 0.835237 1.651417 -5.683868
v 0.814537 2.277644 -5.254763
v 0.970414 2.267405 -5.080461
v 0.645848 2.461496 -3.964408
v 1.140121 2.270732 -3.965454
v 0.800713 2.571943 0.159906
v 1.085563 2.434326 0.046112
v 1.152864 2.354890 0.155774
v 1.138234 2.452816 1.439179
v 0.834780 2.642782 1.439179
v 1.078870 2.532253 1.536167
v 0.857518 2.642782 0.254298
v 1.111889 2.532253 0.141006
v 1.171989 2.452816 0.250864
v 1.140395 2.666881 1.393539
v 1.191696 2.585812 0.298694
v 0.164448 0.579924 -6.769617
v 0.163651 0.767270 -6.743576
v 0.170371 0.637652 -6.573765
v 0.178007 0.791448 -6.559508
v 0.365746 1.635784 -5.970825
v 0.413497 1.635784 -5.964745
v 0.365746 2.298532 -5.495883
v 0.413497 2.298532 -5.489802
v 0.365746 1.642383 -5.987553
v 0.413497 1.642383 -5.981471
v 0.365746 2.303552 -5.510178
v 0.413497 2.303552 -5.504095
v 1.054888 2.390175 -3.814630
v 1.054888 2.390175 -3.376828
v 1.054888 3.027488 -3.585384
v 1.054888 2.985869 -3.376828
v 1.054888 3.012987 -2.736235
v -0.147025 2.605344 -3.047184
v 0.000001 2.605344 -3.156556
v -1.562115 0.157353 -2.870678
v -1.871782 0.360868 -2.633186
v 1.582439 0.201494 -2.993646
v -0.523127 3.643534 0.229287
v -0.230518 3.643534 -2.164209
v -0.550231 3.580520 1.732870
v -0.550231 3.464579 2.514023
v -0.147025 3.643533 -2.484164
v 0.000001 3.643533 -2.593535
v -0.454166 3.738892 0.244343
v -0.178592 3.738892 -2.034865
v -0.477695 3.675879 1.779307
v -0.477695 3.559937 2.581562
v -0.088027 2.778567 3.854593
v -0.113906 3.738892 -2.354820
v 0.000001 3.738892 -2.464192
v 0.000000 2.789360 3.896537
v 0.000000 3.570730 2.623504
v 0.000000 3.686671 1.821250
v -0.000450 3.749684 0.286286
v 0.000001 3.744602 -2.034032
v 0.000001 2.565684 -4.973073
v -0.147024 2.605344 -4.765585
v 0.000001 2.605343 -4.831573
v 0.464046 1.352085 -6.528292
v 0.398679 1.587819 -5.988804
v 0.860070 1.347441 -6.392827
v 0.834255 1.577237 -5.834057
v 0.446425 1.252226 -6.662399
v 0.878230 1.270806 -6.529147
v 0.439910 1.102041 -6.708810
v 0.845572 1.145327 -6.607408
v 0.459287 0.931396 -6.703629
v 0.800327 0.963451 -6.597608
v 0.473330 0.803691 -6.608307
v 0.398679 2.382472 -5.410071
v 0.392162 2.469129 -5.309778
v 0.237125 2.560914 -4.906298
v 1.185036 0.302461 -4.455924
v 0.901710 0.312689 -4.484064
v 0.463287 0.140262 -4.480062
v 1.956248 0.577764 -3.608211
v 1.967778 0.763828 -3.614583
v 1.859163 0.721575 -3.837407
v 1.843073 0.541415 -3.830331
v 1.857461 0.941221 -3.556470
v 1.761684 0.925063 -3.728289
v 1.791636 0.409075 -3.793082
v 1.614221 1.113794 -3.465091
v 1.892071 0.445407 -3.579951
v 0.810005 2.544855 -2.727229
v 0.230520 2.560913 -2.727229
v 1.381271 1.155639 1.042727
v 1.337769 1.542168 1.218933
v 1.382941 1.542168 -2.727229
v 1.426443 1.184909 -2.727229
v 1.182396 2.250897 1.532296
v 1.202047 2.250897 -2.727228
v 0.911717 2.579000 1.532296
v 1.091152 2.434327 -2.727228
v 1.157629 2.354890 -2.727228
v 1.861064 0.361597 1.043415
v 1.877423 0.579124 1.043415
v 1.961171 0.720773 -2.755670
v 1.953923 0.562617 -2.767591
v 1.780926 0.846580 1.043415
v 1.850985 0.899017 -2.737757
v 1.796888 0.229240 1.043415
v 1.892071 0.445407 -2.770632
v 1.605470 1.077882 1.043415
v 1.667496 1.107239 -2.727247
v 1.747556 0.579124 1.667268
v 1.731198 0.361597 1.388839
v 1.645735 0.846580 1.957859
v 1.697608 0.229240 1.196579
v 1.417665 1.038424 2.147251
v 1.287913 1.090902 2.225047
v 1.477969 0.579124 2.088185
v 1.455230 0.361597 1.772116
v 1.405912 0.846580 2.479459
v 1.411891 0.229240 1.579857
v 1.242594 1.057680 2.702911
v 1.089468 1.028663 2.922707
v 1.231168 1.542168 2.479985
v 1.129347 2.222992 2.744974
v 1.084930 2.326984 2.744974
v 0.550231 2.622082 2.514023
v 0.669064 2.503430 2.618184
v 1.018453 2.406421 2.744974
v 1.148148 1.557435 3.512905
v 1.057364 2.151718 3.740815
v 1.012946 2.255710 3.740815
v 0.293963 2.509252 3.725249
v 0.946469 2.335147 3.740815
v 0.959849 2.006511 4.231663
v 0.899732 2.094603 4.372573
v 0.822017 2.171549 4.495655
v 1.027190 1.589574 3.788094
v 0.893641 1.915542 4.309505
v 0.821282 2.000449 4.445321
v 0.734764 2.060573 4.541492
v 0.534072 2.115969 4.630104
v 0.976131 1.591782 3.791625
v 0.772629 1.912911 4.305296
v 0.850007 1.827272 4.168310
v 0.667586 1.979162 4.411270
v 0.362576 2.014071 4.467108
v 0.230520 2.560913 -3.918813
v 0.147026 2.605344 -3.047184
v 0.147026 2.605344 -3.918814
v 1.892071 0.445405 -2.772049
v 0.523128 3.643534 0.229287
v 0.230520 3.643534 -2.164209
v 0.550231 3.580520 1.732870
v 0.550231 3.464579 2.514023
v 0.147026 3.643533 -2.484164
v 0.454167 3.738892 0.244344
v 0.178594 3.738892 -2.034865
v 0.477695 3.675879 1.779307
v 0.477695 3.559937 2.581562
v 0.113907 3.738892 -2.354820
v 0.147027 2.605344 -4.765585
v -1.183925 0.358460 -3.584023
v -1.089469 1.028663 -3.622814
v -0.976132 1.591783 -3.622814
v -0.850008 1.827273 -3.622814
v -0.772629 1.912912 -3.622814
v -0.667587 1.979163 -3.622814
v -0.362577 2.014071 -3.622814
v 1.172203 0.262546 -3.628817
v 0.362576 2.014071 -3.622814
v 1.089468 1.028663 -3.622814
v 0.976131 1.591783 -3.622814
v 0.772629 1.912912 -3.622814
v 0.850007 1.827273 -3.622814
v 0.667586 1.979163 -3.622814
v -0.410819 3.731059 0.015446
v 0.289589 3.731059 -0.274672
v 0.409760 3.731059 0.015446
v -0.290648 3.731059 -0.274672
v -0.000530 3.731059 -0.394844
v 0.289589 3.731059 0.305565
v -0.290648 3.731059 0.305565
v -0.000530 3.731059 0.425735
v 0.250699 3.844874 -0.235782
v 0.354761 3.844874 0.015446
v -0.000530 3.844874 -0.339844
v -0.251758 3.844874 -0.235782
v -0.355820 3.844874 0.015446
v -0.251758 3.844874 0.266674
v -0.000530 3.844874 0.370737
v 0.250699 3.844874 0.266674
v -1.148260 1.539834 -5.512238
v -1.030154 1.029359 -6.198290
v -0.836931 0.886065 -6.345029
v -1.258058 1.529735 -5.345329
v -1.135270 0.496238 -5.614248
v -0.853523 0.347733 -5.608736
v -0.457957 0.515466 -5.983172
v -1.075612 2.221575 -4.994028
v -1.276162 1.502752 -5.124529
v -1.244488 1.643273 -5.080764
v -1.314304 0.985940 -5.257544
v -1.157082 2.174215 -4.083729
v -1.337179 0.635475 -4.489859
v -1.383512 0.983972 -4.414771
v -1.372612 1.181012 -4.368626
v -1.090477 0.829717 -4.140587
v -1.185597 0.560892 -4.282196
v -1.177926 2.209097 -3.858351
v -0.645846 2.461496 -3.831166
v 0.000001 1.652315 -5.416501
v 0.000001 1.580336 -5.416501
v 0.000001 1.140615 -5.362111
v -1.086429 1.299176 -5.446557
v 0.016232 1.007660 -6.217788
v -0.772249 1.134938 -5.386889
v -0.267247 1.004720 -6.215094
v -0.331846 1.102258 -5.747901
v -0.284155 1.051156 -5.203810
v -0.331846 1.140867 -5.378858
v 0.000001 1.045033 -5.210423
v 0.000887 0.804458 -4.145950
v -1.018415 1.062847 -5.211229
v -1.091363 0.491776 -5.378592
v -0.659429 2.283053 -5.300138
v -0.970412 2.267405 -5.080461
v -1.044680 2.260643 -4.878012
v -0.653597 2.369710 -5.208140
v -0.645846 2.461495 -4.908062
v -0.817677 2.450610 -3.964408
v -1.069304 2.340081 -3.964408
v -0.817677 2.450610 -3.831166
v -1.069304 2.340081 -3.831166
v -1.140119 2.270732 -3.832212
v -0.445270 1.079277 -4.483995
v -0.912483 1.079277 -4.483995
v -0.450238 1.772018 -4.300697
v -0.907440 1.772018 -4.300697
v -0.367095 0.803249 -4.261334
v -0.435543 1.816972 -4.164611
v -0.922680 1.816972 -4.164611
v -0.992728 0.818396 -4.257142
v -0.445269 1.165333 -5.000319
v -0.912483 1.161905 -5.000319
v -0.343172 1.055259 -5.200564
v -0.990352 1.055259 -5.200552
v -1.093432 3.011843 2.793364
v -1.459584 3.011843 3.269903
v -1.352341 3.270751 3.269903
v -1.093432 3.377995 3.269903
v -0.834524 3.270751 3.269903
v -0.727281 3.011843 3.269903
v -0.834524 2.752934 3.269903
v -1.093432 2.645691 3.269903
v -1.352341 2.752934 3.269903
v -0.771045 3.011843 2.492783
v -0.865470 2.783880 2.492783
v -1.093433 2.689455 2.492783
v -1.321395 2.783880 2.492783
v -0.925433 2.843843 -0.717520
v -1.261432 2.843843 -0.717519
v 0.475929 0.697195 -6.440918
v 0.706069 0.793311 -6.450998
v 1.078984 1.192834 -6.006126
v 1.080688 1.107825 -6.191283
v 0.954322 0.902029 -6.395936
v 1.298450 1.182570 -5.443885
v 1.302024 0.904526 -5.511600
v 1.258060 1.529735 -5.345328
v 1.141530 0.528090 -5.602248
v 0.427659 0.293680 -5.642816
v 1.075615 2.221575 -4.994027
v 0.433841 2.259588 -5.453986
v 1.009485 2.234192 -5.148890
v 1.276164 1.502752 -5.124529
v 1.303036 1.181011 -5.209463
v 1.087698 2.174214 -4.776584
v 1.336229 0.628919 -4.491326
v 1.264091 0.486938 -4.523913
v 1.383514 0.983972 -4.414771
v 1.372615 1.181012 -4.368626
v 1.253919 0.611744 -5.346207
v 1.181656 0.486938 -5.368676
v 1.087996 0.812608 -4.144415
v 1.173373 0.475929 -4.301870
v 1.177928 2.209097 -3.858351
v 0.400530 1.658838 -5.838616
v 1.086432 1.299176 -5.446556
v -0.011287 1.005019 -6.218587
v 0.772252 1.134938 -5.386889
v 0.299262 1.060717 -6.198145
v 0.331848 1.102258 -5.747901
v 0.284157 1.051156 -5.203818
v 0.331848 1.140867 -5.378858
v 1.018418 1.062847 -5.211229
v 1.093675 0.484092 -5.375308
v 0.659432 2.283053 -5.300137
v 1.044682 2.260643 -4.878012
v 1.059223 2.260643 -4.806921
v 0.653599 2.369710 -5.208140
v 0.645848 2.461495 -4.908062
v 0.817679 2.450610 -3.964408
v 1.069305 2.340081 -3.964408
v 0.645848 2.461496 -3.831166
v 0.817679 2.450610 -3.831166
v 1.069305 2.340081 -3.831166
v 1.140121 2.270732 -3.832212
v 0.445272 1.079277 -4.483995
v 0.912485 1.079277 -4.483995
v 0.450241 1.772018 -4.300696
v 0.907442 1.772018 -4.300696
v 0.368611 0.806852 -4.262896
v 0.435545 1.816972 -4.164611
v 0.922682 1.816972 -4.164611
v 0.990354 0.802027 -4.260804
v 0.445272 1.165333 -5.000319
v 0.912485 1.161905 -5.000319
v 0.343174 1.055259 -5.200570
v 0.990354 1.055259 -5.200551
v -1.821224 2.169128 0.688131
v -1.760421 2.204232 0.662404
v -1.760421 2.134023 0.662404
v -1.821224 2.169128 -3.548158
v -1.760421 2.204232 -3.522432
v -1.760421 2.134023 -3.522432
v -1.478594 2.169128 -3.873696
v -1.457874 2.204232 -3.809564
v -1.457874 2.134023 -3.809564
v -1.203787 2.169128 -3.879381
v -1.201289 2.204232 -3.812032
v -1.201289 2.134023 -3.812032
v -1.201289 2.134023 0.952005
v -1.203787 2.169128 1.019354
v -1.201289 2.204232 0.952005
v -1.457874 2.204232 0.949537
v -1.478594 2.169128 1.013669
v -1.457874 2.134023 0.949537
v -1.765140 2.169128 -0.254381
v -1.208641 2.201136 -0.310606
v -1.765140 2.201136 -0.312856
v -1.210918 2.169128 -0.249197
v -1.208641 2.137120 -0.310606
v -1.765140 2.137120 -0.312856
v -1.765140 2.169128 -2.633707
v -1.208640 2.201136 -2.689931
v -1.765140 2.201136 -2.692181
v -1.210918 2.169128 -2.628523
v -1.208640 2.137120 -2.689931
v -1.765140 2.137120 -2.692181
v -1.074679 1.033236 -6.253847
v -0.882825 0.871588 -6.403242
v -0.398676 1.650534 -5.963951
v -1.185452 1.619950 -5.508497
v -1.230043 1.185444 -5.822324
v -1.186400 0.999307 -6.032600
v -1.129199 0.873389 -6.157084
v -1.041433 0.838890 -6.189942
v -1.285309 0.994074 -5.759066
v -1.295414 1.184909 -5.632214
v -1.266856 0.819502 -5.845843
v -1.207941 0.681773 -5.902263
v -1.275475 0.612617 -5.578712
v -0.461725 0.464271 -5.976033
v -0.457601 0.262876 -5.490689
v -0.398676 2.293280 -5.502090
v -0.807822 2.282696 -5.397080
v -1.109389 2.250896 -4.969755
v -1.157628 2.354890 -3.926216
v -0.807665 2.544856 -4.930757
v -1.007637 2.434327 -4.930757
v -0.808508 2.450134 -5.196352
v -0.944652 2.442039 -5.081593
v 1.191194 1.557235 -5.533350
v 1.127755 1.115058 -6.248177
v 0.398679 2.293280 -5.502090
v 0.625767 2.463956 -5.254731
v 0.618016 2.555740 -4.930076
v 1.157629 2.354890 -3.926216
v 1.091152 2.434326 -3.926294
v 0.807667 2.544856 -4.930757
v 1.007639 2.434327 -4.930757
v 0.808510 2.450134 -5.196352
v 0.944654 2.442039 -5.081593
v -1.562115 0.157353 -2.870678
v -1.562115 0.157353 -2.870678
v -1.572150 0.236928 1.085103
v -1.572150 0.236928 1.085103
v -1.668656 3.011843 0.144502
v -1.668656 3.011843 0.144502
v -1.500177 3.418588 0.144502
v -1.500177 3.418588 0.144502
v -1.331020 3.011843 -0.717520
v -1.331020 3.011843 -0.717520
v -1.382425 1.542504 -4.168979
v -1.433103 1.184909 -4.258703
v -1.415820 3.011843 2.492783
v -1.321395 3.239805 2.492783
v -1.154920 0.276976 1.588567
v -1.154920 0.276976 1.588567
v -1.154920 0.276976 1.588567
v -1.330282 1.543677 -5.210293
v -1.363524 1.184909 -5.308850
v -1.201764 2.250897 -3.955573
v -1.201764 2.250897 -3.955573
v -1.298448 1.182569 -5.443885
v -1.302022 0.904526 -5.511600
v -1.093432 3.249431 -0.717520
v -1.093432 3.249431 -0.717520
v -1.261432 3.179843 -0.717520
v -1.261432 3.179843 -0.717520
v -1.227029 0.634921 -5.578502
v -1.296416 0.610224 -5.440682
v -1.206744 0.477367 -5.482033
v -1.206744 0.477367 -5.482033
v -1.191192 1.557235 -5.533350
v -1.191192 1.557235 -5.533350
v -1.191192 1.557235 -5.533350
v -1.307257 1.543677 -5.345329
v -1.307257 1.543677 -5.345329
v -1.307257 1.543677 -5.345329
v -1.268003 0.513901 -4.517879
v -1.268003 0.513901 -4.517879
v -1.268003 0.513901 -4.517879
v -1.174429 0.519985 -5.381301
v -1.174429 0.519985 -5.381301
v -1.174429 0.519985 -5.381301
v -1.174429 0.519985 -5.381301
v -1.093432 3.334230 2.492783
v -1.093432 3.334230 2.492783
v -1.137978 2.354890 1.532295
v -1.152864 2.354890 0.155773
v -1.132185 2.250896 -4.840508
v -1.132185 2.250896 -4.840508
v -1.087695 2.174214 -4.776584
v -1.087695 2.174214 -4.776584
v -1.087695 2.174214 -4.776584
v -1.071501 2.434326 1.629284
v -1.071501 2.434326 1.629284
v -1.140119 2.270732 -3.965455
v -1.140119 2.270732 -3.965455
v -1.059221 2.260643 -4.806921
v -0.835234 1.671113 -5.761100
v -1.158974 1.653092 -5.480867
v -1.116544 1.183442 -6.068053
v -1.116544 1.183442 -6.068053
v -1.071801 2.354889 -4.905944
v -1.071801 2.354889 -4.905944
v -0.988820 2.361650 -5.120635
v -0.988820 2.361650 -5.120635
v -1.089469 1.028663 2.922706
v -1.089469 1.028663 2.922706
v -0.976132 1.591782 3.791625
v -0.976132 1.591782 3.791625
v -0.902856 0.283128 -5.609256
v -0.902856 0.283128 -5.609256
v -1.110487 0.359063 -5.575041
v -1.110487 0.359063 -5.575041
v -1.078871 2.532253 1.536167
v -1.027190 1.589574 3.788094
v -1.027190 1.589574 3.788094
v -0.893641 1.915542 4.309505
v -0.686687 2.605098 0.144502
v -0.686687 2.605098 0.144502
v -1.093432 2.436619 0.144502
v -1.093432 2.436619 0.144502
v -1.093432 2.774255 -0.717520
v -1.093432 2.774255 -0.717520
v -0.808947 2.250052 -5.348976
v -0.808947 2.250052 -5.348976
v -1.009483 2.234192 -5.148890
v -0.865470 3.239805 2.492785
v -0.807822 2.371890 -5.305061
v -0.807822 2.371890 -5.305061
v -0.734765 2.060573 4.541492
v -0.821282 2.000449 4.445320
v -0.667587 1.979162 4.411270
v -0.772629 1.912911 4.305296
v -0.550231 2.622082 2.514023
v -0.550231 2.622082 2.514023
v -0.400527 1.680647 -5.915847
v -0.433839 2.259588 -5.453986
v -0.433839 2.259588 -5.453986
v -0.625764 2.463956 -5.254731
v -0.625764 2.463956 -5.254731
v -0.632281 2.377298 -5.354035
v -0.632281 2.377298 -5.354035
v -0.632281 2.377298 -5.354035
v -0.618014 2.555740 -4.930076
v -0.618014 2.555740 -4.930076
v -0.618014 2.555741 -3.926294
v -0.618014 2.555741 -3.926294
v -0.618014 2.555741 -3.926294
v -0.362577 2.014071 4.467108
v -0.362577 2.014071 4.467108
v -0.835235 1.651417 -5.683869
v -0.400527 1.658838 -5.838616
v -0.424590 0.496495 -6.440238
v -0.424590 0.496495 -6.440238
v -0.424590 0.496495 -6.440238
v -0.620014 0.632068 -6.426708
v -0.523127 2.620234 0.223321
v -0.550231 2.635400 1.732870
v -0.230518 2.560913 -2.727229
v -0.230518 2.560913 -2.727229
v -0.230518 2.560913 -2.727229
v -0.667587 1.979163 -3.622814
v -0.362577 2.014071 -3.622814
v -0.413494 2.298532 -5.489802
v -0.413494 2.298532 -5.489802
v -0.413494 2.303552 -5.504095
v -0.413494 2.303552 -5.504095
v -0.413494 1.642383 -5.981472
v -0.413494 1.642383 -5.981472
v -0.365743 2.298532 -5.495883
v -0.365743 2.298532 -5.495883
v -0.365743 1.635784 -5.970825
v -0.365743 1.635784 -5.970825
v -1.089469 1.028663 -3.622814
v -1.183925 0.358460 -3.584023
v -1.183925 0.358460 -3.584023
v -0.230518 2.560913 -3.918813
v -0.237123 2.560914 -4.906298
v -0.285257 1.978022 4.557444
v -0.976132 1.591783 -3.622814
v -0.410819 3.731059 0.015446
v -0.290648 3.731059 0.305565
v -1.592196 0.337969 -3.527909
v -0.976953 0.307436 -3.981649
v -0.355820 3.844874 0.015446
v -0.251758 3.844874 -0.235782
v -0.850008 1.827273 -3.622814
v 0.000001 2.266809 -5.494411
v -0.772629 1.912912 -3.622814
v 0.000001 1.657858 -5.862815
v 0.285257 1.978022 4.557444
v 0.000001 2.605344 -3.156556
v -0.147025 2.605344 -3.047184
v 0.289589 3.731059 0.305565
v -0.000530 3.731059 0.425735
v 0.362576 2.014071 -3.622814
v 0.289589 3.731059 -0.274672
v -0.000530 3.731059 -0.394844
v 0.000001 1.687870 -5.940047
v 0.400530 1.680647 -5.915847
v 0.147026 2.605344 -3.047184
v 0.230520 2.560913 -2.727229
v 0.230520 2.560913 -2.727229
v 0.230520 2.560913 -2.727229
v 0.230520 2.560913 -3.918813
v 0.772629 1.912912 -3.622814
v 0.667586 1.979163 -3.622814
v 0.398679 1.650534 -5.963951
v 0.398679 1.650534 -5.963951
v 0.000001 1.658550 -5.988152
v 0.000001 1.658550 -5.988152
v 0.088027 2.778567 3.854593
v 0.198809 2.746764 3.725249
v 0.409760 3.731059 0.015446
v 0.250699 3.844874 -0.235782
v 0.354761 3.844874 0.015446
v 0.365746 2.298532 -5.495883
v 0.365746 2.298532 -5.495883
v 0.365746 1.635784 -5.970825
v 0.365746 1.635784 -5.970825
v 0.413497 2.298532 -5.489802
v 0.413497 2.298532 -5.489802
v 0.413497 1.642383 -5.981471
v 0.413497 1.642383 -5.981471
v 0.413497 1.635784 -5.964745
v 0.413497 1.635784 -5.964745
v 0.433458 0.339925 -6.119369
v 0.433458 0.339925 -6.119369
v 0.468527 0.670777 -6.488394
v 0.468527 0.670777 -6.488394
v 0.468527 0.670777 -6.488394
v 0.293963 2.509252 3.725249
v 0.528116 2.412275 3.740815
v 0.946654 0.089899 -4.038293
v 1.585736 0.222978 -3.671901
v 0.835237 1.671113 -5.761099
v 0.550231 2.622082 2.514023
v 0.550231 2.622082 2.514023
v 0.550231 2.635400 1.732870
v 0.556074 2.224709 4.580688
v 0.884924 0.345959 -5.647215
v 0.884924 0.345959 -5.647215
v 0.427924 0.223765 -5.643220
v 0.427924 0.223765 -5.643220
v 0.427924 0.223765 -5.643220
v 0.667586 1.979162 4.411270
v 0.772629 1.912911 4.305296
v 0.632284 2.377298 -5.354034
v 0.632284 2.377298 -5.354034
v 0.632284 2.377298 -5.354034
v 0.807824 2.371890 -5.305061
v 0.807824 2.371890 -5.305061
v 0.734764 2.060573 4.541492
v 0.821282 2.000449 4.445321
v 0.800713 2.571943 0.159906
v 0.850007 1.827272 4.168310
v 1.111799 1.040946 -6.356883
v 1.111799 1.040946 -6.356883
v 1.001134 0.900493 -6.452522
v 1.001134 0.900493 -6.452522
v 0.814537 2.277644 -5.254763
v 0.814537 2.277644 -5.254763
v 0.970414 2.267405 -5.080461
v 0.988822 2.361650 -5.120634
v 0.988822 2.361650 -5.120634
v 0.893641 1.915542 4.309505
v 0.850007 1.827273 -3.622814
v 0.976131 1.591783 -3.622814
v 0.841143 0.387515 -5.647779
v 1.027774 0.483029 -5.628480
v 1.027774 0.483029 -5.628480
v 1.027774 0.483029 -5.628480
v 1.158977 1.653092 -5.480866
v 0.834255 1.639952 -5.809204
v 0.834255 1.639952 -5.809204
v 1.185454 1.619950 -5.508496
v 1.185454 1.619950 -5.508496
v 1.071500 2.434326 1.629284
v 1.071500 2.434326 1.629284
v 1.072415 0.445590 -5.628551
v 1.072415 0.445590 -5.628551
v 0.976131 1.591782 3.791625
v 0.976131 1.591782 3.791625
v 1.089468 1.028663 2.922707
v 1.089468 1.028663 2.922707
v 1.027190 1.589574 3.788094
v 1.027190 1.589574 3.788094
v 1.078870 2.532253 1.536167
v 1.137977 2.354890 1.532296
v 1.152864 2.354890 0.155774
v 1.184071 0.498514 -5.602431
v 1.184071 0.498514 -5.602431
v 1.244574 1.640876 -5.318919
v 1.244574 1.640876 -5.318919
v 1.244574 1.640876 -5.318919
v 1.244574 1.640876 -5.318919
v 1.313455 1.606392 -5.189540
v 1.132187 2.250896 -4.840508
v 1.132187 2.250896 -4.840508
v 1.206451 0.457348 -5.474587
v 1.206451 0.457348 -5.474587
v 1.297477 0.608301 -5.438910
v 1.201766 2.250897 -3.955573
v 1.201766 2.250897 -3.955573
v 1.382427 1.542504 -4.168979
v 1.157084 2.174215 -4.083729
v 1.157084 2.174215 -4.083729
v 1.157084 2.174215 -4.083729
v 1.298940 1.636303 -4.252589
v 1.298940 1.636303 -4.252589
v 1.283077 0.608301 -5.566496
v 1.283077 0.608301 -5.566496
v 1.352394 0.897999 -5.511600
v 1.352394 0.897999 -5.511600
v 1.433105 1.184909 -4.258702
v 1.437850 0.897999 -4.323818
v 1.372394 0.608301 -4.388837
v 1.617736 0.077783 1.043416
v 1.617736 0.077783 1.043416
v 1.582439 0.201494 -2.993646
v 1.582439 0.201494 -2.993646
v -1.352341 2.752934 3.269903
v -1.352341 2.752934 3.269903
v -1.459584 3.011843 3.269903
v -1.459584 3.011843 3.269903
v -1.337179 0.635475 -4.489859
v -1.383512 0.983972 -4.414771
v -1.383512 0.983972 -4.414771
v -1.090477 0.829717 -4.140587
v -1.090477 0.829717 -4.140587
v -1.090477 0.829717 -4.140587
v -1.090477 0.829717 -4.140587
v -1.093432 2.645691 3.269903
v -1.093432 2.645691 3.269903
v -1.093432 3.011843 2.793364
v -1.093432 3.011843 2.793364
v -1.093432 3.011843 2.793364
v -1.093432 3.011843 2.793364
v -1.093432 3.011843 2.793364
v -1.093432 3.011843 2.793364
v -1.093432 3.011843 2.793364
v -1.352341 3.270751 3.269903
v -1.352341 3.270751 3.269903
v -1.185597 0.560892 -4.282196
v -1.185597 0.560892 -4.282196
v -1.321395 2.783880 2.492783
v -1.093433 2.689455 2.492783
v -1.069304 2.340081 -3.831166
v -1.140119 2.270732 -3.832212
v -1.075612 2.221575 -4.994028
v -1.075612 2.221575 -4.994028
v -1.075612 2.221575 -4.994028
v -1.075612 2.221575 -4.994028
v -1.044680 2.260643 -4.878012
v -1.044680 2.260643 -4.878012
v -1.093432 3.377995 3.269903
v -1.093432 3.377995 3.269903
v -1.093432 3.377995 3.269903
v -0.817677 2.450610 -3.831166
v -0.772249 1.134938 -5.386889
v -1.086429 1.299176 -5.446557
v -1.086429 1.299176 -5.446557
v -0.865470 2.783880 2.492783
v -1.069304 2.340081 -3.964408
v -0.817677 2.450610 -3.964408
v -0.727281 3.011843 3.269903
v -0.727281 3.011843 3.269903
v -0.834524 2.752934 3.269903
v -0.834524 2.752934 3.269903
v -0.834524 3.270751 3.269903
v -0.834524 3.270751 3.269903
v 0.000001 1.652315 -5.416501
v -1.244488 1.643273 -5.080764
v -1.244488 1.643273 -5.080764
v -1.244488 1.643273 -5.080764
v -1.276162 1.502752 -5.124529
v -1.276162 1.502752 -5.124529
v -1.276162 1.502752 -5.124529
v -0.771045 3.011843 2.492783
v 0.000001 1.140615 -5.362111
v 0.000001 1.140615 -5.362111
v 0.000001 1.140615 -5.362111
v -0.343172 1.055259 -5.200564
v -0.990352 1.055259 -5.200552
v -0.284155 1.051156 -5.203810
v -0.284155 1.051156 -5.203810
v -0.284155 1.051156 -5.203810
v -1.018415 1.062847 -5.211229
v -1.018415 1.062847 -5.211229
v 0.000001 1.580336 -5.416501
v 0.000001 1.580336 -5.416501
v 0.000001 1.580336 -5.416501
v -0.435543 1.816972 -4.164611
v -0.267247 1.004720 -6.215094
v -0.331846 1.140867 -5.378858
v -0.645846 2.461495 -4.908062
v -0.653597 2.369710 -5.208140
v 0.653599 2.369710 -5.208140
v 0.645848 2.461495 -4.908062
v 0.659432 2.283053 -5.300137
v 0.659432 2.283053 -5.300137
v 0.343174 1.055259 -5.200570
v 0.445272 1.165333 -5.000319
v 0.445272 1.165333 -5.000319
v 0.435545 1.816972 -4.164611
v 0.450241 1.772018 -4.300696
v 0.450241 1.772018 -4.300696
v 0.427659 0.293680 -5.642816
v 0.427659 0.293680 -5.642816
v 0.427659 0.293680 -5.642816
v 0.284157 1.051156 -5.203818
v 0.284157 1.051156 -5.203818
v 0.284157 1.051156 -5.203818
v 0.706069 0.793311 -6.450998
v 0.954322 0.902029 -6.395936
v 0.772252 1.134938 -5.386889
v 0.907442 1.772018 -4.300696
v 0.907442 1.772018 -4.300696
v 0.912485 1.079277 -4.483995
v 0.912485 1.161905 -5.000319
v 0.912485 1.161905 -5.000319
v 0.990354 1.055259 -5.200551
v 0.817679 2.450610 -3.964408
v 1.069305 2.340081 -3.964408
v 0.922682 1.816972 -4.164611
v 1.086432 1.299176 -5.446556
v 1.086432 1.299176 -5.446556
v 0.817679 2.450610 -3.831166
v 1.069305 2.340081 -3.831166
v 1.080688 1.107825 -6.191283
v 1.080688 1.107825 -6.191283
v 1.080688 1.107825 -6.191283
v 1.078984 1.192834 -6.006126
v 1.018418 1.062847 -5.211229
v 1.018418 1.062847 -5.211229
v 1.087996 0.812608 -4.144415
v 1.087996 0.812608 -4.144415
v 1.087996 0.812608 -4.144415
v 1.093675 0.484092 -5.375308
v 1.093675 0.484092 -5.375308
v 1.173373 0.475929 -4.301870
v 1.173373 0.475929 -4.301870
v 1.177928 2.209097 -3.858351
v 1.177928 2.209097 -3.858351
v 1.140121 2.270732 -3.832212
v 1.336229 0.628919 -4.491326
v 1.264091 0.486938 -4.523913
v 1.264091 0.486938 -4.523913
v 1.264091 0.486938 -4.523913
v 1.258060 1.529735 -5.345328
v 1.258060 1.529735 -5.345328
v 1.258060 1.529735 -5.345328
v 1.298450 1.182570 -5.443885
v 1.276164 1.502752 -5.124529
v 1.276164 1.502752 -5.124529
v 1.276164 1.502752 -5.124529
v 1.372615 1.181012 -4.368626
v 1.383514 0.983972 -4.414771
v 1.383514 0.983972 -4.414771
v 1.303036 1.181011 -5.209463
v 1.302024 0.904526 -5.511600
v -0.807822 2.282696 -5.397080
v -0.807822 2.282696 -5.397080
v -0.398676 2.293280 -5.502090
v -0.398676 2.293280 -5.502090
v -0.461725 0.464271 -5.976033
v -0.457601 0.262876 -5.490689
v -0.457601 0.262876 -5.490689
v 0.625767 2.463956 -5.254731
v 0.625767 2.463956 -5.254731
v 0.618016 2.555740 -4.930076
v 0.618016 2.555740 -4.930076
v 1.091152 2.434326 -3.926294
v 1.091152 2.434326 -3.926294
v 1.157629 2.354890 -3.926216
v 1.157629 2.354890 -3.926216
v 1.157629 2.354890 -3.926216
v -1.437847 0.897999 -4.323818
v -1.374512 0.622913 -4.385568
v -1.500177 2.605098 0.144502
v -1.500177 2.605098 0.144502
v -1.303054 0.478067 -4.413341
v -1.303054 0.478067 -4.413341
v -1.372612 1.181012 -4.368626
v -1.298938 1.636303 -4.252590
v -1.298938 1.636303 -4.252590
v -1.261432 2.843843 -0.717519
v -1.261432 2.843843 -0.717519
v -1.368268 0.897999 -5.376565
v -1.093432 3.587067 0.144502
v -1.093432 3.587067 0.144502
v -1.347647 1.184909 -5.443885
v -1.347647 1.184909 -5.443885
v -1.352392 0.897999 -5.511600
v -1.352392 0.897999 -5.511600
v -1.275475 0.612617 -5.578712
v -1.275475 0.612617 -5.578712
v -1.314304 0.985940 -5.257544
v -1.303034 1.181011 -5.209464
v -1.253916 0.611744 -5.346207
v -1.313453 1.606392 -5.189540
v -1.258058 1.529735 -5.345329
v -1.258058 1.529735 -5.345329
v -1.258058 1.529735 -5.345329
v -1.157082 2.174215 -4.083729
v -1.157082 2.174215 -4.083729
v -1.157082 2.174215 -4.083729
v -1.290657 1.606392 -5.318789
v -1.290657 1.606392 -5.318789
v -1.290657 1.606392 -5.318789
v -1.185452 1.619950 -5.508497
v -1.185452 1.619950 -5.508497
v -1.244572 1.640876 -5.318920
v -1.244572 1.640876 -5.318920
v -1.244572 1.640876 -5.318920
v -1.244572 1.640876 -5.318920
v -1.186268 0.461968 -5.605262
v -1.186268 0.461968 -5.605262
v -1.148260 1.539834 -5.512238
v -1.148260 1.539834 -5.512238
v -1.148260 1.539834 -5.512238
v -1.148260 1.539834 -5.512238
v -1.109389 2.250896 -4.969755
v -1.109389 2.250896 -4.969755
v -1.109389 2.250896 -4.969755
v -1.135270 0.496238 -5.614248
v -1.135270 0.496238 -5.614248
v -1.157628 2.354890 -3.926216
v -1.157628 2.354890 -3.926216
v -1.157628 2.354890 -3.926216
v -1.088048 2.354889 -4.829206
v -1.088048 2.354889 -4.829206
v -1.073612 1.183442 -6.008969
v -1.085563 2.434326 0.046111
v -1.091151 2.434326 -3.926294
v -1.091151 2.434326 -3.926294
v -1.044913 0.418926 -5.599597
v -1.044913 0.418926 -5.599597
v -1.044913 0.418926 -5.599597
v -1.032956 2.264856 -5.171884
v -1.032956 2.264856 -5.171884
v -1.030154 1.029359 -6.198290
v -1.030154 1.029359 -6.198290
v -1.030154 1.029359 -6.198290
v -1.074679 1.033236 -6.253847
v -1.074679 1.033236 -6.253847
v -0.834253 1.639952 -5.809204
v -0.834253 1.639952 -5.809204
v -0.925433 3.179843 -0.717520
v -0.925433 3.179843 -0.717520
v -0.971543 0.972220 -6.278646
v -0.970412 2.267405 -5.080461
v -0.911717 2.579000 1.532296
v -0.800713 2.571943 0.159905
v -0.810003 2.544856 -3.926294
v -0.810003 2.544856 -3.926294
v -1.016775 0.965965 -6.335745
v -1.016775 0.965965 -6.335745
v -0.686687 3.418588 0.144502
v -0.686687 3.418588 0.144502
v -0.853523 0.347733 -5.608736
v -0.850008 1.827272 4.168310
v -0.836931 0.886065 -6.345029
v -0.925433 2.843843 -0.717520
v -0.925433 2.843843 -0.717520
v -0.882825 0.871588 -6.403242
v -0.814535 2.277644 -5.254763
v -0.814535 2.277644 -5.254763
v -0.855845 3.011843 -0.717520
v -0.855845 3.011843 -0.717520
v -0.518208 3.011843 0.144502
v -0.518208 3.011843 0.144502
v -0.645846 2.461496 -3.964408
v -0.645846 2.461496 -3.964408
v -0.645846 2.461496 -3.964408
v -0.669616 0.627035 -6.476431
v -0.669616 0.627035 -6.476431
v -0.659429 2.283053 -5.300138
v -0.659429 2.283053 -5.300138
v -0.659429 2.283053 -5.300138
v -0.398676 1.650534 -5.963951
v -0.398676 1.650534 -5.963951
v -0.534073 2.115969 4.630104
v -0.534073 2.115969 4.630104
v -0.556075 2.224709 4.580688
v -0.528117 2.412275 3.740815
v -0.453196 0.321345 -5.502145
v -0.453196 0.321345 -5.502145
v -0.453196 0.321345 -5.502145
v 1.167615 0.232651 1.576957
v 1.167615 0.232651 1.576957
v 1.167615 0.232651 1.576957
v -0.418429 0.446293 -6.497776
v -0.418429 0.446293 -6.497776
v -0.418429 0.446293 -6.497776
v 0.015362 0.128892 -4.425797
v -0.293963 2.509252 3.725249
v -0.293963 2.509252 3.725249
v -0.413494 1.635784 -5.964745
v -0.413494 1.635784 -5.964745
v -0.457957 0.515466 -5.983172
v -0.365743 1.642383 -5.987553
v -0.365743 1.642383 -5.987553
v -0.365743 2.303552 -5.510178
v -0.365743 2.303552 -5.510178
v 1.172203 0.262546 -3.628817
v 1.172203 0.262546 -3.628817
v -0.290648 3.731059 -0.274672
v -0.198810 2.746764 3.725249
v -0.251758 3.844874 0.266674
v 0.000001 2.301295 -5.542515
v 0.000001 2.301295 -5.542515
v -0.000530 3.844874 0.370737
v 0.000001 2.565684 -4.973073
v -0.000530 3.844874 -0.339844
v 0.250699 3.844874 0.266674
v 0.237125 2.560914 -4.906298
v 0.398679 2.293280 -5.502090
v 0.398679 2.293280 -5.502090
v 0.400530 1.658838 -5.838616
v 0.362576 2.014071 4.467108
v 0.433841 2.259588 -5.453986
v 0.534072 2.115969 4.630104
v 1.089468 1.028663 -3.622814
v 0.365746 2.303552 -5.510178
v 0.365746 2.303552 -5.510178
v 0.365746 1.642383 -5.987553
v 0.365746 1.642383 -5.987553
v 0.413497 2.303552 -5.504095
v 0.413497 2.303552 -5.504095
v 0.436773 0.393231 -6.119390
v 0.475929 0.697195 -6.440918
v 0.475929 0.697195 -6.440918
v 0.475929 0.697195 -6.440918
v 0.523115 2.620234 0.223322
v 0.757388 0.789261 -6.503375
v 0.757388 0.789261 -6.503375
v 0.618015 2.555741 -3.926294
v 0.618015 2.555741 -3.926294
v 0.618015 2.555741 -3.926294
v 0.835237 1.651417 -5.683868
v 0.807824 2.282696 -5.397080
v 0.807824 2.282696 -5.397080
v 0.645848 2.461496 -3.964408
v 0.645848 2.461496 -3.964408
v 0.808950 2.250052 -5.348976
v 0.808950 2.250052 -5.348976
v 0.810005 2.544856 -3.926294
v 0.810005 2.544856 -3.926294
v 1.032958 2.264856 -5.171883
v 1.032958 2.264856 -5.171883
v 1.085563 2.434326 0.046112
v 1.066302 1.036457 -6.299158
v 1.127755 1.115058 -6.248177
v 1.009485 2.234192 -5.148890
v 1.124573 1.197483 -6.063804
v 1.124573 1.197483 -6.063804
v 1.044682 2.260643 -4.878012
v 1.044682 2.260643 -4.878012
v 1.071803 2.354889 -4.905943
v 1.071803 2.354889 -4.905943
v 1.191194 1.557235 -5.533350
v 1.191194 1.557235 -5.533350
v 1.109391 2.250896 -4.969755
v 1.109391 2.250896 -4.969755
v 1.109391 2.250896 -4.969755
v 1.059223 2.260643 -4.806921
v 1.075615 2.221575 -4.994027
v 1.075615 2.221575 -4.994027
v 1.075615 2.221575 -4.994027
v 1.075615 2.221575 -4.994027
v 1.088050 2.354889 -4.829206
v 1.088050 2.354889 -4.829206
v 1.140121 2.270732 -3.965454
v 1.140121 2.270732 -3.965454
v 1.141530 0.528090 -5.602248
v 1.141530 0.528090 -5.602248
v 1.148263 1.539834 -5.512238
v 1.148263 1.539834 -5.512238
v 1.148263 1.539834 -5.512238
v 1.148263 1.539834 -5.512238
v 1.087698 2.174214 -4.776584
v 1.087698 2.174214 -4.776584
v 1.087698 2.174214 -4.776584
v 1.244491 1.643273 -5.080764
v 1.244491 1.643273 -5.080764
v 1.244491 1.643273 -5.080764
v 1.290659 1.606392 -5.318788
v 1.290659 1.606392 -5.318788
v 1.290659 1.606392 -5.318788
v 1.234744 0.631523 -5.566496
v 1.307259 1.543677 -5.345328
v 1.307259 1.543677 -5.345328
v 1.181656 0.486938 -5.368676
v 1.181656 0.486938 -5.368676
v 1.181656 0.486938 -5.368676
v 1.181656 0.486938 -5.368676
v 1.295651 0.427049 -4.424757
v 1.295651 0.427049 -4.424757
v 1.253919 0.611744 -5.346207
v 1.347649 1.184909 -5.443885
v 1.347649 1.184909 -5.443885
v 1.368271 0.897999 -5.376565
v 1.330284 1.543677 -5.210293
v 1.314306 0.985940 -5.257543
v 1.363526 1.184909 -5.308849
v -1.177926 2.209097 -3.858351
v -1.177926 2.209097 -3.858351
v -1.091363 0.491776 -5.378592
v -1.091363 0.491776 -5.378592
v -0.922680 1.816972 -4.164611
v -0.907440 1.772018 -4.300697
v -0.907440 1.772018 -4.300697
v -0.912483 1.079277 -4.483995
v -0.912483 1.161905 -5.000319
v -0.912483 1.161905 -5.000319
v -0.645846 2.461496 -3.831166
v -0.645846 2.461496 -3.831166
v -0.645846 2.461496 -3.831166
v -0.445269 1.165333 -5.000319
v -0.445269 1.165333 -5.000319
v -0.450238 1.772018 -4.300697
v -0.450238 1.772018 -4.300697
v 0.000887 0.804458 -4.145950
v -0.445270 1.079277 -4.483995
v 0.000001 1.045033 -5.210423
v 0.331848 1.140867 -5.378858
v 0.645848 2.461496 -3.831166
v 0.299262 1.060717 -6.198145
v 0.445272 1.079277 -4.483995
v 1.544435 0.809999 1.038870
v 1.614494 0.862436 -2.742302
v 1.368979 1.041301 1.038870
v 1.431006 1.070657 -2.731791
v 1.560397 0.192659 1.038870
v 1.655581 0.408825 -2.775177
v 1.624573 0.325016 1.038870
v 1.724681 0.684191 -2.760215
v 1.717432 0.526036 -2.772136
v 1.640932 0.542543 1.038870
v -1.439534 2.644109 1.502011
v -1.631728 3.027139 0.143590
v -1.463249 2.620394 0.143590
v -1.598190 3.027139 1.502011
v -1.089477 0.008991 3.126307
v 1.089459 0.008983 3.126318
v 1.167615 0.211454 1.575938
v -1.167615 0.211464 1.575926
v 1.167617 0.300306 1.462396
v 1.089460 0.097833 3.012778
v -1.089476 0.097842 3.012766
v -1.167614 0.300315 1.462384
v 1.089459 0.008983 3.126318
v 1.089459 0.008983 3.126318
v -1.089477 0.008991 3.126307
v -1.089477 0.008991 3.126307
v 1.167615 0.211454 1.575938
v 1.167615 0.211454 1.575938
v 1.167617 0.300306 1.462396
v 1.167617 0.300306 1.462396
v -1.167615 0.211464 1.575926
v -1.167615 0.211464 1.575926
v -1.089476 0.097842 3.012766
v -1.089476 0.097842 3.012766
v -1.167614 0.300315 1.462384
v -1.167614 0.300315 1.462384
v 1.089460 0.097833 3.012778
v 1.089460 0.097833 3.012778
v -1.400789 1.543676 -5.189156
v -1.392579 1.606391 -5.163730
v -1.376238 0.897999 -5.357936
v -1.396153 1.184908 -5.293026
v -1.349422 2.250896 -4.772809
v -1.651767 0.427048 -4.443975
v -1.736300 0.608300 -4.438155
v -1.820639 0.897015 -4.401302
v -1.733451 2.250897 -3.972513
v -1.824967 1.542503 -4.236721
v -1.839867 1.184908 -4.338684
v -1.405361 0.955560 -5.301147
v -1.418969 1.184908 -5.244275
v -1.421532 1.546574 -5.141235
v -1.413243 1.609452 -5.115716
v -1.375805 2.208034 -4.745765
v -1.812762 1.184908 -4.408498
v -1.803352 0.953593 -4.463989
v -1.797862 1.542503 -4.306534
v -1.715528 2.208034 -4.044573
v -1.789066 1.605381 -4.280624
v -1.367497 1.643272 -5.037401
v -1.330988 2.174214 -4.697140
v -1.645637 2.174214 -4.075966
v -1.715315 1.639200 -4.285592
v -1.368843 0.985939 -5.227460
v -1.375675 1.181011 -5.178553
v -1.381250 1.502751 -5.089645
v -1.743885 1.181011 -4.419427
v -1.737403 0.983972 -4.466398
v -1.731742 1.498679 -4.330921
v -1.287722 0.608300 -5.390544
v -1.195988 0.427048 -5.391867
v -1.665687 0.628918 -4.520741
v -1.586650 0.486938 -4.525113
v -1.280538 0.611744 -5.288370
v -1.205036 0.486938 -5.283261
v -1.391537 1.609452 -5.107321
v -1.357757 2.208034 -4.738784
v -1.702590 2.208034 -4.039569
v -1.771019 1.605381 -4.273644
v -1.737403 0.983972 -4.466398
v -1.737403 0.983972 -4.466398
v -1.737403 0.983972 -4.466398
v -1.743885 1.181011 -4.419427
v -1.743885 1.181011 -4.419427
v -1.820639 0.897015 -4.401302
v -1.736300 0.608300 -4.438155
v -1.665687 0.628918 -4.520741
v -1.418969 1.184908 -5.244275
v -1.418969 1.184908 -5.244275
v -1.405361 0.955560 -5.301147
v -1.405361 0.955560 -5.301147
v -1.368843 0.985939 -5.227460
v -1.368843 0.985939 -5.227460
v -1.368843 0.985939 -5.227460
v -1.376238 0.897999 -5.357936
v -1.396153 1.184908 -5.293026
v -1.715528 2.208034 -4.044573
v -1.715528 2.208034 -4.044573
v -1.789066 1.605381 -4.280624
v -1.789066 1.605381 -4.280624
v -1.287722 0.608300 -5.390544
v -1.715315 1.639200 -4.285592
v -1.715315 1.639200 -4.285592
v -1.715315 1.639200 -4.285592
v -1.731742 1.498679 -4.330921
v -1.731742 1.498679 -4.330921
v -1.731742 1.498679 -4.330921
v -1.586650 0.486938 -4.525113
v -1.586650 0.486938 -4.525113
v -1.280538 0.611744 -5.288370
v -1.205036 0.486938 -5.283261
v -1.205036 0.486938 -5.283261
v -1.375805 2.208034 -4.745765
v -1.375805 2.208034 -4.745765
v -1.413243 1.609452 -5.115716
v -1.413243 1.609452 -5.115716
v -1.195988 0.427048 -5.391867
v -1.195988 0.427048 -5.391867
v -1.392579 1.606391 -5.163730
v -1.349422 2.250896 -4.772809
v -1.349422 2.250896 -4.772809
v -1.812762 1.184908 -4.408498
v -1.812762 1.184908 -4.408498
v -1.803352 0.953593 -4.463989
v -1.803352 0.953593 -4.463989
v -1.839867 1.184908 -4.338684
v -1.797862 1.542503 -4.306534
v -1.797862 1.542503 -4.306534
v -1.824967 1.542503 -4.236721
v -1.400789 1.543676 -5.189156
v -1.421532 1.546574 -5.141235
v -1.421532 1.546574 -5.141235
v -1.651767 0.427048 -4.443975
v -1.651767 0.427048 -4.443975
v -1.375675 1.181011 -5.178553
v -1.375675 1.181011 -5.178553
v -1.381250 1.502751 -5.089645
v -1.381250 1.502751 -5.089645
v -1.381250 1.502751 -5.089645
v -1.367497 1.643272 -5.037401
v -1.367497 1.643272 -5.037401
v -1.367497 1.643272 -5.037401
v -1.645637 2.174214 -4.075966
v -1.645637 2.174214 -4.075966
v -1.645637 2.174214 -4.075966
v -1.733451 2.250897 -3.972513
v -1.733451 2.250897 -3.972513
v -1.330988 2.174214 -4.697140
v -1.330988 2.174214 -4.697140
v -1.330988 2.174214 -4.697140
v 1.555379 1.483707 -5.273302
v 1.557394 1.545046 -5.243628
v 1.442425 0.855303 -5.469108
v 1.499842 1.134443 -5.393531
v 1.583134 2.197556 -4.763269
v 1.852882 0.353042 -4.637279
v 1.929363 0.536310 -4.661679
v 2.032662 0.752008 -4.601012
v 2.164037 1.976598 -4.154186
v 2.107005 1.308562 -4.436322
v 2.089130 1.032337 -4.527526
v 1.485664 0.906214 -5.415024
v 1.530091 1.129214 -5.349318
v 1.583734 1.481592 -5.229410
v 1.585703 1.543094 -5.199623
v 1.599127 2.159556 -4.736943
v 2.051281 1.039347 -4.591768
v 2.011010 0.813940 -4.656915
v 2.087190 1.389176 -4.470260
v 2.123689 1.949804 -4.224934
v 2.088740 1.450767 -4.439974
v 1.556585 1.575376 -5.113137
v 1.590975 2.104186 -4.709102
v 2.051759 2.002140 -4.197553
v 2.018724 1.491040 -4.430843
v 1.464537 0.934596 -5.334811
v 1.497753 1.124639 -5.277608
v 1.548269 1.438019 -5.174200
v 1.981489 1.042111 -4.591287
v 1.948742 0.849953 -4.646741
v 2.014146 1.352990 -4.485541
v 1.271590 0.464640 -5.480497
v 1.214893 0.404882 -5.497134
v 1.838104 0.521198 -4.712764
v 1.750494 0.380995 -4.704574
v 1.313059 0.535206 -5.393463
v 1.246961 0.456349 -5.388567
v 1.469056 0.907293 -5.405151
v 1.510232 1.130503 -5.337511
v 1.567128 1.482671 -5.219537
v 1.565729 1.544391 -5.187749
v 1.586185 2.156018 -4.727201
v 2.034675 1.040426 -4.581895
v 1.994404 0.815018 -4.647043
v 2.070601 1.390326 -4.460357
v 2.114203 1.955270 -4.212853
v 2.072134 1.451845 -4.430101
v 2.164037 1.976598 -4.154186
v 2.164037 1.976598 -4.154186
v 1.583134 2.197556 -4.763269
v 1.583134 2.197556 -4.763269
v 2.051759 2.002140 -4.197553
v 2.051759 2.002140 -4.197553
v 2.051759 2.002140 -4.197553
v 2.018724 1.491040 -4.430843
v 2.018724 1.491040 -4.430843
v 2.018724 1.491040 -4.430843
v 1.838104 0.521198 -4.712764
v 1.750494 0.380995 -4.704574
v 1.750494 0.380995 -4.704574
v 1.852882 0.353042 -4.637279
v 1.852882 0.353042 -4.637279
v 1.583734 1.481592 -5.229410
v 1.583734 1.481592 -5.229410
v 1.548269 1.438019 -5.174200
v 1.548269 1.438019 -5.174200
v 1.548269 1.438019 -5.174200
v 1.497753 1.124639 -5.277608
v 1.497753 1.124639 -5.277608
v 1.555379 1.483707 -5.273302
v 1.557394 1.545046 -5.243628
v 2.089130 1.032337 -4.527526
v 2.107005 1.308562 -4.436322
v 2.032662 0.752008 -4.601012
v 1.929363 0.536310 -4.661679
v 1.590975 2.104186 -4.709102
v 1.590975 2.104186 -4.709102
v 1.590975 2.104186 -4.709102
v 1.599127 2.159556 -4.736943
v 1.599127 2.159556 -4.736943
v 2.123689 1.949804 -4.224934
v 2.123689 1.949804 -4.224934
v 1.556585 1.575376 -5.113137
v 1.556585 1.575376 -5.113137
v 1.556585 1.575376 -5.113137
v 1.585703 1.543094 -5.199623
v 1.585703 1.543094 -5.199623
v 1.246961 0.456349 -5.388567
v 1.246961 0.456349 -5.388567
v 1.214893 0.404882 -5.497134
v 1.214893 0.404882 -5.497134
v 1.271590 0.464640 -5.480497
v 2.088740 1.450767 -4.439974
v 2.088740 1.450767 -4.439974
v 1.313059 0.535206 -5.393463
v 2.014146 1.352990 -4.485541
v 2.014146 1.352990 -4.485541
v 2.014146 1.352990 -4.485541
v 1.442425 0.855303 -5.469108
v 1.464537 0.934596 -5.334811
v 1.464537 0.934596 -5.334811
v 1.464537 0.934596 -5.334811
v 1.948742 0.849953 -4.646741
v 1.948742 0.849953 -4.646741
v 1.948742 0.849953 -4.646741
v 1.530091 1.129214 -5.349318
v 1.530091 1.129214 -5.349318
v 2.087190 1.389176 -4.470260
v 2.087190 1.389176 -4.470260
v 1.499842 1.134443 -5.393531
v 1.485664 0.906214 -5.415024
v 1.485664 0.906214 -5.415024
v 2.051281 1.039347 -4.591768
v 2.051281 1.039347 -4.591768
v 1.981489 1.042111 -4.591287
v 1.981489 1.042111 -4.591287
v 2.011010 0.813940 -4.656915
v 2.011010 0.813940 -4.656915
v -0.495369 3.916045 1.030281
v -0.695686 3.916045 0.385837
v -0.789385 4.004153 0.901918
v 0.758160 3.922730 -0.668455
v 0.668605 3.922730 -0.758010
v -0.686521 3.922730 0.776576
v -0.776076 3.922730 0.687021
v 0.713383 3.955235 -0.713232
v -0.731299 3.955235 0.731798
v -0.673903 3.922730 -0.762342
v -0.763458 3.922730 -0.672787
v 0.772007 3.922730 0.680908
v 0.682453 3.922730 0.770464
v -0.718680 3.955235 -0.717564
v 0.727229 3.955235 0.725686
v -0.385398 3.916045 -0.695248
v -1.029840 3.916045 -0.494929
v -0.901477 4.004154 -0.788947
v -0.308888 3.846862 0.000450
v 0.000011 3.846862 0.309348
v 0.000000 3.846862 -0.308449
v 0.308909 3.846862 0.000461
v 0.477885 3.909855 -0.602804
v 0.603264 3.909855 -0.477425
v -0.308888 4.063696 0.000450
v 0.000011 4.063696 0.309348
v 0.000000 4.063696 -0.308449
v 0.308909 4.063696 0.000461
v 0.477885 4.000703 -0.602804
v 0.603264 4.000703 -0.477425
v -0.477886 4.000703 -0.602803
v -0.603265 4.000703 -0.477425
v -0.477886 3.909855 -0.602803
v -0.603265 3.909855 -0.477425
v 0.477886 4.000703 0.603725
v 0.603265 4.000703 0.478346
v 0.477886 3.909855 0.603725
v 0.603265 3.909855 0.478346
v -0.603264 4.000703 0.478347
v -0.477885 4.000703 0.603725
v -0.603264 3.909855 0.478347
v -0.477885 3.909855 0.603725
v -0.477886 4.000703 -0.602803
v -0.477886 4.000703 -0.602803
v -0.603265 4.000703 -0.477425
v -0.603265 4.000703 -0.477425
v -0.603264 4.000703 0.478347
v -0.603264 4.000703 0.478347
v -0.477885 4.000703 0.603725
v -0.477885 4.000703 0.603725
v 0.000000 4.063696 -0.308449
v 0.000000 4.063696 -0.308449
v 0.000000 4.063696 -0.308449
v -0.718680 3.955235 -0.717564
v -0.763458 3.922730 -0.672787
v 0.772007 3.922730 0.680908
v -0.673903 3.922730 -0.762342
v -0.731299 3.955235 0.731798
v 0.713383 3.955235 -0.713232
v 0.668605 3.922730 -0.758010
v 0.727229 3.955235 0.725686
v 0.603265 3.909855 0.478346
v 0.603265 3.909855 0.478346
v 0.308909 3.846862 0.000461
v 0.308909 3.846862 0.000461
v 0.308909 3.846862 0.000461
v 0.603264 3.909855 -0.477425
v 0.603264 3.909855 -0.477425
v 0.603265 4.000703 0.478346
v 0.603265 4.000703 0.478346
v 0.477885 3.909855 -0.602804
v 0.477885 3.909855 -0.602804
v 0.477885 4.000703 -0.602804
v 0.477885 4.000703 -0.602804
v 0.664283 4.004202 -0.271146
v 0.792741 3.901593 -0.776964
v -0.477886 3.909855 -0.602803
v -0.477886 3.909855 -0.602803
v -0.603265 3.909855 -0.477425
v -0.603265 3.909855 -0.477425
v -0.603264 3.909855 0.478347
v -0.603264 3.909855 0.478347
v -0.477885 3.909855 0.603725
v -0.477885 3.909855 0.603725
v -0.308888 4.063696 0.000450
v -0.308888 4.063696 0.000450
v -0.308888 4.063696 0.000450
v -0.308888 3.846862 0.000450
v -0.308888 3.846862 0.000450
v -0.308888 3.846862 0.000450
v 0.000011 3.846862 0.309348
v 0.000011 3.846862 0.309348
v 0.000011 3.846862 0.309348
v 0.000011 4.063696 0.309348
v 0.000011 4.063696 0.309348
v 0.000011 4.063696 0.309348
v 0.000000 3.846862 -0.308449
v 0.000000 3.846862 -0.308449
v 0.000000 3.846862 -0.308449
v -0.776076 3.922730 0.687021
v 0.682453 3.922730 0.770464
v 0.758160 3.922730 -0.668455
v -0.686521 3.922730 0.776576
v 0.308909 4.063696 0.000461
v 0.308909 4.063696 0.000461
v 0.308909 4.063696 0.000461
v 0.477886 4.000703 0.603725
v 0.477886 4.000703 0.603725
v 0.477886 3.909855 0.603725
v 0.477886 3.909855 0.603725
v 0.603264 4.000703 -0.477425
v 0.603264 4.000703 -0.477425
v 0.503592 3.778940 -0.886670
v -0.708437 1.065952 10.778772
v -0.690188 1.157774 10.820963
v -0.708534 1.065450 10.355734
v -0.690293 1.157222 10.355621
v -0.733245 1.118556 10.757564
v -0.733328 1.118129 10.397982
v -0.704405 1.116938 10.982636
v -0.698604 1.146126 10.982601
v -0.704483 1.116535 10.787221
v -0.698682 1.145721 10.787185
v -0.711796 1.133577 10.982619
v -0.711875 1.133174 10.787203
v -0.701033 1.103230 11.413283
v -0.682793 1.195002 11.413170
v -0.701139 1.102678 10.947943
v -0.682889 1.194500 10.990132
v -0.725846 1.155808 11.370922
v -0.725928 1.155382 11.011341
v -0.675062 1.233879 10.818921
v -0.683286 1.192497 10.912539
v -0.592593 1.648800 10.818410
v -0.592571 1.648911 10.911977
v -0.704851 1.261422 10.865680
v -0.634753 1.614105 10.865245
v -0.720672 1.035091 10.869716
v -0.720665 1.035127 10.899473
v -0.682577 1.226758 10.869304
v -0.682570 1.226793 10.899061
v -0.730960 1.037154 10.884594
v -0.692865 1.228821 10.884183
v -0.798755 0.611541 10.856927
v -0.798733 0.611652 10.950494
v -0.708040 1.067954 10.856365
v -0.716265 1.026573 10.949984
v -0.824421 0.659831 10.903659
v -0.754323 1.012514 10.903225
v -0.690128 1.158070 10.763388
v -0.683040 1.193738 10.859419
v -0.631882 1.451110 10.463893
v -0.618970 1.516081 10.529976
v -0.714682 1.211951 10.781454
v -0.665174 1.461034 10.526884
v -0.717097 1.053076 10.943459
v -0.712991 1.073739 10.964476
v -0.690216 1.188320 10.804988
v -0.686110 1.208983 10.826004
v -0.725335 1.065454 10.953967
v -0.698454 1.200697 10.815496
v -0.772356 0.744371 11.238930
v -0.759444 0.809343 11.305012
v -0.708287 1.066713 10.909486
v -0.701199 1.102381 11.005517
v -0.794000 0.812902 11.242021
v -0.744491 1.061986 10.987451
v -0.719264 1.011484 10.856063
v -0.700543 1.105673 10.819698
v -0.777646 0.717735 10.557291
v -0.764763 0.782549 10.491049
v -0.749666 1.035946 10.808002
v -0.799290 0.786259 10.554047
v -0.690029 1.189268 10.964300
v -0.685931 1.209880 10.943233
v -0.717022 1.053453 10.826411
v -0.712925 1.074066 10.805344
v -0.698272 1.201619 10.953766
v -0.725265 1.065805 10.815877
v -0.626563 1.477902 11.277855
v -0.613680 1.542717 11.211614
v -0.690783 1.154779 10.949207
v -0.672062 1.248968 10.912843
v -0.659883 1.487677 11.214857
v -0.709509 1.237991 10.960901
v -0.659883 1.487677 11.214857
v -0.659883 1.487677 11.214857
v -0.709509 1.237991 10.960901
v -0.709509 1.237991 10.960901
v -0.754323 1.012514 10.903225
v -0.754323 1.012514 10.903225
v -0.824421 0.659831 10.903659
v -0.824421 0.659831 10.903659
v -0.798733 0.611652 10.950494
v -0.798733 0.611652 10.950494
v -0.634753 1.614105 10.865245
v -0.634753 1.614105 10.865245
v -0.704851 1.261422 10.865680
v -0.704851 1.261422 10.865680
v -0.711875 1.133174 10.787203
v -0.711796 1.133577 10.982619
v -0.698604 1.146126 10.982601
v -0.725335 1.065454 10.953967
v -0.712991 1.073739 10.964476
v -0.730960 1.037154 10.884594
v -0.692865 1.228821 10.884183
v -0.682577 1.226758 10.869304
v -0.701033 1.103230 11.413283
v -0.701033 1.103230 11.413283
v -0.682793 1.195002 11.413170
v -0.682793 1.195002 11.413170
v -0.794000 0.812902 11.242021
v -0.794000 0.812902 11.242021
v -0.772356 0.744371 11.238930
v -0.772356 0.744371 11.238930
v -0.759444 0.809343 11.305012
v -0.759444 0.809343 11.305012
v -0.725928 1.155382 11.011341
v -0.725928 1.155382 11.011341
v -0.682889 1.194500 10.990132
v -0.682889 1.194500 10.990132
v -0.701139 1.102678 10.947943
v -0.701139 1.102678 10.947943
v -0.701199 1.102381 11.005517
v -0.701199 1.102381 11.005517
v -0.708287 1.066713 10.909486
v -0.708287 1.066713 10.909486
v -0.777646 0.717735 10.557291
v -0.777646 0.717735 10.557291
v -0.799290 0.786259 10.554047
v -0.799290 0.786259 10.554047
v -0.690293 1.157222 10.355621
v -0.690293 1.157222 10.355621
v -0.733328 1.118129 10.397982
v -0.733328 1.118129 10.397982
v -0.665174 1.461034 10.526884
v -0.665174 1.461034 10.526884
v -0.618970 1.516081 10.529976
v -0.618970 1.516081 10.529976
v -0.704483 1.116535 10.787221
v -0.704405 1.116938 10.982636
v -0.717022 1.053453 10.826411
v -0.690029 1.189268 10.964300
v -0.698272 1.201619 10.953766
v -0.720672 1.035091 10.869716
v -0.712925 1.074066 10.805344
v -0.725265 1.065805 10.815877
v -0.690216 1.188320 10.804988
v -0.686110 1.208983 10.826004
v -0.672062 1.248968 10.912843
v -0.672062 1.248968 10.912843
v -0.613680 1.542717 11.211614
v -0.613680 1.542717 11.211614
v -0.626563 1.477902 11.277855
v -0.626563 1.477902 11.277855
v -0.690783 1.154779 10.949207
v -0.690783 1.154779 10.949207
v -0.592571 1.648911 10.911977
v -0.592571 1.648911 10.911977
v -0.683286 1.192497 10.912539
v -0.683286 1.192497 10.912539
v -0.592593 1.648800 10.818410
v -0.592593 1.648800 10.818410
v -0.690188 1.157774 10.820963
v -0.690188 1.157774 10.820963
v -0.708437 1.065952 10.778772
v -0.708437 1.065952 10.778772
v -0.708534 1.065450 10.355734
v -0.708534 1.065450 10.355734
v -0.725846 1.155808 11.370922
v -0.725846 1.155808 11.370922
v -0.744491 1.061986 10.987451
v -0.744491 1.061986 10.987451
v -0.708040 1.067954 10.856365
v -0.708040 1.067954 10.856365
v -0.749666 1.035946 10.808002
v -0.749666 1.035946 10.808002
v -0.700543 1.105673 10.819698
v -0.700543 1.105673 10.819698
v -0.714682 1.211951 10.781454
v -0.714682 1.211951 10.781454
v -0.683040 1.193738 10.859419
v -0.683040 1.193738 10.859419
v -0.733245 1.118556 10.757564
v -0.733245 1.118556 10.757564
v -0.631882 1.451110 10.463893
v -0.631882 1.451110 10.463893
v -0.698454 1.200697 10.815496
v -0.685931 1.209880 10.943233
v -0.720665 1.035127 10.899473
v -0.716265 1.026573 10.949984
v -0.716265 1.026573 10.949984
v -0.798755 0.611541 10.856927
v -0.798755 0.611541 10.856927
v -0.675062 1.233879 10.818921
v -0.675062 1.233879 10.818921
v -0.719264 1.011484 10.856063
v -0.719264 1.011484 10.856063
v -0.690128 1.158070 10.763388
v -0.690128 1.158070 10.763388
v -0.764763 0.782549 10.491049
v -0.764763 0.782549 10.491049
v -0.717097 1.053076 10.943459
v -0.682570 1.226793 10.899061
v -0.698682 1.145721 10.787185
v -4.733070 0.353632 -6.328958
v -5.275342 0.302059 -5.869029
v -4.652265 0.670288 -5.645642
v -4.652265 0.670288 -5.645642
v -4.652265 0.670288 -5.645642
v -5.275342 0.302059 -5.869029
v -5.275342 0.302059 -5.869029
v -0.862107 3.870315 -0.504113
v -0.862107 3.870315 -0.504113
v -4.733070 0.353632 -6.328958
v -4.733070 0.353632 -6.328958
v -0.728573 3.929980 -0.802937
v -0.728573 3.929980 -0.802937
v -0.225677 4.030152 -0.661726
v -0.225677 4.030152 -0.661726
v -3.928079 1.895232 -4.785117
v -3.876311 1.880753 -4.825287
v -3.618080 1.840054 -4.954213
v -4.081721 1.817199 -4.588671
v -3.928079 1.895232 -4.785116
v -4.136683 1.789777 -4.518291
v -2.972781 2.502760 -3.596131
v -2.856491 2.481196 -3.662179
v -2.675008 2.448891 -3.760921
v -3.105302 2.432430 -3.486286
v -2.972782 2.502760 -3.596131
v -3.210050 2.378524 -3.382367
v -1.891867 3.190175 -2.250800
v -1.730408 3.144205 -2.377878
v -1.660553 3.103812 -2.477307
v -1.951293 3.159558 -2.183399
v -1.891868 3.190175 -2.250800
v -2.093424 3.087984 -2.013538
v -3.615362 1.841809 -4.950773
v -3.750964 1.828408 -4.837966
v -4.136044 1.790184 -4.517507
v 5.721019 0.092868 -5.581916
v 5.216908 -0.114708 -6.041308
v 0.682804 4.013010 -0.288238
v 0.482486 3.747651 -0.875512
v 5.002273 0.277075 -5.429622
v 0.776504 3.880798 -0.794816
v 0.682804 4.013010 -0.288238
v 0.776504 3.880798 -0.794816
v 5.002273 0.277075 -5.429622
v 5.002273 0.277075 -5.429622
v 5.216908 -0.114708 -6.041308
v 5.216908 -0.114708 -6.041308
v 0.482486 3.747651 -0.875512
v 5.721019 0.092868 -5.581916
v 5.721019 0.092868 -5.581916
v 2.520798 1.018770 -3.539481
v 2.922070 1.171098 -3.353043
v 2.521971 1.018278 -3.540569
v 2.657588 1.086437 -3.494060
v 2.839687 1.104349 -3.349949
v 3.084447 1.169782 -3.204782
v 2.827026 1.172225 -3.436609
v 2.827026 1.172225 -3.436609
v 3.084250 1.169863 -3.204605
v 0.054009 0.263225 -5.019033
v 0.252669 0.170447 -5.228972
v 0.317787 0.396425 -5.264283
v -0.425336 0.282332 -5.547256
v -0.461388 0.446844 -5.382572
v -0.342573 0.511406 -5.580262
v 0.252669 0.170447 -5.228972
v 0.317787 0.396425 -5.264283
v 0.054009 0.263225 -5.019033
v 0.179354 0.005533 -5.315911
v 0.091775 0.025251 -5.591905
v 0.313030 0.019215 -5.573156
v -0.078178 0.019736 -5.448981
v -0.097271 0.005902 -5.228106
v 0.045679 -0.008148 -5.058667
v 0.266933 -0.014184 -5.039917
v 0.436885 -0.008670 -5.182843
v 0.455979 0.005165 -5.403717
v 0.081045 0.138568 -5.626184
v 0.335488 0.131627 -5.604623
v -0.114399 0.132226 -5.461820
v -0.136358 0.116317 -5.207815
v 0.028035 0.100159 -5.012959
v 0.282477 0.093218 -4.991399
v 0.477922 0.099559 -5.155762
v 0.499879 0.115469 -5.409768
v 0.096590 0.245969 -5.577664
v 0.317844 0.239934 -5.558915
v -0.073363 0.240455 -5.434740
v -0.092456 0.226621 -5.213865
v 0.050493 0.212570 -5.044426
v 0.271748 0.206535 -5.025677
v 0.441699 0.212049 -5.168602
v 0.460794 0.225883 -5.389476
v 0.184169 0.226252 -5.301671
v -0.073363 0.240455 -5.434740
v -0.092456 0.226621 -5.213865
v 0.096590 0.245969 -5.577664
v 0.441699 0.212049 -5.168602
v 0.271748 0.206535 -5.025677
v 0.050493 0.212570 -5.044426
v 0.317844 0.239934 -5.558915
v 0.460794 0.225883 -5.389476
v 0.045679 -0.008148 -5.058667
v -0.097271 0.005902 -5.228106
v 0.091775 0.025251 -5.591905
v 0.313030 0.019215 -5.573156
v -0.078178 0.019736 -5.448981
v 0.266933 -0.014184 -5.039917
v 0.455979 0.005165 -5.403717
v 0.436885 -0.008670 -5.182843
v 1.804846 1.971999 0.688131
v 1.758848 2.025041 0.662405
v 1.735911 1.958684 0.662405
v 1.901068 1.789947 -3.528641
v 1.857960 1.837521 -3.502329
v 1.835023 1.771165 -3.502329
v 1.616296 1.827987 -3.846259
v 1.606909 1.870341 -3.782385
v 1.583972 1.803985 -3.782385
v 1.356568 1.917766 -3.851944
v 1.365676 1.951760 -3.784595
v 1.341649 1.887465 -3.784816
v 1.207460 2.141352 0.952005
v 1.221289 2.173715 1.019354
v 1.230397 2.207708 0.952005
v 1.472902 2.123883 0.949538
v 1.481017 2.083935 1.013669
v 1.449965 2.057526 0.949538
v 1.751841 1.990321 -0.254381
v 1.233183 2.203470 -0.310605
v 1.762298 2.020572 -0.312855
v 1.224879 2.172474 -0.249197
v 1.212269 2.142966 -0.310605
v 1.741384 1.960069 -0.312855
v 1.751626 2.123670 -2.591157
v 1.226184 2.056343 -2.739458
v 1.763492 2.138670 -2.653229
v 1.212283 2.044945 -2.676077
v 1.231736 1.994833 -2.723527
v 1.769304 2.076975 -2.637168
v 0.013551 2.730204 3.849397
v -0.239381 2.720801 3.829091
v -0.439018 2.399497 4.602562
v -0.461051 2.282714 4.627595
v -0.313004 2.159842 4.456287
v -0.717541 1.469128 9.692766
v -0.781667 1.321743 9.655305
v -0.776296 1.127062 9.618099
v -0.357067 1.333273 9.715424
v -0.402110 1.178695 9.679161
v -0.518122 1.029761 9.634325
v 0.181142 2.914403 3.908134
v -0.507812 1.696019 9.765567
v -0.372112 1.644876 9.774096
v -0.460749 1.707370 9.774193
v -0.400665 1.684725 9.777969
v -0.725902 1.038469 9.607702
v -0.620599 0.998783 9.614321
v -0.431833 1.696472 9.776011
v -0.264700 2.082453 4.540644
v 0.268237 1.881600 4.574141
v -0.761822 1.399650 9.979537
v -0.927743 0.962183 9.996222
v -0.407001 1.265925 10.001837
v -0.572922 0.828458 10.018524
v -0.628035 1.791173 10.198620
v -0.273214 1.657448 10.220922
v -0.431132 1.767561 10.159004
v -0.753865 0.874886 9.941057
v -0.015918 3.180007 12.022226
v -0.582041 2.057170 11.061836
v -0.711113 1.931113 11.019678
v -0.693214 1.749666 10.986759
v -0.521213 1.667839 10.994257
v -0.338393 1.615941 11.009060
v -0.209321 1.741998 11.051217
v -0.227220 1.923445 11.084137
v -0.043460 3.150866 12.285694
v -0.682158 1.860371 11.474670
v -0.792661 1.770815 11.355945
v -0.756194 1.625867 11.246458
v -0.582386 1.547592 11.246504
v -0.401373 1.492142 11.268761
v -0.290869 1.581700 11.387484
v -0.327337 1.726646 11.496972
v -0.654811 1.447750 11.800121
v -0.835755 1.494178 11.722656
v -0.917771 1.472539 11.557936
v -0.852816 1.395509 11.402456
v -0.676236 1.323844 11.398026
v -0.497995 1.261784 11.424757
v -0.415979 1.283423 11.589475
v -0.480934 1.360453 11.744957
v -0.833480 0.976674 11.818090
v -1.001676 1.056710 11.739342
v -1.052919 1.116207 11.571527
v -0.957191 1.120315 11.412952
v -0.777615 1.056547 11.408219
v -0.602370 0.986590 11.435253
v -0.551127 0.927092 11.603066
v -0.646855 0.922985 11.761642
v -0.977543 0.555075 11.582175
v -1.135463 0.665188 11.520258
v -1.161892 0.797302 11.393077
v -1.041351 0.874024 11.275135
v -0.859360 0.817323 11.274359
v -0.686530 0.740299 11.297436
v -0.660100 0.608186 11.424616
v -0.780642 0.531463 11.542559
v -1.201267 0.424520 11.124108
v -1.215492 0.601270 11.070400
v -1.082746 0.722628 11.025932
v -0.899567 0.670272 11.032307
v -0.727925 0.588903 11.048235
v -0.713700 0.412154 11.101939
v -0.846446 0.290795 11.146410
v -1.199356 0.580638 10.689960
v -1.070284 0.706695 10.732118
v -0.887463 0.654797 10.746923
v -0.715463 0.572970 10.754419
v -0.697564 0.391523 10.721498
v -0.919262 0.480560 10.208092
v -1.081340 0.595990 10.244205
v -1.117808 0.740937 10.353693
v -1.007304 0.830493 10.472420
v -0.826290 0.775043 10.494677
v -0.652483 0.696769 10.494720
v -0.616015 0.551822 10.385233
v -0.726519 0.462265 10.266506
v -0.992698 1.039213 10.151703
v -0.910682 1.060852 10.316422
v -0.732441 0.998791 10.343155
v -0.555861 0.927127 10.338723
v -0.490906 0.850098 10.183242
v -0.857550 1.395543 10.138113
v -0.806307 1.336045 10.305925
v -0.631061 1.266087 10.332960
v -0.451486 1.202321 10.328226
v -0.355758 1.206428 10.169651
v -0.748576 1.714450 10.316563
v -0.722147 1.582338 10.443743
v -0.549316 1.505312 10.466822
v -0.367326 1.448613 10.466043
v -0.246784 1.525335 10.348103
v -0.021569 3.117336 11.736348
v -0.562230 2.031841 10.594769
v -0.694977 1.910483 10.639238
v -0.680752 1.733733 10.692945
v -0.509109 1.652362 10.708874
v -0.325931 1.600008 10.715246
v -0.193184 1.721367 10.670776
v -0.207409 1.898116 10.617071
v -0.074859 2.935501 11.493872
v -0.110602 3.143327 12.002174
v 0.032716 3.089314 12.011182
v -0.132548 3.126310 12.249298
v 0.010770 3.072297 12.258304
v -0.080387 3.083161 12.467241
v -0.115680 3.085598 11.736805
v 0.027638 3.031585 11.745813
v -0.662313 1.526377 8.460402
v -0.512999 1.781825 7.616499
v -0.514383 1.737886 7.375039
v -0.573592 1.614226 7.575577
v -2.046308 2.062612 8.313475
v -1.911247 2.297680 7.574145
v -1.912631 2.253742 7.332687
v -1.971840 2.130081 7.533226
v -2.045686 2.249653 7.546463
v -0.583333 1.660303 8.006864
v -0.613429 1.576616 7.983875
v 0.747284 2.348948 3.891105
v 0.599880 2.007957 4.667859
v 0.552572 2.774418 3.931479
v 0.442474 2.818048 4.057927
v -0.388941 1.033961 10.903853
v -0.489582 1.031652 11.062340
v -0.440216 1.158819 11.039438
v -0.405731 1.231563 10.926961
v -0.406326 1.207274 10.790791
v -0.441654 1.100178 10.710695
v -0.491020 0.973011 10.733595
v -0.525506 0.900267 10.846075
v -0.524910 0.924556 10.982244
v -0.676409 1.102063 11.050597
v -0.627043 1.229230 11.027697
v -0.592558 1.301974 10.915218
v -0.593153 1.277685 10.779047
v -0.628481 1.170589 10.698954
v -0.677847 1.043423 10.721852
v -0.712333 0.970678 10.834332
v -0.711737 0.994967 10.970501
v -0.652445 1.136326 10.874775
v -0.426785 1.151470 10.781679
v -0.469132 1.034338 10.753082
v -0.389711 1.147893 10.170376
v -0.347364 1.265024 10.198973
v -0.426444 1.294827 10.194003
v -0.505864 1.181273 10.776709
v -0.548211 1.064142 10.748112
v -0.468791 1.177696 10.165406
v -0.461772 1.187732 10.113909
v -1.971840 2.130081 7.533226
v -1.912631 2.253742 7.332687
v -1.912631 2.253742 7.332687
v -0.514383 1.737886 7.375039
v -0.662313 1.526377 8.460402
v -0.711113 1.931113 11.019678
v -0.792661 1.770815 11.355945
v -1.117808 0.740937 10.353693
v -1.199356 0.580638 10.689960
v -0.992698 1.039213 10.151703
v -0.857550 1.395543 10.138113
v -0.682158 1.860371 11.474670
v -0.582041 2.057170 11.061836
v -0.562230 2.031841 10.594769
v -0.761822 1.399650 9.979537
v -0.781667 1.321743 9.655305
v -0.781667 1.321743 9.655305
v -0.781667 1.321743 9.655305
v -0.776296 1.127062 9.618099
v -0.654811 1.447750 11.800121
v -0.431132 1.767561 10.159004
v -0.725902 1.038469 9.607702
v -0.507812 1.696019 9.765567
v -0.460749 1.707370 9.774193
v 0.358260 2.850979 4.095980
v 0.278016 2.880029 4.047590
v -0.431833 1.696472 9.776011
v -0.620599 0.998783 9.614321
v -0.400665 1.684725 9.777969
v -0.592558 1.301974 10.915218
v -0.593153 1.277685 10.779047
v -0.372112 1.644876 9.774096
v -0.677847 1.043423 10.721852
v -0.628481 1.170589 10.698954
v -0.780642 0.531463 11.542559
v -0.977543 0.555075 11.582175
v -0.518122 1.029761 9.634325
v -0.327337 1.726646 11.496972
v -0.227220 1.923445 11.084137
v -0.207409 1.898116 10.617071
v -0.525506 0.900267 10.846075
v -0.524910 0.924556 10.982244
v -0.440216 1.158819 11.039438
v -0.405731 1.231563 10.926961
v -0.548211 1.064142 10.748112
v -0.389711 1.147893 10.170376
v -0.426444 1.294827 10.194003
v -0.505864 1.181273 10.776709
v -0.426785 1.151470 10.781679
v -0.846446 0.290795 11.146410
v -0.826636 0.265467 10.679342
v -0.469132 1.034338 10.753082
v -0.415979 1.283423 11.589475
v -0.551127 0.927092 11.603066
v -0.290869 1.581700 11.387484
v -0.713700 0.412154 11.101939
v -0.660100 0.608186 11.424616
v -0.209321 1.741998 11.051217
v -0.193184 1.721367 10.670776
v -0.490906 0.850098 10.183242
v -0.616015 0.551822 10.385233
v -0.246784 1.525335 10.348103
v -0.355758 1.206428 10.169651
v -0.491020 0.973011 10.733595
v -0.441654 1.100178 10.710695
v -0.406326 1.207274 10.790791
v 0.562753 2.523221 3.883915
v 0.562753 2.523221 3.883915
v 0.747284 2.348948 3.891105
v -2.046308 2.062612 8.313475
v -2.046308 2.062612 8.313475
v -2.045686 2.249653 7.546463
v -0.461051 2.282714 4.627595
v -0.239381 2.720801 3.829091
v 0.013551 2.730204 3.849397
v -0.717541 1.469128 9.692766
v -0.717541 1.469128 9.692766
v -0.717541 1.469128 9.692766
v -0.717541 1.469128 9.692766
v -0.917771 1.472539 11.557936
v -1.052919 1.116207 11.571527
v -1.161892 0.797302 11.393077
v -1.215492 0.601270 11.070400
v -0.694977 1.910483 10.639238
v -0.748576 1.714450 10.316563
v -1.181457 0.399192 10.657041
v -0.711737 0.994967 10.970501
v -0.676409 1.102063 11.050597
v -0.627043 1.229230 11.027697
v -0.712333 0.970678 10.834332
v -0.357067 1.333273 9.715424
v -0.357067 1.333273 9.715424
v -0.357067 1.333273 9.715424
v -0.357067 1.333273 9.715424
v -0.402110 1.178695 9.679161
v -0.402110 1.178695 9.679161
v -0.402110 1.178695 9.679161
v -0.489582 1.031652 11.062340
v -0.407001 1.265925 10.001837
v -0.347364 1.265024 10.198973
v 0.364387 1.904547 4.498862
v -0.697564 0.391523 10.721498
v 0.536741 1.906666 4.690308
v 0.536741 1.906666 4.690308
v 0.240978 2.106949 5.923915
v 0.287447 1.699428 5.858721
v 0.134323 1.676496 5.837643
v 0.219108 2.393220 5.976711
v 0.235715 2.215955 5.944440
v 0.357266 1.807166 5.881258
v 0.047938 1.662792 5.823355
v 0.315567 1.735171 5.865578
v 0.107230 2.465217 5.975411
v 0.107582 1.668396 5.832566
v 0.159566 2.437772 5.977235
v 0.315568 1.735172 5.865576
v 0.240978 2.106949 5.923915
v 0.347893 1.942309 5.902334
v 0.362817 1.995352 5.918773
v 0.229096 2.379279 5.975360
v 0.362817 1.995352 5.918774
v -1.617283 0.103989 11.283074
v -1.666923 0.076376 11.044539
v -1.018197 0.631523 10.674105
v -0.840840 0.295639 10.676076
v -1.520906 0.155926 11.461571
v -1.602169 0.200985 11.269230
v -1.528594 0.061646 11.270048
v -1.643181 0.178031 11.048041
v -1.569605 0.038692 11.048859
v -1.661225 0.078006 10.809582
v -0.819661 0.527064 11.607606
v -0.867906 0.284090 11.143324
v -1.045264 0.619974 11.141352
v -0.740033 0.561039 10.232994
v -0.201315 1.358063 8.573465
v 0.068862 1.487103 7.730806
v 0.032771 1.471287 7.488562
v -0.092436 1.412253 7.688190
v 0.439973 0.013027 8.508643
v 0.687597 0.131158 7.770514
v 0.651505 0.115342 7.528270
v 0.526299 0.056307 7.727899
v 0.650519 -0.007647 7.748027
v -0.059369 1.425900 8.120563
v -0.139841 1.388567 8.096725
v -0.201315 1.358063 8.573465
v 0.032771 1.471287 7.488562
v 0.439973 0.013027 8.508643
v 0.439973 0.013027 8.508643
v 0.526299 0.056307 7.727899
v 0.651505 0.115342 7.528270
v 0.651505 0.115342 7.528270
v 0.650519 -0.007647 7.748027
v 0.904961 2.570345 1.460073
v 0.989546 2.589963 1.361618
v 1.035706 2.309748 0.211050
v 1.646356 2.942251 2.375715
v 1.230360 3.355148 2.269342
v 1.223151 2.775330 2.405760
v 1.469821 2.773629 2.411565
v 1.868991 2.632271 1.436426
v 1.874007 3.035810 1.341482
v 1.584485 3.323176 1.267450
v 1.170022 3.326034 1.257695
v 0.873404 3.042710 1.317933
v 0.868387 2.639170 1.412875
v 1.157909 2.351805 1.486909
v 1.572372 2.348947 1.496663
v 1.928776 2.308185 0.118159
v 1.934104 2.736710 0.017339
v 1.626656 3.041869 -0.061279
v 1.186531 3.044904 -0.071637
v 0.871548 2.744037 -0.007670
v 0.866220 2.315512 0.093152
v 1.173668 2.010354 0.171769
v 1.613793 2.007319 0.182127
v 1.636880 2.238505 -0.757637
v 1.639079 2.415502 -0.799280
v 1.512093 2.541543 -0.831751
v 1.200207 2.418527 -0.809610
v 1.198006 2.241532 -0.767967
v 1.324993 2.115490 -0.735494
v 1.033149 2.524971 1.473570
v 0.718885 2.758467 1.617794
v 0.696985 2.925583 2.380663
v 1.343682 3.133288 2.632959
v 1.670003 3.103804 3.136747
v 1.673394 3.376576 3.072570
v 1.477693 3.570821 3.022528
v 1.197536 3.572753 3.015934
v 0.997037 3.381240 3.056652
v 0.993646 3.108468 3.120830
v 1.189349 2.914223 3.170871
v 1.469504 2.912291 3.177464
v 1.649341 3.182420 2.319209
v 1.477030 3.353447 2.275146
v 1.053826 3.186526 2.305191
v 1.050840 2.946357 2.361699
v 1.330306 2.542796 -0.836030
v 1.506780 2.114237 -0.731216
v 1.186531 3.044904 -0.071637
v 1.186531 3.044904 -0.071637
v 0.871548 2.744037 -0.007670
v 0.871548 2.744037 -0.007670
v 0.866220 2.315512 0.093152
v 0.866220 2.315512 0.093152
v 1.198006 2.241532 -0.767967
v 1.198006 2.241532 -0.767967
v 1.324993 2.115490 -0.735494
v 1.324993 2.115490 -0.735494
v 1.626656 3.041869 -0.061279
v 1.626656 3.041869 -0.061279
v 1.512093 2.541543 -0.831751
v 1.512093 2.541543 -0.831751
v 1.469821 2.773629 2.411565
v 1.223151 2.775330 2.405760
v 1.636880 2.238505 -0.757637
v 1.636880 2.238505 -0.757637
v 1.639079 2.415502 -0.799280
v 1.639079 2.415502 -0.799280
v 1.646356 2.942251 2.375715
v 1.928776 2.308185 0.118159
v 1.928776 2.308185 0.118159
v 1.934104 2.736710 0.017339
v 1.934104 2.736710 0.017339
v 0.997037 3.381240 3.056652
v 0.997037 3.381240 3.056652
v 1.197536 3.572753 3.015934
v 1.197536 3.572753 3.015934
v 1.053826 3.186526 2.305191
v 1.050840 2.946357 2.361699
v 0.993646 3.108468 3.120830
v 0.993646 3.108468 3.120830
v 1.343682 3.133288 2.632959
v 1.343682 3.133288 2.632959
v 1.343682 3.133288 2.632959
v 1.343682 3.133288 2.632959
v 1.343682 3.133288 2.632959
v 1.343682 3.133288 2.632959
v 1.343682 3.133288 2.632959
v 1.189349 2.914223 3.170871
v 1.189349 2.914223 3.170871
v 1.477693 3.570821 3.022528
v 1.477693 3.570821 3.022528
v 1.477693 3.570821 3.022528
v 1.649341 3.182420 2.319209
v 1.477030 3.353447 2.275146
v 1.477030 3.353447 2.275146
v 1.670003 3.103804 3.136747
v 1.670003 3.103804 3.136747
v 1.673394 3.376576 3.072570
v 1.673394 3.376576 3.072570
v 0.720182 2.409120 0.148898
v 1.200207 2.418527 -0.809610
v 1.200207 2.418527 -0.809610
v 1.230360 3.355148 2.269342
v 1.330306 2.542796 -0.836030
v 1.330306 2.542796 -0.836030
v 1.173668 2.010354 0.171769
v 1.173668 2.010354 0.171769
v 1.506780 2.114237 -0.731216
v 1.506780 2.114237 -0.731216
v 1.613793 2.007319 0.182127
v 1.613793 2.007319 0.182127
v 1.469504 2.912291 3.177464
v 1.469504 2.912291 3.177464
v 1.971248 0.686951 1.006496
v 2.025217 0.530693 -2.772074
v 1.741567 0.864209 0.995929
v 1.793797 0.684244 -2.770699
v 2.147571 0.096161 1.041717
v 2.183119 0.102273 -2.779466
v 2.175029 0.240414 1.033117
v 2.178055 0.386519 -2.781424
v 2.212281 0.231505 -2.784124
v 2.134123 0.454306 1.020366
v -5.640619 0.234543 6.305323
v -6.027847 -0.029620 5.768174
v -5.455271 0.436579 5.599243
v -0.838795 2.519784 -1.780436
v -0.838795 2.519784 -1.780436
v -6.027847 -0.029620 5.768174
v -6.027847 -0.029620 5.768174
v -5.455271 0.436579 5.599243
v -5.455271 0.436579 5.599243
v -5.640619 0.234543 6.305323
v -5.640619 0.234543 6.305323
v -0.697027 2.680084 -1.140404
v -0.697027 2.680084 -1.140404
v -0.984654 2.708719 -1.305135
v -0.984654 2.708719 -1.305135
v -2.504152 2.034626 0.048725
v -2.579427 2.087742 -0.001430
v -2.617023 2.091337 -0.075129
v -2.715962 1.921544 -0.362370
v -2.699176 1.974906 -0.263857
v -2.617023 2.091337 -0.075129
v -2.461787 2.077528 0.218694
v -2.734240 1.923518 -0.347251
v -2.473315 2.078836 0.228505
v -1.470120 2.635644 1.522555
v -1.662314 2.273479 0.158423
v -1.493835 1.923431 0.365566
v -1.628776 2.965282 1.327489
v -1.387314 0.955560 -5.294167
v -1.361433 1.052211 -5.133930
v -1.367529 1.413877 -5.032258
v -1.758760 1.052211 -4.299520
v -1.749349 0.820896 -4.355011
v -1.779816 1.542503 -4.299554
v 0.731021 3.777040 0.256909
v 0.401660 3.989407 0.806323
v 8.056682 -0.034210 1.074935
v 8.018345 0.049367 1.781902
v 0.851272 3.851056 0.558151
v 7.419669 0.254548 1.365718
v 8.018345 0.049367 1.781902
v 8.018345 0.049367 1.781902
v 0.401660 3.989407 0.806323
v 0.401660 3.989407 0.806323
v 8.056682 -0.034210 1.074935
v 8.056682 -0.034210 1.074935
v 0.851272 3.851056 0.558151
v 0.851272 3.851056 0.558151
v 0.731021 3.777040 0.256909
v 0.731021 3.777040 0.256909
v 7.419669 0.254548 1.365718
v 7.419669 0.254548 1.365718
v 3.358628 2.077272 0.738618
v 3.557008 2.099834 1.396736
v 3.427990 2.135632 0.919438
v 3.360959 2.076741 0.738785
v 3.488863 2.178641 1.056903
v 3.448088 2.087066 1.031225
v 3.519587 2.141253 1.221173
v 3.488863 2.178641 1.056903
v 3.553681 2.100587 1.396448
vn -0.9623 -0.2719 -0.0011
vn -0.9753 0.2183 0.0329
vn -0.9288 0.3232 -0.1814
vn -0.9451 -0.2686 -0.1864
vn -0.9349 -0.3288 0.1338
vn -0.6632 0.7331 -0.1508
vn -0.8962 -0.4435 -0.0138
vn -0.8565 0.1953 -0.4778
vn -0.9894 0.1108 0.0938
vn -0.8321 0.5543 0.0198
vn -0.7610 -0.6156 -0.2046
vn -0.8280 -0.3570 -0.4323
vn -0.7533 -0.6308 0.1860
vn -0.6156 0.7080 -0.3460
vn -0.8514 0.5181 0.0817
vn -0.9014 -0.3229 0.2886
vn -0.6668 -0.6506 -0.3634
vn -0.6855 -0.6749 0.2730
vn -0.9038 0.2979 0.3072
vn -0.5362 0.8407 -0.0751
vn -0.5970 0.8020 -0.0181
vn -0.5914 -0.7997 -0.1039
vn -0.5743 -0.8174 -0.0443
vn -0.6008 -0.7727 0.2048
vn -0.5947 -0.7299 0.3371
vn -0.5274 -0.7586 -0.3827
vn -0.5521 0.8308 0.0701
vn -0.8091 -0.2138 -0.5474
vn -0.8883 0.1194 -0.4436
vn -0.4804 -0.7301 0.4859
vn -0.3941 -0.8306 0.3934
vn -0.7239 -0.6088 -0.3244
vn -0.6227 0.7580 0.1940
vn -0.9415 -0.2259 -0.2501
vn -0.7069 0.7069 0.0247
vn -0.7017 -0.7122 0.0173
vn -0.8044 -0.2176 0.5529
vn -0.8255 -0.5059 -0.2501
vn -0.9227 0.3855 0.0094
vn -0.9998 0.0075 0.0173
vn -0.3167 -0.8982 0.3048
vn -0.7734 0.6340 0.0014
vn 0.0211 0.0087 0.9997
vn -0.7021 0.7021 0.1183
vn -0.9763 -0.0000 0.2163
vn -0.8687 -0.3598 -0.3403
vn -0.9798 0.1652 -0.1123
vn -0.6904 -0.6904 0.2163
vn -0.8687 0.3598 -0.3403
vn -0.8688 0.3598 -0.3403
vn -0.7773 0.6268 0.0535
vn -0.2918 -0.9564 -0.0087
vn -0.5203 -0.8515 -0.0652
vn -0.8560 0.0063 -0.5170
vn -0.8528 0.1985 -0.4831
vn -0.8636 0.1856 -0.4687
vn -0.9831 0.1829 0.0020
vn -0.6904 0.6904 0.2163
vn -0.1072 -0.9252 0.3641
vn -0.8947 0.0717 -0.4408
vn -0.9065 -0.1904 -0.3768
vn -0.9829 0.1842 0.0058
vn -0.8165 0.2819 -0.5039
vn -0.8281 0.3221 -0.4588
vn -0.9890 0.1419 0.0413
vn -0.9020 -0.2304 -0.3650
vn -0.8190 0.5637 0.1072
vn -0.9901 -0.0716 -0.1209
vn -0.9874 0.1001 -0.1222
vn -0.9895 0.0857 -0.1163
vn -0.0000 -0.9930 0.1183
vn -0.0000 0.9997 0.0247
vn -0.9863 -0.1170 -0.1160
vn -0.9368 0.0421 0.3472
vn -0.8579 -0.0747 0.5084
vn -0.8276 -0.2235 0.5150
vn -0.8548 -0.1361 0.5008
vn -0.9255 0.2730 -0.2625
vn -0.8451 -0.3705 -0.3853
vn -0.9115 -0.3913 -0.1269
vn -0.9572 0.2374 -0.1655
vn -0.0273 0.2288 -0.9731
vn 0.0146 0.2498 -0.9682
vn 0.0098 0.2513 -0.9679
vn -0.8471 -0.0085 0.5314
vn -0.8537 -0.0695 0.5161
vn -0.6694 -0.5637 0.4838
vn -0.9387 0.3438 -0.0257
vn -0.0331 0.2289 -0.9729
vn -0.9280 -0.3426 -0.1467
vn -0.0730 0.1766 -0.9816
vn -0.7807 -0.4942 0.3824
vn -0.9291 0.3315 -0.1639
vn -0.9032 0.3511 -0.2469
vn -0.9476 0.3195 0.0029
vn -0.8410 0.0097 0.5410
vn -0.8519 -0.0175 0.5234
vn -0.7759 -0.4929 0.3937
vn 0.0727 0.2566 -0.9638
vn 0.0681 0.2578 -0.9638
vn -0.8307 -0.3786 -0.4083
vn -0.0000 -0.9763 0.2163
vn -0.0000 0.9930 0.1183
vn -0.9921 0.0925 0.0844
vn -0.3598 -0.8687 -0.3403
vn -0.3599 -0.8687 -0.3403
vn -0.3598 0.8687 -0.3403
vn -0.8016 0.3512 -0.4838
vn -0.8387 -0.0380 0.5433
vn -0.0952 0.1728 -0.9804
vn -0.8174 -0.5715 -0.0729
vn -0.7434 0.3148 -0.5901
vn -0.7156 0.6948 -0.0718
vn -0.8117 0.5795 -0.0735
vn -0.8095 0.5825 -0.0735
vn -0.7989 0.3509 -0.4885
vn -0.6630 -0.6276 0.4082
vn -0.9542 0.2976 0.0306
vn -0.5348 0.7538 -0.3818
vn -0.5781 0.7716 -0.2655
vn -0.5842 0.7665 -0.2668
vn -0.0949 -0.0882 -0.9916
vn -0.2655 -0.9359 -0.2314
vn -0.2653 -0.9361 -0.2311
vn -0.2653 -0.9360 -0.2312
vn -0.8867 0.4118 -0.2103
vn -0.9617 0.2639 0.0748
vn -0.8278 -0.5569 -0.0680
vn -0.6617 -0.5904 0.4621
vn -0.8463 -0.0531 0.5300
vn -0.0000 -0.9997 0.0247
vn -0.6779 0.4059 -0.6129
vn -0.7061 0.7045 -0.0716
vn -0.9440 -0.1934 0.2674
vn -0.1752 0.5068 -0.8441
vn -0.4012 0.5334 -0.7447
vn -0.3850 0.5325 -0.7538
vn -0.5466 0.7485 -0.3755
vn -0.1248 -0.1099 -0.9861
vn -0.8753 0.4831 -0.0202
vn -0.9137 0.3852 -0.1295
vn -0.9187 0.3950 0.0039
vn -0.8524 0.5229 0.0008
vn -0.5951 -0.8026 -0.0410
vn -0.0000 0.9763 0.2163
vn -0.9611 0.0427 0.2729
vn -0.9842 -0.1669 0.0585
vn -0.9920 -0.0916 -0.0874
vn -0.1690 0.5057 -0.8460
vn -0.8981 0.4385 0.0337
vn -0.8478 -0.0520 0.5277
vn -0.9806 0.0905 0.1738
vn -0.9581 0.0851 -0.2736
vn -0.1279 -0.2310 -0.9645
vn -0.9056 0.4066 -0.1207
vn -0.8426 -0.5343 -0.0672
vn -0.9196 -0.3819 -0.0921
vn -0.9063 -0.4136 -0.0873
vn -0.9518 0.2485 0.1800
vn -0.9504 0.2013 0.2371
vn 0.9838 -0.1791 -0.0009
vn 0.9972 -0.0748 -0.0068
vn 0.9909 -0.1349 -0.0005
vn -0.8383 -0.5413 -0.0659
vn -0.8455 -0.3392 0.4125
vn -0.5748 -0.7026 0.4195
vn -0.5160 -0.7308 0.4468
vn -0.5193 -0.7296 0.4450
vn -0.5865 0.4884 -0.6462
vn -0.5845 0.8114 -0.0000
vn -0.6274 0.7787 -0.0023
vn 0.9370 0.3167 0.1476
vn 0.9827 0.1691 0.0757
vn 0.9812 0.1772 0.0764
vn -0.5820 -0.6948 0.4225
vn -0.5448 0.5185 -0.6590
vn -0.2600 0.3254 -0.9091
vn -0.3236 0.3437 -0.8816
vn -0.3320 0.3139 -0.8895
vn -0.8708 0.1023 0.4808
vn -0.8942 0.1949 0.4031
vn -0.8497 0.5219 0.0748
vn 0.9856 -0.1690 -0.0000
vn -0.5846 0.8113 0.0006
vn -0.2200 0.3267 -0.9191
vn -0.1449 -0.1924 -0.9706
vn -0.7330 0.6784 0.0496
vn -0.8834 0.2863 0.3710
vn 0.9387 0.3175 0.1343
vn -0.8612 0.4558 -0.2249
vn 0.0992 0.9658 0.2395
vn 0.0177 0.9963 0.0845
vn 0.0665 0.9894 0.1293
vn 0.8965 0.3426 0.2810
vn -0.7105 0.5487 -0.4405
vn -0.4539 0.5648 -0.6892
vn -0.5312 -0.7608 0.3730
vn -0.3130 -0.9494 0.0257
vn -0.4889 -0.7911 0.3676
vn -0.5692 -0.7190 -0.3989
vn -0.7458 -0.5579 -0.3639
vn -0.7237 -0.5959 -0.3481
vn -0.3010 0.7980 -0.5221
vn 0.9071 0.3328 0.2576
vn -0.5358 0.8395 0.0905
vn -0.9374 -0.0154 0.3479
vn -0.8368 0.5127 0.1919
vn 0.9060 -0.4233 -0.0000
vn -0.5401 -0.7291 -0.4204
vn -0.5681 0.6385 -0.5193
vn 0.3598 0.8687 -0.3403
vn 0.3599 0.8687 -0.3403
vn 0.7560 0.3796 0.5333
vn -0.7199 0.5518 -0.4211
vn -0.0013 -0.8391 0.5440
vn 0.0354 -0.0688 -0.9970
vn 0.6904 -0.6904 0.2163
vn 0.9410 -0.3383 -0.0000
vn -0.3845 -0.8450 0.3717
vn 0.8071 0.3486 0.4766
vn -0.3049 0.9520 0.0258
vn 0.2405 0.8247 -0.5119
vn -0.2139 0.9768 -0.0000
vn -0.3724 -0.8362 0.4027
vn -0.2035 0.9791 -0.0052
vn 0.6724 -0.7334 0.1001
vn -0.0233 0.6880 0.7254
vn -0.1248 0.7422 0.6585
vn -0.0978 0.3755 -0.9216
vn -0.5015 0.8444 0.1885
vn -0.4343 0.6990 -0.5681
vn -0.6669 0.4518 -0.5926
vn -0.2174 -0.9746 -0.0545
vn 0.1486 0.9580 0.2455
vn 0.7021 -0.7021 0.1183
vn 0.7021 0.7021 0.1183
vn -0.0000 -0.8479 0.5301
vn -0.8467 -0.2438 0.4730
vn 0.3598 -0.8687 -0.3403
vn 0.7069 0.7069 0.0247
vn -0.8946 0.1221 0.4299
vn -0.4994 0.3192 -0.8054
vn -0.3389 -0.7747 -0.5339
vn -0.3663 0.6635 -0.6524
vn -0.3718 0.7759 -0.5097
vn -0.6974 0.7056 -0.1256
vn 0.1426 -0.1022 -0.9845
vn 0.7738 -0.6334 -0.0000
vn 0.5956 0.7663 -0.2409
vn 0.4204 0.4136 0.8076
vn -0.6170 0.0374 -0.7860
vn -0.7480 0.0367 -0.6627
vn -0.4431 -0.7323 0.5171
vn -0.0744 0.3799 -0.9220
vn 0.3599 -0.8687 -0.3403
vn -0.2428 0.9700 -0.0115
vn 0.8178 -0.5755 -0.0000
vn 0.6904 0.6904 0.2163
vn -0.6222 0.4677 0.6278
vn -0.2427 -0.7973 -0.5526
vn -0.4414 0.8869 0.1364
vn -0.4311 -0.7348 0.5236
vn -0.7516 -0.2092 0.6256
vn -0.4537 0.6399 -0.6203
vn 0.5337 0.3662 0.7623
vn -0.5295 0.4902 -0.6924
vn -0.7117 -0.4954 -0.4980
vn 0.7069 -0.7069 0.0247
vn 0.5864 -0.8100 -0.0000
vn 0.8687 0.3598 -0.3403
vn 0.6437 -0.7653 -0.0000
vn -0.4911 0.0208 0.8709
vn 0.9763 -0.0000 0.2163
vn -0.1048 -0.9927 0.0595
vn 0.8687 -0.3598 -0.3403
vn -0.1895 0.9522 0.2395
vn -0.0222 0.3791 -0.9251
vn 0.2350 0.4358 0.8688
vn -0.1886 0.7120 -0.6764
vn -0.0264 0.9996 0.0025
vn -0.1580 0.9873 -0.0145
vn -0.4833 -0.6810 0.5501
vn -0.6270 -0.4571 -0.6309
vn 0.2582 -0.9661 -0.0000
vn 0.9930 -0.0000 0.1183
vn 0.2400 -0.2015 -0.9496
vn -0.6123 -0.6284 -0.4798
vn -0.5438 0.8230 0.1641
vn -0.2029 0.7299 0.6528
vn 0.3319 -0.9433 -0.0000
vn 0.2398 0.4290 0.8709
vn -0.0216 0.3803 -0.9246
vn -0.4969 -0.6583 0.5654
vn 0.0333 0.9622 0.2703
vn -0.1175 0.8394 -0.5306
vn -0.1707 0.6423 -0.7472
vn -0.1142 -0.7752 -0.6213
vn -0.1578 0.9875 0.0067
vn -0.9685 0.2127 -0.1295
vn -0.9663 0.2379 -0.0986
vn -0.9672 0.2376 -0.0897
vn -0.0000 -0.4539 0.8911
vn -0.9701 0.2107 -0.1202
vn -0.9604 0.2772 -0.0277
vn -0.9609 0.2753 -0.0298
vn 0.9997 -0.0000 0.0247
vn -0.2294 0.5205 -0.8225
vn -0.9591 0.2832 -0.0000
vn -0.1316 0.7091 -0.6927
vn -0.4526 0.2914 0.8428
vn -0.2675 0.0597 -0.9617
vn 0.0319 -0.9782 -0.2051
vn -0.5902 0.7938 0.1464
vn -0.2803 -0.3778 -0.8825
vn -0.2332 -0.9724 -0.0000
vn -0.0155 0.9999 0.0026
vn -0.1295 0.7326 -0.6682
vn -0.1260 0.8851 -0.4480
vn 0.2393 -0.2040 -0.9493
vn -1.0000 -0.0000 -0.0090
vn -0.9894 0.0231 0.1432
vn -0.9450 0.2688 0.1864
vn -0.9472 0.3203 0.0171
vn -0.0696 -0.7929 -0.6053
vn 0.0457 0.9598 0.2769
vn -0.4535 -0.6973 0.5551
vn -0.0874 0.8854 -0.4565
vn -0.0211 0.9919 -0.1255
vn -0.1363 0.8376 -0.5290
vn -0.1984 0.3611 -0.9112
vn -0.9983 0.0003 -0.0589
vn -0.0430 -0.9719 0.2313
vn -0.0185 -0.9954 0.0945
vn -0.0244 -0.9916 0.1272
vn -0.9475 0.3148 -0.0562
vn -0.5127 0.7800 0.3586
vn -0.1734 0.7877 -0.5911
vn -0.0277 0.9994 -0.0228
vn -0.0229 -0.9997 -0.0017
vn -0.0496 -0.9986 0.0200
vn -0.0137 -0.9999 -0.0092
vn -0.0323 -0.9975 -0.0627
vn 0.0032 -0.9642 -0.2651
vn -0.0115 -0.9861 -0.1659
vn -0.4623 0.8831 0.0801
vn -0.0280 0.9898 -0.1399
vn -0.4731 0.8809 -0.0129
vn -0.4529 -0.6953 0.5581
vn -0.2640 -0.6986 -0.6651
vn -0.1333 -0.9131 -0.3852
vn 0.0555 -0.9985 -0.0022
vn -0.0278 -0.9975 -0.0645
vn -0.1556 0.5113 0.8452
vn -0.8353 0.3878 0.3897
vn -0.9769 0.0941 -0.1917
vn -0.0277 0.9996 -0.0000
vn -1.0000 -0.0000 -0.0000
vn -0.9102 0.3755 -0.1747
vn -0.9973 0.0649 -0.0355
vn -0.9966 -0.0409 -0.0711
vn -0.9970 -0.0260 -0.0731
vn -0.9973 0.0721 -0.0101
vn -0.9956 0.0834 0.0431
vn -0.9956 0.0833 0.0430
vn 0.1030 -0.5794 0.8085
vn -0.0467 -0.9292 -0.3666
vn -0.1027 0.5823 -0.8065
vn 0.0422 0.9427 0.3310
vn 0.0351 0.9993 0.0129
vn 0.0410 0.9990 0.0155
vn 0.0250 0.9997 0.0084
vn 0.0421 0.9427 0.3310
vn -0.4305 0.7408 0.5157
vn 1.0000 -0.0000 -0.0000
vn 0.0095 0.0238 0.9997
vn 0.0212 0.0548 0.9983
vn 0.0043 0.0048 1.0000
vn -0.6367 0.4351 -0.6367
vn -0.9004 0.4351 -0.0000
vn -0.9044 0.3623 0.2251
vn -0.6367 0.4351 0.6367
vn -0.1384 -0.9904 -0.0031
vn -0.0000 -0.0000 1.0000
vn -0.0000 -0.0043 1.0000
vn -0.0000 0.9955 0.0949
vn -0.0486 -0.9957 0.0795
vn -0.0479 -0.9968 0.0639
vn -0.0000 0.9998 0.0205
vn -0.4713 0.8790 -0.0723
vn -0.0000 -0.8120 -0.5836
vn 0.2256 -0.8162 -0.5319
vn 0.2004 -0.7134 -0.6715
vn -0.0000 0.9365 0.3507
vn -0.0000 0.8532 -0.5215
vn -0.0000 0.7180 -0.6960
vn -0.0242 0.6649 -0.7465
vn -0.0816 -0.9807 -0.1775
vn -0.2125 -0.9705 -0.1140
vn -0.0342 -0.9658 -0.2570
vn -0.0328 0.5035 -0.8634
vn 0.0483 0.0721 -0.9962
vn 0.1288 -0.4202 -0.8982
vn -0.0000 0.7285 -0.6850
vn -0.0000 1.0000 -0.0084
vn -0.0000 0.8780 -0.4787
vn -0.4698 0.8828 0.0016
vn -0.2416 0.9704 0.0008
vn -0.2095 0.9628 -0.1709
vn -0.7590 0.3090 -0.5731
vn -0.4698 0.8828 -0.0000
vn -0.0000 0.9341 0.3571
vn -0.7313 0.5010 -0.4628
vn -0.0000 0.4351 -0.9004
vn -0.0000 0.4351 0.9004
vn -0.2122 0.9746 -0.0719
vn -0.3622 0.9321 -0.0000
vn -0.7364 -0.5351 -0.4139
vn -0.7438 -0.5574 0.3688
vn -0.8369 0.5473 0.0098
vn -0.8058 0.4325 -0.4045
vn -0.4638 0.8666 -0.1839
vn -0.0000 -1.0000 -0.0000
vn -0.0000 0.9321 0.3622
vn -0.0000 0.8539 -0.5205
vn -0.0000 -0.8127 -0.5827
vn -0.0000 0.3684 -0.9297
vn -0.0838 0.7801 -0.6200
vn -0.0000 0.9660 -0.2585
vn 0.1384 -0.9904 -0.0031
vn -0.0000 1.0000 -0.0000
vn 0.1191 -0.9213 -0.3701
vn -0.1725 0.9835 -0.0536
vn -0.0020 0.0376 -0.9993
vn -0.0000 0.4767 -0.8791
vn -0.0000 0.9004 -0.4351
vn -0.0000 0.6301 -0.7765
vn -0.0000 0.9730 -0.2307
vn 0.1013 -0.5322 0.8405
vn 0.1103 -0.8065 0.5809
vn -0.1786 0.8752 -0.4497
vn -0.0000 0.9852 -0.1717
vn -0.0000 0.8523 0.5231
vn -0.0892 -0.9002 0.4263
vn -0.1064 -0.9819 0.1569
vn 0.4305 0.7408 0.5157
vn 0.4638 0.8666 -0.1839
vn 0.7313 0.5010 -0.4628
vn 0.3622 0.9321 -0.0000
vn 0.2122 0.9746 -0.0719
vn 0.8300 -0.4726 0.2963
vn 0.6461 0.5855 -0.4896
vn 0.8051 -0.4113 -0.4273
vn 0.4713 0.8790 -0.0723
vn 0.0280 0.9898 -0.1399
vn 0.6367 0.4351 0.6367
vn -0.0555 -0.9985 -0.0022
vn 0.6367 0.4351 -0.6367
vn 0.7590 0.3090 -0.5731
vn 0.2416 0.9704 0.0008
vn 0.7111 0.6914 -0.1275
vn 0.2095 0.9628 -0.1709
vn 0.0874 0.8854 -0.4565
vn -0.0382 -0.9873 -0.1544
vn -0.0083 -0.9132 -0.4075
vn 0.2085 -0.7053 -0.6776
vn 0.0653 0.8485 -0.5252
vn 0.1920 0.1395 -0.9714
vn 0.2661 -0.2715 -0.9249
vn 0.0809 0.6009 -0.7952
vn 0.1295 0.7326 -0.6682
vn 0.0696 -0.7929 -0.6053
vn 0.1984 0.3611 -0.9112
vn 0.1363 0.8376 -0.5290
vn -0.0457 0.9598 0.2769
vn 0.2561 -0.6081 -0.7514
vn 0.4730 0.8809 -0.0129
vn 0.4623 0.8831 0.0801
vn 0.5127 0.7800 0.3586
vn 0.9102 0.3755 -0.1747
vn 0.4698 0.8828 -0.0000
vn 0.9769 0.0941 -0.1917
vn 0.4698 0.8828 0.0016
vn 0.1529 0.7108 -0.6865
vn 0.1316 0.7091 -0.6927
vn 0.1175 0.8395 -0.5306
vn -0.0333 0.9622 0.2703
vn 0.1142 -0.7752 -0.6213
vn 0.9450 0.2688 0.1864
vn 0.8353 0.3878 0.3897
vn 0.1382 -0.9808 -0.1377
vn 0.9004 0.4351 -0.0000
vn 0.9475 0.3148 -0.0562
vn 0.2332 -0.9724 -0.0000
vn 0.9894 0.0231 0.1432
vn 0.9044 0.3623 0.2251
vn 0.0264 0.9996 0.0025
vn 0.0155 0.9999 0.0026
vn 0.1027 0.5823 -0.8065
vn -0.0422 0.9427 0.3310
vn -0.0421 0.9427 0.3310
vn -0.1030 -0.5794 0.8085
vn 0.0467 -0.9292 -0.3666
vn 0.0191 0.9998 0.0058
vn -0.0452 -0.9689 0.2431
vn 0.9981 -0.0585 0.0169
vn 0.9999 -0.0003 0.0121
vn 0.9999 0.0037 0.0125
vn 0.9975 -0.0657 0.0242
vn 0.9838 -0.1735 -0.0458
vn 0.9820 -0.1816 -0.0521
vn 0.0211 0.9919 -0.1255
vn 0.2035 0.9791 -0.0052
vn 0.0277 0.9996 -0.0000
vn 0.9983 0.0003 -0.0589
vn 0.1895 0.9522 0.2395
vn 0.5902 0.7938 0.1464
vn 0.1556 0.5113 0.8452
vn 0.2807 -0.8986 -0.3373
vn -0.2582 -0.9661 -0.0000
vn 0.1260 0.8851 -0.4480
vn 0.1886 0.7120 -0.6764
vn 0.3151 -0.5448 -0.7771
vn 0.3317 -0.8587 0.3906
vn 0.3645 -0.8360 0.4101
vn 0.3644 -0.8367 0.4088
vn 0.3813 -0.3026 -0.8735
vn 0.9472 0.3203 0.0171
vn 0.4743 0.1566 -0.8663
vn 0.0277 0.9994 -0.0228
vn 0.1590 0.9872 -0.0147
vn 0.4350 0.8205 -0.3709
vn 0.0128 -0.9994 -0.0307
vn 1.0000 -0.0000 -0.0090
vn 0.4994 0.3192 -0.8054
vn 0.3718 0.7759 -0.5097
vn 0.3508 -0.8453 0.4030
vn -0.1486 0.9580 0.2455
vn 0.2427 -0.7973 -0.5526
vn 0.0230 0.0122 -0.9997
vn -0.0125 0.0037 -0.9999
vn -0.0133 0.0057 -0.9999
vn -0.3319 -0.9433 -0.0000
vn 0.4414 0.8869 0.1364
vn 0.3770 -0.9249 -0.0498
vn 0.4911 0.0208 0.8709
vn 0.2029 0.7299 0.6528
vn 0.4526 0.2914 0.8428
vn 0.3663 0.6635 -0.6524
vn 0.5160 0.6016 -0.6098
vn 0.9591 0.2832 -0.0000
vn 0.9604 0.2772 -0.0277
vn 0.9609 0.2753 -0.0298
vn 0.9663 0.2379 -0.0986
vn 0.9672 0.2376 -0.0897
vn 0.6222 0.4677 0.6278
vn 0.9685 0.2127 -0.1295
vn 0.9701 0.2107 -0.1202
vn 0.4681 0.6090 -0.6403
vn 0.3389 -0.7747 -0.5339
vn 0.3010 0.7980 -0.5221
vn -0.0992 0.9658 0.2395
vn 0.4446 -0.8030 0.3968
vn 0.0744 0.3799 -0.9220
vn 0.0222 0.3791 -0.9251
vn 0.0216 0.3803 -0.9246
vn -0.5337 0.3662 0.7623
vn -0.2350 0.4358 0.8688
vn -0.2398 0.4290 0.8709
vn -0.5864 -0.8100 -0.0000
vn 0.6058 0.7728 0.1892
vn 0.5682 0.8188 0.0823
vn 0.2428 0.9700 -0.0115
vn 0.5015 0.8444 0.1885
vn 0.5894 -0.1973 -0.7834
vn 0.0440 0.0350 -0.9984
vn -0.6437 -0.7653 -0.0000
vn 0.4231 -0.8303 0.3628
vn 0.1672 0.9857 -0.0186
vn 0.2139 0.9768 -0.0000
vn 0.4537 0.6399 -0.6203
vn -0.4204 0.4136 0.8076
vn 0.0978 0.3755 -0.9216
vn 0.1897 -0.9477 -0.2568
vn 0.7516 -0.2092 0.6256
vn -0.7738 -0.6334 -0.0000
vn -0.7707 0.6371 -0.0143
vn -0.5175 0.8043 -0.2921
vn -0.2360 0.8253 -0.5131
vn -0.8178 -0.5755 -0.0000
vn 0.7214 0.5864 -0.3685
vn 0.7086 0.3793 -0.5950
vn 0.8946 0.1221 0.4299
vn -0.8071 0.3486 0.4766
vn 0.5358 0.8395 0.0905
vn 0.7199 0.5518 -0.4211
vn 0.8467 -0.2438 0.4730
vn 0.5607 -0.7257 0.3987
vn 0.5401 -0.7291 -0.4204
vn -0.9060 -0.4233 -0.0000
vn 0.0592 0.7085 0.7032
vn 0.1091 0.7346 0.6696
vn 0.1329 0.7460 0.6525
vn 0.6274 0.7787 -0.0023
vn 0.5846 0.8113 0.0006
vn 0.2200 0.3267 -0.9191
vn 0.6536 0.6798 -0.3327
vn 0.5699 -0.7227 0.3910
vn 0.9374 -0.0154 0.3479
vn -0.7560 0.3796 0.5333
vn 0.5448 0.5185 -0.6590
vn -0.9410 -0.3383 -0.0000
vn 0.0939 0.1115 -0.9893
vn 0.5466 0.7485 -0.3755
vn 0.7105 0.5487 -0.4405
vn 0.5692 -0.7190 -0.3989
vn 0.7434 0.3149 -0.5900
vn 0.8368 0.5127 0.1919
vn 0.8455 -0.3392 0.4125
vn -0.0665 0.9894 0.1293
vn 0.3920 -0.9098 -0.1365
vn 0.2600 0.3254 -0.9091
vn 0.0233 0.6880 0.7254
vn 0.5708 -0.7266 0.3824
vn 0.5845 0.8114 -0.0000
vn 0.5865 0.4884 -0.6462
vn 0.7330 0.6784 0.0496
vn -0.9071 0.3328 0.2576
vn 0.5539 -0.7484 0.3647
vn 0.9518 0.2485 0.1800
vn -0.9836 -0.1802 -0.0000
vn 0.3976 -0.8759 -0.2735
vn 0.1153 0.1442 -0.9828
vn 0.0013 -0.8391 0.5440
vn 0.8612 0.4558 -0.2249
vn -0.8965 0.3426 0.2810
vn 0.8497 0.5219 0.0748
vn 0.9440 -0.1934 0.2674
vn 0.6768 0.4106 -0.6110
vn 0.7237 -0.5958 -0.3481
vn -0.9884 -0.1519 -0.0007
vn -0.9387 0.3175 0.1343
vn 0.5348 0.7538 -0.3818
vn 0.7459 -0.5579 -0.3639
vn 0.5481 -0.7495 0.3712
vn 0.5676 -0.7235 0.3930
vn 0.8867 0.4118 -0.2103
vn -0.9370 0.3167 0.1476
vn -0.0177 0.9963 0.0845
vn 0.9056 0.4066 -0.1207
vn 0.9617 0.2639 0.0748
vn -0.9812 0.1772 0.0764
vn 0.9504 0.2013 0.2371
vn 0.8935 0.2903 0.3426
vn 0.8834 0.2863 0.3710
vn 0.8981 0.4385 0.0337
vn 0.1387 0.1999 -0.9699
vn 0.3320 0.3139 -0.8895
vn 0.9137 0.3852 -0.1295
vn 0.8524 0.5229 0.0008
vn -0.9952 -0.0982 -0.0001
vn 0.9908 0.0858 0.1048
vn 0.6738 -0.5587 0.4835
vn 0.9368 0.0421 0.3472
vn 0.3236 0.3437 -0.8816
vn 0.9920 -0.0916 -0.0874
vn 0.5196 -0.7319 0.4408
vn -0.9827 0.1691 0.0757
vn 0.9187 0.3950 0.0039
vn 0.8753 0.4831 -0.0202
vn 0.9581 0.0851 -0.2735
vn 0.5153 -0.7336 0.4431
vn 0.9921 0.0925 0.0844
vn 0.9063 -0.4136 -0.0873
vn 0.8427 -0.5343 -0.0672
vn 0.8383 -0.5413 -0.0659
vn 0.9387 0.3438 -0.0257
vn -0.9942 -0.1074 -0.0015
vn 0.9196 -0.3819 -0.0921
vn 0.9542 0.2977 0.0306
vn 0.9994 -0.0148 0.0304
vn 0.1333 0.2059 -0.9695
vn 0.8387 -0.0380 0.5433
vn 0.8463 -0.0531 0.5300
vn 0.8478 -0.0520 0.5277
vn 0.3850 0.5325 -0.7538
vn 0.1752 0.5068 -0.8441
vn 0.1690 0.5057 -0.8460
vn 0.5075 -0.8369 -0.2048
vn 0.9842 -0.1669 0.0585
vn 0.6064 -0.7198 -0.3379
vn 0.9476 0.3195 0.0029
vn 0.9291 0.3315 -0.1639
vn 0.0992 0.1981 -0.9752
vn 0.5842 0.7665 -0.2668
vn 0.4012 0.5334 -0.7447
vn 0.2653 -0.9360 -0.2312
vn 0.2655 -0.9359 -0.2314
vn 0.9890 0.1420 0.0413
vn 0.9212 0.3831 -0.0678
vn 0.6949 0.7162 -0.0644
vn 0.6430 0.7633 -0.0627
vn 0.9255 0.2730 -0.2626
vn 0.8410 0.0097 0.5410
vn 0.8194 -0.4201 0.3900
vn 0.7706 -0.5339 0.3481
vn 0.7709 -0.5434 0.3323
vn 0.7498 -0.4783 -0.4572
vn 0.9002 -0.4056 -0.1586
vn 0.9032 0.3511 -0.2469
vn 0.2653 -0.9361 -0.2311
vn 0.0914 0.1986 -0.9758
vn 0.5781 0.7716 -0.2655
vn 0.8153 -0.4009 0.4179
vn 0.0093 -0.8905 0.4549
vn 0.4563 -0.7205 0.5222
vn 0.8027 -0.2161 0.5559
vn 0.8165 0.2819 -0.5039
vn 0.8016 0.3512 -0.4838
vn 0.7989 0.3509 -0.4885
vn 0.8190 0.5637 0.1072
vn 0.9245 0.3751 -0.0677
vn 0.9829 0.1842 0.0058
vn 0.9356 -0.3369 -0.1056
vn 0.0303 0.2089 -0.9775
vn 0.8519 -0.0175 0.5234
vn 0.8281 0.3221 -0.4588
vn 0.6802 -0.6316 -0.3720
vn 0.9072 -0.1889 -0.3760
vn 0.8510 -0.3107 -0.4235
vn 0.8312 -0.3176 -0.4564
vn -0.0681 0.2578 -0.9638
vn -0.0146 0.2498 -0.9682
vn -0.0097 0.2513 -0.9679
vn 0.8537 -0.0694 0.5161
vn 0.8471 -0.0085 0.5314
vn -0.0727 0.2566 -0.9638
vn 0.8264 -0.2227 0.5172
vn 0.9572 0.2374 -0.1655
vn 0.8548 -0.1361 0.5008
vn 0.0246 0.2081 -0.9778
vn 0.6245 0.7574 0.1907
vn 0.9911 -0.0655 -0.1160
vn 0.9831 0.1829 0.0020
vn 0.8579 -0.0747 0.5084
vn 0.9874 0.1001 -0.1222
vn 0.9880 -0.1020 -0.1162
vn 0.9084 -0.1693 -0.3823
vn 0.7859 0.6161 0.0527
vn 0.9895 0.0857 -0.1163
vn 0.3062 -0.7997 0.5164
vn 0.2180 -0.8775 0.4273
vn 0.8946 0.0724 -0.4410
vn 0.8528 0.1985 -0.4831
vn 0.8636 0.1856 -0.4687
vn 0.7724 0.6351 0.0043
vn 0.8567 0.0080 -0.5157
vn 0.5757 -0.7902 0.2102
vn 0.9790 0.1678 -0.1158
vn 0.5243 -0.8057 -0.2756
vn 0.6683 0.6010 -0.4384
vn 0.8934 0.3435 0.2894
vn 0.5077 0.8586 -0.0712
vn 0.8558 0.1678 -0.4893
vn 0.7477 -0.1226 -0.6527
vn 0.8161 -0.2714 -0.5102
vn 0.5766 -0.7141 0.3970
vn 0.9034 -0.2491 0.3491
vn 0.8239 0.2075 -0.5275
vn 0.7061 -0.6024 0.3721
vn 0.6075 0.5908 0.5310
vn 0.6020 0.7028 -0.3792
vn 0.6923 0.3801 -0.6133
vn 0.7768 -0.6174 -0.1243
vn 0.6184 -0.7858 -0.0141
vn 0.6274 -0.7784 -0.0192
vn 0.5594 0.3559 0.7486
vn 0.5784 0.3947 0.7139
vn 0.7087 -0.6582 -0.2539
vn 0.6916 0.6997 -0.1790
vn 0.8041 0.0936 -0.5870
vn 0.6015 0.3285 -0.7282
vn 0.7797 -0.3067 -0.5459
vn 0.7968 -0.2457 -0.5520
vn 0.6630 0.0898 -0.7432
vn 0.9312 0.2736 -0.2410
vn 0.9442 -0.2559 -0.2075
vn -0.1536 0.9868 0.0521
vn 0.7215 -0.2317 0.6525
vn 0.5989 0.0785 0.7969
vn 0.6093 -0.1981 0.7678
vn 0.7385 0.1401 0.6596
vn 0.5078 -0.2866 0.8124
vn 0.7779 -0.2955 0.5546
vn 0.2912 -0.9486 -0.1243
vn -0.9192 -0.0000 0.3937
vn -0.9192 -0.0000 -0.3938
vn 0.2912 0.9486 0.1241
vn 0.2912 0.9486 -0.1241
vn 0.2912 -0.9486 0.1243
vn -0.3673 0.0007 -0.9301
vn -0.3673 0.0007 0.9301
vn 0.1167 0.9412 -0.3172
vn 0.1167 0.9412 0.3172
vn 0.1144 -0.9409 0.3187
vn 0.1144 -0.9409 -0.3187
vn -0.0002 -0.8589 -0.5122
vn -0.0069 0.0008 1.0000
vn 0.0069 -0.0008 -1.0000
vn 0.0002 0.8589 0.5122
vn -0.0000 0.8473 -0.5312
vn 0.0021 0.8593 -0.5115
vn 0.0022 -0.8469 -0.5318
vn -0.0000 -0.8473 0.5312
vn -0.0021 -0.8593 0.5115
vn -0.0022 0.8469 0.5318
vn -0.7060 -0.7060 -0.0562
vn -0.9984 -0.0000 -0.0562
vn -0.7060 0.7060 -0.0562
vn -0.0161 0.0017 -0.9999
vn -0.0161 0.0016 0.9999
vn 0.0010 0.8490 0.5283
vn 0.0010 0.8490 -0.5283
vn 0.0051 -0.8483 0.5295
vn 0.0051 -0.8483 -0.5295
vn 0.9972 -0.0691 0.0290
vn 0.9979 0.0171 0.0621
vn 0.9844 0.1755 -0.0152
vn 0.7534 0.3121 0.5789
vn 0.7534 -0.3121 0.5789
vn 0.9981 -0.0547 0.0268
vn 0.9920 -0.1170 0.0481
vn 0.9196 0.3756 0.1153
vn 0.7117 0.1226 -0.6917
vn 0.6919 0.0907 -0.7163
vn 0.6301 0.1396 -0.7639
vn 0.9889 -0.1334 0.0648
vn 0.6340 0.3927 -0.6662
vn 0.7272 0.2356 -0.6447
vn 0.7888 0.1833 -0.5866
vn 0.9340 0.3368 0.1192
vn -0.0000 -0.9984 -0.0562
vn -0.3822 0.9226 -0.0520
vn 0.8306 0.1398 -0.5390
vn 0.7421 0.2993 -0.5997
vn 0.8210 0.5575 0.1232
vn 0.9473 -0.2915 0.1327
vn 0.2798 0.9595 -0.0329
vn -0.4106 0.9110 -0.0381
vn -0.2938 0.9551 -0.0385
vn 0.7662 0.6394 0.0636
vn 0.9606 -0.2777 -0.0048
vn 0.9587 -0.2845 0.0025
vn 0.9593 -0.2823 0.0001
vn 0.4013 0.2080 -0.8920
vn 0.3121 0.7534 0.5789
vn 0.3121 -0.7534 0.5789
vn 0.9394 -0.1781 -0.2930
vn 0.7896 -0.6114 0.0518
vn 0.8090 -0.5650 0.1623
vn 0.9500 -0.2985 0.0914
vn -0.0000 -0.0000 -1.0000
vn 0.3223 0.9461 -0.0319
vn 0.9230 -0.3844 0.0148
vn 0.9612 -0.2759 -0.0067
vn -0.0860 0.2057 -0.9748
vn 0.5817 0.8128 -0.0312
vn 0.6469 0.7619 0.0311
vn 0.4312 0.8887 -0.1556
vn 0.9531 -0.2593 0.1563
vn 0.5595 -0.8288 -0.0000
vn 0.3194 0.9179 -0.2354
vn -0.0178 0.9998 0.0014
vn -0.0347 0.9993 -0.0100
vn -0.0197 0.9998 0.0023
vn -0.9496 -0.3105 0.0423
vn -0.9681 -0.2489 0.0292
vn -0.9700 -0.2417 0.0276
vn 0.9444 -0.3178 0.0841
vn -0.1151 0.2009 -0.9728
vn -0.9588 0.2834 -0.0194
vn -0.9768 0.1876 -0.1030
vn -0.9623 0.1821 -0.2021
vn -0.9441 0.3297 0.0082
vn 0.5605 -0.8281 -0.0000
vn 0.8630 -0.5014 -0.0613
vn 0.8975 -0.4410 0.0048
vn -0.9458 -0.3216 0.0446
vn -0.9441 0.1979 -0.2637
vn 0.4363 -0.8810 0.1828
vn 0.4985 -0.8531 0.1544
vn 0.4964 -0.8549 0.1509
vn 0.3956 -0.8933 0.2133
vn 0.3822 0.9226 -0.0520
vn 0.7060 0.7060 -0.0562
vn 0.7060 -0.7060 -0.0562
vn -0.3121 -0.7534 0.5789
vn -0.3121 0.7534 0.5789
vn -0.0393 0.1938 -0.9803
vn 0.2363 -0.9717 -0.0000
vn 0.1478 0.5063 -0.8496
vn 0.0360 0.4919 -0.8699
vn 0.1488 0.4411 -0.8850
vn -0.8934 0.4418 0.0823
vn -0.9737 0.2075 -0.0944
vn -0.9680 0.2394 -0.0758
vn -0.1919 -0.9635 0.1864
vn -0.4857 -0.8337 0.2629
vn -0.1315 -0.9754 0.1768
vn -0.9846 0.0810 -0.1550
vn -0.9871 0.0820 -0.1376
vn -0.8693 0.4881 0.0781
vn 0.3499 -0.8949 0.2770
vn -0.7534 0.3121 0.5788
vn -0.7534 -0.3121 0.5788
vn 0.3522 -0.8924 0.2822
vn -0.0120 0.1894 -0.9818
vn 0.0355 -0.9961 -0.0810
vn 0.0332 -0.9924 -0.1186
vn 0.0350 -0.9954 -0.0893
vn -0.0000 -0.0252 0.9997
vn 0.2474 -0.3385 0.9079
vn 0.2470 -0.3258 0.9126
vn -0.0026 0.9999 0.0141
vn 0.9984 -0.0000 -0.0562
vn 0.0382 -0.9986 -0.0353
vn -0.0065 0.8836 -0.4681
vn -0.0013 0.8778 -0.4790
vn -0.0044 0.8813 -0.4725
vn 0.1110 -0.9473 0.3004
vn 0.1167 -0.9512 0.2855
vn 0.1143 -0.9496 0.2917
vn 0.0632 -0.9980 -0.0000
vn -0.0000 0.8394 -0.5436
vn -0.0023 0.8402 -0.5423
vn -0.0039 0.9869 0.1614
vn -0.0000 0.2558 -0.9667
vn -0.0000 0.9495 -0.3137
vn -0.0000 0.1545 0.9880
vn -0.0891 0.2409 0.9665
vn -0.0860 0.2287 0.9697
vn -0.0139 -0.8196 0.5727
vn -0.0209 -0.7769 0.6293
vn -0.1201 -0.4723 0.8732
vn 0.0921 0.4397 -0.8934
vn 0.0185 0.9756 0.2189
vn 0.0237 0.9765 0.2142
vn 0.0042 0.9750 0.2221
vn -0.0693 -0.5666 0.8211
vn 0.1093 -0.9462 0.3046
vn -0.0703 0.1870 0.9798
vn -0.0072 0.9864 0.1644
vn -0.0089 -0.9897 0.1427
vn -0.0000 0.8763 -0.4817
vn -0.0002 0.1866 -0.9824
vn -0.0005 0.1864 -0.9825
vn -0.1530 -0.3745 0.9145
vn -0.0000 0.9999 0.0156
vn 0.2636 0.3121 -0.9128
vn 0.0187 0.9748 0.2223
vn -0.1801 -0.3513 0.9188
vn 0.9750 0.2111 -0.0694
vn 0.9686 0.2414 -0.0592
vn 0.9856 0.0785 -0.1497
vn 0.9879 0.0794 -0.1329
vn 0.8109 0.5772 0.0962
vn 0.8602 0.4989 0.1058
vn -0.9472 0.2933 -0.1297
vn -0.9769 0.2134 -0.0086
vn -0.9820 0.1887 0.0114
vn -0.9793 0.1808 0.0909
vn 0.0350 -0.9790 0.2006
vn -0.0000 -0.9951 0.0991
vn 0.0054 -0.8332 0.5530
vn -0.9949 0.0435 0.0913
vn -0.0176 -0.9880 0.1532
vn -0.9065 0.3704 -0.2027
vn -0.9140 -0.4035 0.0422
vn -0.0000 0.1228 0.9924
vn -0.0000 -0.8621 0.5067
vn -0.0000 -0.9888 0.1490
vn -0.0211 -0.9998 -0.0000
vn 0.0087 0.8764 0.4815
vn 0.0297 0.8928 0.4495
vn -0.0000 0.8630 0.5052
vn -0.0000 0.9999 0.0124
vn -0.0000 0.8460 0.5331
vn -0.0000 0.9754 0.2204
vn -0.0671 -0.9090 0.4114
vn -0.0187 0.9748 0.2223
vn -0.0087 0.8764 0.4815
vn 0.0026 0.9999 0.0141
vn -0.3507 0.1724 -0.9205
vn -0.0297 0.8928 0.4495
vn -0.0316 -0.9995 -0.0000
vn 0.0703 0.1870 0.9798
vn 0.9962 -0.0108 0.0863
vn 0.9879 0.1398 0.0671
vn 0.9140 -0.4035 0.0422
vn 0.9787 0.1800 0.0983
vn 0.8639 0.4919 -0.1079
vn 0.1632 -0.9777 0.1325
vn 0.0509 -0.9931 0.1056
vn 0.0888 -0.9840 0.1546
vn 0.9901 0.1255 0.0633
vn 0.0049 0.1879 -0.9822
vn -0.0436 -0.9761 0.2128
vn 0.9900 0.0893 0.1091
vn -0.9753 0.2098 -0.0687
vn -0.9689 0.2407 -0.0576
vn -0.8600 0.4992 0.1058
vn -0.8109 0.5772 0.0962
vn -0.9858 0.0775 -0.1490
vn -0.9881 0.0784 -0.1326
vn 0.1371 -0.5957 0.7914
vn 0.2300 -0.4607 0.8572
vn 0.1396 -0.5599 0.8167
vn -0.2470 -0.3258 0.9126
vn -0.0104 0.9740 0.2263
vn -0.0497 0.5262 -0.8489
vn -0.1190 0.5295 -0.8399
vn -0.1195 0.4808 -0.8687
vn 0.0197 0.9998 0.0023
vn 0.0850 -0.6207 0.7794
vn 0.0013 0.8778 -0.4790
vn 0.0044 0.8813 -0.4725
vn 0.1756 -0.9793 0.1003
vn 0.0072 0.9864 0.1644
vn 0.0023 0.8402 -0.5423
vn 0.0039 0.9869 0.1614
vn 0.0860 0.2287 0.9697
vn -0.1143 -0.9496 0.2917
vn 0.0613 -0.7590 0.6481
vn -0.0076 0.9734 0.2288
vn -0.2363 -0.9717 -0.0000
vn -0.0458 0.5508 -0.8334
vn 0.0456 -0.8359 0.5470
vn 0.0891 0.2409 0.9665
vn -0.1167 -0.9512 0.2855
vn 0.0065 0.8836 -0.4681
vn -0.0355 -0.9961 -0.0810
vn -0.0382 -0.9986 -0.0353
vn -0.0350 -0.9954 -0.0893
vn 0.0178 0.9998 0.0014
vn -0.2474 -0.3385 0.9079
vn -0.0332 -0.9924 -0.1186
vn 0.0395 0.1940 -0.9802
vn -0.3956 -0.8933 0.2133
vn -0.3499 -0.8949 0.2770
vn -0.3522 -0.8924 0.2822
vn -0.5605 -0.8281 -0.0000
vn -0.4363 -0.8810 0.1828
vn 0.9765 0.1985 -0.0834
vn 0.9721 0.2228 -0.0735
vn 0.9852 0.0779 -0.1527
vn 0.8987 0.4305 0.0832
vn 0.8693 0.4881 0.0781
vn 0.9875 0.0788 -0.1366
vn 0.4842 -0.8483 0.2142
vn -0.2090 0.5690 -0.7954
vn -0.5595 -0.8288 -0.0000
vn 0.1152 0.2009 -0.9728
vn -0.4964 -0.8549 0.1509
vn -0.4985 -0.8531 0.1544
vn 0.9801 0.1753 -0.0930
vn 0.9689 0.1755 -0.1746
vn 0.9492 0.1937 -0.2479
vn 0.9733 -0.2276 0.0303
vn 0.9961 0.0833 -0.0291
vn 0.9989 0.0413 -0.0212
vn -0.8975 -0.4410 0.0048
vn -0.9444 -0.3178 0.0841
vn -0.9531 -0.2593 0.1563
vn -0.8630 -0.5014 -0.0613
vn -0.9230 -0.3844 0.0148
vn 0.9687 0.2480 -0.0050
vn 0.9752 0.2198 -0.0243
vn 0.0858 0.2057 -0.9749
vn -0.9500 -0.2985 0.0914
vn 0.9701 -0.2403 0.0328
vn 0.0347 0.9993 -0.0100
vn -0.1461 0.9867 0.0717
vn -0.3186 0.9317 0.1747
vn -0.0327 0.9995 0.0043
vn -0.7896 -0.6114 0.0518
vn -0.4033 0.8868 0.2255
vn -0.4006 0.2086 -0.8922
vn -0.9593 -0.2823 0.0001
vn -0.9606 -0.2777 -0.0048
vn -0.9612 -0.2759 -0.0067
vn -0.0861 0.9962 0.0096
vn -0.0370 0.9993 0.0100
vn -0.0331 0.9994 0.0101
vn -0.8090 -0.5650 0.1623
vn -0.7774 0.2049 -0.5947
vn -0.7728 0.2579 -0.5799
vn -0.9233 -0.0564 -0.3800
vn -0.8294 0.1414 -0.5405
vn -0.9587 -0.2846 0.0025
vn -0.9362 0.3201 0.1451
vn -0.8025 0.5734 0.1649
vn -0.8598 0.4568 0.2282
vn -0.0975 0.9952 0.0095
vn -0.9473 -0.2915 0.1327
vn -0.8883 0.4492 0.0952
vn -0.6478 0.3759 -0.6626
vn -0.6869 0.0920 -0.7209
vn -0.9982 0.0132 0.0584
vn -0.7269 0.2359 -0.6450
vn -0.9981 -0.0547 0.0268
vn -0.9920 -0.1170 0.0481
vn -0.9889 -0.1334 0.0648
vn -0.7079 0.1237 -0.6954
vn -0.9884 0.1518 -0.0075
vn -0.9972 -0.0691 0.0290
vn -0.9560 0.1423 -0.2564
vn -0.9518 0.0924 -0.2924
vn -0.9733 -0.0363 -0.2266
vn -0.9405 0.1738 -0.2921
vn -0.8668 0.3257 -0.3777
vn -0.9416 -0.1182 -0.3154
vn -0.9074 -0.3422 -0.2439
vn -0.8900 0.2725 -0.3656
vn -0.9093 0.1207 -0.3982
vn -0.7896 0.4259 -0.4418
vn -0.6913 -0.5378 -0.4825
vn -0.7560 -0.3230 -0.5693
vn -0.8701 0.2838 -0.4029
vn -0.8193 0.4101 -0.4007
vn -0.7731 0.4317 -0.4648
vn -0.6945 0.4551 -0.5573
vn -0.8642 0.4049 -0.2988
vn -0.8696 0.0515 -0.4910
vn -0.7634 0.6428 -0.0632
vn -0.5999 0.7992 -0.0374
vn -0.6581 0.7352 -0.1626
vn -0.7511 0.6550 -0.0824
vn -0.7088 -0.3918 -0.5865
vn -0.7916 0.5735 -0.2110
vn -0.4746 -0.6641 -0.5777
vn -0.6657 0.6026 -0.4401
vn -0.4356 0.5067 -0.7440
vn -0.5605 0.7403 -0.3712
vn -0.2562 0.9562 -0.1414
vn -0.3380 0.8201 -0.4618
vn -0.2142 0.9768 -0.0004
vn -0.4879 0.4962 -0.7182
vn -0.3167 0.7689 -0.5554
vn -0.2285 0.7611 -0.6070
vn -0.2041 0.8434 -0.4970
vn -0.0563 0.9893 -0.1346
vn -0.0566 0.9984 -0.0000
vn -0.1599 0.5657 -0.8090
vn -0.1550 0.5720 -0.8055
vn -0.0000 0.5794 -0.8150
vn -0.0000 0.5698 -0.8218
vn 0.1550 0.5720 -0.8055
vn 0.1599 0.5657 -0.8090
vn 0.4879 0.4962 -0.7182
vn 0.4356 0.5067 -0.7440
vn 0.2142 0.9768 -0.0004
vn 0.0563 0.9893 -0.1346
vn 0.0566 0.9984 -0.0000
vn 0.2562 0.9562 -0.1414
vn 0.2041 0.8434 -0.4970
vn 0.3380 0.8201 -0.4618
vn 0.2285 0.7611 -0.6070
vn 0.3167 0.7689 -0.5554
vn 0.5605 0.7403 -0.3712
vn 0.6657 0.6026 -0.4401
vn 0.7731 0.4317 -0.4648
vn 0.5999 0.7992 -0.0374
vn 0.6581 0.7352 -0.1626
vn 0.6945 0.4551 -0.5573
vn 0.7916 0.5735 -0.2110
vn 0.7511 0.6550 -0.0824
vn 0.7634 0.6428 -0.0632
vn 0.8642 0.4049 -0.2988
vn 0.8193 0.4101 -0.4007
vn 0.7604 -0.3694 -0.5341
vn 0.7608 -0.4144 0.4994
vn 0.6472 -0.1798 -0.7408
vn -0.7657 0.3045 -0.5665
vn -0.3261 -0.7568 -0.5665
vn -0.3799 -0.9250 0.0094
vn -0.0000 -0.9916 -0.1295
vn -0.9952 0.0769 0.0602
vn -0.0000 -0.7875 -0.6163
vn -0.0000 0.7875 0.6163
vn -0.0000 0.9916 0.1295
vn 0.9952 0.0769 0.0602
vn -0.9336 0.0695 -0.3515
vn -0.9355 -0.0904 -0.3415
vn -0.9209 -0.1256 -0.3691
vn -0.9286 0.0879 -0.3605
vn -0.8904 -0.1271 -0.4371
vn -0.1393 0.2254 -0.9643
vn -0.1402 0.2256 -0.9641
vn -0.1400 0.2255 -0.9641
vn -0.9008 0.2280 -0.3697
vn 0.6298 -0.1856 0.7542
vn 0.6129 -0.0073 0.7901
vn 0.6386 -0.1743 0.7495
vn -0.3858 0.9040 -0.1842
vn -0.4162 0.8880 -0.1958
vn -0.4149 0.8887 -0.1953
vn -0.1390 0.2253 -0.9643
vn -0.9089 0.2112 -0.3595
vn 0.6763 -0.0725 0.7330
vn 0.7097 0.1695 0.6838
vn -0.8871 0.0108 -0.4615
vn -0.8687 -0.2830 -0.4065
vn 0.6169 -0.2978 0.7285
vn 0.6206 -0.2616 0.7391
vn -0.1397 0.2715 -0.9522
vn -0.1657 0.2768 -0.9465
vn -0.1628 0.2762 -0.9472
vn -0.1359 0.2707 -0.9530
vn -0.8898 0.2659 -0.3709
vn -0.9006 0.0763 -0.4279
vn -0.9028 0.0854 -0.4214
vn 0.7110 0.1891 0.6773
vn -0.3833 0.9053 -0.1833
vn -0.8741 0.2843 -0.3938
vn -0.8994 0.1741 -0.4010
vn -0.8338 -0.1655 0.5267
vn -0.8523 -0.1730 0.4937
vn -0.8480 -0.1713 0.5015
vn 0.9573 0.2226 -0.1842
vn 0.9836 0.0746 -0.1641
vn 0.9780 0.1359 -0.1584
vn -0.8524 -0.3300 -0.4056
vn -0.8886 0.2288 -0.3976
vn 0.6165 -0.3403 0.7100
vn 0.6414 0.3109 0.7014
vn -0.8372 -0.1585 0.5234
vn -0.8288 -0.1587 0.5366
vn -0.8300 -0.1587 0.5347
vn 0.9818 0.0085 -0.1900
vn 0.9825 0.0694 -0.1728
vn -0.5956 -0.7534 -0.2786
vn -0.5475 -0.7984 -0.2507
vn -0.5495 -0.7966 -0.2519
vn -0.6001 -0.7489 -0.2812
vn -0.8283 -0.1634 0.5360
vn -0.3832 0.9075 -0.1719
vn -0.4199 0.8886 -0.1846
vn -0.4181 0.8896 -0.1840
vn -0.8742 0.2830 -0.3946
vn 0.8898 0.1197 0.4404
vn 0.8652 0.2538 0.4325
vn 0.8435 0.3449 0.4117
vn -0.8358 -0.3818 -0.3946
vn -0.8703 0.2970 -0.3930
vn 0.8910 0.1400 0.4319
vn 0.9111 0.4009 -0.0956
vn 0.9795 -0.0097 -0.2012
vn 0.9834 0.0175 -0.1809
vn 0.9117 0.3990 -0.0982
vn -0.8390 -0.1584 0.5206
vn 0.8829 -0.2348 0.4067
vn 0.8830 -0.2344 0.4066
vn 0.8822 -0.2372 0.4068
vn 0.6110 0.3178 0.7250
vn -0.3798 0.9092 -0.1708
vn 0.5741 -0.3512 0.7396
vn 0.9782 0.0380 -0.2042
vn -0.2212 0.3791 -0.8985
vn -0.2349 0.3810 -0.8942
vn -0.2333 0.3807 -0.8948
vn 0.8821 -0.2376 0.4068
vn -0.8209 -0.4126 -0.3947
vn -0.8750 0.2870 -0.3899
vn 0.8042 0.4352 0.4048
vn 0.7864 0.4828 0.3852
vn 0.8388 -0.3656 0.4033
vn 0.7514 -0.5421 0.3761
vn 0.8365 -0.3717 0.4027
vn -0.8713 0.2841 -0.4002
vn 0.5694 -0.3508 0.7434
vn 0.8725 0.4667 -0.1445
vn -0.2204 0.3789 -0.8988
vn -0.7932 -0.2886 0.5363
vn -0.7574 -0.3084 0.5756
vn -0.7593 -0.3074 0.5736
vn 0.8783 0.4458 -0.1727
vn 0.9805 0.0531 -0.1890
vn 0.7385 -0.5625 0.3717
vn -0.8706 0.2828 -0.4026
vn -0.7956 -0.2872 0.5335
vn 0.9811 0.0520 -0.1863
vn -0.4368 -0.8742 -0.2121
vn -0.5126 -0.8184 -0.2597
vn -0.5037 -0.8257 -0.2540
vn 0.8248 0.3809 0.4178
vn 0.7618 0.5342 0.3666
vn 0.8141 0.4128 0.4085
vn -0.4335 -0.8764 -0.2100
vn 0.7581 0.5412 0.3638
vn -0.8688 0.2812 -0.4076
vn -0.8709 0.2923 -0.3950
vn -0.8678 0.2764 -0.4129
vn -0.8651 0.2639 -0.4266
vn 0.0586 0.9844 0.1659
vn -0.6063 0.3604 0.7089
vn -0.5948 0.3888 0.7036
vn 0.5298 -0.4420 -0.7239
vn -0.4574 -0.8592 0.2293
vn 0.5025 -0.4932 -0.7101
vn 0.2248 0.9744 -0.0081
vn -0.4930 -0.8239 0.2797
vn -0.9984 0.0548 -0.0143
vn -0.9937 -0.0195 0.1102
vn -0.9952 -0.0119 0.0967
vn 0.9914 -0.1136 0.0643
vn 0.8598 -0.3192 0.3985
vn 0.9873 -0.1303 0.0907
vn 0.8848 0.0635 -0.4616
vn 0.7921 0.2506 -0.5566
vn 0.8278 -0.0320 -0.5601
vn 0.7811 0.2911 -0.5523
vn 0.8172 0.2689 -0.5098
vn -0.4116 -0.8759 0.2518
vn -0.7079 -0.5341 0.4623
vn -0.6891 -0.5692 0.4485
vn -0.9977 0.0609 -0.0298
vn -0.7837 0.6165 -0.0752
vn -0.7022 0.7010 -0.1249
vn -0.7413 0.6566 -0.1394
vn 0.8529 -0.3252 0.4085
vn -0.0585 0.3985 -0.9153
vn 0.0960 0.4060 -0.9088
vn -0.0363 0.4002 -0.9157
vn -0.8874 0.4602 0.0270
vn -0.5435 -0.2631 0.7971
vn -0.4043 -0.3263 0.8544
vn -0.4239 -0.3248 0.8455
vn 0.8161 0.2650 -0.5136
vn -0.7148 0.4309 0.5508
vn -0.6510 0.5568 0.5160
vn -0.7542 0.2798 0.5940
vn -0.4019 -0.8823 0.2450
vn -0.6887 0.4630 0.5580
vn 0.9230 0.0794 -0.3765
vn 0.6819 -0.4978 -0.5360
vn 0.7136 -0.4279 -0.5547
vn 0.7346 -0.3867 -0.5576
vn -0.8238 -0.1879 0.5348
vn -0.8239 -0.1875 0.5348
vn -0.8244 -0.1850 0.5349
vn 0.1155 0.4063 -0.9064
vn -0.9934 0.1138 -0.0137
vn -0.5786 -0.3027 0.7574
vn 0.4325 0.8827 -0.1839
vn 0.4662 0.8608 -0.2043
vn 0.4355 0.8808 -0.1857
vn -0.4928 0.2153 0.8431
vn -0.4533 0.3316 0.8274
vn -0.4703 0.3267 0.8198
vn -0.8245 -0.1846 0.5350
vn -0.9863 0.1648 -0.0032
vn -0.9942 0.1054 -0.0234
vn 0.8928 -0.2643 0.3649
vn 0.8861 -0.2648 0.3803
vn 0.8915 -0.2644 0.3679
vn -0.9470 0.3207 -0.0168
vn -0.9723 0.2333 0.0114
vn -0.7865 0.2132 0.5797
vn -0.7842 0.1643 0.5984
vn 0.8957 0.1450 -0.4203
vn 0.8309 0.1779 -0.5273
vn 0.7692 -0.2960 -0.5664
vn 0.8357 0.1229 -0.5353
vn 0.4677 0.8597 -0.2052
vn -0.9855 0.1695 0.0058
vn 0.8842 -0.2694 0.3816
vn 0.8973 -0.2766 0.3440
vn 0.8879 -0.2714 0.3715
vn 0.4721 -0.7775 -0.4154
vn 0.4231 -0.8221 -0.3810
vn 0.4678 -0.7818 -0.4124
vn 0.4211 -0.8237 -0.3796
vn 0.8853 -0.2649 0.3823
vn -0.4990 0.1023 0.8606
vn -0.5441 -0.2643 0.7963
vn 0.8273 0.0358 -0.5606
vn 0.9051 0.1542 -0.3962
vn 0.7828 -0.1909 -0.5923
vn 0.9000 -0.2782 0.3355
vn 0.8232 0.0274 -0.5670
vn 0.4336 0.8793 -0.1969
vn 0.4611 0.8609 -0.2149
vn 0.4358 0.8779 -0.1984
vn -0.5540 -0.0884 0.8278
vn 0.7983 -0.0344 -0.6013
vn 0.0062 0.3214 -0.9469
vn 0.0340 0.3242 -0.9454
vn 0.0101 0.3218 -0.9467
vn -0.5235 -0.1688 0.8351
vn -0.5166 -0.1807 0.8369
vn 0.0370 0.3245 -0.9452
vn 0.8377 -0.1624 -0.5214
vn 0.8555 -0.1471 -0.4965
vn -0.5154 -0.0534 0.8553
vn 0.8663 0.0304 -0.4985
vn 0.0031 0.2768 -0.9609
vn 0.0041 0.2769 -0.9609
vn 0.0034 0.2768 -0.9609
vn 0.4622 0.8601 -0.2156
vn 0.8673 0.0127 -0.4977
vn 0.0043 0.2769 -0.9609
vn 0.7224 0.2222 -0.6548
vn 0.7627 0.2805 -0.5827
vn 0.7759 0.3016 -0.5541
vn 0.7995 0.3440 -0.4924
vn 0.8232 0.0351 -0.5667
vn 0.8261 0.0666 -0.5596
vn 0.8287 0.0601 -0.5565
vn 0.8347 0.1023 -0.5411
vn 0.8229 0.0203 -0.5678
vn 0.8224 0.0178 -0.5686
vn 0.1013 0.9400 0.3259
vn 0.3259 0.9400 -0.1013
vn -0.7071 -0.0000 -0.7071
vn -0.7071 -0.0000 0.7071
vn -0.8514 -0.0000 0.5245
vn -0.8514 -0.0000 -0.5245
vn -0.0810 0.9934 -0.0810
vn -0.0810 -0.9934 -0.0810
vn -0.0810 -0.9934 0.0810
vn -0.0810 0.9934 0.0810
vn 0.5244 -0.0000 -0.8514
vn 0.5245 -0.0000 0.8514
vn -0.3229 0.8896 -0.3229
vn -0.3230 0.8896 -0.3229
vn -0.3226 0.8896 0.3232
vn 0.3230 0.8896 0.3229
vn 0.3229 0.8896 0.3229
vn 0.3226 0.8896 -0.3232
vn -0.5245 -0.0000 -0.8514
vn -0.5245 -0.0000 0.8514
vn 0.0810 -0.9934 0.0810
vn 0.0810 0.9934 0.0810
vn 0.0810 -0.9934 -0.0810
vn 0.0810 0.9934 -0.0810
vn 0.8514 -0.0000 0.5244
vn 0.8514 -0.0000 -0.5244
vn 0.7071 -0.0000 -0.7071
vn 0.7071 -0.0000 0.7071
vn -0.2915 0.9204 -0.2607
vn -0.6728 0.7398 -0.0007
vn -0.7066 0.5695 0.4198
vn -0.7068 0.5686 -0.4209
vn -0.7068 0.5685 -0.4209
vn -0.9046 -0.4263 0.0007
vn -0.8707 -0.2561 -0.4199
vn -0.8707 -0.2560 -0.4199
vn -0.8705 -0.2550 0.4209
vn -0.7885 0.1575 0.5945
vn -0.7888 0.1561 -0.5945
vn -0.7888 0.1560 -0.5945
vn -0.6892 0.7246 -0.0012
vn -0.7219 0.5599 0.4066
vn -0.7220 0.5598 0.4066
vn -0.7223 0.5582 -0.4084
vn -0.8013 0.1605 0.5763
vn -0.8018 0.1581 -0.5763
vn -0.8808 -0.2395 0.4083
vn -0.8808 -0.2395 0.4084
vn -0.8812 -0.2412 -0.4067
vn -0.9139 -0.4060 0.0012
vn -0.7592 0.1517 0.6330
vn -0.8465 -0.2875 0.4481
vn -0.6720 0.5904 0.4470
vn -0.6765 0.4142 -0.6089
vn -0.6083 0.7577 -0.2365
vn -0.7761 -0.0869 -0.6246
vn -0.6113 0.7423 0.2744
vn -0.8827 -0.4699 0.0008
vn -0.8487 -0.4521 -0.2744
vn -0.6359 0.7717 -0.0008
vn -0.6839 0.3771 0.6246
vn -0.8518 -0.4675 0.2365
vn -0.7835 -0.1240 0.6089
vn -0.8467 -0.2886 -0.4470
vn -0.6722 0.5894 -0.4481
vn -0.7595 0.1502 -0.6330
vn 0.9808 -0.1949 -0.0000
vn 0.9808 -0.1950 -0.0000
vn -0.3796 0.8557 -0.3516
vn 0.2922 -0.9254 0.2413
vn 0.3813 -0.8535 0.3551
vn 0.3790 -0.8555 0.3529
vn -0.4938 0.8683 -0.0472
vn -0.4965 0.8669 -0.0440
vn -0.4951 0.8676 -0.0456
vn -0.0652 0.9088 -0.4120
vn -0.0633 0.9083 -0.4134
vn -0.0643 0.9086 -0.4127
vn -0.4196 0.7258 -0.5451
vn -0.5806 0.8019 -0.1410
vn -0.5237 0.8187 -0.2356
vn 0.4572 -0.7640 0.4552
vn 0.3772 -0.8568 0.3517
vn -0.5281 0.7265 -0.4397
vn -0.1950 0.8153 -0.5452
vn -0.2681 0.8219 -0.5026
vn -0.0654 0.9089 -0.4119
vn -0.3945 0.7211 -0.5695
vn -0.2909 0.8507 -0.4379
vn -0.4637 0.8263 -0.3197
vn -0.4938 0.8683 -0.0473
vn 0.2004 0.9567 -0.2111
vn 0.4720 0.8604 -0.1922
vn 0.3920 0.8822 -0.2608
vn -0.2039 0.7904 -0.5776
vn -0.1412 0.7264 -0.6726
vn -0.1453 0.7320 -0.6656
vn -0.0005 -0.9111 0.4122
vn -0.1435 -0.8663 0.4785
vn -0.1217 -0.8536 0.5065
vn -0.0887 0.6608 -0.7453
vn -0.1492 0.7365 -0.6598
vn 0.6789 0.7119 -0.1799
vn 0.3078 0.8927 -0.3292
vn -0.2948 -0.7871 0.5418
vn -0.0939 -0.8386 0.5366
vn 0.1113 0.8541 -0.5080
vn -0.2042 0.7902 -0.5778
vn 0.6967 0.6999 -0.1570
vn -0.0889 0.6607 -0.7453
vn -0.6548 -0.1400 0.7427
vn 0.4190 0.6219 -0.6616
vn 0.4541 0.6895 -0.5642
vn -0.3394 0.2092 0.9171
vn -0.0334 -0.9653 -0.2589
vn 0.7026 -0.0922 0.7056
vn 0.0675 -0.7805 -0.6214
vn 0.0218 0.9977 0.0644
vn 0.3018 -0.0679 0.9510
vn 0.8337 0.3198 0.4502
vn 0.2888 0.3022 0.9085
vn -0.9531 0.0013 0.3025
vn -0.4206 0.3215 0.8484
vn -0.8789 0.3666 0.3051
vn -0.4606 -0.0471 0.8864
vn -0.3018 0.0679 -0.9510
vn -0.8177 0.4109 -0.4031
vn -0.2728 0.4286 -0.8613
vn -0.8873 0.0489 -0.4585
vn 0.4606 0.0471 -0.8864
vn 0.4366 0.4092 -0.8012
vn 0.9531 -0.0013 -0.3025
vn 0.8949 0.3642 -0.2580
vn 0.8873 -0.0489 0.4585
vn -0.8949 -0.3642 0.2580
vn -0.4366 -0.4092 0.8012
vn 0.4206 -0.3215 -0.8484
vn 0.2728 -0.4286 0.8613
vn 0.8790 -0.3666 -0.3051
vn -0.2888 -0.3022 -0.9085
vn -0.8337 -0.3198 -0.4502
vn 0.8177 -0.4109 0.4031
vn -0.0218 -0.9977 -0.0644
vn -0.2819 -0.8001 -0.5295
vn 0.2764 0.8028 -0.5283
vn 0.1971 0.9277 -0.3172
vn -0.2794 -0.7974 0.5348
vn 0.1222 0.9591 0.2554
vn 0.2736 0.7953 0.5409
vn 0.0158 -0.0037 0.9999
vn -0.4156 -0.8519 -0.3187
vn 0.0090 -0.0259 -0.9996
vn -0.3481 -0.8781 0.3284
vn 0.3474 -0.1193 0.9301
vn 0.3690 -0.1714 -0.9135
vn -0.2787 -0.7997 -0.5318
vn 0.2768 0.8008 -0.5312
vn 0.2788 0.8128 -0.5115
vn -0.0140 -0.6784 0.7346
vn -0.0147 -0.6969 0.7170
vn -0.1789 0.9639 0.1970
vn 0.0067 -0.0015 1.0000
vn 0.0068 -0.0015 1.0000
vn -0.2804 -0.8118 -0.5121
vn 0.1960 -0.2784 -0.9402
vn 0.1883 -0.2971 -0.9361
vn -0.1866 0.9414 0.2808
vn 0.0355 0.9884 -0.1480
vn -0.0218 0.9989 0.0412
vn -0.6006 -0.7912 -0.1155
vn -0.5337 -0.8210 0.2029
vn 0.8657 -0.2913 0.4071
vn 0.9034 -0.2392 -0.3558
vn -0.8273 -0.4783 -0.2946
vn -0.8259 -0.4768 -0.3008
vn -0.8503 -0.5112 -0.1254
vn -0.7669 -0.4199 -0.4854
vn 0.2499 0.9100 0.3309
vn 0.0171 0.9973 0.0709
vn -0.3440 0.9380 0.0431
vn 0.1784 0.9679 -0.1771
vn -0.3165 -0.8841 -0.3438
vn -0.3430 -0.9311 -0.1241
vn -0.3431 -0.9320 -0.1173
vn -0.2713 -0.7814 -0.5620
vn 0.3151 0.8904 0.3284
vn 0.3429 0.9360 0.0796
vn 0.3128 0.8947 0.3187
vn -0.3457 -0.9288 -0.1334
vn -0.3141 -0.8806 -0.3548
vn 0.3456 0.9229 -0.1699
vn -0.8266 0.5592 0.0632
vn -0.9834 0.1794 -0.0284
vn -0.9161 0.4008 0.0113
vn -0.7516 0.6538 0.0870
vn -0.7569 -0.6246 -0.1924
vn -0.7370 -0.6464 -0.1976
vn -0.9572 -0.2608 -0.1251
vn -0.0527 0.9775 0.2044
vn -0.9178 0.3968 0.0099
vn -0.9977 -0.0148 -0.0665
vn -0.5641 0.4519 0.6910
vn -0.8242 0.4436 0.3521
vn -0.9021 0.2382 0.3599
vn -0.7043 0.0825 0.7051
vn -0.9649 0.0544 0.2571
vn -0.7032 0.6365 0.3170
vn -0.7521 0.6155 0.2357
vn -0.8673 0.1939 -0.4584
vn -0.4692 0.3659 -0.8038
vn -0.7894 0.3992 -0.4662
vn -0.9394 0.0220 -0.3420
vn -0.6139 -0.0158 -0.7892
vn -0.3524 0.7075 -0.6126
vn -0.7266 0.5830 -0.3634
vn -0.8172 -0.2482 0.5201
vn -0.9958 -0.0585 0.0711
vn -0.2950 0.9174 -0.2670
vn -0.6957 0.6960 -0.1774
vn -0.9865 -0.0704 -0.1482
vn -0.7479 -0.3353 -0.5728
vn -0.7051 0.7079 0.0419
vn -0.9824 -0.1358 0.1284
vn -0.3123 0.9395 0.1405
vn -0.8353 -0.5070 -0.2127
vn -0.6286 0.7430 -0.2297
vn -0.6958 0.6960 -0.1774
vn -0.9686 -0.1534 -0.1955
vn -0.8526 -0.4849 0.1949
vn -0.3997 0.7678 0.5007
vn -0.4679 0.7841 -0.4078
vn -0.7952 -0.2749 0.5405
vn -0.7715 -0.3066 -0.5574
vn -0.5337 0.4483 0.7171
vn -0.6784 0.0667 0.7316
vn -0.8481 0.4507 -0.2786
vn -0.7895 0.3992 -0.4662
vn -0.5823 -0.7841 -0.2146
vn -0.6305 -0.7474 -0.2094
vn -0.8184 -0.1160 -0.5628
vn -0.9591 0.2112 -0.1882
vn -0.9122 0.4076 -0.0421
vn -0.5212 0.8458 0.1145
vn -0.5463 0.8306 0.1076
vn -0.7465 0.6635 0.0502
vn -0.7416 0.6689 0.0516
vn -0.8901 -0.1605 -0.4265
vn -0.9010 0.4312 -0.0488
vn -0.9392 0.3011 0.1652
vn -0.7142 0.6806 0.1636
vn -0.5065 0.7203 -0.4739
vn -0.6433 0.7610 -0.0840
vn -0.5493 0.8018 -0.2352
vn -0.7411 0.6697 0.0478
vn -0.1326 -0.1896 0.9729
vn 0.0364 0.2575 0.9656
vn -0.3408 -0.4951 0.7992
vn 0.1326 0.1896 -0.9729
vn -0.0509 -0.2941 -0.9544
vn 0.2805 0.6225 -0.7306
vn -0.2207 -0.6990 -0.6802
vn 0.3533 0.8886 -0.2926
vn -0.3314 -0.9166 -0.2238
vn 0.3314 0.9166 0.2238
vn 0.2207 0.6990 0.6802
vn -0.3533 -0.8886 0.2926
vn 0.3591 0.8818 -0.3058
vn -0.2090 -0.6729 -0.7096
vn 0.0509 0.2941 0.9544
vn -0.2805 -0.6225 0.7306
vn -0.5609 -0.6747 -0.4798
vn -0.5971 0.7486 -0.2881
vn 0.0395 0.9771 0.2093
vn 0.1008 0.9721 0.2120
vn 0.0962 0.9721 -0.2139
vn -0.0221 -0.9844 -0.1747
vn 0.0467 0.2835 0.9578
vn 0.3018 0.6913 -0.6565
vn -0.2408 -0.7395 -0.6287
vn -0.1782 -0.3174 0.9314
vn 0.2977 0.6777 -0.6724
vn 0.3594 0.9329 -0.0252
vn 0.3454 0.8515 -0.3945
vn 0.3303 0.9151 0.2312
vn 0.3281 0.9051 0.2705
vn 0.3303 0.9150 0.2319
vn 0.3569 0.9184 -0.1711
vn 0.0089 -0.9011 -0.4334
vn 0.3883 0.8911 0.2348
vn 0.5905 0.7694 0.2436
vn 0.6349 0.7639 -0.1153
vn -0.1111 -0.9754 -0.1904
vn 0.9640 0.0570 0.2599
vn 0.9891 0.1450 0.0263
vn 0.9700 0.1535 -0.1884
vn 0.9139 0.3709 -0.1648
vn 0.5156 0.8228 0.2390
vn 0.5408 0.8063 0.2395
vn -0.9341 0.3521 -0.0587
vn 0.6418 -0.0026 0.7668
vn 0.5017 -0.3721 0.7809
vn 0.8808 -0.3823 0.2793
vn 0.6784 -0.0667 -0.7316
vn 0.5337 -0.4483 -0.7171
vn 0.7952 0.2749 -0.5405
vn 0.3997 -0.7678 -0.5007
vn 0.8526 0.4849 -0.1949
vn 0.3123 -0.9395 -0.1405
vn 0.8353 0.5070 0.2127
vn 0.9034 0.1894 -0.3848
vn 0.2950 -0.9174 0.2670
vn 0.7479 0.3353 0.5728
vn 0.3524 -0.7074 0.6126
vn 0.6139 0.0158 0.7892
vn 0.4692 -0.3659 0.8038
vn 0.4344 -0.7611 -0.4816
vn 0.5949 -0.6533 -0.4684
vn 0.9118 0.2800 -0.3004
vn 0.9417 0.2704 0.2004
vn 0.7007 0.6721 0.2395
vn 0.9339 0.2931 0.2045
vn 0.9613 -0.2668 0.0690
vn 0.1406 0.5141 0.8462
vn -0.3281 -0.7822 0.5297
vn 0.3281 0.7822 -0.5297
vn -0.1406 -0.5141 -0.8462
vn 0.9079 0.0293 0.4182
vn 0.5297 -0.6026 0.5969
vn 0.0019 -0.8548 0.5190
vn 0.6424 -0.7606 -0.0942
vn 0.9824 0.1358 -0.1284
vn 0.6179 -0.7292 -0.2939
vn 0.9869 -0.1446 -0.0710
vn 0.8868 -0.4612 -0.0296
vn 0.9873 0.0103 0.1582
vn 0.9872 0.0139 0.1588
vn 0.9871 0.0177 0.1593
vn 0.9323 0.2981 0.2050
vn 0.2124 -0.9684 -0.1306
vn 0.5599 -0.8280 -0.0306
vn 0.9432 -0.3105 -0.1185
vn 0.9495 -0.2990 0.0952
vn 0.7895 -0.3992 0.4662
vn 0.8673 -0.1939 0.4584
vn 0.9395 -0.0220 0.3420
vn 0.9021 -0.2383 -0.3599
vn 0.7266 -0.5830 0.3634
vn 0.6958 -0.6960 0.1774
vn 0.9649 -0.0544 -0.2571
vn 0.8242 -0.4436 -0.3521
vn 0.9865 0.0704 0.1482
vn 0.7520 -0.6155 -0.2357
vn 0.9958 0.0585 -0.0711
vn 0.7051 -0.7079 -0.0419
vn 0.7521 -0.6155 -0.2357
vn 0.7894 -0.3992 0.4662
vn -0.0590 -0.9815 -0.1823
vn 0.1458 -0.9789 -0.1435
vn 0.9341 -0.3521 0.0587
vn 0.9298 -0.3575 0.0874
vn 0.7764 -0.3997 0.4872
vn 0.6949 -0.6616 0.2820
vn 0.9023 -0.0878 0.4221
vn 0.7086 -0.7041 -0.0457
vn 0.9875 0.0672 0.1426
vn 0.7986 -0.5273 -0.2901
vn 0.9866 -0.0075 -0.1632
vn 0.9098 -0.2476 -0.3332
vn 0.5078 -0.8603 -0.0442
vn 0.7795 -0.6239 0.0556
vn 0.9453 -0.3005 0.1272
vn 0.9441 -0.3046 0.1259
vn 0.6599 0.7090 0.2488
vn 0.1765 -0.9750 -0.1353
vn 0.2368 -0.9637 -0.1235
vn 0.9766 -0.1362 0.1664
vn 0.9768 -0.1236 0.1749
vn 0.9809 -0.0027 0.1942
vn 0.9568 -0.2490 0.1501
vn 0.8539 -0.5133 0.0858
vn -0.5578 0.8086 0.1869
vn -0.6365 0.6972 -0.3298
vn -0.8414 0.5403 -0.0090
vn -0.7956 0.5460 0.2625
vn -0.3853 -0.1981 0.9013
vn -0.7226 -0.3849 -0.5742
vn -0.1625 -0.0800 0.9835
vn -0.4266 -0.2304 -0.8746
vn -0.8241 -0.4295 0.3693
vn -0.8818 -0.4626 0.0925
vn 0.0085 -0.9628 0.2702
vn -0.0190 -0.9998 -0.0021
vn 0.3464 -0.9180 0.1929
vn 0.2167 -0.9230 -0.3181
vn 0.8540 0.3960 0.3375
vn 0.9906 0.0953 0.0978
vn 0.9052 0.4156 0.0891
vn 0.8587 0.3936 0.3281
vn 0.8782 0.3326 0.3437
vn -0.8989 -0.4174 -0.1333
vn -0.8999 -0.4172 -0.1266
vn -0.8961 -0.4204 -0.1424
vn -0.8434 -0.3955 -0.3637
vn -0.8470 -0.3976 -0.3527
vn 0.9572 0.2423 -0.1584
vn 0.8997 0.4059 -0.1605
vn -0.7412 -0.3549 -0.5698
vn -0.4064 -0.8736 -0.2675
vn -0.4429 -0.8912 -0.0984
vn -0.4048 -0.8725 -0.2738
vn 0.9590 -0.2701 0.0859
vn -0.3467 -0.8179 -0.4593
vn -0.9150 0.4033 0.0065
vn -0.9192 0.3844 -0.0853
vn -0.9285 -0.3604 0.0899
vn -0.3713 0.9227 -0.1039
vn -0.3718 0.9073 -0.1965
vn -0.9242 -0.3364 0.1806
vn 0.5289 0.8277 -0.1877
vn 0.5251 0.8281 -0.1965
vn 0.5337 0.8271 -0.1762
vn 0.5381 0.8265 -0.1656
vn -0.9018 0.4195 0.1037
vn -0.6494 0.5738 -0.4990
vn -0.3672 0.9301 -0.0049
vn -0.9328 -0.0715 -0.3533
vn -0.9109 -0.3079 0.2748
vn -0.4632 0.8567 -0.2272
vn 0.3885 0.9174 -0.0860
vn -0.3941 -0.8907 0.2265
vn 0.3798 0.9250 0.0127
vn -0.3935 -0.8632 0.3163
vn 0.0186 0.8373 -0.5465
vn -0.6655 -0.7206 -0.1945
vn 0.3931 0.9020 -0.1785
vn -0.3890 -0.8258 0.4083
vn -0.0041 -0.9933 -0.1158
vn 0.9016 0.4070 0.1462
vn 0.3663 -0.8684 0.3342
vn 0.9192 0.3907 0.0497
vn 0.3708 -0.8960 0.2445
vn 0.6800 0.5646 -0.4678
vn 0.3580 -0.8310 0.4258
vn 0.9274 0.3717 -0.0419
vn 0.6639 -0.7298 -0.1632
vn 0.8926 -0.3203 0.3173
vn 0.9473 -0.0845 -0.3090
vn 0.9100 -0.3491 0.2238
vn 0.9182 -0.3731 0.1334
vn -0.3696 0.8876 -0.2749
vn -0.9163 0.3654 -0.1639
vn -0.9256 -0.3784 0.0111
vn 0.8028 0.1271 0.5825
vn 0.5571 -0.4325 0.7089
vn 0.0132 0.9601 -0.2793
vn -0.3919 -0.9081 0.1475
vn 0.5711 0.6899 0.4448
vn -0.0222 -0.6610 0.7500
vn 0.0213 -0.2292 -0.9731
vn 0.3720 -0.9134 0.1655
vn -0.5957 -0.4246 0.6818
vn -0.0025 0.9264 0.3766
vn 0.9280 0.3526 -0.1205
vn 0.7156 0.6706 -0.1957
vn 0.9280 0.3527 -0.1205
vn -0.5818 0.6979 0.4177
vn -0.8275 0.1383 0.5441
vn 0.9187 -0.3911 0.0545
vn 0.9187 -0.3912 0.0545
vn 0.7228 0.6907 -0.0208
vn 0.5555 0.8311 -0.0267
vn 0.6115 0.7907 -0.0293
vn 0.6279 0.7781 -0.0156
vn 0.9215 0.3884 -0.0017
vn 1.0000 -0.0008 0.0091
vn 0.9823 -0.1872 0.0100
vn 0.9755 -0.2198 0.0087
vn 0.9999 -0.0055 0.0092
vn 0.8750 0.4841 0.0023
vn -0.6192 0.7828 0.0614
vn 0.4067 -0.9047 0.1270
vn -0.4859 0.8205 -0.3013
vn -0.2361 0.9572 0.1671
vn 0.4900 -0.8716 -0.0127
vn -0.2570 0.9538 0.1555
vn -0.6900 0.7105 -0.1380
vn -0.1535 0.9575 0.2442
vn -0.6534 0.7487 -0.1118
vn -0.6535 0.7487 -0.1118
vn -0.5526 0.7358 -0.3914
vn -0.0928 0.9670 0.2374
vn 0.3860 -0.9161 0.1084
vn 0.5454 -0.8376 0.0324
vn -0.9236 -0.3176 0.2145
vn -0.8646 0.3879 -0.3194
vn -0.7868 0.5765 -0.2206
vn -0.9016 0.1170 -0.4166
vn -0.8914 0.0310 -0.4521
vn -0.8737 -0.0376 -0.4850
vn -0.8926 0.0651 -0.4460
vn 0.1338 0.9487 -0.2865
vn 0.4289 0.8996 -0.0820
vn 0.4557 0.8635 0.2159
vn 0.4611 0.8812 0.1039
vn -0.4170 -0.9025 0.1075
vn -0.4665 -0.8753 0.1277
vn -0.4819 -0.8676 0.1228
vn 0.4324 0.8915 -0.1352
vn 0.4854 0.7686 -0.4168
vn 0.4838 0.7932 -0.3697
vn 0.4725 0.8417 0.2612
vn 0.4564 0.8896 -0.0149
vn 0.5451 0.7281 -0.4157
vn 0.4845 0.8369 -0.2547
vn -0.5334 -0.8416 0.0841
vn -0.5044 -0.8485 0.1602
vn 0.3774 0.9218 -0.0885
vn 0.4703 0.8395 0.2722
vn 0.4337 0.8944 -0.1094
vn -0.5322 -0.8429 0.0792
vn -0.4166 -0.9030 0.1052
vn -0.5308 0.7269 -0.4357
vn 0.2005 0.9567 -0.2111
vn -0.2994 -0.7881 0.5378
vn -0.0929 0.9670 0.2374
vn 0.5453 -0.8376 0.0324
vn 0.4288 0.8994 -0.0849
vn 0.5453 0.7286 -0.4145
vt 0.388517 0.667258
vt 0.388517 0.690391
vt 0.314950 0.690391
vt 0.316048 0.667258
vt 0.714761 0.667258
vt 0.318413 0.718834
vt 0.388517 0.653182
vt 0.295082 0.689501
vt 0.714761 0.690391
vt 0.388517 0.718834
vt 0.318493 0.653182
vt 0.296114 0.667774
vt 0.714761 0.653182
vt 0.303290 0.718692
vt 0.714761 0.718834
vt 0.768738 0.690391
vt 0.299405 0.653282
vt 0.744648 0.667258
vt 0.793880 0.718834
vt 0.324791 0.746545
vt 0.388517 0.746545
vt 0.367615 0.637075
vt 0.388394 0.653182
vt 0.714761 0.637075
vt 0.728013 0.653182
vt 0.309304 0.637075
vt 0.714761 0.743432
vt 0.244751 0.693494
vt 0.250376 0.724302
vt 0.805157 0.690391
vt 0.777810 0.667258
vt 0.241643 0.674218
vt 0.810267 0.739236
vt 0.714051 0.703027
vt 0.637727 0.743034
vt 0.637727 0.703027
vt 0.839010 0.718834
vt 0.714051 0.653765
vt 0.637727 0.650715
vt 0.761175 0.653182
vt 0.388517 0.754814
vt 0.000000 0.000000
vt 0.714051 0.747366
vt 0.783012 0.703027
vt 0.561728 0.247851
vt 0.444677 0.247851
vt 0.444678 0.062264
vt 0.256010 0.754814
vt 0.783012 0.673709
vt 0.714701 0.751701
vt 0.275535 0.637075
vt 0.561729 0.062265
vt 0.239110 0.660143
vt 0.217786 0.732696
vt 0.217786 0.757401
vt 0.210857 0.757022
vt 0.263773 0.792843
vt 0.783012 0.727423
vt 0.760924 0.653545
vt 0.211316 0.741058
vt 0.217786 0.707397
vt 0.388517 0.792807
vt 0.217786 0.792179
vt 0.211753 0.801301
vt 0.729947 0.792807
vt 0.210945 0.709402
vt 0.816998 0.744817
vt 0.159290 0.724302
vt 0.165149 0.754814
vt 0.153466 0.754814
vt 0.714051 0.633361
vt 0.637727 0.765932
vt 0.147607 0.724302
vt 0.858344 0.741284
vt 0.130790 0.757401
vt 0.130790 0.732696
vt 0.136308 0.741249
vt 0.161993 0.792968
vt 0.217786 0.689769
vt 0.142857 0.693494
vt 0.173677 0.792968
vt 0.107198 0.732696
vt 0.108884 0.757401
vt 0.108884 0.757173
vt 0.130790 0.792293
vt 0.136308 0.757022
vt 0.877361 0.738198
vt 0.282238 0.853163
vt 0.107198 0.733331
vt 0.153896 0.693494
vt 0.107282 0.707397
vt 0.136308 0.707732
vt 0.175472 0.799637
vt 0.164289 0.799637
vt 0.388517 0.853163
vt 0.130790 0.798392
vt 0.136308 0.788313
vt 0.130790 0.707397
vt 0.110437 0.792293
vt 0.110437 0.790937
vt 0.210448 0.695593
vt 0.783012 0.661565
vt 0.714051 0.767771
vt 0.839056 0.792807
vt 0.210212 0.853616
vt 0.136308 0.801979
vt 0.107282 0.709655
vt 0.150926 0.674218
vt 0.147875 0.801079
vt 0.130790 0.689769
vt 0.217786 0.861073
vt 0.136308 0.695594
vt 0.757060 0.853163
vt 0.097974 0.799711
vt 0.112464 0.798392
vt 0.112454 0.801746
vt 0.104789 0.689769
vt 0.097689 0.791919
vt 0.176866 0.853163
vt 0.861983 0.850196
vt 0.140034 0.674218
vt 0.130790 0.861073
vt 0.637727 0.629047
vt 0.145725 0.794410
vt 0.096076 0.793611
vt 0.902890 0.794431
vt 0.115859 0.858222
vt 0.100085 0.802934
vt 0.104789 0.693530
vt 0.284778 0.864222
vt 0.188049 0.853163
vt 0.637960 0.864222
vt 0.388517 0.864222
vt 0.138275 0.660143
vt 0.783012 0.739567
vt 0.911798 0.622330
vt 0.883832 0.622330
vt 0.883966 0.587506
vt 0.117713 0.861073
vt 0.757060 0.864222
vt 0.136308 0.853616
vt 0.905418 0.587506
vt 0.882837 0.566264
vt 0.103236 0.676897
vt 0.189027 0.864223
vt 0.915459 0.847589
vt 0.904910 0.566264
vt 0.577253 0.049978
vt 0.577253 0.014330
vt 0.747036 0.014330
vt 0.926700 0.797849
vt 0.065723 0.757258
vt 0.828200 0.566264
vt 0.284771 0.872670
vt 0.628472 0.872670
vt 0.130790 0.871187
vt 0.222242 0.871187
vt 0.219245 0.863002
vt 0.061210 0.757258
vt 0.828321 0.587506
vt 0.219325 0.869747
vt 0.995610 0.622330
vt 0.994851 0.587506
vt 0.861983 0.861255
vt 0.747036 0.049978
vt 0.388517 0.872670
vt 0.222236 0.878913
vt 0.103236 0.682361
vt 0.765451 0.872670
vt 0.993530 0.566264
vt 0.130151 0.862021
vt 0.182387 0.864223
vt 0.078681 0.804687
vt 0.122587 0.871187
vt 0.159378 0.854648
vt 0.119707 0.796537
vt 0.052780 0.742569
vt 0.238121 0.643677
vt 0.048267 0.742569
vt 0.104031 0.859449
vt 0.075006 0.801656
vt 0.124721 0.862021
vt 0.861983 0.869703
vt 0.957929 0.845407
vt 0.915459 0.858648
vt 0.577253 0.088696
vt 0.102275 0.862431
vt 0.099461 0.754658
vt 0.106189 0.871845
vt 0.163812 0.864941
vt 0.327143 0.409133
vt 0.435991 0.431270
vt 0.404376 0.430420
vt 0.102423 0.665428
vt 0.747036 0.088696
vt 0.046306 0.725062
vt 0.109258 0.862679
vt 0.757060 0.919047
vt 0.798972 0.566264
vt 0.286371 0.912110
vt 0.041793 0.725062
vt 0.388517 0.915416
vt 0.771122 0.587506
vt 0.746300 0.587506
vt 0.744979 0.566264
vt 0.219325 0.880497
vt 0.915459 0.867096
vt 0.067293 0.755577
vt 0.080851 0.735098
vt 0.137353 0.647601
vt 0.084579 0.802771
vt 0.964664 0.835733
vt 0.927006 0.798084
vt 0.970120 0.854775
vt 0.121858 0.803206
vt 0.088749 0.860991
vt 0.139893 0.856545
vt 0.769641 0.566264
vt 0.102423 0.671396
vt 0.577253 0.104888
vt 0.797386 0.587506
vt 0.092103 0.872841
vt 0.041734 0.715955
vt 0.068672 0.715955
vt 0.037565 0.707397
vt 0.956729 0.826345
vt 0.222236 0.889662
vt 0.638318 0.918297
vt 0.747036 0.104888
vt 0.981363 0.870074
vt 0.085074 0.864166
vt 0.851013 0.908484
vt 0.033052 0.707397
vt 0.976415 0.844762
vt 0.147855 0.866030
vt 0.095945 0.863675
vt 0.051534 0.735325
vt 0.058771 0.693494
vt 0.964300 0.835453
vt 0.577253 0.110776
vt 0.747036 0.110776
vt 0.985329 0.858272
vt 0.239160 0.637193
vt 0.915459 0.903763
vt 0.219325 0.881555
vt 0.088362 0.873367
vt 0.143617 0.866606
vt 0.284771 0.916574
vt 0.641804 0.965456
vt 0.034125 0.688431
vt 0.043169 0.693494
vt 0.577253 0.115331
vt 0.973469 0.842498
vt 0.101660 0.657376
vt 0.054874 0.672755
vt 0.840000 0.965059
vt 0.994057 0.898263
vt 0.747036 0.115331
vt 0.092479 0.864201
vt 0.222236 0.890721
vt 0.029612 0.688431
vt 0.066861 0.805614
vt 0.063187 0.802685
vt 0.106318 0.797662
vt 0.080728 0.861919
vt 0.772413 0.966476
vt 0.099506 0.872629
vt 0.095947 0.881794
vt 0.998333 0.886698
vt 0.122425 0.881555
vt 0.120744 0.890721
vt 0.037513 0.736619
vt 0.120092 0.859586
vt 0.030807 0.715955
vt 0.136489 0.638797
vt 0.032714 0.693494
vt 0.577253 0.117731
vt 0.286626 0.953485
vt 0.123840 0.873668
vt 0.152209 0.884882
vt 0.101660 0.664279
vt 0.533673 0.513516
vt 0.607930 0.513516
vt 0.607930 0.592209
vt 0.533673 0.592209
vt 0.077054 0.865195
vt 0.072760 0.803493
vt 0.036888 0.680243
vt 0.131368 0.891178
vt 0.157347 0.903889
vt 0.108469 0.804332
vt 0.390175 0.513516
vt 0.648999 0.664416
vt 0.648999 0.627834
vt 0.561789 0.627601
vt 0.390742 0.592209
vt 0.614350 0.611130
vt 0.055200 0.757566
vt 0.978893 0.853327
vt 0.389750 0.964441
vt 0.446402 0.643516
vt 0.446402 0.647841
vt 0.428990 0.655801
vt 0.288121 0.655801
vt 0.538087 0.611130
vt 0.136606 0.939811
vt 0.392173 0.611130
vt 0.033107 0.676897
vt 0.044428 0.672544
vt 0.058833 0.660143
vt 0.747036 0.117732
vt 0.243858 0.635983
vt 0.912705 0.964995
vt 0.736556 0.546859
vt 0.143264 0.513516
vt 0.063126 0.801251
vt 0.077992 0.865706
vt 0.076901 0.866194
vt 0.061849 0.801892
vt 0.163215 0.592209
vt 0.063501 0.669093
vt 0.063501 0.663523
vt 0.062662 0.801251
vt 0.061384 0.801892
vt 0.076436 0.866194
vt 0.750622 0.110014
vt 0.567845 0.110015
vt 0.567844 0.013183
vt 0.077528 0.865706
vt 0.736556 0.607819
vt 0.750531 0.049828
vt 0.750531 0.005864
vt 0.567913 0.005864
vt 0.945731 0.419895
vt 0.876747 0.419895
vt 0.876747 0.497073
vt 0.736556 0.513516
vt 0.817010 0.497073
vt 0.577253 0.115253
vt 0.750531 0.072960
vt 0.567913 0.049828
vt 0.542075 0.624180
vt 0.807763 0.419895
vt 0.231876 0.655801
vt 0.396160 0.624180
vt 0.936484 0.497073
vt 0.175510 0.611130
vt 0.750531 0.089456
vt 0.567913 0.072960
vt 0.077640 0.862621
vt 0.058023 0.660143
vt 0.040517 0.671958
vt 0.065013 0.806316
vt 0.061338 0.803465
vt 0.106569 0.862751
vt 0.104224 0.798515
vt 0.137152 0.637588
vt 0.093263 0.645518
vt 0.092915 0.644756
vt 0.032794 0.736619
vt 0.026088 0.715955
vt 0.027995 0.693494
vt 0.106569 0.876464
vt 0.750531 0.094424
vt 0.567913 0.089456
vt 0.750531 0.099011
vt 0.567913 0.094424
vt 0.175590 0.624180
vt 0.106569 0.891082
vt 0.286779 0.965105
vt 0.112849 0.513516
vt 0.618337 0.624180
vt 0.132800 0.592209
vt 0.974306 0.419895
vt 0.792266 0.497073
vt 0.153090 0.960529
vt 0.354179 0.977441
vt 0.635081 0.881584
vt 0.651511 0.881584
vt 0.651511 0.899702
vt 0.635081 0.899702
vt 0.145095 0.611130
vt 0.415539 0.296290
vt 0.408319 0.313719
vt 0.373459 0.313719
vt 0.373459 0.278860
vt 0.408319 0.278860
vt 0.070912 0.803398
vt 0.073966 0.865975
vt 0.106375 0.805184
vt 0.049267 0.757566
vt 0.106569 0.940584
vt 0.750531 0.104311
vt 0.567913 0.099011
vt 0.843085 0.665780
vt 0.824018 0.663270
vt 0.836765 0.670629
vt 0.844125 0.657882
vt 0.831378 0.650523
vt 0.635081 0.872525
vt 0.651511 0.908760
vt 0.626866 0.890643
vt 0.102452 0.513516
vt 0.287301 0.980413
vt 0.134698 0.611130
vt 0.779188 0.419895
vt 0.122403 0.592209
vt 0.961228 0.497073
vt 0.659726 0.890643
vt 0.651511 0.872525
vt 0.635081 0.908760
vt 0.350259 0.990516
vt 0.143850 0.971957
vt 0.736058 0.623745
vt 0.390889 0.320939
vt 0.828868 0.669589
vt 0.839276 0.651562
vt 0.390889 0.271640
vt 0.217786 0.654803
vt 0.825058 0.655372
vt 0.945732 0.419896
vt 0.366239 0.296290
vt 0.807763 0.419896
vt 0.567913 0.104311
vt 0.876747 0.419896
vt 0.750621 0.013182
vt 0.559360 0.651029
vt 0.095947 0.881795
vt 0.088748 0.860991
vt 0.408514 0.505659
vt 0.421150 0.509926
vt 0.369699 0.508439
vt 0.408514 0.444584
vt 0.435041 0.444584
vt 0.747036 0.014331
vt 0.210211 0.853616
vt 0.210448 0.695594
vt 0.253650 0.176073
vt 0.253650 0.148362
vt 0.579894 0.172960
vt 0.579894 0.148362
vt 0.579894 0.096786
vt 0.579894 0.119919
vt 0.253650 0.096786
vt 0.253650 0.119919
vt 0.602681 0.149185
vt 0.585593 0.142586
vt 0.568504 0.149184
vt 0.568504 0.149185
vt 0.585592 0.179771
vt 0.568504 0.182020
vt 0.602681 0.182020
vt 0.601174 0.148673
vt 0.585592 0.206943
vt 0.585593 0.148672
vt 0.585592 0.206942
vt 0.570011 0.207190
vt 0.570012 0.148672
vt 0.601173 0.207190
vt 0.721506 0.050011
vt 0.721506 0.085779
vt 0.600713 0.085779
vt 0.600713 0.050011
vt 0.585592 0.209596
vt 0.585592 0.209597
vt 0.568504 0.209867
vt 0.568504 0.209868
vt 0.602681 0.209868
vt 0.005443 0.189567
vt 0.005443 0.139121
vt 0.241871 0.139224
vt 0.719114 0.170558
vt 0.725052 0.242995
vt 0.697454 0.244461
vt 0.241871 0.189378
vt 0.005443 0.244554
vt 0.241871 0.089978
vt 0.241455 0.003192
vt 0.240779 0.050949
vt 0.189653 0.003585
vt 0.241871 0.241747
vt 0.244218 0.247270
vt 0.006790 0.246100
vt 0.002795 0.003737
vt 0.005443 0.086411
vt 0.240058 0.098200
vt 0.246017 0.088740
vt 0.241871 0.000826
vt 0.149640 0.249430
vt 0.241837 0.250885
vt 0.240670 0.076222
vt 0.124400 0.250537
vt 0.243331 0.251288
vt 0.243331 0.001667
vt 0.005443 0.004653
vt 0.005374 0.247352
vt 0.005374 0.005805
vt 0.246601 0.005805
vt 0.238652 0.180257
vt 0.242489 0.002627
vt 0.214142 0.003512
vt 0.244970 0.003512
vt 0.244645 0.028810
vt 0.625833 0.152216
vt 0.683794 0.128207
vt 0.693738 0.152216
vt 0.683794 0.176224
vt 0.124400 0.001667
vt 0.214142 0.029166
vt 0.246601 0.247352
vt 0.236132 0.244736
vt 0.001306 0.001667
vt 0.001306 0.250678
vt 0.219544 0.141696
vt 0.203142 0.003512
vt 0.244392 0.102504
vt 0.243647 0.025141
vt 0.080773 0.023526
vt 0.150963 0.084018
vt 0.004192 0.000843
vt 0.007373 0.250147
vt 0.246814 0.160169
vt 0.190836 0.244736
vt 0.003485 0.002910
vt 0.245665 0.246455
vt 0.191522 0.002482
vt 0.635777 0.128207
vt 0.659786 0.118263
vt 0.635777 0.176224
vt 0.659786 0.186168
vt 0.001072 0.247270
vt 0.203142 0.029051
vt 0.247045 0.241637
vt 0.219781 0.193937
vt 0.240919 0.004191
vt 0.247927 0.003026
vt 0.206747 0.206226
vt 0.223297 0.245197
vt 0.600714 0.085779
vt 0.148654 0.244736
vt 0.173041 0.003012
vt 0.246970 0.003384
vt 0.248914 0.246860
vt 0.156240 0.002518
vt 0.718048 0.003719
vt 0.718887 0.109880
vt 0.745250 0.110706
vt 0.144287 0.005381
vt 0.241487 0.004028
vt 0.243244 0.249247
vt 0.744642 0.223428
vt 0.715989 0.241250
vt 0.745250 0.048635
vt 0.172553 0.212922
vt 0.173041 0.028552
vt 0.174679 0.245247
vt 0.120986 0.244736
vt 0.090247 0.178784
vt 0.187224 0.108190
vt 0.184638 0.159170
vt 0.006872 0.139081
vt 0.006872 0.204620
vt 0.242110 0.205669
vt 0.243647 0.162071
vt 0.176386 0.205168
vt 0.717439 0.048635
vt 0.598397 0.043191
vt 0.746088 0.003719
vt 0.148460 0.217914
vt 0.146350 0.003012
vt 0.741895 0.114976
vt 0.571072 0.115887
vt 0.743645 0.002274
vt 0.739004 0.237021
vt 0.573218 0.237021
vt 0.745489 0.211089
vt 0.573183 0.213606
vt 0.738247 0.238054
vt 0.759406 0.246866
vt 0.994949 0.246399
vt 1.001476 0.103979
vt 0.246892 0.244167
vt 0.245572 0.179737
vt 0.002255 0.248003
vt 0.002179 0.247049
vt 0.146350 0.028552
vt 0.242694 0.245173
vt 0.244609 0.002346
vt 0.000500 0.000500
vt 0.244590 0.007092
vt 0.112920 0.245320
vt 0.951912 0.004137
vt 0.574500 0.003828
vt 0.573533 0.238054
vt 0.007399 0.005136
vt 0.569801 0.004558
vt 0.035890 0.002092
vt 0.035379 0.243933
vt 0.109120 0.010139
vt 0.092039 0.198397
vt 0.003146 0.002987
vt 0.141098 0.246077
vt 0.242110 0.138922
vt 0.004436 0.009128
vt 0.597856 0.115752
vt 0.574997 0.109867
vt 0.574793 0.226784
vt 0.598059 0.238733
vt 0.573319 0.043191
vt 0.596125 0.004558
vt 0.242985 0.001771
vt 0.104132 0.002718
vt 0.099812 0.247308
vt 0.011736 0.002935
vt 0.045532 0.249767
vt 0.046835 0.218937
vt 0.006988 0.207860
vt 0.005728 0.249485
vt 0.238515 0.249899
vt 0.002709 0.249200
vt 0.759506 0.006873
vt 0.147554 0.207794
vt 0.046031 0.208817
vt 0.146350 0.125372
vt 0.046031 0.125372
vt 0.047153 0.003012
vt 0.850186 0.213585
vt 0.850264 0.034381
vt 0.767243 0.032589
vt 0.243647 0.229656
vt 0.767243 0.212432
vt 0.005255 0.246943
vt 0.017276 0.190666
vt 0.142745 0.334453
vt 0.004307 0.340997
vt 0.112075 0.221123
vt 0.034167 0.000000
vt 0.159537 0.433193
vt 0.000000 0.489715
vt 0.210380 0.251464
vt 0.285818 0.375889
vt 0.143598 0.023101
vt 0.171296 0.546646
vt 0.339567 0.487124
vt 0.342849 0.291655
vt 0.853875 -0.147155
vt 0.773081 0.823825
vt 0.749192 -0.106395
vt 0.847964 0.788477
vt 0.423013 0.415677
vt 0.999197 0.729915
vt 0.943619 0.776996
vt 0.421810 0.171395
vt 0.533506 0.183251
vt 0.474787 0.525288
vt 0.487532 0.141007
vt 0.367560 0.603263
vt 0.334446 0.039816
vt 0.392608 -0.005501
vt 0.310820 0.102959
vt 0.277977 0.280776
vt 0.171340 0.087407
vt 0.749518 0.919461
vt 0.545906 0.895495
vt 0.134199 -0.001277
vt 0.001597 0.040442
vt 0.028354 0.128195
vt 0.158885 0.361247
vt 0.628660 1.000451
vt -0.053611 0.099819
vt 0.126929 0.995296
vt 0.000065 0.468304
vt 0.040954 -0.029163
vt 1.029689 0.033639
vt 0.977110 0.530364
vt 0.966418 1.029751
vt -0.022317 0.966948
vt 0.426413 0.858753
vt 0.022302 0.015238
vt 0.022302 0.872860
vt 0.458709 0.016608
vt 0.922785 0.743838
vt 0.356654 0.160791
vt 1.002138 0.621898
vt 0.277797 0.280957
vt 0.121862 0.033416
vt 0.083007 0.176939
vt 0.033757 0.007846
vt -0.006170 0.140998
vt 0.100439 0.316196
vt 0.037622 0.340673
vt 0.648760 0.834945
vt 0.782953 0.939844
vt 0.170367 0.426253
vt 0.700162 0.017820
vt 0.140868 0.492379
vt 0.183729 0.537779
vt 0.736625 0.996051
vt 0.724258 0.816309
vt 0.918782 0.021435
vt 0.579894 0.082710
vt 0.253650 0.082710
vt 0.760141 0.106173
vt 0.760141 0.228940
vt 0.569934 0.228940
vt 0.569934 0.098572
vt 0.739519 0.498423
vt 0.738470 0.420217
vt 0.996113 0.420217
vt 0.997162 0.498423
vt 0.007021 0.246707
vt 0.007021 0.010834
vt 0.043803 0.010835
vt 0.043802 0.246708
vt 0.006075 0.006844
vt 0.242670 0.007026
vt 0.242670 0.249476
vt 0.006191 0.249476
vt 0.248162 0.758298
vt 0.248162 0.737050
vt 0.253620 0.731762
vt 0.253620 0.758298
vt 0.136785 0.731943
vt 0.745621 0.502177
vt 0.990813 0.502177
vt 0.990813 0.559180
vt 0.248162 0.791146
vt 0.893669 0.558157
vt 0.932138 0.558157
vt 0.893842 0.505245
vt 0.745621 0.559180
vt 0.253620 0.791146
vt 0.931339 0.505245
vt 0.970981 0.558157
vt 0.141660 0.737230
vt 0.253620 0.694967
vt 0.845565 0.558157
vt 0.860862 0.505245
vt 0.248162 0.796922
vt 0.136785 0.758298
vt 0.141660 0.758298
vt 0.968216 0.505245
vt 0.141660 0.797296
vt 0.136785 0.791520
vt 0.939576 0.560410
vt 0.898133 0.560410
vt 0.938715 0.503679
vt 0.136785 0.694967
vt 0.141660 0.791520
vt 0.845904 0.505245
vt 0.995283 0.558157
vt 0.846310 0.560410
vt 0.898319 0.503679
vt 0.136785 0.797296
vt 0.899985 0.537944
vt 0.895431 0.517584
vt 0.844574 0.516599
vt 0.253620 0.675858
vt 0.248162 0.839376
vt 0.849848 0.538056
vt 0.973287 0.503679
vt 0.837251 0.560410
vt 0.846076 0.503679
vt 0.973785 0.560410
vt 0.963866 0.515761
vt 0.961704 0.507703
vt 0.912084 0.507936
vt 0.993618 0.505245
vt 0.751255 0.505245
vt 0.837362 0.503679
vt 0.914688 0.515994
vt 0.136785 0.675858
vt 0.253620 0.843314
vt 0.893492 0.509443
vt 0.843237 0.509443
vt 1.000000 0.509413
vt 0.743817 0.509413
vt 1.000000 0.562569
vt 0.136785 0.843314
vt 0.750742 0.558157
vt 0.992588 0.503679
vt 0.993602 0.560410
vt 0.744154 0.560410
vt 0.743817 0.562569
vt 0.141660 0.839376
vt 0.742555 0.503679
vt 0.157451 0.771954
vt 0.000000 0.000000
vt 0.988746 0.272241
vt 1.000000 0.999995
vt 0.812212 0.951902
vt 0.671149 0.003691
vt 0.246442 0.951902
vt 0.004876 0.010080
vt 0.627955 0.233159
vt 0.129713 0.102661
vt 0.404387 0.793307
vt -0.086752 0.660494
vt 0.943052 0.318092
vt 0.721392 0.880970
vt 0.251839 0.062273
vt 0.251839 0.005411
vt 0.270383 0.034912
vt 0.300182 0.214682
vt 0.274633 0.214682
vt 0.274633 0.227215
vt 0.300182 0.227215
vt 0.257316 0.191435
vt 0.364659 0.191435
vt 0.364659 0.247075
vt 0.257316 0.247075
vt 0.364659 0.245628
vt 0.364659 0.187667
vt 0.257622 0.188609
vt 0.364659 0.189179
vt 0.364659 0.246198
vt 0.260070 0.189179
vt 0.260070 0.246198
vt 0.256680 0.246569
vt 0.281940 0.007509
vt 0.531940 0.007509
vt 0.531940 0.038322
vt 0.281940 0.038322
vt 0.281940 0.063094
vt 0.531940 0.063094
vt 0.280449 0.202610
vt 0.280449 0.229525
vt 0.350765 0.203390
vt 0.277058 0.229896
vt 0.278000 0.202040
vt 0.350765 0.200635
vt 0.350765 0.230305
vt 0.350765 0.228491
vt 0.533413 0.039317
vt 0.305557 0.039317
vt 0.248352 0.005165
vt 0.564970 0.059557
vt 0.304752 0.039317
vt 0.532609 0.039317
vt 0.367639 0.114606
vt 0.251395 0.114606
vt 0.251395 0.098735
vt 0.367639 0.125614
vt 0.248352 0.059557
vt 0.564970 0.005165
vt 0.251395 0.125614
vt 0.367639 0.098735
vt 0.567801 0.005411
vt 0.567801 0.062273
vt 0.534737 0.035230
vt 0.474685 0.062273
vt 0.474484 0.022205
vt 0.344442 0.035001
vt 0.346534 0.041918
vt 0.347565 0.005411
vt 0.343280 0.015049
vt 0.474729 0.062273
vt 0.479218 0.054124
vt 0.477977 0.005411
vt 0.474073 0.035157
vt 0.473685 0.028795
vt 0.413256 0.035084
vt 0.411711 0.022262
vt 0.478158 0.005411
vt 0.418406 0.048529
vt 0.474073 0.035157
vt 0.344442 0.035001
vt 0.335651 0.062273
vt 0.413256 0.035084
vt 0.420529 0.035093
vt 0.419993 0.023135
vt 0.414202 0.062273
vt 0.422802 0.048934
vt 0.425325 0.005411
vt 0.417267 0.032502
vt 0.425335 0.005411
vt 0.414135 0.062273
vt 0.277565 0.186153
vt 0.277565 0.151240
vt 0.351237 0.151240
vt 0.351237 0.186153
vt 0.310936 0.066863
vt 0.251943 0.143639
vt 0.369929 0.143639
vt 0.251943 0.184849
vt 0.369929 0.184849
vt 0.422753 0.912641
vt 0.422753 0.885859
vt 0.547656 0.884383
vt 0.378261 0.884382
vt 0.468272 0.786089
vt 0.372593 0.786089
vt 0.468839 0.786089
vt 0.423730 0.786089
vt 0.566268 0.786090
vt 0.423729 0.786089
vt 0.511950 0.820589
vt 0.509052 0.805707
vt 0.209100 0.824602
vt 0.561192 0.846260
vt 0.518609 0.791760
vt 0.209100 0.799285
vt 0.562104 0.859533
vt 0.209100 0.847147
vt 0.329489 0.433122
vt 0.306658 0.423322
vt 0.322169 0.380280
vt 0.348532 0.380280
vt 0.306658 0.337239
vt 0.277462 0.471806
vt 0.264281 0.454830
vt 0.290145 0.374265
vt 0.279014 0.407005
vt 0.279014 0.341524
vt 0.329489 0.327438
vt 0.264281 0.305730
vt 0.248603 0.317556
vt 0.206392 0.466363
vt 0.248603 0.430974
vt 0.206392 0.485964
vt 0.279467 0.280066
vt 0.206392 0.294197
vt 0.207060 0.308783
vt 0.148503 0.454831
vt 0.207060 0.439746
vt 0.135322 0.471806
vt 0.208397 0.265907
vt 0.148503 0.305730
vt 0.106126 0.423322
vt 0.165518 0.430974
vt 0.165518 0.317556
vt 0.083295 0.433122
vt 0.090614 0.380280
vt 0.135107 0.407005
vt 0.141337 0.276056
vt 0.106126 0.337239
vt 0.135107 0.341524
vt 0.123976 0.374265
vt 0.064252 0.380280
vt 0.513313 0.786827
vt 0.209100 0.790138
vt 0.089311 0.314739
vt 0.004530 0.362689
vt 0.004530 0.381937
vt 0.066946 0.589592
vt 0.737429 0.568246
vt 0.735783 0.511499
vt 0.066949 0.513763
vt 0.010545 0.328374
vt 0.424975 0.831377
vt 0.424975 0.804147
vt 0.303991 0.830727
vt 0.424975 0.858607
vt 0.301010 0.845573
vt 0.004530 0.416263
vt 0.359452 0.380280
vt 0.338946 0.437182
vt 0.338946 0.323379
vt 0.287761 0.374265
vt 0.276949 0.406066
vt 0.276949 0.342463
vt 0.247411 0.429346
vt 0.247411 0.319183
vt 0.207060 0.437867
vt 0.207060 0.310662
vt 0.166710 0.319183
vt 0.166710 0.429346
vt 0.073838 0.437182
vt 0.134541 0.268356
vt 0.137172 0.342463
vt 0.137172 0.406066
vt 0.126360 0.374265
vt 0.009208 0.319897
vt 0.300788 0.860419
vt 0.066946 0.617041
vt 0.734367 0.602208
vt 0.004530 0.419526
vt 0.294875 0.817884
vt 0.302829 0.873263
vt 0.078517 0.310011
vt 0.424976 0.780590
vt 0.424975 0.877797
vt 0.292891 0.845573
vt 0.293756 0.861560
vt 0.733374 0.620187
vt 0.296959 0.829587
vt 0.512940 0.619146
vt 0.437913 0.787648
vt 0.510420 0.607185
vt 0.833595 0.444944
vt 0.793996 0.405345
vt 0.777594 0.444944
vt 0.793996 0.484543
vt 0.833595 0.500946
vt 0.833595 0.388943
vt 0.873194 0.484543
vt 0.873194 0.405345
vt 0.889597 0.444944
vt 0.502879 0.585316
vt 0.502879 0.575713
vt 0.667225 0.509233
vt 0.578020 0.509233
vt 0.578020 0.603315
vt 0.667225 0.603315
vt 0.501808 0.538818
vt 0.501809 0.512291
vt 0.437914 0.791337
vt 0.522965 0.512955
vt 0.522965 0.602160
vt 0.722281 0.602160
vt 0.264281 0.454831
vt 0.722280 0.512955
vt 0.829642 0.444944
vt 0.438165 0.804189
vt 0.438615 0.846569
vt 0.438615 0.855200
vt 0.437922 0.793722
vt 0.438847 0.838734
vt 0.438620 0.821561
vt 0.438390 0.810158
vt 0.438390 0.810158
vt 0.438615 0.846569
vt 0.424518 0.821185
vt 0.424518 0.852060
vt 0.564156 0.845177
vt 0.564901 0.811768
vt 0.558367 0.782764
vt 0.581483 0.881273
vt 0.424518 0.790328
vt 0.424518 0.881160
vt 0.572422 0.809824
vt 0.572363 0.845862
vt 0.468839 0.784871
vt 0.422753 0.884640
vt 0.423730 0.784870
vt 0.566268 0.784871
vt 0.547656 0.883164
vt 0.468272 0.784871
vt 0.423729 0.784870
vt 0.378261 0.883163
vt 0.372593 0.784870
vt 0.422753 0.911422
vt 0.326373 0.062273
vt 0.323186 0.049433
vt 0.329204 0.005411
vt 0.328301 0.013471
vt 0.332682 0.034987
vt 0.335228 0.040877
vt 0.328289 0.005411
vt 0.326979 0.062273
vt 1.355887 1.079485
vt 1.565084 1.068746
vt 1.410764 1.874283
vt 1.200382 1.882295
vt 0.871921 1.895977
vt 1.024082 1.100321
vt 0.385056 0.035050
vt 0.385590 0.019509
vt 0.391517 0.005411
vt 0.379256 0.039342
vt 0.374949 0.062273
vt 0.386167 0.045564
vt 0.391386 0.005411
vt 0.375045 0.062273
vt 0.411656 0.062273
vt 0.415243 0.005411
s 1
usemtl door_lf_hi_ok.001
f 80/1/1 81/2/2 75/3/3
f 75/3/3 74/4/4 80/1/1
f 81/2/2 80/1/1 97/5/5
f 76/6/6 75/3/3 81/2/2
f 83/7/7 80/1/1 74/4/4
f 74/4/4 75/3/3 86/8/8
f 97/5/5 98/9/9 81/2/2
f 82/10/10 81/2/2 98/9/9
f 74/4/4 77/11/11 83/7/7
f 81/2/2 82/10/10 76/6/6
f 77/11/11 74/4/4 87/12/12
f 100/13/13 97/5/5 80/1/1
f 80/1/1 83/7/7 100/13/13
f 86/8/8 87/12/12 74/4/4
f 75/3/3 76/6/6 85/14/14
f 85/14/14 86/8/8 75/3/3
f 98/9/9 99/15/15 82/10/10
f 97/5/5 105/16/16 98/9/9
f 87/12/12 88/17/17 77/11/11
f 100/13/13 104/18/18 97/5/5
f 105/16/16 97/5/5 104/18/18
f 98/9/9 106/19/19 99/15/15
f 79/20/20 76/6/6 82/10/10
f 84/21/21 82/10/10 99/15/15
f 655/22/22 312/23/23 77/11/11
f 657/24/24 100/13/13 312/23/23
f 106/19/19 98/9/9 105/16/16
f 104/18/18 100/13/13 107/25/25
f 79/20/20 85/14/14 76/6/6
f 77/11/11 88/17/17 78/26/26
f 82/10/10 84/21/21 79/20/20
f 657/24/24 107/25/25 100/13/13
f 99/15/15 101/27/27 84/21/21
f 312/23/23 655/22/22 657/24/24
f 87/12/12 86/8/8 1094/28/28
f 86/8/8 85/14/14 1093/29/29
f 77/11/11 78/26/26 655/22/22
f 104/18/18 110/30/30 105/16/16
f 107/25/25 109/31/31 104/18/18
f 88/17/17 87/12/12 1097/32/32
f 108/33/33 99/15/15 106/19/19
f 99/15/15 108/33/33 101/27/27
f 203/34/34 661/35/35 659/36/36
f 79/20/20 1093/29/29 85/14/14
f 105/16/16 111/37/37 106/19/19
f 210/38/38 1358/39/39 1095/39/40
f 657/24/24 112/40/41 107/25/25
f 68/41/42 79/20/20 84/21/21
f 68/41/42 84/21/21 101/27/27
f 110/30/30 104/18/18 109/31/31
f 1093/29/29 1094/28/28 86/8/8
s 0
f 1095/42/43 1357/42/43 659/42/43
s 1
f 111/37/37 105/16/16 110/30/30
f 203/34/34 204/43/44 661/35/35
f 109/31/31 107/25/25 112/40/41
f 667/44/45 204/43/44 203/34/34
f 1096/45/46 660/46/46 663/47/46
f 1094/28/28 1097/32/32 87/12/12
f 1093/29/29 79/20/20 666/48/47
f 79/20/20 68/41/42 666/48/47
f 106/19/19 111/37/37 108/33/33
f 530/49/48 203/34/34 210/38/38
f 211/45/49 662/46/49 681/47/50
f 101/27/27 90/50/51 68/41/42
f 90/50/51 101/27/27 108/33/33
f 530/49/48 667/44/45 203/34/34
f 63/51/52 78/26/26 88/17/17
f 211/45/49 681/47/50 664/52/50
f 1097/32/32 53/53/53 88/17/17
f 52/54/54 59/55/55 1099/56/56
f 665/57/57 666/48/47 68/41/42
f 667/44/45 668/58/58 204/43/44
f 657/24/24 669/59/59 112/40/41
f 1099/56/56 942/60/60 52/54/54
f 51/61/61 52/54/54 942/60/60
f 68/41/42 69/62/62 665/57/57
f 69/62/62 68/41/42 90/50/51
f 59/55/55 58/63/63 1100/64/64
f 1100/64/64 1099/56/56 59/55/55
f 90/50/51 91/65/65 69/62/62
f 110/30/30 109/31/31 669/59/59
f 1096/45/46 663/47/46 1103/52/46
f 942/60/60 475/66/66 51/61/61
f 108/33/33 102/67/67 90/50/51
f 1104/68/68 673/69/69 1108/70/70
f 209/71/71 210/38/38 1095/39/40
f 204/43/44 1105/72/72 661/35/35
f 1108/70/70 1109/73/73 1104/68/68
f 114/74/74 108/33/33 111/37/37
f 33/75/75 32/76/76 1113/77/77
f 109/31/31 112/40/41 669/59/59
f 690/78/78 1108/70/70 673/69/69
f 91/65/65 90/50/51 102/67/67
f 1098/79/79 51/61/61 475/66/66
f 633/80/80 1104/68/68 1109/73/73
f 673/69/69 24/81/81 690/78/78
f 1110/82/82 1107/83/83 676/84/84
f 672/85/85 33/75/75 1114/86/86
f 1113/77/77 1114/86/86 33/75/75
f 110/30/30 722/87/87 111/37/37
f 674/88/88 665/57/57 69/62/62
f 676/84/84 677/89/89 1110/82/82
f 1104/68/68 633/80/80 115/90/90
f 114/74/74 102/67/67 108/33/33
f 1112/91/91 1110/82/82 677/89/89
f 1115/92/92 1113/77/77 32/76/76
f 24/81/81 1116/93/93 1123/94/94
f 1123/94/94 690/78/78 24/81/81
f 70/95/95 69/62/62 91/65/65
f 25/96/96 672/85/85 992/97/97
f 32/76/76 683/98/98 1115/92/92
f 1107/83/83 691/99/99 1117/100/100
f 1114/86/86 992/97/97 672/85/85
f 1117/100/100 676/84/84 1107/83/83
f 475/66/66 693/101/101 1098/79/79
f 88/17/17 53/53/53 63/51/52
f 962/102/102 530/49/48 210/38/38
f 668/58/58 205/103/103 204/43/44
f 102/67/67 148/104/104 91/65/65
f 736/45/105 218/46/105 532/47/106
f 212/45/107 678/47/107 680/52/107
f 1121/105/108 1100/64/64 58/63/63
f 992/97/97 989/106/109 25/96/96
f 677/89/89 682/107/110 1112/91/91
f 684/108/111 115/90/90 633/80/80
f 69/62/62 70/95/95 674/88/88
f 690/78/78 1123/94/94 1126/109/112
f 685/110/113 50/79/114 692/101/115
f 148/104/104 102/67/67 114/74/74
f 58/63/63 675/111/116 1121/105/108
f 111/37/37 722/87/87 114/74/74
f 722/87/87 110/30/30 669/59/59
f 696/112/117 1115/92/92 683/98/98
f 91/65/65 92/113/118 70/95/95
f 1127/114/119 1124/115/120 1128/116/121
f 1132/117/122 1112/91/91 682/107/110
f 1134/118/123 1118/100/124 689/99/125
f 1138/119/126 1123/94/94 1116/93/93
f 149/120/127 91/65/65 148/104/104
f 633/80/80 1133/121/128 684/108/111
f 53/53/53 1097/32/32 684/108/111
f 683/98/98 116/110/129 696/112/117
f 703/122/130 25/96/96 989/106/109
f 209/71/71 1095/39/40 217/123/131
f 212/45/107 1106/46/107 678/47/107
f 1126/109/112 687/124/132 690/78/78
f 962/102/102 210/38/38 209/71/71
f 204/43/44 205/103/103 1105/72/72
f 692/101/115 695/112/133 685/110/113
f 91/65/65 149/120/127 92/113/118
f 689/99/125 686/125/123 1134/118/123
f 114/74/74 153/126/134 148/104/104
f 966/127/135 1129/116/136 1125/115/137
f 1128/116/121 129/128/138 1127/114/119
f 682/107/110 1141/129/139 1132/117/122
f 1144/130/140 674/88/88 70/95/95
f 1116/93/93 704/131/141 1138/119/126
f 702/132/142 70/95/95 92/113/118
f 70/95/95 71/133/143 1144/130/140
f 70/95/95 702/132/142 71/133/143
f 728/134/144 684/108/111 1133/121/128
f 668/58/58 699/135/145 205/103/103
f 178/136/146 180/137/147 177/138/148
f 684/108/111 728/134/144 53/53/53
f 1125/115/137 1139/139/149 966/127/135
f 92/113/118 701/140/150 702/132/142
f 989/106/109 705/141/151 703/122/130
f 172/142/152 177/138/148 171/143/153
f 727/144/154 1132/117/122 1141/129/139
f 177/138/148 172/142/152 178/136/146
f 701/140/150 92/113/118 149/120/127
f 736/45/105 532/47/106 738/52/106
f 674/88/88 1144/130/140 1147/145/155
f 706/141/156 1122/105/157 57/111/158
f 154/146/159 148/104/104 153/126/134
f 171/143/153 93/147/160 172/142/152
f 721/148/161 670/149/162 790/150/163
f 1147/145/155 704/131/141 674/88/88
f 57/111/158 36/122/164 706/141/156
f 114/74/74 730/151/165 153/126/134
f 148/104/104 154/146/159 149/120/127
f 1148/152/166 1135/118/167 688/125/168
f 1149/153/169 171/143/153 177/138/148
f 1150/154/170 1144/130/140 71/133/143
f 170/155/171 71/133/143 702/132/142
f 1146/156/172 1145/157/173 710/158/174
f 688/125/168 716/159/175 1148/152/166
f 177/138/148 176/160/176 1149/153/169
f 502/161/177 711/158/178 639/157/179
f 730/151/165 114/74/74 722/87/87
f 179/162/180 178/136/146 172/142/152
f 174/163/181 172/142/152 93/147/160
f 149/120/127 150/164/182 701/140/150
f 790/150/163 789/165/183 721/148/161
f 71/133/143 73/166/184 1150/154/170
f 71/133/143 170/155/171 73/166/184
f 1138/119/126 704/131/141 1147/145/155
f 639/157/179 1151/167/185 502/161/177
f 1141/129/139 1152/168/186 727/144/154
f 172/142/152 174/163/181 179/162/180
f 708/169/187 701/140/150 150/164/182
f 93/147/160 709/170/188 174/163/181
f 710/158/174 712/171/189 1146/156/172
f 150/164/182 149/120/127 154/146/159
f 1147/145/155 717/172/190 1138/119/126
f 713/173/191 714/128/192 1130/116/193
f 718/174/194 1146/156/172 712/171/189
f 1155/175/195 1138/119/126 717/172/190
f 15/176/196 687/124/132 1126/109/112
f 1157/177/197 1148/152/166 716/159/175
f 54/178/198 53/53/53 728/134/144
f 716/159/175 621/179/199 1157/177/197
f 741/180/200 967/127/201 1140/139/202
f 1163/181/203 1127/114/119 129/128/138
f 712/171/189 970/182/204 718/174/194
f 150/164/182 152/183/205 708/169/187
f 153/126/134 157/184/206 154/146/159
f 154/146/159 155/185/207 150/164/182
f 723/186/208 721/148/161 789/165/183
f 1140/139/202 1156/187/209 741/180/200
f 715/188/210 687/124/132 15/176/196
f 157/184/206 153/126/134 730/151/165
f 152/183/205 150/164/182 155/185/207
f 213/45/211 1164/47/212 679/52/212
f 720/189/213 718/174/194 970/182/204
f 717/172/190 719/190/214 1155/175/195
f 160/191/215 724/192/215 161/193/215
f 725/194/216 727/144/154 1152/168/186
f 978/49/217 962/102/102 209/71/71
f 53/53/53 54/178/198 63/51/52
f 789/165/183 435/195/218 723/186/208
f 155/185/207 154/146/159 157/184/206
f 1166/196/219 1157/177/197 621/179/199
f 970/182/204 1167/197/220 720/189/213
f 94/198/221 708/169/187 152/183/205
f 169/199/222 1149/153/169 176/160/176
f 1171/200/223 1150/154/170 73/166/184
f 621/179/199 1173/201/224 1166/196/219
f 72/202/225 73/166/184 170/155/171
f 173/203/226 729/204/227 96/205/228
f 980/206/229 502/161/177 1151/167/185
f 155/185/207 156/207/230 152/183/205
f 16/208/231 1161/209/232 715/188/210
f 728/134/144 726/210/233 54/178/198
f 1130/116/193 766/211/234 713/173/191
f 208/38/235 209/71/71 217/123/131
f 699/135/145 206/43/236 205/103/103
f 732/212/237 731/151/237 165/213/237
f 730/151/165 162/212/238 157/184/206
f 733/45/239 735/46/239 737/47/239
f 205/103/103 1174/35/240 1105/72/72
f 157/184/206 158/214/241 155/185/207
f 156/207/230 155/185/207 158/214/241
f 1126/109/112 1162/215/242 15/176/196
f 739/216/243 741/180/200 1156/187/209
f 637/217/244 1155/175/195 719/190/214
f 129/128/138 128/173/245 1163/181/203
f 96/205/228 1168/218/246 173/203/226
f 1152/168/186 1176/219/247 725/194/216
f 1177/220/248 723/186/208 435/195/218
f 176/160/176 175/221/249 169/199/222
f 744/222/250 720/189/213 1167/197/220
f 18/223/251 1172/224/252 1161/209/232
f 158/214/241 157/184/206 162/212/238
f 1178/225/253 1166/196/219 1173/201/224
f 15/176/196 16/208/231 715/188/210
f 165/213/237 166/226/237 732/212/237
f 1151/167/185 1170/227/254 980/206/229
f 73/166/184 72/202/225 1171/200/223
f 733/45/239 737/47/239 1180/52/255
f 213/45/211 1175/46/211 1164/47/212
f 170/155/171 1169/228/256 72/202/225
f 435/195/218 802/229/257 1177/220/248
f 699/135/145 742/58/258 206/43/236
f 978/49/217 209/71/71 208/38/235
f 158/214/241 159/230/259 156/207/230
f 1156/187/209 1078/231/260 739/216/243
f 151/232/261 152/183/205 156/207/230
f 1173/201/224 622/233/262 1178/225/253
f 162/212/238 746/234/263 158/214/241
f 719/190/214 743/235/264 637/217/244
f 175/221/249 173/203/226 1168/218/246
f 152/183/205 151/232/261 94/198/221
f 1167/197/220 1182/236/265 744/222/250
f 16/208/231 17/237/266 1161/209/232
f 1168/218/246 169/199/222 175/221/249
f 159/230/259 158/214/241 746/234/263
f 18/223/251 1181/238/267 1172/224/252
f 17/237/266 18/223/251 1161/209/232
f 167/239/237 732/212/237 166/226/237
f 208/38/235 217/123/131 734/39/268
f 205/103/103 206/43/236 1174/35/240
f 732/212/237 167/239/237 163/234/237
f 748/240/269 1177/220/248 802/229/257
f 214/45/270 1184/47/270 1165/52/270
f 802/229/257 804/241/271 748/240/269
f 746/234/263 745/242/272 159/230/259
f 994/44/273 978/49/217 208/38/235
f 164/242/237 163/234/237 167/239/237
f 55/243/274 63/51/52 54/178/198
f 1186/45/275 531/47/275 1185/52/275
f 1201/244/276 156/207/230 159/230/259
f 55/243/274 54/178/198 726/210/233
f 1188/245/277 980/206/229 1170/227/254
f 757/246/278 744/222/250 1182/236/265
f 756/247/279 637/217/244 743/235/264
f 761/248/280 1171/200/223 72/202/225
f 89/249/281 1169/228/256 94/198/221
f 771/250/282 1178/225/253 622/233/262
f 18/223/251 19/251/283 1181/238/267
f 747/252/284 748/240/269 804/241/271
f 742/58/258 994/44/273 207/34/285
f 167/239/237 168/253/237 164/242/237
f 1083/254/286 725/194/216 1176/219/247
f 1181/238/267 19/251/283 1192/255/287
f 156/207/230 1201/244/276 151/232/261
f 72/202/225 1169/228/256 89/249/281
f 749/256/288 94/198/221 151/232/261
f 1186/45/275 216/46/275 531/47/275
f 742/58/258 207/34/285 206/43/236
f 1200/257/289 159/230/259 745/242/272
f 804/241/271 777/258/290 747/252/284
f 1182/236/265 1193/259/291 757/246/278
f 1170/227/254 762/260/292 1188/245/277
f 622/233/262 1191/261/293 771/250/282
f 751/262/294 713/173/191 766/211/234
f 1197/263/295 1163/181/203 128/173/245
f 3/264/296 15/176/196 1162/215/242
f 214/45/270 1187/46/270 1184/47/270
f 752/265/297 739/216/243 1078/231/260
f 994/44/273 208/38/235 207/34/285
f 94/198/221 749/256/288 95/266/298
f 16/208/231 15/176/196 3/264/296
f 94/198/221 95/266/298 89/249/281
f 207/34/285 208/38/235 734/39/268
f 1194/259/299 499/267/300 755/268/301
f 1198/269/302 164/242/237 168/253/237
f 755/268/301 43/246/303 1194/259/299
f 499/267/300 1011/270/304 760/271/305
f 206/43/236 215/36/306 1174/35/240
f 17/237/266 16/208/231 8/272/307
f 1011/270/304 1189/245/308 763/260/308
f 159/230/259 1200/257/289 1201/244/276
f 760/271/305 755/268/301 499/267/300
f 763/260/308 760/271/305 1011/270/304
f 18/223/251 17/237/266 8/272/307
f 637/217/244 756/247/279 636/273/309
f 745/242/272 1199/269/310 1200/257/289
f 206/43/236 207/34/285 215/36/306
f 19/251/283 18/223/251 10/274/311
f 207/34/285 734/39/268 215/36/306
f 726/210/233 1082/275/312 55/243/274
f 750/256/313 151/232/261 1201/244/276
f 1192/255/287 19/251/283 13/276/314
f 764/277/315 747/252/284 777/258/290
f 792/278/316 761/248/280 72/202/225
f 37/279/317 756/247/279 754/280/318
f 1176/219/247 1202/281/319 1083/254/286
f 773/282/320 103/283/321 317/284/322
f 317/284/322 316/285/323 773/282/320
f 1078/231/260 1079/286/324 752/265/297
f 766/211/234 767/287/325 751/262/294
f 768/288/326 771/250/282 1191/261/293
f 44/289/327 754/280/318 759/290/328
f 128/173/245 126/262/329 1197/263/295
f 1162/215/242 623/291/330 3/264/296
f 772/292/331 773/282/320 316/285/323
f 1205/293/332 671/294/333 658/295/334
f 316/285/323 314/296/335 772/292/331
f 316/285/323 317/284/322 323/297/336
f 3/264/296 1/298/337 16/208/231
f 16/208/231 1/298/337 8/272/307
f 168/253/237 765/299/237 1198/269/302
f 72/202/225 89/249/281 774/300/338
f 934/301/339 67/302/340 656/302/341
f 313/303/342 311/303/343 798/304/344
f 314/296/335 316/285/323 322/305/345
f 18/223/251 8/272/307 10/274/311
f 323/297/336 322/305/345 316/285/323
f 793/306/346 759/290/328 761/248/280
f 19/251/283 10/274/311 13/276/314
f 322/305/345 320/307/347 314/296/335
f 1191/261/293 1209/308/348 768/288/326
f 1192/255/287 13/276/314 29/309/349
f 1192/255/287 29/309/349 1208/310/350
f 756/247/279 37/279/317 636/273/309
f 754/280/318 44/289/327 37/279/317
f 777/258/290 778/311/351 764/277/315
f 55/243/274 1211/312/352 63/51/52
f 1201/244/276 1212/313/353 750/256/313
f 1224/314/354 317/284/322 103/283/321
f 775/315/355 772/292/331 314/296/335
f 72/202/225 776/300/356 792/278/316
f 759/290/328 793/306/346 44/289/327
f 1214/316/357 779/317/357 781/318/357
f 781/318/357 783/319/357 1214/316/357
f 315/320/358 314/296/335 320/307/347
f 469/321/359 769/288/360 1210/308/361
f 634/322/362 635/254/363 1203/281/364
f 1203/281/364 469/321/359 634/322/362
f 1210/308/361 634/322/362 469/321/359
f 780/317/365 1215/316/365 787/323/365
f 788/323/366 192/316/366 784/319/366
f 1217/324/367 196/319/367 782/318/367
f 1219/325/368 198/318/368 194/317/368
f 1221/326/369 791/327/370 113/328/371
f 787/323/365 785/329/365 780/317/365
f 784/319/366 1218/324/366 788/323/366
f 194/317/368 786/329/372 1219/325/368
f 782/318/367 1220/325/367 1217/324/367
f 324/330/373 323/297/336 317/284/322
f 193/329/374 191/323/374 195/324/374
f 195/324/374 197/325/374 193/329/374
f 434/331/375 433/332/376 1222/333/377
f 761/248/280 792/278/316 793/306/346
f 1223/334/378 796/335/379 800/336/379
f 103/283/321 1213/337/380 1224/314/354
f 796/335/379 460/338/381 800/336/379
f 794/339/382 764/277/315 778/311/351
f 314/296/335 315/320/358 775/315/355
f 795/340/383 434/331/375 1239/341/384
f 329/342/385 322/305/345 323/297/336
f 796/335/379 797/343/381 460/338/381
f 850/304/386 798/304/344 799/344/387
f 330/345/388 320/307/347 322/305/345
f 1223/334/378 800/336/379 801/346/378
f 320/307/347 321/347/389 315/320/358
f 436/348/383 795/340/383 883/349/383
f 1211/312/352 55/243/274 1082/275/312
f 317/284/322 1224/314/354 324/330/373
f 803/350/390 752/265/297 1079/286/324
f 14/351/391 1208/310/350 29/309/349
f 28/352/392 29/309/349 13/276/314
f 127/353/393 751/262/294 767/287/325
f 825/354/394 1197/263/295 126/262/329
f 1227/355/395 636/273/309 37/279/317
f 4/356/396 3/264/296 623/291/330
f 1/298/337 3/264/296 4/356/396
f 31/357/397 1082/275/312 1081/358/398
f 30/359/399 1081/358/398 1208/310/350
f 7/360/400 8/272/307 1/298/337
f 9/361/401 10/274/311 8/272/307
f 12/362/402 13/276/314 10/274/311
f 38/363/403 37/279/317 44/289/327
f 437/364/383 436/348/383 882/365/383
f 438/366/383 437/364/383 821/367/383
f 331/368/404 321/347/389 320/307/347
f 45/369/405 44/289/327 793/306/346
f 60/278/406 64/370/407 47/306/408
f 808/371/409 775/315/355 315/320/358
f 64/370/407 60/278/406 66/300/410
f 328/372/411 323/297/336 324/330/373
f 318/373/412 315/320/358 321/347/389
f 813/374/413 1223/334/378 801/346/378
f 797/343/381 1228/375/414 460/338/381
f 333/376/415 47/306/408 64/370/407
f 315/320/358 318/373/412 808/371/409
f 66/300/410 309/377/416 64/370/407
f 184/378/417 188/379/418 189/380/419
f 184/378/417 189/380/419 185/381/420
f 322/305/345 329/342/385 330/345/388
f 323/297/336 328/372/411 329/342/385
f 320/307/347 330/345/388 331/368/404
f 321/347/389 325/382/421 318/373/412
f 447/383/422 450/384/422 812/385/422
f 447/383/422 809/386/422 453/387/422
f 29/309/349 28/352/392 14/351/391
f 767/287/325 805/388/423 127/353/393
f 126/262/329 814/353/424 825/354/394
f 37/279/317 38/363/403 1227/355/395
f 1079/286/324 1226/389/425 803/350/390
f 623/291/330 826/390/426 4/356/396
f 1082/275/312 31/357/397 1211/312/352
f 1081/358/398 30/359/399 31/357/397
f 1/298/337 4/356/396 2/391/427
f 1208/310/350 14/351/391 30/359/399
f 1/298/337 2/391/427 7/360/400
f 8/272/307 7/360/400 9/361/401
f 13/276/314 12/362/402 28/352/392
f 10/274/311 9/361/401 12/362/402
f 44/289/327 45/369/405 38/363/403
f 1229/392/428 47/306/408 333/376/415
f 806/339/429 794/339/382 778/311/351
f 439/393/383 438/366/383 822/394/383
f 459/395/430 455/396/430 458/397/430
f 459/395/430 1225/398/430 1231/399/430
f 183/400/431 188/379/418 184/378/417
f 185/381/420 189/380/419 186/401/432
f 181/402/433 184/378/417 185/381/420
f 807/403/434 808/371/409 318/373/412
f 65/404/430 64/370/407 309/377/416
f 64/370/407 65/404/430 333/376/415
f 326/405/435 325/382/421 321/347/389
f 797/343/381 454/406/414 1228/375/414
f 319/407/436 318/373/412 325/382/421
f 813/374/413 801/346/378 1230/408/413
f 793/306/346 332/392/437 45/369/405
f 321/347/389 331/368/404 326/405/435
f 190/409/438 188/379/418 187/410/439
f 183/400/431 187/410/439 188/379/418
f 185/381/420 186/401/432 182/411/440
f 181/402/433 183/400/431 184/378/417
f 181/402/433 185/381/420 182/411/440
f 318/373/412 319/407/436 807/403/434
f 309/377/416 310/412/430 65/404/430
f 334/413/441 333/376/415 65/404/430
f 333/376/415 334/413/441 1229/392/428
f 325/382/421 326/405/435 319/407/436
f 324/330/373 327/414/442 328/372/411
f 812/385/422 450/384/422 451/415/422
f 458/397/430 455/396/430 457/416/430
f 1231/399/430 1225/398/430 461/417/430
f 453/387/422 809/386/422 810/418/422
f 849/344/443 799/344/387 56/419/444
f 827/330/445 328/372/411 327/414/442
f 431/382/446 319/407/436 326/405/435
f 426/373/447 807/403/434 319/407/436
f 816/377/448 65/404/430 310/412/430
f 334/413/441 65/404/430 432/376/449
f 432/376/449 1229/392/428 334/413/441
f 190/409/438 187/410/439 294/379/450
f 183/400/431 294/379/450 187/410/439
f 293/381/451 182/411/440 186/401/432
f 181/402/433 182/411/440 293/381/451
f 181/402/433 292/378/452 183/400/431
f 428/347/453 326/405/435 331/368/404
f 1232/306/454 45/369/405 332/392/437
f 459/395/430 456/420/430 455/396/430
f 459/395/430 1231/399/430 456/420/430
f 454/406/414 462/338/455 1228/375/414
f 319/407/436 431/382/446 426/373/447
f 778/311/351 811/311/456 806/339/429
f 448/421/457 813/374/413 1230/408/413
f 447/383/422 812/385/422 449/422/422
f 447/383/422 449/422/422 809/386/422
f 326/405/435 428/347/453 431/382/446
f 807/403/434 426/373/447 419/371/458
f 65/404/430 816/377/448 420/370/459
f 420/370/459 432/376/449 65/404/430
f 293/381/451 186/401/432 295/380/460
f 183/400/431 292/378/452 294/379/450
f 181/402/433 293/381/451 292/378/452
f 1229/392/428 432/376/449 348/306/461
f 347/289/462 38/363/403 45/369/405
f 859/275/463 1211/312/352 31/357/397
f 843/358/464 31/357/397 30/359/399
f 845/310/465 30/359/399 14/351/391
f 335/298/466 2/391/427 4/356/396
f 335/298/466 7/360/400 2/391/427
f 341/274/467 12/362/402 9/361/401
f 343/276/468 28/352/392 12/362/402
f 339/272/469 9/361/401 7/360/400
f 346/279/470 1227/355/395 38/363/403
f 1234/286/471 803/350/390 1226/389/425
f 824/291/472 4/356/396 826/390/426
f 815/262/473 825/354/394 814/353/424
f 1235/287/474 127/353/393 805/388/423
f 345/309/475 14/351/391 28/352/392
f 428/347/453 426/373/447 431/382/446
f 427/307/476 331/368/404 330/345/388
f 429/305/477 330/345/388 329/342/385
f 430/297/478 329/342/385 328/372/411
f 292/378/452 293/381/451 295/380/460
f 292/378/452 295/380/460 294/379/450
f 423/320/479 419/371/458 426/373/447
f 817/300/480 420/370/459 816/377/448
f 432/376/449 420/370/459 348/306/461
f 448/421/457 1230/408/413 830/346/457
f 454/406/414 452/423/455 462/338/455
f 426/373/447 428/347/453 423/320/479
f 328/372/411 827/330/445 430/297/478
f 419/371/458 423/320/479 818/315/481
f 420/370/459 817/300/480 820/278/482
f 820/278/482 348/306/461 420/370/459
f 45/369/405 1232/306/454 347/289/462
f 331/368/404 427/307/476 428/347/453
f 822/394/383 441/424/383 439/393/383
f 821/367/383 822/394/383 438/366/383
f 38/363/403 347/289/462 346/279/470
f 31/357/397 843/358/464 859/275/463
f 30/359/399 845/310/465 843/358/464
f 7/360/400 335/298/466 339/272/469
f 9/361/401 339/272/469 341/274/467
f 12/362/402 341/274/467 343/276/468
f 335/298/466 4/356/396 336/264/483
f 1227/355/395 346/279/470 1233/273/484
f 4/356/396 824/291/472 336/264/483
f 825/354/394 815/262/473 823/263/485
f 127/353/393 1235/287/474 267/262/486
f 14/351/391 345/309/475 845/310/465
f 28/352/392 343/276/468 345/309/475
f 803/350/390 1234/286/471 544/265/487
f 425/284/488 827/330/445 828/314/489
f 1211/312/352 859/275/463 351/243/490
f 882/365/383 821/367/383 437/364/383
f 427/307/476 423/320/479 428/347/453
f 452/423/455 831/336/491 462/338/455
f 330/345/388 429/305/477 427/307/476
f 829/425/491 448/421/457 830/346/457
f 329/342/385 430/297/478 429/305/477
f 883/349/383 882/365/383 436/348/383
f 422/296/492 818/315/481 423/320/479
f 1236/277/493 806/339/429 811/311/456
f 829/425/491 830/346/457 831/336/491
f 852/283/494 828/314/489 847/337/495
f 452/423/455 829/425/491 831/336/491
f 1253/248/496 1232/306/454 418/278/497
f 1239/341/384 883/349/383 795/340/383
f 1242/324/357 832/329/357 1240/325/357
f 832/329/357 1242/324/357 834/323/357
f 827/330/445 425/284/488 430/297/478
f 1244/318/498 1243/324/498 1241/325/498
f 837/317/499 302/325/499 833/329/500
f 835/323/501 836/317/501 298/329/501
f 838/319/502 296/323/502 300/324/502
f 113/328/371 1206/426/503 1221/326/369
f 1222/333/377 1239/341/384 434/331/375
f 1205/293/332 658/295/334 252/427/504
f 302/325/499 837/317/499 1245/318/499
f 1243/324/498 1244/318/498 839/319/498
f 836/317/501 835/323/501 841/316/501
f 296/323/502 838/319/502 840/316/502
f 842/322/505 1024/281/506 860/254/507
f 1024/281/506 842/322/505 1246/321/508
f 844/308/509 1246/321/508 842/322/505
f 1246/321/508 844/308/509 1248/288/510
f 423/320/479 427/307/476 422/296/492
f 297/316/374 303/318/374 299/317/374
f 303/318/374 297/316/374 301/319/374
f 648/290/511 347/289/462 1232/306/454
f 361/202/512 418/278/497 819/300/513
f 818/315/481 422/296/492 254/292/514
f 828/314/489 852/283/494 425/284/488
f 848/244/515 853/256/516 403/313/517
f 351/243/490 251/51/518 1211/312/352
f 416/252/519 1236/277/493 811/311/456
f 647/280/520 346/279/470 347/289/462
f 863/247/521 1233/273/484 346/279/470
f 1251/255/522 845/310/465 345/309/475
f 1251/255/522 345/309/475 343/276/468
f 1252/261/523 1249/288/524 846/308/525
f 429/305/477 422/296/492 427/307/476
f 344/251/526 343/276/468 341/274/467
f 1232/306/454 1253/248/496 648/290/511
f 430/297/478 424/285/527 429/305/477
f 342/223/528 341/274/467 339/272/469
f 422/296/492 429/305/477 424/285/527
f 798/304/344 850/304/386 313/303/342
f 799/344/387 849/344/443 850/304/386
f 361/202/512 362/300/529 1250/249/530
f 861/253/237 1238/269/302 417/299/237
f 337/208/531 339/272/469 335/298/466
f 336/264/483 337/208/531 335/298/466
f 424/285/527 430/297/478 425/284/488
f 424/285/527 254/292/514 422/296/492
f 656/302/341 936/301/532 934/301/339
f 254/292/514 424/285/527 854/282/533
f 889/215/534 336/264/483 824/291/472
f 851/173/535 823/263/485 815/262/473
f 347/289/462 648/290/511 647/280/520
f 1249/288/524 1252/261/523 534/250/536
f 1256/211/537 267/262/486 1235/287/474
f 1258/231/538 544/265/487 1234/286/471
f 854/282/533 425/284/488 852/283/494
f 425/284/488 854/282/533 424/285/527
f 884/219/539 858/254/540 1025/281/541
f 346/279/470 647/280/520 863/247/521
f 418/278/497 361/202/512 1253/248/496
f 811/311/456 446/258/542 416/252/519
f 1251/255/522 343/276/468 344/251/526
f 853/256/516 848/244/515 398/232/543
f 857/210/544 351/243/490 859/275/463
f 344/251/526 341/274/467 342/223/528
f 868/242/545 855/257/546 412/269/547
f 1257/217/548 1233/273/484 863/247/521
f 342/223/528 339/272/469 340/237/549
f 1254/260/550 572/270/551 1087/271/552
f 1087/271/552 571/267/553 1085/428/554
f 407/230/555 848/244/515 855/257/546
f 572/270/551 1254/260/550 1259/245/550
f 340/237/549 339/272/469 337/208/531
f 571/267/553 1087/271/552 572/270/551
f 1085/428/554 1015/259/556 865/246/557
f 1238/269/302 861/253/237 411/242/237
f 1015/259/556 1085/428/554 571/267/553
f 337/208/531 336/264/483 338/176/558
f 544/265/487 1258/231/538 1261/429/559
f 336/264/483 889/215/534 338/176/558
f 823/263/485 851/173/535 890/181/560
f 267/262/486 1256/211/537 268/173/561
f 875/233/562 534/250/536 1252/261/523
f 1264/227/563 1260/245/564 243/260/565
f 876/236/566 864/246/567 568/259/568
f 862/240/569 416/252/519 446/258/542
f 855/257/546 868/242/545 407/230/555
f 397/256/570 398/232/543 369/198/571
f 361/202/512 1250/249/530 281/228/572
f 404/207/573 398/232/543 848/244/515
f 874/238/574 1251/255/522 344/251/526
f 858/254/540 884/219/539 856/194/575
f 414/239/237 411/242/237 861/253/237
f 446/258/542 444/241/576 862/240/569
f 342/223/528 874/238/574 344/251/526
f 534/250/536 875/233/562 537/225/577
f 1250/249/530 369/198/578 281/228/572
f 1253/248/496 361/202/512 1263/200/579
f 863/247/521 867/235/580 1257/217/548
f 864/246/567 876/236/566 866/222/581
f 1260/245/564 1264/227/563 573/206/582
f 351/243/490 857/210/544 350/178/583
f 848/244/515 407/230/555 404/207/573
f 351/243/490 350/178/583 251/51/518
f 411/242/237 414/239/237 869/234/237
f 410/234/584 407/230/555 868/242/545
f 871/220/585 862/240/569 444/241/576
f 256/218/586 287/221/587 870/199/588
f 444/241/576 445/229/589 871/220/585
f 881/212/237 869/234/237 414/239/237
f 414/239/237 415/226/237 881/212/237
f 340/237/549 1269/209/590 342/223/528
f 342/223/528 872/224/591 874/238/574
f 407/230/555 410/234/584 406/214/592
f 337/208/531 1269/209/590 340/237/549
f 878/197/593 866/222/581 876/236/566
f 399/183/594 369/198/571 398/232/543
f 880/190/595 1257/217/548 867/235/580
f 409/212/596 406/214/592 410/234/584
f 873/201/597 537/225/577 875/233/562
f 398/232/543 404/207/573 399/183/594
f 1265/187/598 1261/429/559 1258/231/538
f 406/214/592 404/207/573 407/230/555
f 897/186/599 871/220/585 445/229/589
f 894/205/600 285/203/601 256/218/602
f 1267/155/603 361/202/512 281/228/572
f 370/166/604 1263/200/579 361/202/512
f 650/167/605 573/206/582 1264/227/563
f 898/213/237 881/212/237 415/226/237
f 338/176/558 1271/188/606 337/208/531
f 537/225/577 873/201/597 1268/196/607
f 406/214/592 409/212/596 405/184/608
f 342/223/528 1269/209/590 872/224/591
f 866/222/581 878/197/593 879/189/609
f 288/160/610 870/199/588 287/221/587
f 445/229/589 443/195/611 897/186/599
f 885/168/612 856/194/575 884/219/539
f 888/128/613 890/181/560 851/173/535
f 1257/217/548 880/190/595 1266/175/614
f 1261/429/559 1265/187/598 1270/180/615
f 892/109/616 338/176/558 889/215/534
f 404/207/573 406/214/592 402/185/617
f 405/184/608 402/185/617 406/214/592
f 408/151/618 405/184/608 409/212/596
f 881/212/237 898/213/237 902/151/237
f 908/116/619 268/173/561 1256/211/537
f 896/134/620 350/178/583 857/210/544
f 337/208/531 1271/188/606 1269/209/590
f 402/185/617 399/183/594 404/207/573
f 573/206/582 650/167/605 1039/161/621
f 285/203/601 894/205/600 286/204/622
f 361/202/512 1267/155/603 370/166/604
f 645/179/623 1268/196/607 873/201/597
f 1263/200/579 370/166/604 1089/154/624
f 870/199/588 288/160/610 282/153/625
f 369/198/571 399/183/594 893/169/626
f 1273/182/627 879/189/609 878/197/593
f 1268/196/607 645/179/623 1045/177/628
f 402/185/617 405/184/608 401/146/629
f 899/148/630 897/186/599 443/195/611
f 349/53/631 251/51/518 350/178/583
f 856/194/575 885/168/612 895/144/632
f 900/191/633 901/193/633 413/192/633
f 1276/172/634 1266/175/614 880/190/595
f 879/189/609 1273/182/627 1275/174/635
f 399/183/594 402/185/617 396/164/636
f 405/184/608 408/151/618 400/126/637
f 1271/188/606 338/176/558 1278/124/638
f 1280/139/639 1270/180/615 1265/187/598
f 443/195/611 442/165/640 899/148/630
f 401/146/629 396/164/636 402/185/617
f 307/430/374 306/431/374 308/432/374
f 307/430/374 305/433/374 304/434/374
f 304/434/374 306/431/374 307/430/374
f 400/126/637 401/146/629 405/184/608
f 396/164/636 893/169/626 399/183/594
f 570/171/641 1275/174/635 1273/182/627
f 890/181/560 888/128/613 891/114/642
f 1270/180/615 1280/139/639 1283/127/643
f 1272/159/644 1045/177/628 645/179/623
f 350/178/583 896/134/620 349/53/631
f 1045/177/628 1272/159/644 1048/152/645
f 338/176/558 892/109/616 1278/124/638
f 1266/175/614 1276/172/634 1279/119/646
f 1275/174/635 570/171/641 1288/156/647
f 268/173/561 908/116/619 269/128/648
f 1287/145/649 1279/119/646 1276/172/634
f 396/164/636 401/146/629 395/120/650
f 1289/158/651 1288/156/647 570/171/641
f 904/147/652 903/163/653 257/170/654
f 893/169/626 396/164/636 255/140/655
f 1292/129/656 895/144/632 885/168/612
f 1092/157/657 1039/161/621 650/167/605
f 1279/119/646 1287/145/649 914/131/658
f 371/133/659 370/166/604 1267/155/603
f 371/133/659 1089/154/624 370/166/604
f 1207/149/660 899/148/630 442/165/640
f 395/120/650 255/140/655 396/164/636
f 903/163/653 904/147/652 284/142/661
f 408/151/618 393/87/662 392/74/663
f 1039/161/621 1092/157/657 1290/158/664
f 289/138/665 282/153/625 288/160/610
f 1277/125/666 1048/152/645 1272/159/644
f 1288/156/647 1289/158/651 649/157/667
f 1267/155/603 283/132/668 371/133/659
f 1089/154/624 371/133/659 1091/130/669
f 282/153/625 289/138/665 905/143/670
f 1048/152/645 1277/125/666 1294/118/671
f 394/104/672 395/120/650 401/146/629
f 392/74/663 400/126/637 408/151/618
f 919/111/673 1298/141/674 237/122/675
f 1287/145/649 247/88/676 914/131/658
f 442/165/640 440/435/677 1207/149/660
f 905/143/670 284/142/661 904/147/652
f 401/146/629 400/126/637 394/104/672
f 1298/141/674 919/111/673 922/436/678
f 247/88/676 1287/145/649 1091/130/669
f 255/140/655 395/120/650 367/113/679
f 289/138/665 290/136/680 284/142/661
f 895/144/632 1292/129/656 907/117/681
f 284/142/661 905/143/670 289/138/665
f 1300/106/682 913/122/683 1299/141/684
f 367/113/679 283/132/668 255/140/655
f 1304/115/685 1284/127/686 236/139/687
f 916/108/688 349/53/631 896/134/620
f 290/136/680 289/138/665 291/137/689
f 896/134/620 906/121/690 916/108/688
f 368/95/691 371/133/659 283/132/668
f 368/95/691 1091/130/669 371/133/659
f 283/132/668 367/113/679 368/95/691
f 912/93/692 1279/119/646 914/131/658
f 1091/130/669 368/95/691 247/88/676
f 1306/107/693 907/117/681 1292/129/656
f 909/116/694 891/114/642 888/128/613
f 1284/127/686 1304/115/685 910/116/695
f 392/74/663 394/104/672 400/126/637
f 1307/99/696 1293/118/697 644/125/697
f 364/65/698 367/113/679 395/120/650
f 1063/437/699 260/110/700 1309/112/701
f 892/109/616 1308/78/702 1278/124/638
f 913/122/683 1300/106/682 231/96/703
f 917/98/704 1310/112/705 915/110/706
f 349/53/631 916/108/688 1313/32/707
f 926/80/708 916/108/688 906/121/690
f 395/120/650 394/104/672 364/65/698
f 1279/119/646 912/93/692 1303/94/709
f 1293/118/697 1307/99/696 1067/100/710
f 907/117/681 1306/107/693 927/91/711
f 891/114/642 909/116/694 229/115/712
f 364/65/698 368/95/691 367/113/679
f 1310/112/705 917/98/704 553/92/713
f 393/87/662 258/59/714 388/30/715
f 390/37/716 392/74/663 393/87/662
f 920/63/717 921/436/718 918/111/719
f 394/104/672 392/74/663 387/67/720
f 260/110/700 1063/437/699 1314/79/721
f 1308/78/702 892/109/616 1303/94/709
f 365/62/722 247/88/676 368/95/691
f 916/108/688 926/80/708 259/90/723
f 1076/89/724 927/91/711 1306/107/693
f 1071/97/725 231/96/703 1300/106/682
f 921/436/718 920/63/717 924/64/726
f 387/67/720 364/65/698 394/104/672
f 358/17/727 251/51/518 349/53/631
f 1061/66/728 244/79/729 1062/437/730
f 1065/100/731 1316/83/732 1068/84/733
f 1075/86/734 1319/85/735 1071/97/725
f 1316/83/732 1065/100/731 228/99/736
f 232/76/737 553/92/713 917/98/704
f 231/96/703 1071/97/725 1319/85/735
f 368/95/691 364/65/698 365/62/722
f 1303/94/709 230/81/738 1308/78/702
f 230/81/738 1303/94/709 912/93/692
f 553/92/713 232/76/737 1320/77/739
f 927/91/711 1076/89/724 929/82/740
f 392/74/663 386/33/741 387/67/720
f 1318/68/742 259/90/723 926/80/708
f 1068/84/733 929/82/740 1076/89/724
f 247/88/676 365/62/722 248/57/743
f 388/30/715 390/37/716 393/87/662
f 1320/77/739 1321/75/744 1075/86/734
f 1319/85/735 1075/86/734 1321/75/744
f 929/82/740 1068/84/733 1316/83/732
f 233/69/745 1308/78/702 230/81/738
f 926/80/708 928/73/746 1318/68/742
f 244/79/729 1061/66/728 932/61/747
f 364/65/698 387/67/720 363/50/748
f 1308/78/702 233/69/745 1317/70/749
f 389/31/750 258/59/714 391/40/751
f 1321/75/744 1320/77/739 232/76/737
f 392/74/663 390/37/716 386/33/741
f 1317/70/749 1318/68/742 928/73/746
f 1318/68/742 1317/70/749 233/69/745
f 386/33/741 363/50/748 387/67/720
f 1073/60/752 932/61/747 1061/66/728
f 388/30/715 258/59/714 389/31/750
f 363/50/748 365/62/722 364/65/698
f 924/64/726 930/55/753 1072/56/754
f 930/55/753 924/64/726 920/63/717
f 365/62/722 363/50/748 366/41/755
f 366/41/755 248/57/743 365/62/722
f 932/61/747 1073/60/752 931/54/756
f 1072/56/754 931/54/756 1073/60/752
f 933/24/757 391/40/751 258/59/714
f 248/57/743 366/41/755 249/48/758
f 931/54/756 1072/56/754 930/55/753
f 1313/32/707 358/17/727 349/53/631
f 251/51/518 358/17/727 253/26/759
f 363/50/748 386/33/741 380/27/760
f 380/27/760 366/41/755 363/50/748
f 384/19/761 386/33/741 390/37/716
f 359/20/762 249/48/758 366/41/755
f 246/29/763 249/48/758 359/20/762
f 245/28/764 355/12/765 1313/32/707
f 389/31/750 391/40/751 385/25/766
f 390/37/716 388/30/715 382/16/767
f 246/29/763 354/8/768 245/28/764
f 388/30/715 389/31/750 383/18/769
f 366/41/755 380/27/760 381/21/770
f 366/41/755 381/21/770 359/20/762
f 933/24/757 385/25/766 391/40/751
f 382/16/767 384/19/761 390/37/716
f 359/20/762 357/14/771 246/29/763
f 376/15/772 380/27/760 386/33/741
f 386/33/741 384/19/761 376/15/772
f 358/17/727 1313/32/707 355/12/765
f 385/25/766 383/18/769 389/31/750
f 383/18/769 382/16/767 388/30/715
f 360/11/773 935/22/774 253/26/759
f 354/8/768 246/29/763 357/14/771
f 355/12/765 245/28/764 354/8/768
f 421/23/775 933/24/757 935/22/774
f 381/438/770 1347/439/776 377/439/777
f 933/24/757 378/13/778 385/25/766
f 377/10/777 359/20/762 381/21/770
f 360/11/773 253/26/759 358/17/727
f 359/20/762 356/6/779 357/14/771
f 383/18/769 385/25/766 378/13/778
f 384/19/761 382/16/767 373/9/780
f 933/24/757 421/23/775 378/13/778
f 935/22/774 360/11/773 421/23/775
f 380/440/760 1346/441/781 1348/440/782
f 359/20/762 377/10/777 356/6/779
f 373/9/780 376/15/772 384/19/761
f 382/16/767 383/18/769 372/5/783
f 378/13/778 372/5/783 383/18/769
f 355/12/765 360/11/773 358/17/727
f 372/5/783 373/9/780 382/16/767
f 372/442/783 1355/443/784 373/443/780
f 357/14/771 353/3/785 354/8/768
f 353/3/785 357/14/771 356/6/779
f 354/8/768 352/4/786 355/12/765
s 0
f 378/42/787 1351/42/787 1350/42/787
s 1
f 375/444/788 1353/445/789 1354/444/790
f 360/11/773 355/12/765 352/4/786
f 374/2/791 356/6/779 377/10/777
f 352/4/786 379/7/792 360/11/773
f 376/441/772 1355/443/784 1346/441/781
f 381/438/770 1348/440/782 1349/438/793
f 352/4/786 354/8/768 353/3/785
f 379/7/792 352/4/786 375/1/788
f 356/6/779 374/2/791 353/3/785
f 377/439/777 1353/445/789 374/445/791
f 353/3/785 375/1/788 352/4/786
f 375/1/788 353/3/785 374/2/791
f 1346/441/781 1349/438/793 1348/440/782
f 1349/438/793 1346/441/781 1347/439/776
f 1355/443/784 1347/439/776 1346/441/781
f 1354/444/790 1350/701/1179 1351/702/1180
f 1350/701/1179 1354/444/790 1352/442/1181
f 1347/439/776 1355/443/784 1353/445/789
f 1352/442/1181 1353/445/789 1355/443/784
f 1353/445/789 1352/442/1181 1354/444/790
f 379/702/792 1354/444/790 1351/702/1180
f 378/701/778 1352/442/1181 372/442/783
f 1201/244/276 855/257/546 848/244/515
f 848/244/515 1212/313/353 1201/244/276
f 1198/269/302 417/299/237 1238/269/302
f 1198/269/302 855/257/546 1200/257/289
f 1356/703/1182 1359/704/1183 1357/705/1184
f 1356/703/1182 1357/705/1184 1358/706/39
f 203/34/34 1356/38/1182 210/38/38
f 659/36/36 1359/34/1183 203/34/34
f 1370/707/1185 1376/708/1185 1373/709/1185
f 1373/709/1185 1368/710/1185 1370/707/1185
f 1467/719/1191 1469/720/1192 1391/721/1193
f 1391/721/1193 1471/722/1194 1467/719/1191
f 1440/723/1195 1391/721/1193 1469/720/1192
f 1470/724/1196 1468/725/1197 1429/726/1198
f 1472/727/1199 1467/719/1191 1471/722/1194
f 1394/728/1200 1430/729/1201 1428/730/1202
f 1436/724/1203 1401/725/1204 1427/726/1205
f 1429/726/1198 1426/731/1206 1470/724/1196
f 1471/722/1194 1474/732/1207 1472/727/1199
f 1425/733/1208 1428/730/1202 1430/729/1201
f 1430/729/1201 1431/734/1209 1425/733/1208
f 1469/720/1192 1435/735/1210 1440/723/1195
f 1390/736/1211 1391/721/1193 1440/723/1195
f 1393/737/1212 1394/728/1200 1450/738/1213
f 1400/724/1214 1473/725/1215 1451/726/1216
f 1428/730/1202 1450/738/1213 1394/728/1200
f 1451/726/1216 1412/731/1217 1400/724/1214
f 1444/739/1218 1472/727/1199 1474/732/1207
f 1441/740/1219 1440/723/1195 1435/735/1210
f 1435/735/1210 1434/741/1220 1441/740/1219
f 1432/742/1221 1425/733/1208 1431/734/1209
f 1427/726/1205 1438/731/1222 1436/724/1203
f 1472/727/1199 1444/739/1218 1461/743/1223
f 1475/744/1224 1441/740/1219 1434/741/1220
f 1433/724/1225 1395/725/1226 1437/726/1227
f 1386/745/1228 1387/746/1229 1439/747/1230
f 1440/723/1195 1415/748/1231 1390/736/1211
f 1461/743/1223 1476/749/1232 1472/727/1199
f 1434/741/1220 1476/749/1232 1475/744/1224
f 1450/738/1213 1447/750/1233 1393/737/1212
f 1431/734/1209 1478/751/1234 1432/742/1221
f 1477/724/1235 1396/725/1236 1481/726/1237
f 1387/746/1229 1384/752/1238 1480/753/1239
f 1402/724/1240 1397/725/1241 1482/726/1242
f 1482/726/1242 1452/731/1243 1402/724/1240
f 1437/726/1227 1410/731/1244 1433/724/1225
f 1480/753/1239 1439/747/1230 1387/746/1229
f 1398/724/1245 1445/725/1246 1448/726/1247
f 1385/754/1248 1475/744/1224 1476/749/1232
f 1413/755/1249 1417/756/1250 1419/757/1251
f 1479/758/1252 1390/736/1211 1415/748/1231
f 1476/749/1232 1461/743/1223 1385/754/1248
f 1442/759/1253 1444/739/1218 1474/732/1207
f 1419/757/1251 1409/760/1254 1413/755/1249
f 1439/747/1230 1455/761/1255 1386/745/1228
f 1384/752/1238 1464/762/1256 1483/763/1257
f 1446/764/1258 1386/745/1228 1455/761/1255
f 1481/726/1237 1484/731/1259 1477/724/1235
f 1483/763/1257 1480/753/1239 1384/752/1238
f 1449/765/1260 1414/766/1261 1411/767/1262
f 1453/768/1263 1432/742/1221 1478/751/1234
f 1448/726/1247 1486/731/1264 1398/724/1245
f 1447/750/1233 1488/769/1265 1393/737/1212
f 1485/770/1266 1483/763/1257 1464/762/1256
f 1489/726/1267 1408/731/1268 1404/724/1269
f 1411/767/1262 1405/771/1270 1449/765/1260
f 1415/748/1231 1463/772/1271 1479/758/1252
f 1474/732/1207 1491/773/1272 1442/759/1253
f 1417/756/1250 1454/774/1273 1456/775/1274
f 1389/776/1275 1416/777/1276 1418/778/1277
f 1456/775/1274 1419/757/1251 1417/756/1250
f 1465/779/1278 1385/754/1248 1461/743/1223
f 1492/780/1279 1393/737/1212 1488/769/1265
f 1455/761/1255 1457/781/1280 1446/764/1258
f 1404/724/1269 1443/725/1281 1489/726/1267
f 1458/724/1282 1460/725/1283 1487/726/1284
f 1462/782/1285 1446/764/1258 1457/781/1280
f 1464/762/1256 1466/783/1286 1485/770/1266
f 1420/784/1287 1418/778/1277 1416/777/1276
f 1461/743/1223 1459/785/1288 1465/779/1278
f 1459/785/1288 1442/759/1253 1491/773/1272
f 1491/773/1272 1465/779/1278 1459/785/1288
f 1487/726/1284 1493/731/1289 1458/724/1282
f 1494/786/1290 1485/770/1266 1466/783/1286
f 1495/726/1291 1490/731/1292 1403/724/1293
f 1407/784/1294 1406/778/1295 1392/777/1296
f 1403/724/1293 1399/725/1297 1495/726/1291
f 1388/776/1298 1392/777/1296 1406/778/1295
f 1543/777/1303 1545/776/1304 1571/778/1305
f 1574/725/1306 1576/724/1307 1572/726/1308
f 1571/778/1305 1549/784/1309 1543/777/1303
f 1519/731/1310 1572/726/1308 1576/724/1307
f 1578/770/1311 1573/786/1312 1546/783/1313
f 1518/731/1314 1579/726/1315 1575/724/1316
f 1500/779/1317 1544/773/1318 1511/785/1319
f 1577/759/1320 1511/785/1319 1544/773/1318
f 1511/785/1319 1581/743/1321 1500/779/1317
f 1555/778/1322 1583/784/1323 1585/777/1324
f 1546/783/1313 1566/762/1325 1578/770/1311
f 1587/764/1326 1586/782/1327 1584/781/1328
f 1582/725/1329 1575/724/1316 1579/726/1315
f 1515/725/1330 1588/724/1331 1548/726/1332
f 1584/781/1328 1590/761/1333 1587/764/1326
f 1568/737/1334 1504/780/1335 1547/769/1336
f 1497/754/1337 1500/779/1317 1581/743/1321
f 1531/757/1338 1532/775/1339 1529/756/1340
f 1585/777/1324 1557/776/1341 1555/778/1322
f 1554/774/1342 1529/756/1340 1532/775/1339
f 1544/773/1318 1505/732/1343 1577/759/1320
f 1528/772/1344 1527/748/1345 1501/758/1346
f 1580/771/1347 1562/767/1348 1552/765/1349
f 1550/731/1350 1548/726/1332 1588/724/1331
f 1561/763/1351 1578/770/1311 1566/762/1325
f 1547/769/1336 1551/750/1352 1568/737/1334
f 1517/731/1353 1520/726/1354 1510/724/1355
f 1553/742/1356 1530/768/1357 1556/751/1358
f 1591/766/1359 1552/765/1349 1562/767/1348
f 1563/753/1360 1561/763/1351 1565/752/1361
f 1560/731/1362 1564/726/1363 1558/724/1364
f 1498/745/1365 1587/764/1326 1590/761/1333
f 1566/762/1325 1565/752/1361 1561/763/1351
f 1590/761/1333 1595/747/1366 1498/745/1365
f 1596/760/1367 1531/757/1338 1598/755/1368
f 1589/739/1369 1577/759/1320 1505/732/1343
f 1581/743/1321 1559/749/1370 1497/754/1337
f 1570/736/1371 1501/758/1346 1527/748/1345
f 1529/756/1340 1598/755/1368 1531/757/1338
f 1496/744/1372 1497/754/1337 1559/749/1370
f 1516/725/1373 1510/724/1355 1520/726/1354
f 1595/747/1366 1563/753/1360 1605/746/1374
f 1522/731/1375 1597/726/1376 1601/724/1377
f 1592/731/1378 1523/726/1379 1603/724/1380
f 1509/725/1381 1603/724/1380 1523/726/1379
f 1565/752/1361 1605/746/1374 1563/753/1360
f 1602/725/1382 1558/724/1364 1564/726/1363
f 1556/751/1358 1502/734/1383 1553/742/1356
f 1551/750/1352 1593/738/1384 1568/737/1334
f 1559/749/1370 1508/741/1385 1496/744/1372
f 1559/749/1370 1581/743/1321 1604/727/1386
f 1527/748/1345 1594/723/1387 1570/736/1371
f 1605/746/1374 1498/745/1365 1595/747/1366
f 1606/725/1388 1601/724/1377 1597/726/1376
f 1499/740/1389 1496/744/1372 1508/741/1385
f 1589/739/1369 1604/727/1386 1581/743/1321
f 1521/731/1390 1599/726/1391 1607/724/1392
f 1600/733/1393 1553/742/1356 1502/734/1383
f 1508/741/1385 1507/735/1394 1499/740/1389
f 1594/723/1387 1499/740/1389 1507/735/1394
f 1604/727/1386 1589/739/1369 1505/732/1343
f 1611/731/1395 1526/726/1396 1608/724/1397
f 1593/738/1384 1610/730/1398 1567/728/1399
f 1514/725/1400 1608/724/1397 1526/726/1396
f 1567/728/1399 1568/737/1334 1593/738/1384
f 1569/721/1401 1570/736/1371 1594/723/1387
f 1507/735/1394 1612/720/1402 1594/723/1387
f 1502/734/1383 1503/729/1403 1600/733/1393
f 1610/730/1398 1600/733/1393 1503/729/1403
f 1505/732/1343 1506/722/1404 1604/727/1386
f 1525/731/1405 1524/726/1406 1613/724/1407
f 1513/725/1408 1607/724/1392 1599/726/1391
f 1503/729/1403 1567/728/1399 1610/730/1398
f 1609/719/1409 1604/727/1386 1506/722/1404
f 1512/725/1410 1613/724/1407 1524/726/1406
f 1569/721/1401 1594/723/1387 1612/720/1402
f 1506/722/1404 1569/721/1401 1609/719/1409
f 1612/720/1402 1609/719/1409 1569/721/1401
f 2293/887/1594 2187/888/1595 2292/889/1596
f 2223/890/1597 2187/888/1595 2293/887/1594
f 2291/889/1598 2185/888/1599 2188/887/1600
f 2188/887/1600 2185/888/1599 2186/890/1601
f 2222/888/1602 2190/891/1603 2184/889/1604
f 2222/888/1602 2224/890/1605 2225/892/1605
f 2291/889/1598 2189/893/1606 2185/888/1599
f 2186/890/1601 2185/888/1599 2181/894/1607
f 2189/893/1606 2291/889/1598 2180/895/1608
f 2190/891/1603 2226/895/1609 2184/889/1604
f 2190/891/1603 2222/888/1602 2183/896/1610
f 2225/892/1605 2183/896/1610 2222/888/1602
f 2181/894/1607 2182/892/1611 2186/890/1601
f 2189/893/1606 2181/894/1607 2185/888/1599
f 2062/897/1612 2294/898/1613 2239/899/1614
f 2295/900/1615 2062/897/1612 2239/899/1614
f 2063/898/1616 2064/901/1617 2240/902/1618
f 2296/903/1619 2061/900/1619 2297/904/1619
f 2239/899/1614 2298/904/1620 2295/900/1615
f 2240/902/1618 2238/899/1621 2063/898/1616
f 2106/905/1622 2107/906/1623 2302/907/1624
f 2114/908/1625 2302/907/1624 2123/909/1626
f 2233/910/1627 2228/911/1628 2107/906/1623
f 2301/906/1629 2116/912/1630 2115/907/1631
f 2099/911/1632 2108/913/1633 2301/906/1629
f 2115/907/1631 2124/914/1634 2303/909/1635
f 2122/915/1636 2123/909/1626 2304/916/1637
f 2303/909/1635 2131/917/1638 2130/916/1639
f 2091/918/1640 2100/919/1641 2099/911/1632
f 2234/920/1642 2227/918/1642 2228/911/1628
f 2129/921/1643 2304/916/1637 2136/922/1640
f 2130/916/1639 2137/923/1644 2230/922/1642
f 2305/924/1637 2092/925/1645 2091/918/1640
f 2235/926/1646 2166/924/1647 2227/918/1642
f 2307/927/1648 2136/922/1640 2229/928/1632
f 2159/929/1626 2167/930/1649 2305/924/1637
f 2230/922/1642 2144/931/1650 2143/928/1628
f 2085/932/1651 2306/929/1635 2166/924/1647
f 2232/933/1624 2160/934/1652 2159/929/1626
f 2142/935/1653 2229/928/1632 2231/936/1629
f 2143/928/1628 2150/937/1654 2149/936/1623
f 2149/936/1623 2155/938/1655 2232/933/1624
f 2236/939/1656 2154/933/1657 2306/929/1635
f 2236/939/1656 2231/936/1629 2154/933/1657
f 2064/901/1617 2079/940/1658 2243/941/1659
f 2106/905/1622 2302/907/1624 2114/908/1625
f 2233/910/1627 2107/906/1623 2106/905/1622
f 2114/908/1625 2123/909/1626 2122/915/1636
f 2301/906/1629 2108/913/1633 2116/912/1630
f 2115/907/1631 2116/912/1630 2124/914/1634
f 2099/911/1632 2100/919/1641 2108/913/1633
f 2234/920/1642 2228/911/1628 2233/910/1627
f 2122/915/1636 2304/916/1637 2129/921/1643
f 2303/909/1635 2124/914/1634 2131/917/1638
f 2091/918/1640 2092/925/1645 2100/919/1641
f 2130/916/1639 2131/917/1638 2137/923/1644
f 2235/926/1646 2227/918/1642 2234/920/1642
f 2129/921/1643 2136/922/1640 2307/927/1648
f 2305/924/1637 2167/930/1649 2092/925/1645
f 2230/922/1642 2137/923/1644 2144/931/1650
f 2085/932/1651 2166/924/1647 2235/926/1646
f 2159/929/1626 2160/934/1652 2167/930/1649
f 2307/927/1648 2229/928/1632 2142/935/1653
f 2143/928/1628 2144/931/1650 2150/937/1654
f 2236/939/1656 2306/929/1635 2085/932/1651
f 2149/936/1623 2150/937/1654 2155/938/1655
f 2232/933/1624 2155/938/1655 2160/934/1652
f 2142/935/1653 2231/936/1629 2082/942/1660
f 2082/942/1660 2231/936/1629 2236/939/1656
f 2082/942/1660 2236/939/1656 2237/943/1661
f 2299/944/1662 2066/943/1662 2081/939/1662
f 2244/945/1663 2071/946/1664 2060/947/1665
f 2060/947/1665 2300/948/1666 2244/945/1663
f 2243/941/1659 2240/902/1618 2064/901/1617
f 2237/943/1661 2067/949/1667 2082/942/1660
f 2090/950/1668 2098/951/1669 2175/952/1670
f 2165/953/1671 2090/950/1668 2173/954/1672
f 2236/939/1656 2085/932/1651 2072/955/1673
f 2072/955/1673 2065/944/1674 2236/939/1656
f 2113/956/1675 2114/908/1625 2122/915/1636
f 2241/957/1676 2106/905/1622 2114/908/1625
f 2241/957/1676 2233/910/1627 2106/905/1622
f 2257/958/1677 2122/915/1636 2129/921/1643
f 2108/913/1633 2117/959/1678 2116/912/1630
f 2100/919/1641 2109/960/1679 2108/913/1633
f 2116/912/1630 2125/961/1680 2124/914/1634
f 2092/925/1645 2101/962/1681 2100/919/1641
f 2124/914/1634 2132/963/1682 2131/917/1638
f 2167/930/1649 2093/964/1683 2092/925/1645
f 2131/917/1638 2138/965/1684 2137/923/1644
f 2137/923/1644 2145/966/1685 2144/931/1650
f 2160/934/1652 2168/967/1686 2167/930/1649
f 2242/968/1687 2085/932/1651 2235/926/1646
f 2141/969/1688 2307/927/1648 2142/935/1653
f 2144/931/1650 2151/970/1689 2150/937/1654
f 2155/938/1655 2161/971/1690 2160/934/1652
f 2150/937/1654 2156/972/1675 2155/938/1655
f 2141/969/1688 2142/935/1653 2082/942/1660
f 2076/973/1691 2082/942/1660 2067/949/1667
f 2175/952/1670 2173/954/1672 2090/950/1668
f 2173/954/1672 2178/974/1692 2165/953/1671
f 2245/975/1693 2247/976/1694 2071/946/1664
f 2071/946/1664 2244/945/1663 2245/975/1693
f 2074/977/1695 2072/955/1673 2085/932/1651
f 2249/941/1696 2243/941/1659 2079/940/1658
f 2177/978/1697 2175/952/1670 2098/951/1669
f 2172/979/1698 2165/953/1671 2178/974/1692
f 2082/942/1660 2076/973/1691 2088/980/1699
f 2085/932/1651 2242/968/1687 2074/977/1695
f 2241/957/1676 2114/908/1625 2113/956/1675
f 2113/956/1675 2122/915/1636 2257/958/1677
f 2098/951/1669 2105/981/1700 2177/978/1697
f 2108/913/1633 2109/960/1679 2117/959/1678
f 2116/912/1630 2117/959/1678 2125/961/1680
f 2100/919/1641 2101/962/1681 2109/960/1679
f 2124/914/1634 2125/961/1680 2132/963/1682
f 2092/925/1645 2093/964/1683 2101/962/1681
f 2131/917/1638 2132/963/1682 2138/965/1684
f 2167/930/1649 2168/967/1686 2093/964/1683
f 2165/953/1671 2172/979/1698 2087/982/1701
f 2137/923/1644 2138/965/1684 2145/966/1685
f 2160/934/1652 2161/971/1690 2168/967/1686
f 2144/931/1650 2145/966/1685 2151/970/1689
f 2155/938/1655 2156/972/1675 2161/971/1690
f 2150/937/1654 2151/970/1689 2156/972/1675
f 2141/969/1688 2082/942/1660 2088/980/1699
f 2089/983/1702 2173/954/1672 2175/952/1670
f 2164/984/1703 2178/974/1692 2173/954/1672
f 2246/985/1704 2247/976/1694 2245/975/1693
f 2097/986/1705 2175/952/1670 2177/978/1697
f 2089/983/1702 2175/952/1670 2097/986/1705
f 2164/984/1703 2173/954/1672 2089/983/1702
f 2172/979/1698 2178/974/1692 2164/984/1703
f 2245/975/1693 2248/975/1706 2246/985/1704
f 2078/977/1707 2074/977/1695 2242/968/1687
f 2077/973/1708 2088/980/1699 2076/973/1691
f 2334/987/1709 2248/975/1706 2250/975/1710
f 2075/977/1711 2078/977/1707 2242/968/1687
f 2079/940/1658 2332/988/1712 2249/941/1696
f 2176/952/1713 2097/986/1705 2177/978/1697
f 2174/954/1714 2089/983/1702 2097/986/1705
f 2179/974/1715 2164/984/1703 2089/983/1702
f 2179/974/1715 2172/979/1698 2164/984/1703
f 2253/955/1716 2075/977/1711 2242/968/1687
f 2246/985/1704 2336/989/1717 2194/976/1718
f 2174/954/1714 2097/986/1705 2176/952/1713
f 2179/974/1715 2089/983/1702 2174/954/1714
f 2212/990/1719 2211/991/1719 2309/992/1719
f 2212/990/1719 2309/992/1719 2205/993/1719
f 2212/990/1719 2205/993/1719 2251/994/1719
f 2212/990/1719 2311/995/1719 2211/991/1719
f 2212/990/1719 2251/994/1719 2252/996/1719
f 2212/990/1719 2254/997/1719 2311/995/1719
f 2212/990/1719 2252/996/1719 2255/998/1719
f 2212/990/1719 2255/998/1719 2254/997/1719
f 2112/905/1720 2241/957/1676 2113/956/1675
f 2120/908/1721 2113/956/1675 2257/958/1677
f 2259/951/1722 2177/978/1697 2105/981/1700
f 2109/960/1679 2118/912/1723 2117/959/1678
f 2101/962/1681 2110/913/1724 2109/960/1679
f 2117/959/1678 2126/914/1725 2125/961/1680
f 2093/964/1683 2102/919/1726 2101/962/1681
f 2125/961/1680 2133/917/1727 2132/963/1682
f 2168/967/1686 2094/925/1728 2093/964/1683
f 2132/963/1682 2139/923/1729 2138/965/1684
f 2261/953/1730 2087/982/1701 2172/979/1698
f 2161/971/1690 2169/930/1731 2168/967/1686
f 2138/965/1684 2146/931/1732 2145/966/1685
f 2156/972/1675 2162/934/1733 2161/971/1690
f 2145/966/1685 2152/937/1734 2151/970/1689
f 2151/970/1689 2157/938/1735 2156/972/1675
f 2148/935/1736 2141/969/1688 2088/980/1699
f 2088/980/1699 2077/973/1708 2084/942/1737
f 2242/968/1687 2086/932/1738 2253/955/1716
f 2177/978/1697 2259/951/1722 2176/952/1713
f 2172/979/1698 2179/974/1715 2261/953/1730
f 2193/946/1739 2329/999/1740 2341/1000/1741
f 2250/975/1710 2329/999/1740 2336/989/1717
f 2174/954/1714 2176/952/1713 2259/951/1722
f 2179/974/1715 2174/954/1714 2260/950/1742
f 2196/992/1675 2310/993/1743 2204/992/1675
f 2264/993/1743 2206/994/1684 2310/993/1743
f 2263/991/1744 2204/992/1675 2308/991/1744
f 2262/995/1683 2308/991/1744 2210/995/1683
f 2265/994/1684 2207/996/1745 2206/994/1684
f 2201/997/1746 2210/995/1683 2209/997/1746
f 2199/996/1745 2208/998/1678 2207/996/1745
f 2200/998/1678 2209/997/1746 2208/998/1678
f 2112/905/1720 2113/956/1675 2120/908/1721
f 2104/910/1747 2241/957/1676 2112/905/1720
f 2120/908/1721 2257/958/1677 2256/915/1748
f 2128/915/1749 2121/958/1749 2135/921/1749
f 2109/960/1679 2110/913/1724 2118/912/1723
f 2117/959/1678 2118/912/1723 2126/914/1725
f 2101/962/1681 2102/919/1726 2110/913/1724
f 2125/961/1680 2126/914/1725 2133/917/1727
f 2093/964/1683 2094/925/1728 2102/919/1726
f 2132/963/1682 2133/917/1727 2139/923/1729
f 2168/967/1686 2169/930/1731 2094/925/1728
f 2138/965/1684 2139/923/1729 2146/931/1732
f 2272/927/1750 2141/969/1688 2148/935/1736
f 2086/932/1738 2242/968/1687 2171/926/1751
f 2161/971/1690 2162/934/1733 2169/930/1731
f 2145/966/1685 2146/931/1732 2152/937/1734
f 2156/972/1675 2157/938/1735 2162/934/1733
f 2151/970/1689 2152/937/1734 2157/938/1735
f 2148/935/1736 2088/980/1699 2084/942/1737
f 2077/973/1708 2258/949/1752 2084/942/1737
f 2259/951/1722 2260/950/1742 2174/954/1714
f 2260/950/1742 2261/953/1730 2179/974/1715
f 2312/944/1753 2253/955/1716 2086/932/1738
f 2221/1001/1719 2219/1002/1719 2269/1003/1719
f 2269/1003/1719 2217/1004/1719 2221/1001/1719
f 2316/943/1754 2084/942/1737 2258/949/1752
f 2289/947/1755 2330/1005/1756 2326/1006/1757
f 2073/945/1758 2330/1005/1756 2341/1000/1741
f 2335/1007/1759 2070/902/1760 2249/941/1696
f 2263/991/1744 2196/992/1675 2204/992/1675
f 2196/992/1675 2264/993/1743 2310/993/1743
f 2262/995/1683 2263/991/1744 2308/991/1744
f 2264/993/1743 2265/994/1684 2206/994/1684
f 2201/997/1746 2262/995/1683 2210/995/1683
f 2265/994/1684 2199/996/1745 2207/996/1745
f 2200/998/1678 2201/997/1746 2209/997/1746
f 2199/996/1745 2200/998/1678 2208/998/1678
f 2086/932/1738 2320/939/1761 2312/944/1753
f 2084/942/1737 2316/943/1754 2320/939/1761
f 2317/943/1762 2314/944/1762 2083/939/1762
f 2266/1008/1683 2220/1009/1683 2267/1010/1683
f 2268/1008/1684 2218/1009/1684 2270/1010/1684
f 2119/907/1763 2120/908/1721 2256/915/1748
f 2111/906/1764 2112/905/1720 2120/908/1721
f 2103/1011/1765 2104/910/1747 2112/905/1720
f 2110/913/1724 2275/907/1766 2118/912/1723
f 2278/909/1767 2256/915/1748 2271/921/1768
f 2118/912/1723 2127/909/1769 2126/914/1725
f 2102/919/1726 2274/906/1770 2110/913/1724
f 2095/918/1771 2096/920/1771 2104/910/1747
f 2094/925/1728 2276/1011/1772 2102/919/1726
f 2277/916/1768 2271/921/1768 2272/927/1750
f 2126/914/1725 2134/916/1773 2133/917/1727
f 2169/930/1731 2279/918/1774 2094/925/1728
f 2170/924/1773 2171/926/1751 2096/920/1771
f 2133/917/1727 2323/922/1771 2139/923/1729
f 2140/922/1774 2272/927/1750 2148/935/1736
f 2139/923/1729 2147/928/1765 2146/931/1732
f 2162/934/1733 2280/924/1768 2169/930/1731
f 2283/929/1769 2086/932/1738 2171/926/1751
f 2146/931/1732 2153/936/1764 2152/937/1734
f 2282/928/1775 2148/935/1736 2084/942/1737
f 2157/938/1735 2163/929/1767 2162/934/1733
f 2152/937/1734 2158/933/1776 2157/938/1735
f 2284/933/1766 2320/939/1761 2086/932/1738
f 2281/936/1770 2084/942/1737 2320/939/1761
f 2267/1010/1683 2273/1012/1683 2266/1008/1683
f 2270/1010/1684 2321/1012/1684 2268/1008/1684
f 2335/1007/1759 2080/940/1777 2322/901/1778
f 2111/906/1764 2120/908/1721 2119/907/1763
f 2103/1011/1765 2112/905/1720 2111/906/1764
f 2119/907/1763 2256/915/1748 2278/909/1767
f 2118/912/1723 2275/907/1766 2127/909/1769
f 2110/913/1724 2274/906/1770 2275/907/1766
f 2102/919/1726 2276/1011/1772 2274/906/1770
f 2095/918/1771 2104/910/1747 2103/1011/1765
f 2278/909/1767 2271/921/1768 2277/916/1768
f 2126/914/1725 2127/909/1769 2134/916/1773
f 2094/925/1728 2279/918/1774 2276/1011/1772
f 2170/924/1773 2096/920/1771 2095/918/1771
f 2133/917/1727 2134/916/1773 2323/922/1771
f 2277/916/1768 2272/927/1750 2140/922/1774
f 2169/930/1731 2280/924/1768 2279/918/1774
f 2139/923/1729 2323/922/1771 2147/928/1765
f 2283/929/1769 2171/926/1751 2170/924/1773
f 2140/922/1774 2148/935/1736 2282/928/1775
f 2146/931/1732 2147/928/1765 2153/936/1764
f 2162/934/1733 2163/929/1767 2280/924/1768
f 2282/928/1775 2084/942/1737 2281/936/1770
f 2157/938/1735 2158/933/1776 2163/929/1767
f 2284/933/1766 2086/932/1738 2283/929/1769
f 2281/936/1770 2320/939/1761 2284/933/1766
f 2152/937/1734 2153/936/1764 2158/933/1776
f 2213/1010/1779 2214/1012/1779 2215/1008/1779
f 2215/1008/1779 2216/1009/1779 2213/1010/1779
f 2195/1013/1780 2319/992/1781 2203/991/1782
f 2195/1013/1780 2197/993/1783 2319/992/1781
f 2195/1013/1780 2203/991/1782 2202/995/1784
f 2195/1013/1780 2198/994/1785 2197/993/1783
f 2195/1013/1780 2202/995/1784 2285/997/1786
f 2195/1013/1780 2287/996/1787 2198/994/1785
f 2195/1013/1780 2285/997/1786 2286/998/1788
f 2195/1013/1780 2286/998/1788 2287/996/1787
f 2327/1014/1789 2318/899/1790 2070/902/1760
f 2069/899/1791 2342/1015/1792 2315/904/1792
f 2338/1016/1793 2290/900/1793 2288/903/1793
f 2324/898/1794 2328/1017/1795 2322/901/1778
f 2339/1018/1796 2192/897/1797 2191/900/1798
f 2331/1019/1799 2325/898/1800 2192/897/1797
f 2337/1020/1790 2327/1014/1789 2324/898/1794
f 2342/1015/1792 2339/1018/1796 2191/900/1798
f 2333/1021/1800 2331/1019/1799 2069/899/1791
f 2340/1022/1793 2338/1016/1793 2068/904/1793
f 2328/1017/1795 2327/1014/1789 2070/902/1760
f 2330/1005/1756 2193/946/1739 2341/1000/1741
f 2329/999/1740 2194/976/1718 2336/989/1717
f 2332/988/1712 2335/1007/1759 2249/941/1696
f 2331/1019/1799 2339/1018/1796 2069/899/1791
f 2330/1005/1756 2313/948/1757 2326/1006/1757
f 2329/999/1740 2073/945/1758 2341/1000/1741
f 2328/1017/1795 2335/1007/1759 2322/901/1778
f 2336/989/1717 2334/987/1709 2250/975/1710
f 2355/1023/1801 2345/1024/1802 2350/1025/1803
f 2350/1025/1803 2348/1026/1804 2355/1023/1801
f 2347/1027/1805 2355/1023/1801 2348/1026/1804
f 2352/1028/1806 2350/1025/1803 2345/1024/1802
f 2355/1023/1801 2347/1027/1805 2353/1029/1807
f 2345/1024/1802 2356/1030/1808 2352/1028/1806
f 2343/1031/1809 2348/1026/1804 2350/1025/1803
f 2347/1027/1805 2348/1026/1804 2343/1031/1809
f 2343/1031/1809 2350/1025/1803 2344/1032/1810
f 2344/1032/1810 2350/1025/1803 2352/1028/1806
f 2349/1026/1811 2347/1027/1805 2343/1031/1809
f 2349/1026/1811 2343/1031/1809 2344/1032/1810
f 2351/1025/1812 2344/1032/1810 2352/1028/1806
f 2349/1026/1811 2344/1032/1810 2351/1025/1812
f 2354/1023/1813 2353/1029/1807 2347/1027/1805
f 2346/1024/1814 2352/1028/1806 2356/1030/1808
f 2347/1027/1805 2349/1026/1811 2354/1023/1813
f 2352/1028/1806 2346/1024/1814 2351/1025/1812
f 2349/1026/1811 2351/1025/1812 2346/1024/1814
f 2346/1024/1814 2354/1023/1813 2349/1026/1811
f 2366/1033/1815 2362/1034/1816 2358/1035/1817
f 2366/1033/1815 2368/1036/1818 2371/1037/1819
f 2367/1038/1820 2370/1037/1821 2357/1036/1822
f 2367/1038/1820 2360/1039/1823 2372/1034/1824
f 2358/1035/1817 2374/1040/1825 2359/1041/1826
f 2369/1041/1827 2372/1034/1824 2360/1039/1823
f 2371/1037/1819 2362/1034/1816 2366/1033/1815
f 2372/1034/1824 2370/1037/1821 2367/1038/1820
f 2374/1040/1825 2358/1035/1817 2362/1034/1816
f 2372/1034/1824 2369/1041/1827 2373/1040/1827
f 2365/1042/1828 2361/1037/1829 2364/1034/1830
f 2371/1037/1819 2375/1042/1831 2362/1034/1816
f 2363/1040/1832 2365/1042/1828 2364/1034/1830
f 2375/1042/1831 2374/1040/1825 2362/1034/1816
f 2387/34/1833 2425/36/1834 2396/39/1835
f 2386/43/1836 2425/36/1834 2387/34/1833
f 2386/43/1836 2423/35/1837 2425/36/1834
f 2387/34/1833 2396/39/1835 2388/38/1838
f 2405/198/1839 2475/249/1840 2406/266/1841
f 2405/198/1839 2406/266/1841 2407/256/1842
f 2419/44/1843 2387/34/1833 2388/38/1838
f 2424/45/1844 2476/47/1844 2426/46/1844
f 2478/58/1845 2386/43/1836 2387/34/1833
f 2395/45/1846 2429/47/1846 2428/46/1846
f 2478/58/1845 2387/34/1833 2419/44/1843
f 2395/45/1846 2477/52/1846 2429/47/1846
f 2419/44/1843 2388/38/1838 2420/49/1847
f 2378/221/1848 2376/218/1848 2377/203/1848
f 2424/45/1844 2479/52/1844 2476/47/1844
f 2385/103/1849 2423/35/1837 2386/43/1836
f 2388/38/1838 2396/39/1835 2481/123/1850
f 2469/135/1851 2386/43/1836 2478/58/1845
f 2420/49/1847 2388/38/1838 2389/71/1852
f 2433/45/1853 2480/47/1853 2394/46/1853
f 2427/45/1854 2430/52/1854 2431/47/1854
f 2385/103/1849 2434/72/1855 2423/35/1837
f 2427/45/1854 2431/47/1854 2482/46/1854
f 2469/135/1851 2385/103/1849 2386/43/1836
f 2388/38/1838 2481/123/1850 2389/71/1852
f 2420/49/1847 2389/71/1852 2438/102/1856
f 2433/45/1853 2435/52/1853 2480/47/1853
f 2397/45/1857 2432/52/1857 2483/47/1857
f 2468/58/1858 2385/103/1849 2469/135/1851
f 2438/102/1856 2389/71/1852 2390/38/1859
f 2384/43/1860 2434/72/1855 2385/103/1849
f 2389/71/1852 2481/123/1850 2485/39/1861
f 2392/45/1862 2436/47/1862 2393/46/1862
f 2397/45/1857 2483/47/1857 2486/46/1857
f 2392/45/1862 2442/52/1862 2436/47/1862
f 2438/102/1856 2390/38/1859 2437/49/1863
f 2468/58/1858 2384/43/1860 2385/103/1849
f 2389/71/1852 2485/39/1861 2390/38/1859
f 2384/43/1860 2446/35/1864 2434/72/1855
f 2398/45/1865 2484/52/1865 2440/47/1865
f 2443/44/1866 2384/43/1860 2468/58/1858
f 2445/45/1867 2439/52/1867 2441/47/1867
f 2437/49/1863 2383/34/1868 2443/44/1866
f 2445/45/1867 2441/47/1867 2447/46/1867
f 2437/49/1863 2390/38/1859 2383/34/1868
f 2398/45/1865 2440/47/1865 2391/46/1865
f 2443/44/1866 2383/34/1868 2384/43/1860
f 2383/34/1868 2446/35/1864 2384/43/1860
f 2390/38/1859 2485/39/1861 2444/36/1869
f 2390/38/1859 2444/36/1869 2383/34/1868
f 2383/34/1868 2444/36/1869 2446/35/1864
f 2489/15/1890 2492/21/1891 2491/27/1892
f 2492/21/1891 2489/15/1890 2490/10/1893
f 2498/9/1894 2490/10/1893 2489/15/1890
f 2497/1/1895 2493/13/1896 2494/7/1897
f 2493/13/1896 2497/1/1895 2495/5/1898
f 2490/10/1893 2498/9/1894 2496/2/1899
f 2495/5/1898 2496/2/1899 2498/9/1894
f 2496/2/1899 2495/5/1898 2497/1/1895
f 2523/38/1914 2526/34/1914 2524/36/1914
f 2523/38/1914 2524/36/1914 2525/39/1914
f 210/38/38 1356/38/1182 1358/39/39
s 0
f 1095/42/43 1358/42/43 1357/42/43
s 1
f 381/438/770 1349/438/793 1347/439/776
f 380/440/760 376/441/772 1346/441/781
f 372/442/783 1352/442/1181 1355/443/784
s 0
f 378/42/787 379/42/787 1351/42/787
s 1
f 375/444/788 374/445/791 1353/445/789
f 376/441/772 373/443/780 1355/443/784
f 381/438/770 380/440/760 1348/440/782
f 377/439/777 1347/439/776 1353/445/789
f 379/702/792 375/444/788 1354/444/790
f 378/701/778 1350/701/1179 1352/442/1181
f 1201/244/276 1200/257/289 855/257/546
f 848/244/515 403/313/517 1212/313/353
f 1198/269/302 765/299/237 417/299/237
f 1198/269/302 1238/269/302 855/257/546
f 203/34/34 1359/34/1183 1356/38/1182
f 659/36/36 1357/36/1184 1359/34/1183
f 2334/987/1709 2246/985/1704 2248/975/1706
f 2079/940/1658 2080/940/1777 2332/988/1712
f 2246/985/1704 2334/987/1709 2336/989/1717
f 2335/1007/1759 2328/1017/1795 2070/902/1760
f 2335/1007/1759 2332/988/1712 2080/940/1777
f 2327/1014/1789 2337/1020/1790 2318/899/1790
f 2069/899/1791 2339/1018/1796 2342/1015/1792
f 2338/1016/1793 2340/1022/1793 2290/900/1793
f 2324/898/1794 2327/1014/1789 2328/1017/1795
f 2339/1018/1796 2331/1019/1799 2192/897/1797
f 2331/1019/1799 2333/1021/1800 2325/898/1800
f 2330/1005/1756 2289/947/1755 2193/946/1739
f 2329/999/1740 2193/946/1739 2194/976/1718
f 2330/1005/1756 2073/945/1758 2313/948/1757
f 2329/999/1740 2250/975/1710 2073/945/1758
usemtl boot_ok.002
f 593/446/794 591/447/795 594/447/796
f 591/447/795 595/448/797 594/447/796
f 591/447/795 592/449/798 595/448/797
f 593/446/794 594/447/796 596/446/799
f 592/449/798 593/446/794 596/446/799
f 592/449/798 596/446/799 595/448/797
f 596/446/799 594/447/796 597/450/800
f 593/446/794 607/450/801 591/447/795
f 591/447/795 606/451/802 592/449/798
f 594/447/796 595/448/797 598/451/803
f 595/448/797 596/446/799 599/452/804
f 592/449/798 608/452/805 593/446/794
f 606/451/802 591/447/795 607/450/801
f 598/451/803 597/450/800 594/447/796
f 614/453/806 612/454/807 609/455/807
f 618/456/808 620/453/809 615/455/808
f 609/455/807 610/457/810 611/458/811
f 611/458/811 613/459/812 614/453/806
f 616/457/813 615/455/808 617/458/814
f 619/459/815 617/458/814 620/453/809
f 597/450/800 599/452/804 596/446/799
f 607/450/801 593/446/794 608/452/805
f 599/452/804 598/451/803 595/448/797
f 608/452/805 592/449/798 606/451/802
f 937/460/816 939/461/817 199/462/817
f 939/461/817 200/463/818 199/462/817
f 610/457/810 609/455/807 612/454/807
f 612/454/807 614/453/806 613/459/812
f 615/455/808 616/457/813 618/456/808
f 620/453/809 618/456/808 619/459/815
f 613/459/812 611/458/811 610/457/810
f 617/458/814 619/459/815 616/457/813
f 599/452/804 597/450/800 600/464/819
f 608/452/805 604/465/820 607/450/801
f 597/450/800 598/451/803 601/466/821
f 607/450/801 605/467/822 606/451/802
f 939/461/817 958/460/818 200/463/818
f 598/451/803 599/452/804 602/468/823
f 606/451/802 603/468/824 608/452/805
f 937/460/816 199/462/817 961/463/816
f 135/469/825 473/470/826 122/471/827
f 956/472/828 940/473/828 938/474/828
f 951/472/829 957/473/829 519/474/829
f 122/471/827 121/475/830 135/469/825
f 605/467/822 607/450/801 604/465/820
f 601/466/821 600/464/819 597/450/800
f 471/476/831 135/469/825 121/475/830
f 604/465/820 608/452/805 603/468/824
f 600/464/819 602/468/823 599/452/804
f 602/468/823 601/466/821 598/451/803
f 603/468/824 606/451/802 605/467/822
f 123/477/832 122/471/827 473/470/826
f 943/478/833 477/479/834 945/480/835
f 121/475/830 1119/481/836 471/476/831
f 941/482/837 476/483/838 944/484/839
f 473/470/826 139/485/840 123/477/832
f 949/461/841 937/460/816 961/463/816
f 958/460/818 700/462/842 200/463/818
f 477/479/834 1101/486/843 945/480/835
f 694/487/844 941/482/837 944/484/839
f 1142/488/845 123/477/832 139/485/840
f 474/489/846 1322/490/846 138/491/846
f 697/492/847 137/493/848 960/494/849
f 139/485/840 698/495/850 1142/488/845
f 707/496/851 990/497/852 1131/498/853
f 945/480/835 1101/486/843 1323/499/854
f 950/472/855 526/473/855 948/474/855
f 952/472/856 971/473/856 520/474/856
f 958/460/818 972/461/842 700/462/842
f 944/484/839 959/500/857 694/487/844
f 949/461/841 961/463/816 529/462/841
f 964/501/858 480/502/859 1120/503/860
f 223/504/861 1102/505/861 219/506/861
f 223/504/861 219/506/861 220/507/861
f 960/494/849 1324/508/862 697/492/847
f 1120/503/860 147/509/863 964/501/858
f 1131/498/853 968/510/864 707/496/851
f 1323/499/854 505/511/865 945/480/835
f 1153/512/866 467/513/867 140/492/868
f 145/514/869 147/509/863 1120/503/860
f 963/515/870 964/501/858 147/509/863
f 140/492/868 1325/508/871 1153/512/866
f 143/516/872 130/517/873 472/518/874
f 119/519/875 977/520/876 1136/521/877
f 1120/503/860 136/522/878 145/514/869
f 505/511/865 504/523/879 945/480/835
f 479/524/880 494/525/881 495/526/882
f 1102/505/861 1179/527/861 224/528/861
f 222/529/861 220/507/861 221/530/861
f 494/525/881 479/524/880 946/531/883
f 147/509/863 979/532/884 963/515/870
f 136/522/878 965/533/885 969/534/886
f 969/534/886 145/514/869 136/522/878
f 977/520/876 119/519/875 1158/535/887
f 494/525/881 1154/536/888 495/526/882
f 497/537/889 498/534/890 470/533/891
f 470/533/891 134/538/892 497/537/889
f 973/461/893 202/463/894 201/539/893
f 223/504/861 1179/527/861 1102/505/861
f 223/504/861 220/507/861 222/529/861
f 524/460/895 949/461/841 529/462/841
f 955/472/896 985/473/896 521/474/896
f 954/472/897 525/473/897 983/474/897
f 504/523/879 503/540/898 945/480/835
f 974/541/899 963/515/870 979/532/884
f 124/542/900 1004/543/901 468/544/902
f 517/545/903 513/546/904 507/547/905
f 975/548/906 976/549/907 1159/550/908
f 1327/551/909 513/546/904 1326/552/910
f 507/547/905 1330/553/911 517/545/903
f 513/546/904 1327/551/909 507/547/905
f 1183/554/912 497/537/889 134/538/892
f 524/460/895 529/462/841 528/463/895
f 973/461/893 986/460/894 202/463/894
f 979/532/884 501/555/899 974/541/899
f 953/472/913 984/473/913 981/474/913
f 518/472/914 982/473/914 522/474/914
f 134/538/892 740/556/915 1183/554/912
f 503/540/898 1332/557/916 945/480/835
f 1005/558/917 993/559/918 466/560/919
f 987/561/920 988/562/921 991/563/922
f 141/564/923 143/516/872 472/518/874
f 986/460/894 527/462/924 202/463/894
f 523/461/924 524/460/895 528/463/895
f 1005/558/917 466/560/919 1137/565/925
f 523/461/924 528/463/895 527/462/924
f 1331/566/926 1335/567/927 999/568/928
f 986/460/894 523/461/924 527/462/924
f 1195/569/929 144/554/930 133/556/931
f 1333/570/932 974/541/899 501/555/899
f 1329/571/933 1340/572/934 515/573/935
f 1328/574/936 1337/575/936 1329/571/933
f 512/576/937 511/577/937 509/578/937
f 1007/579/938 463/580/939 485/581/940
f 464/582/941 120/583/942 488/584/943
f 468/544/902 1004/543/901 1001/585/944
f 501/555/899 1190/586/932 1333/570/932
f 1003/587/945 947/588/946 1339/589/947
f 465/590/948 488/584/943 120/583/942
f 133/556/931 753/591/949 1195/569/929
f 485/581/940 487/592/950 1007/579/938
f 1340/572/934 1329/571/933 1337/575/936
f 1336/593/951 515/573/935 1340/572/934
f 1338/594/937 509/578/937 511/577/937
f 995/595/952 975/548/906 1159/550/908
f 998/596/953 999/568/928 1335/567/927
f 493/597/954 478/480/955 1334/598/954
f 488/584/943 465/590/948 118/599/956
f 472/518/874 482/600/957 141/564/923
f 1001/585/944 1204/601/958 468/544/902
f 1339/589/947 1000/602/959 1003/587/945
f 991/563/922 1006/603/383 987/561/920
f 488/584/943 118/599/956 770/604/960
f 510/605/961 506/606/962 508/607/963
f 508/607/963 1008/608/964 510/605/961
f 514/609/965 506/606/962 516/610/966
f 510/605/961 516/610/966 506/606/962
f 117/611/967 1216/612/968 489/613/969
f 1216/612/968 125/614/970 489/613/969
f 132/591/971 131/615/972 496/616/973
f 489/613/969 125/614/970 1002/617/974
f 1159/550/908 486/618/975 995/595/952
f 489/613/969 1009/619/976 117/611/967
f 1002/617/974 1010/620/977 489/613/969
f 487/592/950 997/621/978 1007/579/938
f 496/616/973 1013/622/979 1012/623/979
f 1012/623/979 1014/624/980 500/625/980
f 146/586/422 279/586/981 481/626/422
f 500/625/980 279/586/981 146/586/422
f 491/627/982 490/628/983 1341/629/984
f 142/630/985 141/564/923 482/600/957
f 1341/629/984 484/631/986 491/627/982
f 492/632/987 1000/602/959 1339/589/947
f 496/616/973 131/615/972 1016/569/988
f 492/632/987 1339/589/947 1027/602/989
f 1341/629/984 1342/627/990 484/631/986
f 142/630/985 482/600/957 558/564/991
f 493/597/954 1334/598/954 1052/480/992
f 1342/627/990 1341/629/984 1028/628/993
f 481/626/422 279/586/981 1343/570/994
f 279/586/981 500/625/980 1014/624/980
f 1014/624/980 1012/623/979 1013/622/979
f 1013/622/979 496/616/973 1016/569/988
f 1031/592/995 1007/579/938 997/621/978
f 1026/617/996 563/613/997 565/620/998
f 563/613/997 1247/611/999 562/619/1000
f 1046/550/1001 996/595/1002 560/618/1003
f 563/613/997 1026/617/996 1023/614/1004
f 575/557/1005 1052/480/992 1334/598/954
f 1237/591/1006 1016/569/988 131/615/972
f 266/612/1007 563/613/997 1023/614/1004
f 1247/611/999 563/613/997 266/612/1007
f 583/605/1008 579/606/1009 1017/610/1010
f 1018/609/1011 1017/610/1010 579/606/1009
f 1021/607/1012 583/605/1008 1020/608/1013
f 583/605/1008 1021/607/1012 579/606/1009
f 1344/584/1014 533/604/1015 1029/599/1016
f 546/563/1017 987/561/920 1006/603/383
f 1339/589/947 1049/587/1018 1027/602/989
f 564/585/1019 265/544/1020 542/601/1021
f 1301/518/1022 558/564/991 482/600/957
f 1344/584/1014 1029/599/1016 1030/590/1023
f 589/596/953 1019/567/1024 1037/568/1025
f 996/595/1002 1046/550/1001 561/548/1026
f 1022/594/937 584/577/937 1033/578/937
f 587/593/1027 1345/572/1028 1036/573/1029
f 1345/572/1028 581/575/936 1034/571/933
f 1041/581/1030 1007/579/938 1031/592/995
f 1262/556/1031 1016/569/988 1237/591/1006
f 1030/590/1023 262/583/1032 1344/584/1014
f 1049/587/1018 1339/589/947 1051/588/1033
f 1038/555/1034 1343/570/994 279/586/981
f 265/544/1020 564/585/1019 1050/543/1035
f 1047/582/1036 1344/584/1014 262/583/1032
f 1007/579/938 1041/581/1030 1295/580/1037
f 585/576/937 1033/578/937 584/577/937
f 1032/574/936 1034/571/933 581/575/936
f 1034/571/933 1036/573/1029 1345/572/1028
f 1343/570/994 1038/555/1034 1043/541/1034
f 1016/569/988 1262/556/1031 877/554/1038
f 1035/566/1039 1037/568/1025 1019/567/1024
f 483/558/1040 1296/565/1041 1066/560/1042
f 558/564/991 1301/518/1022 276/516/1043
f 987/561/920 546/563/1017 272/562/1044
f 483/558/1040 1066/560/1042 1070/559/1045
f 576/540/1046 1052/480/992 575/557/1005
f 545/538/1047 277/554/1048 271/556/1049
f 574/532/1050 1043/541/1034 1038/555/1034
f 277/554/1048 545/538/1047 278/537/1051
f 586/546/1052 580/547/1053 582/551/1054
f 580/547/1053 590/545/1055 588/553/1056
f 582/551/1054 1040/552/1057 586/546/1052
f 561/548/1026 1046/550/1001 1042/549/1058
f 590/545/1055 580/547/1053 586/546/1052
f 886/542/1059 265/544/1020 1050/543/1035
f 1043/541/1034 574/532/1050 1044/515/1060
f 577/523/1061 1052/480/992 576/540/1046
f 1285/533/1062 278/537/1051 545/538/1047
f 278/537/1051 1285/533/1062 1274/534/1063
f 566/525/1064 1054/526/1065 887/536/1066
f 559/520/1067 536/535/1068 535/519/1069
f 569/534/1070 1297/522/1071 1282/514/1072
f 1297/522/1071 569/534/1070 1286/533/1073
f 280/509/1074 1044/515/1060 574/532/1050
f 566/525/1064 1053/531/1075 1056/524/1076
f 1056/524/1076 1054/526/1065 566/525/1064
f 1060/511/1077 1052/480/992 577/523/1061
f 923/503/1078 1282/514/1072 1297/522/1071
f 535/519/1069 261/521/1079 559/520/1067
f 276/516/1043 1301/518/1022 911/517/1080
f 1311/492/1081 264/512/1082 1055/508/1083
f 1044/515/1060 280/509/1074 578/501/1084
f 1282/514/1072 923/503/1078 280/509/1074
f 264/512/1082 1311/492/1081 541/513/1085
f 1058/499/1086 1052/480/992 1060/511/1077
f 270/498/1087 548/496/1088 543/510/1089
f 923/503/1078 578/501/1084 280/509/1074
f 1057/494/1090 1312/492/1091 567/508/1092
f 578/501/1084 923/503/1078 1059/502/1093
f 555/484/1094 1064/487/1095 556/500/1096
f 1052/480/992 1058/499/1086 925/486/1097
f 548/496/1088 270/498/1087 1302/497/1098
f 1315/485/1099 1291/488/1100 554/495/1101
f 1312/492/1091 1057/494/1090 550/493/1102
f 274/489/1103 275/491/1103 557/490/1103
f 1291/488/1100 1315/485/1099 263/477/1104
f 1064/487/1095 555/484/1094 549/482/1105
f 552/479/1106 1052/480/992 925/486/1097
f 273/470/1107 263/477/1104 1315/485/1099
f 549/482/1105 555/484/1094 1074/483/1108
f 538/475/1109 1069/476/1110 540/481/1111
f 551/478/1112 1052/480/992 552/479/1106
f 263/477/1104 273/470/1107 539/471/1113
f 1069/476/1110 538/475/1109 547/469/1114
f 539/471/1113 547/469/1114 538/475/1109
f 547/469/1114 539/471/1113 273/470/1107
f 1378/711/1186 1380/712/1186 1377/713/1186
f 1377/713/1186 1371/714/1186 1378/711/1186
f 1372/713/1187 1363/714/1187 1381/711/1187
f 1382/711/1188 1379/712/1188 1360/713/1188
f 1375/715/1189 1367/716/1189 1366/717/1189
f 1360/713/1188 1369/714/1188 1382/711/1188
f 1366/717/1189 1383/718/1189 1375/715/1189
f 1381/711/1187 1374/712/1187 1372/713/1187
f 1361/714/1190 1362/713/1190 1365/711/1190
f 1364/712/1190 1365/711/1190 1362/713/1190
f 1987/878/1531 1981/878/1532 1984/879/1533
f 1987/878/1531 1984/879/1533 1983/879/1534
f 1981/878/1532 1982/880/1535 1984/879/1533
f 1979/878/1536 1985/881/1536 1986/878/1536
f 1980/881/1537 1987/878/1531 1983/879/1534
f 1981/878/1532 1980/881/1537 1982/880/1535
f 1980/881/1537 1983/879/1534 1982/880/1535
f 2013/882/1538 2010/883/1538 2011/884/1538
f 2013/882/1538 2014/884/1538 2015/883/1538
f 2013/882/1538 2011/884/1538 2012/883/1538
f 2013/882/1538 2016/883/1538 2014/884/1538
f 2013/882/1538 2009/884/1538 2010/883/1538
f 2013/882/1538 2015/883/1538 2009/884/1538
f 2013/882/1538 2012/883/1538 2006/884/1538
f 2013/882/1538 2006/884/1538 2016/883/1538
f 2002/885/1539 2017/884/1540 2018/883/1541
f 2000/885/1542 2019/884/1543 2008/883/1544
f 2001/886/1545 2018/883/1541 2019/884/1543
f 1997/885/1546 2007/884/1547 2005/883/1548
f 1999/886/1549 2008/883/1544 2007/884/1547
f 1998/886/1550 2005/883/1548 2020/884/1551
f 2004/885/1552 2020/884/1551 2021/883/1553
f 2003/886/1554 2021/883/1553 2017/884/1540
f 2001/886/1545 2002/885/1539 2018/883/1541
f 2000/885/1542 2001/886/1545 2019/884/1543
f 2002/885/1539 2003/886/1554 2017/884/1540
f 1997/885/1546 1999/886/1549 2007/884/1547
f 1999/886/1549 2000/885/1542 2008/883/1544
f 2004/885/1552 1998/886/1550 2020/884/1551
f 1998/886/1550 1997/885/1546 2005/883/1548
f 2003/886/1554 2004/885/1552 2021/883/1553
f 1992/883/1555 2001/886/1545 2000/885/1542
f 1993/884/1556 2002/885/1539 2001/886/1545
f 1990/884/1557 1997/885/1546 1998/886/1550
f 2027/883/1558 2003/886/1554 2002/885/1539
f 2028/883/1559 1998/886/1550 2004/885/1552
f 1989/883/1560 1999/886/1549 1997/885/1546
f 1991/884/1561 2000/885/1542 1999/886/1549
f 1995/884/1562 2004/885/1552 2003/886/1554
f 1993/884/1556 2027/883/1558 2002/885/1539
f 1992/883/1555 1993/884/1556 2001/886/1545
f 1991/884/1561 1992/883/1555 2000/885/1542
f 2028/883/1559 1990/884/1557 1998/886/1550
f 1990/884/1557 1989/883/1560 1997/885/1546
f 1995/884/1562 2028/883/1559 2004/885/1552
f 2027/883/1558 1995/884/1562 2003/886/1554
f 1989/883/1560 1991/884/1561 1999/886/1549
f 1988/882/1563 2022/884/1563 2023/883/1563
f 1988/882/1563 1994/883/1563 2022/884/1563
f 1988/882/1563 2025/884/1563 1996/883/1563
f 1988/882/1563 2024/883/1563 2025/884/1563
f 1988/882/1563 2029/884/1563 1994/883/1563
f 1988/882/1563 2023/883/1563 2026/884/1563
f 1988/882/1563 1996/883/1563 2029/884/1563
f 1988/882/1563 2026/884/1563 2024/883/1563
f 2042/468/1564 2044/467/1565 2045/451/1566
f 2041/468/1567 2037/451/1568 2040/466/1569
f 2043/465/1570 2042/468/1564 2047/452/1571
f 2039/464/1572 2038/452/1573 2041/468/1567
f 2044/467/1565 2043/465/1570 2046/450/1574
f 2040/466/1569 2036/450/1575 2039/464/1572
f 2045/451/1566 2047/452/1571 2042/468/1564
f 2037/451/1568 2041/468/1567 2038/452/1573
f 2046/450/1574 2045/451/1566 2044/467/1565
f 2036/450/1575 2040/466/1569 2037/451/1568
f 2047/452/1571 2046/450/1574 2043/465/1570
f 2038/452/1573 2039/464/1572 2036/450/1575
f 2052/459/1576 2049/457/1577 2050/458/1578
f 2056/458/1579 2055/457/1580 2058/459/1581
f 2049/457/1577 2051/454/1582 2048/455/1583
f 2051/454/1582 2052/459/1576 2053/453/1584
f 2054/455/1585 2057/456/1586 2055/457/1580
f 2059/453/1587 2058/459/1581 2057/456/1586
f 2047/452/1571 2045/451/1566 2031/449/1588
f 2038/452/1573 2034/448/1589 2037/451/1568
f 2046/450/1574 2047/452/1571 2032/446/1590
f 2036/450/1575 2035/446/1591 2038/452/1573
f 2048/455/1583 2050/458/1578 2049/457/1577
f 2050/458/1578 2053/453/1584 2052/459/1576
f 2055/457/1580 2056/458/1579 2054/455/1585
f 2058/459/1581 2059/453/1587 2056/458/1579
f 2053/453/1584 2048/455/1583 2051/454/1582
f 2057/456/1586 2054/455/1585 2059/453/1587
f 2045/451/1566 2046/450/1574 2030/447/1592
f 2037/451/1568 2033/447/1593 2036/450/1575
f 2031/449/1588 2032/446/1590 2047/452/1571
f 2034/448/1589 2038/452/1573 2035/446/1591
f 2030/447/1592 2031/449/1588 2045/451/1566
f 2033/447/1593 2037/451/1568 2034/448/1589
f 2032/446/1590 2030/447/1592 2046/450/1574
f 2035/446/1591 2036/450/1575 2033/447/1593
f 2031/449/1588 2035/446/1591 2032/446/1590
f 2031/449/1588 2034/448/1589 2035/446/1591
f 2030/447/1592 2034/448/1589 2031/449/1588
f 2032/446/1590 2035/446/1591 2033/447/1593
f 2032/446/1590 2033/447/1593 2030/447/1592
f 2030/447/1592 2033/447/1593 2034/448/1589
f 2450/460/1870 2452/462/1871 2448/461/1871
f 2448/461/1871 2452/462/1871 2453/463/1872
f 2448/461/1871 2453/463/1872 2455/460/1872
f 2450/460/1870 2380/463/1870 2452/462/1871
f 2456/472/1873 2449/474/1873 2454/473/1873
f 2461/472/1874 2451/474/1874 2413/473/1874
f 2466/461/1875 2380/463/1870 2450/460/1870
f 2455/460/1872 2453/463/1872 2381/462/1876
f 2457/472/1877 2414/474/1877 2463/473/1877
f 2458/472/1878 2465/474/1878 2412/473/1878
f 2455/460/1872 2381/462/1876 2464/461/1876
f 2402/504/1879 2422/505/1879 2403/527/1879
f 2402/504/1879 2421/529/1879 2400/507/1879
f 2466/461/1875 2470/539/1875 2380/463/1870
f 2421/529/1879 2401/530/1879 2400/507/1879
f 2422/505/1879 2404/528/1879 2403/527/1879
f 2402/504/1879 2399/506/1879 2422/505/1879
f 2402/504/1879 2400/507/1879 2399/506/1879
f 2464/461/1876 2381/462/1876 2382/463/1880
f 2460/472/1881 2473/474/1881 2467/473/1881
f 2462/472/1882 2415/474/1882 2487/473/1882
f 2474/460/1883 2418/462/1884 2411/461/1884
f 2464/461/1876 2382/463/1880 2488/460/1880
f 2474/460/1883 2417/463/1885 2418/462/1884
f 2459/472/1886 2416/474/1886 2471/473/1886
f 2408/472/1887 2472/474/1887 2410/473/1887
f 2488/460/1880 2382/463/1880 2379/462/1888
f 2409/461/1889 2417/463/1885 2474/460/1883
f 2409/461/1889 2379/462/1888 2417/463/1885
f 2488/460/1880 2379/462/1888 2409/461/1889
usemtl vehicle.vehicleshatter128
f 27/633/1115 629/634/1116 26/635/1117
f 630/636/1118 27/633/1115 22/637/1119
f 629/634/1116 27/633/1115 630/636/1118
f 629/634/1116 631/638/1120 26/635/1117
f 1111/639/1121 26/635/1117 631/638/1120
f 625/640/1122 630/636/1118 22/637/1119
f 630/636/1118 625/640/1122 629/634/1116
f 631/638/1120 629/634/1116 626/641/1123
f 625/640/1122 22/637/1119 6/642/1124
f 626/641/1123 629/634/1116 625/640/1122
f 632/643/1125 631/638/1120 627/644/1126
f 626/641/1123 627/644/1126 631/638/1120
f 6/642/1124 5/645/1127 625/640/1122
f 625/640/1122 5/645/1127 626/641/1123
f 23/646/1128 35/647/1129 624/648/1130
f 35/647/1129 23/646/1128 638/649/1131
f 627/644/1126 626/641/1123 1160/650/1132
f 1160/650/1132 626/641/1123 5/645/1127
f 1143/651/1133 62/652/1134 641/653/1135
f 641/653/1135 42/654/1136 1143/651/1133
f 1160/650/1132 11/655/1137 627/644/1126
f 641/653/1135 41/656/1138 42/654/1136
f 628/657/1139 627/644/1126 11/655/1137
f 41/656/1138 641/653/1135 40/658/1140
f 21/659/1141 624/648/1130 35/647/1129
f 643/660/1142 40/658/1140 641/653/1135
f 640/661/1143 641/653/1135 62/652/1134
f 641/653/1135 640/661/1143 643/660/1142
f 642/662/1144 40/658/1140 643/660/1142
f 62/652/1134 61/663/1145 640/661/1143
f 35/647/1129 1077/664/1146 21/659/1141
f 40/658/1140 642/662/1144 39/665/1147
f 643/660/1142 640/661/1143 642/662/1144
f 758/666/1148 39/665/1147 642/662/1144
f 46/667/1149 642/662/1144 640/661/1143
f 48/668/1150 640/661/1143 61/663/1145
f 642/662/1144 46/667/1149 758/666/1148
f 640/661/1143 48/668/1150 46/667/1149
f 61/663/1145 49/669/1151 48/668/1150
f 1196/670/1152 21/659/1141 1077/664/1146
f 1077/664/1146 1080/671/1153 1196/670/1152
f 20/672/1154 1196/673/1152 1080/674/1153
f 1080/674/1153 34/675/1155 20/672/1154
f 646/676/1156 20/672/1154 34/675/1155
f 20/672/1154 646/676/1156 225/677/1157
f 234/678/1158 225/679/1157 646/680/1156
f 225/679/1157 234/678/1158 226/681/1159
f 250/682/1160 1086/683/1161 1255/684/1162
f 651/685/1163 1084/686/1164 1086/683/1161
f 653/687/1165 242/688/1166 1084/686/1164
f 1086/683/1161 250/682/1160 651/685/1163
f 1084/686/1164 651/685/1163 653/687/1165
f 242/688/1166 653/687/1165 238/689/1167
f 654/690/1168 653/687/1165 651/685/1163
f 239/691/1169 238/689/1167 653/687/1165
f 235/692/1170 226/681/1159 234/678/1158
f 1088/693/1171 651/685/1163 250/682/1160
f 653/687/1165 654/690/1168 239/691/1169
f 652/694/1172 654/690/1168 651/685/1163
f 651/685/1163 1088/693/1171 652/694/1172
f 654/690/1168 652/694/1172 239/691/1169
f 226/681/1159 235/692/1170 227/695/1173
f 240/696/1174 239/691/1169 652/694/1172
f 652/694/1172 241/697/1175 240/696/1174
f 652/694/1172 1090/698/1176 241/697/1175
f 1090/698/1176 652/694/1172 1088/693/1171
f 235/692/1170 1281/699/1177 1305/700/1178
f 1305/700/1178 227/695/1173 235/692/1170
f 1422/787/1299 1421/788/1300 1424/789/1301
f 1424/789/1301 1423/790/1302 1422/787/1299
f 1541/791/1411 1542/792/1412 1537/793/1413
f 1536/794/1414 1537/793/1413 1542/792/1412
f 1534/795/1415 1535/796/1416 1538/797/1417
f 1540/798/1418 1538/797/1417 1535/796/1416
f 1533/799/1419 1534/795/1415 1539/800/1420
f 1538/797/1417 1539/800/1420 1534/795/1415
f 2528/1051/1915 2527/1052/1916 2531/1053/1917
f 2530/1054/1918 2532/1055/1919 2529/1056/1920
f 2528/1051/1915 2530/1054/1918 2529/1056/1920
f 2528/1051/1915 2531/1053/1917 2530/1054/1918
usemtl static_rotor.001
f 1630/801/1421 1629/802/1421 1631/803/1421
f 1614/801/1422 1615/802/1422 1616/803/1422
f 1690/804/1423 1692/805/1423 1658/806/1423
f 1662/806/1424 1660/807/1424 1694/804/1424
f 1658/806/1423 1656/807/1423 1690/804/1423
f 1694/804/1424 1696/805/1424 1662/806/1424
f 1699/808/357 1659/809/1425 1693/810/1425
f 1701/811/357 1695/810/1426 1661/809/1426
f 1657/812/1427 1645/813/1427 1700/814/1427
f 1647/815/1428 1691/816/1428 1702/817/1428
f 1693/810/1425 1701/811/357 1699/808/357
f 1661/809/1426 1699/808/357 1701/811/357
f 1697/815/1429 1654/816/1429 1704/817/1429
f 1652/812/1430 1663/813/1430 1707/814/1430
f 1710/811/861 1646/810/1431 1644/809/1431
f 1708/808/383 1653/809/1432 1655/810/1432
f 1703/818/1429 1704/817/1429 1654/816/1429
f 1707/814/1430 1638/819/1430 1652/812/1430
f 1673/820/1433 1620/821/1434 1671/822/1434
f 1700/814/1427 1664/819/1427 1657/812/1427
f 1711/818/1428 1702/817/1428 1691/816/1428
f 1628/822/1435 1667/823/1435 1668/820/1435
f 1714/821/422 1624/820/422 1623/824/422
f 1715/824/422 1716/825/422 1713/821/422
f 1672/823/1436 1622/822/1437 1619/825/1437
f 1669/825/1438 1670/824/1438 1627/823/1438
f 1644/809/1431 1665/808/861 1710/811/861
f 1655/810/1432 1705/811/383 1708/808/383
f 1712/826/422 1679/827/422 1632/828/422
f 1717/829/430 1666/830/430 1698/831/430
f 1706/832/422 1632/828/422 1679/827/422
f 1698/831/430 1709/833/430 1717/829/430
f 1684/810/1439 1710/811/861 1665/808/861
f 1720/809/1440 1708/808/383 1705/811/383
f 1668/820/1435 1626/821/1435 1628/822/1435
f 1713/821/422 1618/820/422 1715/824/422
f 1671/822/1434 1621/823/1433 1673/820/1433
f 1627/823/1438 1674/822/1438 1669/825/1438
f 1623/824/422 1625/825/422 1714/821/422
f 1619/825/1437 1617/824/1436 1672/823/1436
f 1633/818/1441 1635/817/1441 1722/816/1441
f 1718/814/1442 1639/819/1442 1721/812/1442
f 1678/818/1443 1634/817/1443 1680/816/1443
f 1640/814/1444 1719/819/1444 1724/812/1444
f 1665/808/861 1686/809/1439 1684/810/1439
f 1705/811/383 1723/810/1440 1720/809/1440
f 1685/815/1443 1680/816/1443 1634/817/1443
f 1724/812/1444 1687/813/1444 1640/814/1444
f 1725/809/1445 1641/808/374 1677/811/374
f 1675/810/1446 1677/811/374 1641/808/374
f 1676/815/1441 1722/816/1441 1635/817/1441
f 1721/812/1442 1683/813/1442 1718/814/1442
f 1677/811/374 1681/810/1445 1725/809/1445
f 1641/808/374 1682/809/1446 1675/810/1446
f 1637/804/1447 1636/805/1447 1642/806/1447
f 1649/806/1448 1648/807/1448 1650/804/1448
f 1642/806/1447 1643/807/1447 1637/804/1447
f 1650/804/1448 1651/805/1448 1649/806/1448
f 1726/801/1449 1688/802/1449 1689/803/1449
f 1831/834/1450 1883/835/1450 1824/836/1450
f 1885/834/1451 1826/835/1451 1830/836/1451
f 1801/834/1452 1799/835/1453 1865/836/1452
f 1884/835/1454 1832/834/1454 1836/837/1454
f 1779/835/1455 1886/834/1456 1840/837/1456
f 1800/835/1457 1802/834/1457 1869/837/1457
f 1803/834/1458 1805/835/1458 1807/836/1458
f 1806/835/1459 1804/834/1460 1887/837/1460
f 1809/838/1458 1811/839/1458 1873/837/1458
f 1812/839/1459 1810/838/1459 1876/836/1459
f 1844/838/1452 1889/839/1453 1891/837/1453
f 1849/838/1451 1894/839/1451 1895/837/1451
f 1847/838/1450 1897/839/1450 1878/837/1450
f 1890/839/1457 1843/838/1457 1841/836/1457
f 1893/839/1456 1850/838/1456 1899/836/1456
f 1898/839/1454 1848/838/1454 1881/836/1454
f 1813/840/1461 1814/841/1461 1815/842/1461
f 1901/840/1462 1816/841/1463 1817/842/1462
f 1860/840/1464 1791/841/1464 1902/842/1464
f 1819/840/1465 1755/841/1465 1903/842/1465
f 1818/841/1466 1756/840/1466 1820/843/1466
f 1857/841/1467 1792/840/1468 1855/843/1468
f 1773/841/1469 1774/840/1469 1771/843/1469
f 1737/841/1470 1738/840/1470 1853/843/1470
f 1821/844/1471 1823/836/1471 1743/835/1471
f 1827/844/1472 1829/836/1472 1825/835/1472
f 1836/837/1454 1822/844/1454 1884/835/1454
f 1868/844/1473 1866/836/1473 1797/835/1473
f 1869/837/1457 1793/844/1457 1800/835/1457
f 1824/836/1450 1833/845/1450 1831/834/1450
f 1840/837/1456 1828/844/1455 1779/835/1455
f 1830/836/1451 1838/845/1451 1885/834/1451
f 1865/836/1452 1864/845/1452 1801/834/1452
f 1834/845/1474 1835/837/1474 1744/834/1474
f 1837/845/1475 1839/837/1475 1780/834/1475
f 1796/845/1476 1870/837/1476 1798/834/1476
f 1807/836/1458 1905/845/1458 1803/834/1458
f 1760/845/1477 1888/837/1477 1762/834/1477
f 1907/844/1478 1808/836/1478 1761/835/1478
f 1873/837/1458 1871/844/1458 1809/838/1458
f 1887/837/1460 1757/844/1459 1806/835/1459
f 1908/845/1479 1874/837/1479 1749/839/1479
f 1872/844/1480 1875/836/1480 1750/838/1480
f 1876/836/1459 1909/845/1459 1812/839/1459
f 1911/845/1481 1892/837/1481 1785/839/1481
f 1912/845/1482 1896/837/1482 1767/839/1482
f 1879/845/1483 1877/837/1483 1731/839/1483
f 1841/836/1457 1781/845/1457 1890/839/1457
f 1899/836/1456 1913/845/1456 1893/839/1456
f 1895/837/1451 1851/844/1451 1849/838/1451
f 1881/836/1454 1880/845/1454 1898/839/1454
f 1891/837/1453 1915/844/1452 1844/838/1452
f 1784/844/1484 1842/836/1484 1786/838/1484
f 1878/837/1450 1845/844/1450 1847/838/1450
f 1852/844/1485 1900/836/1485 1768/838/1485
f 1846/844/1486 1882/836/1486 1732/838/1486
f 1853/843/1470 1854/846/1470 1737/841/1470
f 1855/843/1468 1856/846/1467 1857/841/1467
f 1771/843/1469 1916/846/1469 1773/841/1469
f 1903/842/1465 1917/847/1465 1819/840/1465
f 1820/843/1466 1858/846/1466 1818/841/1466
f 1817/842/1462 1772/847/1462 1901/840/1462
f 1902/842/1464 1859/847/1464 1860/840/1464
f 1815/842/1461 1918/847/1461 1813/840/1461
f 1736/847/1487 1734/842/1487 1733/846/1487
f 1862/847/1487 1770/842/1487 1769/846/1487
f 1790/847/1487 1788/842/1488 1787/846/1488
f 1754/847/1487 1752/842/1487 1751/846/1487
f 1751/846/1487 1753/843/1487 1754/847/1487
f 1787/846/1488 1789/843/1487 1790/847/1487
f 1769/846/1487 1861/843/1487 1862/847/1487
f 1733/846/1487 1735/843/1487 1736/847/1487
f 1742/845/1487 1740/836/1487 1739/844/1487
f 1778/845/1487 1776/836/1487 1775/844/1487
f 1863/845/1487 1794/836/1487 1867/844/1487
f 1739/844/1487 1741/837/1487 1742/845/1487
f 1775/844/1487 1777/837/1487 1778/845/1487
f 1867/844/1487 1795/837/1487 1863/845/1487
f 1904/845/1487 1758/836/1487 1906/844/1487
f 1906/844/1487 1759/837/1487 1904/845/1487
f 1748/844/1487 1746/837/1487 1745/845/1487
f 1745/845/1487 1747/836/1487 1748/844/1487
f 1914/844/1487 1782/837/1487 1910/845/1487
f 1766/844/1487 1764/837/1487 1763/845/1487
f 1730/844/1487 1728/837/1487 1727/845/1487
f 1910/845/1487 1783/836/1487 1914/844/1487
f 1763/845/1487 1765/836/1487 1766/844/1487
f 1727/845/1487 1729/836/1487 1730/844/1487
f 1928/848/1489 1924/849/1489 1922/850/1489
f 1926/801/1490 1954/851/1491 1953/852/1492
f 1930/803/1493 1946/853/1494 1949/854/1495
f 1932/802/1496 1948/855/1497 1947/856/1498
f 1920/849/1499 1939/857/1500 1937/858/1501
f 1929/848/1502 1952/859/1503 1953/852/1492
f 1921/850/1504 1938/860/1505 1935/861/1506
f 1935/861/1506 1944/862/1507 1941/863/1498
f 1937/858/1501 1923/850/1508 1920/849/1499
f 1936/864/1509 1921/850/1504 1935/861/1506
f 1939/857/1500 1943/865/1495 1937/858/1501
f 1943/865/1495 1934/866/1510 1937/858/1501
f 1941/863/1498 1936/864/1509 1935/861/1506
f 1941/863/1498 1950/867/1507 1947/856/1498
f 1943/865/1495 1951/868/1511 1949/854/1495
f 1949/854/1495 1940/869/1494 1943/865/1495
f 1947/856/1498 1931/803/1507 1932/802/1496
f 1948/855/1497 1941/863/1498 1947/856/1498
f 1951/868/1511 1930/803/1493 1949/854/1495
f 1952/859/1503 1926/801/1490 1953/852/1492
f 1954/851/1491 1929/848/1502 1953/852/1492
f 1964/850/1512 1977/870/1513 1971/871/1514
f 1965/849/1515 1972/872/1516 1973/873/1517
f 1968/848/1518 1978/874/1519 1974/875/1520
f 1960/803/1521 1976/870/1522 1973/873/1517
f 1961/802/1523 1975/876/1524 1971/871/1514
f 1967/801/1525 1970/877/1526 1974/875/1520
f 1955/848/1527 1956/849/1527 1959/850/1527
f 1973/873/1517 1963/850/1528 1965/849/1515
f 1971/871/1514 1962/803/1529 1961/802/1523
f 1975/876/1524 1964/850/1512 1971/871/1514
f 1973/873/1517 1958/801/1530 1960/803/1521
f 1974/875/1520 1966/849/1518 1968/848/1518
f 1978/874/1519 1967/801/1525 1974/875/1520
s 0
f 2505/848/1900 2508/849/1900 2506/850/1900
f 2510/801/1901 2520/1043/1901 2514/1044/1901
f 2502/802/1902 2521/1045/1902 2518/1046/1902
f 2512/803/1903 2519/1047/1903 2515/1048/1903
f 2500/848/1904 2517/1049/1904 2514/1044/1904
f 2499/849/1905 2522/1050/1905 2515/1048/1905
f 2507/850/1906 2516/1047/1906 2518/1046/1906
f 2522/1050/1907 2512/803/1907 2515/1048/1907
f 2521/1045/1908 2507/850/1909 2518/1046/1908
f 2518/1046/1910 2513/803/1910 2502/802/1910
f 2515/1048/1911 2501/850/1911 2499/849/1911
f 2517/1049/1912 2510/801/1912 2514/1044/1912
f 2520/1043/1913 2500/848/1913 2514/1044/1913
s 1
f 2547/801/1921 2542/802/1921 2545/803/1921
f 2549/850/1922 2558/1057/1923 2557/1058/1924
f 2539/848/1925 2552/1059/1926 2556/1060/1927
f 2544/849/1928 2551/1061/1929 2553/1062/1930
f 2534/802/1931 2559/1063/1932 2557/1058/1924
f 2537/803/1933 2555/1057/1934 2553/1062/1930
f 2548/801/1935 2554/1064/1936 2556/1060/1927
f 2536/848/1937 2535/849/1937 2538/850/1937
f 2559/1063/1932 2549/850/1922 2557/1058/1924
f 2557/1058/1924 2546/803/1938 2534/802/1931
f 2553/1062/1930 2550/850/1939 2544/849/1928
f 2556/1060/1927 2541/802/1940 2548/801/1935
f 2556/1060/1927 2543/849/1941 2539/848/1925
f 2551/1061/1929 2537/803/1933 2553/1062/1930
f 1935/861/1506 1938/860/1505 1944/862/1507
f 1937/858/1501 1934/866/1510 1923/850/1508
f 1936/864/1509 1919/848/1942 1921/850/1504
f 1939/857/1500 1945/1065/1511 1943/865/1495
f 1943/865/1495 1940/869/1494 1934/866/1510
f 1941/863/1498 1942/1066/1497 1936/864/1509
f 1941/863/1498 1944/862/1507 1950/867/1507
f 1943/865/1495 1945/1065/1511 1951/868/1511
f 1949/854/1495 1946/853/1494 1940/869/1494
f 1947/856/1498 1950/867/1507 1931/803/1507
f 1948/855/1497 1942/1066/1497 1941/863/1498
f 1951/868/1511 1927/801/1511 1930/803/1493
f 1952/859/1503 1933/802/1490 1926/801/1490
f 1954/851/1491 1925/849/1502 1929/848/1502
f 1973/873/1517 1976/870/1522 1963/850/1528
f 1971/871/1514 1977/870/1513 1962/803/1529
f 1975/876/1524 1969/848/1943 1964/850/1512
f 1973/873/1517 1972/872/1516 1958/801/1530
f 1974/875/1520 1970/877/1526 1966/849/1518
f 1978/874/1519 1957/802/1944 1967/801/1525
s 0
f 2522/1050/1907 2511/801/1907 2512/803/1907
f 2521/1045/1909 2504/848/1909 2507/850/1909
f 2518/1046/1910 2516/1047/1910 2513/803/1910
f 2515/1048/1945 2519/1047/1945 2501/850/1945
f 2517/1049/1912 2503/802/1912 2510/801/1912
f 2520/1043/1946 2509/849/1946 2500/848/1946
s 1
f 2559/1063/1932 2540/848/1947 2549/850/1922
f 2557/1058/1924 2558/1057/1923 2546/803/1938
f 2553/1062/1930 2555/1057/1934 2550/850/1939
f 2556/1060/1927 2552/1059/1926 2541/802/1940
f 2556/1060/1927 2554/1064/1936 2543/849/1941
f 2551/1061/1929 2533/801/1948 2537/803/1933
